3
100
174
0 0.643479 1.37434 1.82698 2.70725 4.0928 18.8566 16.501 18.1793 19.6586 20.6953 22.8899 22.3251 22.1716 31.3482 31.4808 30.5213 32.5011 32.3858 36.908 32.1849 32.4148 15.6831 15.4223 17.0159 19.2065 18.5901 20.6343 19.348 23.1889 50.7922 48.9669 52.3584 59.4073 50.6004 44.7091 47.4371 49.176 39.1453 34.8248 33.6925 34.3889 44.59 43.2731 35.5189 39.9144 36.2617 37.2159 37.5181 37.8605 33.0565 31.1061 33.4144 34.8196 42.6799 38.2855 40.4554 39.8066 22.0396 21.2704 16.3826 17.0621 42.7574 41.1045 44.0957 39.9722 62.2105 57.4717 61.2394 55.0771 48.8364 45.994 28.2283 27.6648 28.9799 30.6316 40.7877 50.9147 82.9148 74.461 29.53 27.1501 44.1801 48.0719 10.264 16.2778 12.7238 13.6545 11.394 11.7518 56.6729 52.6369 51.2802 54.9059 46.6362 55.24 45.163 46.3949 22.984 22.2019 22.2159 20.2297 29.6187 29.7997 33.0848 33.1492 13.7445 12.3815 14.4459 12.8536 54.3227 53.6587 53.8583 54.3176 39.2485 40.336 35.8751 40.0349 38.8104 34.4649 36.9097 34.7998 83.1696 82.7932 76.0728 82.5604 52.1424 58.3779 53.9985 53.3011 21.0164 22.9761 20.1906 21.2588 44.4859 56.9729 38.7363 31.5054 28.2033 24.126 11.5344 50.9315 27.8671 35.3757 65.6521 53.3583 67.732 68.4478 79.2247 41.0279 26.506 41.6742 71.6374 70.219 38.5282 34.496 29.6793 56.7802 36.318 61.0875 68.4771 66.531 39.437 43.4039 54.3026 45.6926 76.354 60.1389 71.1303 24.6273 63.1597 66.0196 45.163 24.103
0.643479 0 0.691558 1.25218 2.91979 3.40766 18.0539 18.0105 17.8516 17.2127 21.2352 21.8303 23.13 23.9027 28.5706 29.7725 27.7351 31.527 31.3789 33.3717 34.1848 37.1673 14.3271 16.6058 19.0938 20.8073 17.2603 17.5203 20.1341 20.0194 58.5643 59.4235 55.5113 49.5861 50.3886 50.7654 45.995 48.513 41.766 36.6827 33.2008 32.469 38.6219 39.7036 41.6541 36.305 36.5009 38.3003 37.7319 41.9638 29.6067 35.4795 34.0857 35.2883 43.8191 40.1112 42.9027 41.2031 19.9283 20.157 17.0796 18.4718 40.2204 39.9276 44.0278 45.2765 65.1038 67.1353 61.402 55.4553 55.1081 52.8168 27.8713 29.5733 29.6971 30.7153 40.8617 43.9726 92.3633 89.7903 30.4029 25.5075 50.642 46.0768 10.7175 16.652 12.2444 11.3388 10.4303 12.6054 55.8331 54.4314 56.1082 57.4008 48.1563 45.5937 44.3374 53.398 21.5519 22.0358 19.7373 19.0561 35.3253 28.2175 29.6337 31.8884 14.0276 12.6121 13.5044 13.1827 48.094 53.4111 53.8679 53.819 39.3694 39.2477 38.0514 35.5245 41.3818 40.1302 35.5851 36.9804 85.5437 83.4984 84.1828 80.0394 62.1863 58.0834 57.9076 60.6859 20.7623 21.8231 21.4446 19.8409 39.5426 54.9992 36.1606 35.9496 29.4475 22.6049 11.9704 52.2948 23.2346 36.9099 61.5077 49.9264 73.5811 66.6747 70.6393 36.2889 22.6049 44.2198 68.818 68.211 37.9999 31.6453 34.5377 63.6415 36.9092 59.76 62.2041 69.5028 37.6649 43.917 49.3568 48.5501 76.1097 58.2843 72.9204 21.0868 72.2118 65.9104 45.3688 19.4802
1.37434 0.691558 0 0.713064 3.68561 3.15021 16.5958 16.21 17.8958 19.9589 22.6956 21.0027 21.3161 24.5484 28.2515 28.5547 27.0083 30.9898 33.1502 36.1207 32.6521 37.8345 15.6892 18.2901 16.9932 17.4962 15.8778 17.4073 19.8694 20.1299 58.1402 52.4354 52.665 60.0445 53.9185 53.5523 50.7666 46.166 41.3679 34.3924 37.0302 32.7884 43.1156 43.3602 37.1452 39.8702 36.5729 41.4451 37.6912 39.7046 36.0814 36.4422 34.2336 35.6007 41.1828 43.5728 43.2248 41.0766 21.4619 20.3156 16.3915 17.3037 46.4429 40.0994 44.4501 44.3293 60.2621 61.826 59.2069 62.4557 55.4336 49.6777 26.0484 30.1307 30.1997 31.1446 41.4424 49.3094 90.2014 82.6811 32.8277 26.9254 49.4755 47.0398 12.4391 15.7203 12.4287 12.2536 10.4541 11.4349 60.1875 51.4934 54.5212 60.8905 46.2794 50.654 45.6276 51.919 23.1381 22.8356 19.8282 22.1958 33.8872 29.948 30.2732 33.6158 15.0539 13.4061 15.0821 15.2794 49.5476 54.0408 50.8128 52.8172 39.7689 36.6555 35.6142 38.2291 41.5474 35.075 41.1455 37.0958 72.3984 81.4694 78.5992 74.881 58.0093 59.2845 58.3483 59.8484 25.0471 24.1825 21.7241 21.191 38.9112 56.8894 34.7824 32.433 24.1855 26.9317 13.1939 53.0135 25.5148 38.3616 60.419 53.1857 69.4751 75.9429 78.0836 39.4871 21.583 39.1603 76.172 75.6564 33.407 35.4425 29.85 56.4273 38.1857 58.9738 67.6256 74.7149 46.2916 45.7535 55.0748 43.9952 66.4642 57.9193 77.0481 21.0455 68.8228 71.3584 52.3237 22.3527
1.82698 1.25218 0.713064 0 4.07951 2.71784 14.8509 15.3736 17.1581 16.8969 21.3299 21.5675 22.3611 23.358 30.5209 27.108 28.3806 27.6567 33.5607 33.9768 30.3879 36.6846 16.5123 17.5358 17.949 21.1179 18.5045 18.275 21.1719 18.5842 50.7958 55.0184 55.7698 54.008 54.3198 47.5596 50.1977 50.4291 39.9039 34.6171 35.4866 36.0471 41.3112 39.7416 40.8638 36.7124 39.8296 40.2871 42.0335 41.0051 33.3766 30.9168 34.876 36.5607 47.6595 46.0207 45.6008 44.375 22.1454 19.9295 18.1915 18.5079 44.7726 44.8398 46.5637 45.3545 61.244 65.6875 63.3478 65.4766 53.4642 47.7456 25.828 25.0935 31.3209 33.1888 42.552 40.6115 77.1983 87.6382 30.122 25.6112 48.5355 42.3679 11.336 16.1138 11.861 11.3508 10.8456 10.1917 59.7896 60.8167 55.5696 59.8419 51.4376 51.1465 47.9265 44.3416 24.27 19.8214 19.8242 19.4372 30.3201 30.3964 35.6643 33.3516 16.2929 15.5912 15.8625 14.2173 53.3287 56.2569 53.8545 57.3808 41.6148 35.6818 38.125 39.1863 36.6199 35.5322 39.4682 40.02 79.2884 83.3114 71.9279 79.0497 61.626 58.2082 59.124 57.2351 22.3698 22.1464 22.7191 20.7879 39.9181 64.3074 39.8798 31.8948 24.0781 25.7295 13.3591 55.9351 23.4621 36.8301 64.9159 52.1641 66.7649 66.7558 80.113 36.7568 24.5499 39.9312 78.7092 68.3818 36.7711 30.1668 31.1296 57.1327 32.3545 55.6698 70.0377 62.3585 46.8448 40.5816 50.1326 48.1395 72.424 50.9774 80.5223 23.4558 62.3876 67.6269 48.992 19.3582
2.70725 2.91979 3.68561 4.07951 0 5.28785 21.5891 21.0965 19.5238 21.4582 26.4992 27.6018 23.2057 23.623 29.4604 34.9053 29.5445 35.0373 39.8866 40.1711 36.7374 38.3813 19.9241 20.7809 20.5775 21.4466 19.4804 23.3631 20.6644 25.4851 50.8399 57.1411 56.2705 49.2092 43.0882 49.2104 43.1342 43.3981 38.0933 37.7837 39.0109 31.6501 38.7672 42.1372 37.3423 37.322 39.6817 32.9516 37.0048 34.1002 27.9165 29.7177 30.957 32.924 42.5954 40.2592 38.9499 42.4794 18.9114 19.0029 16.1854 16.3308 41.771 40.7254 36.6203 42.4562 62.7027 67.7709 55.0946 58.154 49.2496 50.7321 28.4736 29.8452 30.1115 37.0523 42.5254 45.0257 84.22 82.5075 28.416 26.8278 48.3719 48.5227 9.70756 17.3045 11.8871 12.209 10.8945 11.6604 54.0457 54.3265 55.9461 57.8289 47.9238 48.6158 49.8995 48.075 20.0466 18.6475 17.0331 16.0351 32.1637 29.3711 29.9565 27.141 12.4592 10.7669 13.8185 12.4865 50.9852 46.7595 52.6512 51.6715 36.8035 40.0799 33.5307 38.5751 36.2891 35.0312 36.9062 32.6837 83.3365 76.3852 72.717 71.9095 56.2172 61.1925 60.0639 60.0674 17.9148 17.8888 20.094 19.6323 38.9482 57.0826 34.715 37.6193 29.6027 25.8667 9.74667 47.795 29.3388 37.9611 58.0053 54.1383 58.2288 67.3591 77.4137 36.9169 28.1339 39.1237 75.4543 60.6556 41.2786 27.8645 27.4715 56.0365 28.6853 55.0153 61.831 60.2859 37.1651 41.9262 52.2509 49.9022 67.4076 56.5972 66.6119 24.2826 63.1636 65.5023 43.2079 21.8052
4.0928 3.40766 3.15021 2.71784 5.28785 0 16.0381 17.0722 17.3435 18.6079 20.6882 19.6915 21.6655 21.6623 25.2767 28.4043 28.5225 26.3939 30.7743 34.979 31.827 33.3138 17.3282 18.6816 20.8826 22.9638 20.1992 19.0279 20.6147 22.9625 58.3548 58.0609 53.1999 60.7635 49.0869 54.0177 54.2094 56.3388 38.1123 34.8356 33.525 32.8643 35.2597 33.9359 33.2327 31.5218 41.3215 41.6321 41.3509 43.2461 37.1041 35.5474 38.1042 39.6659 45.2076 47.3313 48.4781 46.8533 19.6156 19.4498 16.5154 15.4163 46.6378 41.6232 42.6884 39.229 53.2711 60.8755 51.8549 62.5402 56.9219 50.1558 27.7916 28.4043 27.7449 29.8141 40.8828 46.5624 81.4234 79.796 33.0426 27.0091 48.8779 47.7188 14.4276 13.5204 9.10946 9.28984 8.11035 8.05208 54.6515 50.598 50.759 48.9538 50.4977 43.1526 44.2223 50.2343 20.7542 22.9389 19.7848 22.2414 32.176 36.9318 33.9463 32.7112 15.656 17.9937 17.4903 18.0757 51.9239 58.6392 59.9389 51.6903 39.7989 38.9889 34.5782 33.2426 39.9647 40.8933 39.6532 33.5431 72.7899 84.196 81.429 78.8577 54.703 51.1058 51.0385 53.8269 22.2718 22.8056 22.4295 19.2559 45.7846 64.8731 38.0179 30.2235 25.4813 28.1115 15.5613 57.0436 23.6995 30.3708 60.7956 62.3409 61.7113 61.9802 67.7213 43.2138 22.8043 41.5496 74.3335 70.2309 34.5408 30.4884 27.8368 57.3419 35.0552 56.8052 69.9613 60.3808 43.9118 39.916 47.9113 45.4783 79.8961 55.2451 70.3496 18.4391 72.7371 62.4728 49.1486 17.2641
18.8566 18.0539 16.5958 14.8509 21.5891 16.0381 0 1.1712 2.35422 3.56615 4.87452 5.75384 5.50459 6.97766 12.0397 13.0352 12.8393 14.4874 16.1528 17.6112 18.6616 18.5397 14.9057 14.4513 16.1714 16.9583 11.0477 11.1783 12.3874 14.1376 65.4624 73.0426 70.2616 71.7998 62.0631 66.1868 69.3294 58.6333 37.6442 40.7957 39.8744 36.6975 39.7547 40.5188 36.0157 40.0148 51.6878 50.2127 49.5834 53.259 48.7347 51.7725 50.2287 45.6538 64.9191 60.9432 60.8302 52.8276 34.8009 28.9674 27.5474 29.4093 60.785 52.5272 56.9466 53.8919 54.7992 57.9641 55.5443 51.7846 73.3375 72.5188 13.1087 14.6705 15.4695 16.5107 35.9717 38.919 106.328 107.839 45.3846 41.8982 46.9854 27.7144 25.5743 20.4878 20.9269 20.0754 18.6257 19.2759 64.4316 62.199 53.2481 63.3532 50.4954 50.7005 59.6463 50.1771 33.8681 33.5239 39.1802 34.7005 51.0946 47.5331 43.3997 44.8477 26.8279 29.0438 29.2143 27.5489 68.4742 70.5843 64.5359 64.9854 45.4872 38.8103 44.9749 45.4387 49.0435 50.6744 47.5249 54.2066 90.0367 99.8854 100.547 86.213 61.832 62.2137 61.8379 58.0957 38.635 39.1755 38.0105 37.131 54.9131 82.2871 54.6031 15.9704 13.5821 40.9017 28.157 74.3651 8.10418 30.5262 73.5445 71.5 77.6356 77.4918 69.4575 50.8651 10.0988 62.1345 78.4581 79.6256 19.0425 42.632 42.2513 67.7989 50.5371 68.6168 78.1512 71.8148 62.5194 57.1705 61.4933 56.8892 94.2188 53.6619 87.0251 25.9933 74.6508 75.4417 65.7724 14.0511
16.501 18.0105 16.21 15.3736 21.0965 17.0722 1.1712 0 1.20473 2.53864 5.95768 5.54845 5.0558 5.93557 13.1269 12.7531 13.501 13.1316 16.2234 16.6387 16.039 19.1751 13.0918 16.4047 17.1066 16.2806 10.1185 11.1551 13.2728 12.168 69.1388 69.377 70.2191 65.4657 62.5853 68.9717 65.2074 62.2276 43.4299 37.6098 36.4533 37.9731 44.4867 41.1384 35.9964 41.5608 52.0859 57.6515 53.8138 56.9797 47.5935 46.161 47.2872 43.2425 67.7147 61.9217 56.2384 55.7484 31.9297 30.7154 29.1359 29.9412 58.6555 57.6586 52.9695 56.7658 58.5385 61.4237 61.3839 58.3331 74.7094 65.9181 13.3986 12.6049 13.1341 15.2478 36.5868 38.2652 92.5221 104.043 46.5905 43.0222 51.0356 29.0323 28.6622 20.5032 21.0568 22.0856 21.4152 17.8251 56.3492 62.5234 63.2387 55.8758 62.3053 51.3885 53.8089 51.8254 38.1889 38.7786 38.3512 34.6946 51.3669 43.2064 51.6084 47.4924 32.2233 30.6947 30.2132 29.8723 71.5625 66.9793 68.5281 64.1703 41.598 47.5401 45.7719 43.4655 57.3549 46.9565 53.5284 52.3867 93.1611 84.6065 88.3321 102.082 58.9123 59.1648 53.9573 58.3365 40.998 35.3166 35.4384 40.5972 55.2118 73.4676 57.4509 15.3778 15.6558 38.7007 27.0459 74.9433 7.75538 31.0402 77.6029 69.8355 76.5752 85.7676 72.3617 55.2589 11.4595 58.5356 75.4891 83.0441 18.5051 45.3679 41.3214 63.3544 48.8012 78.1626 81.7021 83.3282 52.3922 61.352 69.0074 65.0299 88.0295 57.5665 85.2317 24.8718 70.0505 77.0385 60.4105 14.7065
18.1793 17.8516 17.8958 17.1581 19.5238 17.3435 2.35422 1.20473 0 1.32822 5.40715 5.98154 5.74365 5.51015 11.9801 12.0718 12.9831 13.1404 16.9784 16.147 18.5515 16.1214 14.1564 14.934 16.4514 16.4394 8.27419 9.14135 10.5234 11.4811 68.3193 71.5113 69.022 74.3333 67.0669 64.4931 65.9184 67.9416 45.0094 44.5973 38.476 40.5471 44.7827 45.8804 39.959 39.4745 56.2648 55.0015 55.4502 55.6037 52.1141 51.5776 48.1622 48.673 67.5606 60.2873 60.21 58.584 35.0096 35.1456 31.4958 29.1564 63.8772 57.6312 58.5937 52.8924 59.4767 60.7732 55.9098 60.3882 72.0116 60.3013 12.7982 12.8191 12.2388 12.9133 40.8136 37.9764 108.623 98.8242 50.4149 46.8047 49.1591 26.6761 28.6756 23.6328 22.8444 19.4114 18.8223 21.335 61.084 61.068 66.5563 56.5797 60.6077 54.7963 52.8863 51.3987 42.6111 34.4505 42.0486 40.9187 50.3849 45.3563 52.4035 51.6697 28.982 31.5933 31.503 29.8191 60.5225 70.2061 63.3952 62.3355 48.1217 44.067 40.1687 46.5422 53.3879 49.6813 52.1429 55.0878 95.0372 102.32 94.4417 85.9583 60.0531 61.861 58.2634 55.0391 37.0196 40.6611 34.8741 35.7133 58.2521 79.5897 57.056 15.8222 15.993 40.9299 30.6591 68.8297 6.71735 31.936 70.6604 79.3825 89.7357 78.8959 72.9845 58.3375 12.3013 64.0486 77.6422 77.5627 18.1006 42.5051 42.6617 70.9115 52.8489 75.2483 78.8874 74.8811 55.4249 61.2835 62.3273 65.0626 82.7024 58.2966 87.204 29.4565 81.7005 73.4198 67.1762 17.9215
19.6586 17.2127 19.9589 16.8969 21.4582 18.6079 3.56615 2.53864 1.32822 0 6.01123 5.37556 5.19785 5.79755 13.1751 11.5551 12.1084 12.3946 18.8251 17.6494 18.2408 17.9468 13.9689 13.2132 13.8301 15.5216 7.7785 8.63736 9.95267 11.8207 66.6523 71.9448 70.7893 69.2918 58.8579 68.385 58.0408 64.5458 44.9726 42.5704 44.8579 40.047 40.8512 43.0249 38.0122 37.9737 58.1674 58.1016 55.048 55.793 43.6694 49.1758 50.7512 47.6095 63.0431 55.2647 59.7754 62.9032 38.2854 32.2917 32.2477 32.8288 64.067 55.942 60.9982 54.8723 63.6292 58.8942 64.4455 56.0923 68.2372 71.3893 9.86689 10.4744 11.8909 12.2858 44.0581 44.3719 93.522 100.798 47.7467 48.9138 50.5457 28.6004 26.9756 23.1333 22.7385 24.4804 22.9741 22.1897 57.7281 57.0319 59.126 58.4279 59.5884 61.7194 54.2164 52.8201 37.197 36.3756 40.8676 39.5353 52.206 51.8187 51.9148 50.7963 30.472 31.3221 28.3891 27.7165 67.9822 69.0926 62.1754 70.0858 48.9959 45.263 42.9412 44.3699 55.9191 53.7478 54.7615 56.5835 94.2386 89.5849 90.2481 95.8881 68.2928 59.9017 56.7588 67.967 39.2512 37.9039 35.8537 40.9408 65.8146 84.0056 59.0952 18.5469 15.4859 35.5067 30.8662 78.458 6.73042 36.9799 75.9687 68.7593 85.8022 85.5346 85.687 52.6133 14.3184 62.0966 87.7634 92.0674 17.527 50.3836 48.6114 66.6134 50.1808 73.5511 84.3412 88.4396 61.3327 57.8749 67.0922 61.8088 86.2621 58.4144 87.0829 30.1741 81.0939 77.7279 71.9954 18.3895
20.6953 21.2352 22.6956 21.3299 26.4992 20.6882 4.87452 5.95768 5.40715 6.01123 0 1.21382 2.52005 4.04834 7.16497 7.44722 8.92324 8.46041 13.0765 12.1708 12.5951 14.1453 20.928 19.1437 20.724 22.0867 16.3315 14.4524 16.9307 15.7953 71.144 79.5874 69.1897 81.9851 62.802 71.7759 65.5308 73.0188 39.4084 41.9787 37.8359 38.412 40.9753 37.168 34.0171 38.6795 58.9732 60.0779 57.9115 56.1618 48.7862 57.8674 49.3178 48.5504 70.2781 65.9824 64.7141 61.3979 34.7243 31.5499 31.5419 34.2268 64.5923 59.4991 56.029 60.3099 51.9351 56.7977 51.1667 58.2095 69.1013 65.5042 15.7104 14.5127 10.928 13.056 37.7382 40.6337 107.529 100.163 51.3518 50.1766 45.7809 24.54 29.1669 22.4124 21.5843 23.8661 23.7683 20.2236 53.2107 59.405 53.5545 53.6584 54.9912 60.9711 60.6804 60.0037 41.9739 42.3073 43.0734 37.4892 54.1252 49.9943 49.7054 57.0408 34.4765 30.9642 37.4403 30.9567 76.188 70.1897 71.3123 76.6254 45.9076 39.6583 43.1331 39.2895 57.2181 52.7284 56.3783 49.8175 98.8596 98.4396 87.2311 93.5847 64.2257 54.8043 63.1383 57.3465 44.0493 44.0228 38.7283 41.2955 56.5094 87.1885 63.4697 11.3956 9.81668 45.0719 34.7406 74.5965 3.30989 27.9169 74.3501 80.0054 86.9267 82.8164 69.2493 60.7424 7.7064 66.4064 82.8861 84.0042 13.3533 50.7396 47.0766 64.8247 58.2946 78.4749 83.1927 90.1384 59.7465 60.9175 65.5423 59.0072 94.9325 52.4717 99.7793 25.009 67.678 76.6113 71.8257 15.0642
22.8899 21.8303 21.0027 21.5675 27.6018 19.6915 5.75384 5.54845 5.98154 5.37556 1.21382 0 1.24202 2.61626 6.78275 6.72743 7.77107 8.29357 13.0134 12.4583 13.5854 11.636 20.3833 20.5957 18.7976 20.6317 14.472 13.6925 14.7628 17.7026 67.3955 79.8818 77.31 76.1289 71.7365 70.5369 64.5803 64.8431 43.1418 37.2065 41.4837 33.9403 43.3395 39.4445 40.6099 38.2792 55.5884 53.0988 60.229 62.2513 56.5328 52.0789 53.5331 50.8032 66.1711 67.117 61.6281 66.944 37.0013 35.4945 31.6628 34.4851 57.8726 61.0237 57.9108 62.156 55.9124 57.3348 55.7733 55.6676 76.4068 74.348 13.3446 13.0273 10.8043 12.6945 38.9983 35.4959 114.673 105.234 52.4543 45.688 50.4908 25.4293 35.0279 22.442 24.0627 21.3294 20.5996 22.3163 55.4217 55.9559 62.9281 60.9375 52.277 57.7969 54.0889 50.9169 44.5095 42.4967 38.0654 45.4165 52.4912 48.345 49.9144 55.2059 36.4577 34.4302 35.5075 33.8294 68.787 66.7759 76.0307 66.538 41.7917 40.3362 46.4617 41.0857 50.5953 59.5589 55.8967 56.7507 96.2811 93.8953 97.8584 102.603 58.3222 58.5753 61.0046 61.3332 44.9163 45.2603 41.3354 43.4753 67.1211 83.3457 62.8548 10.9745 12.1117 41.0451 36.4654 75.9488 2.72812 33.411 75.9137 77.7826 92.0772 89.9318 81.944 53.4018 7.81549 60.4891 79.1668 81.3081 13.0624 47.2225 41.1466 63.984 57.7169 72.6356 86.0954 90.7161 58.9237 58.1882 68.8696 67.1581 95.388 49.7745 101.517 25.5086 70.9344 79.3773 71.1375 16.604
22.3251 23.13 21.3161 22.3611 23.2057 21.6655 5.50459 5.0558 5.74365 5.19785 2.52005 1.24202 0 1.19265 6.48901 6.97156 7.11462 7.75963 11.3703 11.7749 11.8361 11.615 18.5258 17.9811 19.3138 19.591 13.3378 15.5555 15.8632 17.2353 72.9934 70.5896 75.5089 78.4387 75.1646 68.097 64.7714 64.0999 43.5254 41.5911 39.9154 40.075 42.5412 45.0119 36.8414 36.4734 58.2158 59.2051 58.3287 63.2922 53.6484 56.9525 58.0501 50.7135 66.7474 59.8158 63.3667 63.2562 40.2833 33.8253 37.4685 36.632 62.8708 65.5874 61.575 58.8402 63.0856 58.1165 55.1143 61.141 76.2815 69.5374 14.0356 12.739 8.5693 9.9972 40.3779 41.0161 105.401 113.042 50.5742 45.8926 50.4482 21.5449 34.2296 25.0967 25.7177 24.5274 24.2692 21.5797 57.7299 59.5427 55.2354 58.578 63.0269 63.0771 53.718 60.6434 45.3454 45.6402 41.3879 42.7485 58.9127 48.3113 49.6687 56.4073 31.9559 31.8459 38.5213 37.0442 77.7406 66.2134 66.3349 65.2677 43.7994 47.6879 46.9726 41.3062 55.0075 50.4053 60.2078 52.8344 94.686 97.4373 91.024 94.6207 61.4176 58.5401 63.6647 54.5231 46.8788 39.2033 39.1719 38.0562 62.4787 86.9582 60.4858 12.7839 11.583 43.6468 37.4218 82.7347 2.06993 30.1191 75.1048 74.5959 92.9616 90.7209 82.6568 53.0158 10.1716 67.6228 93.6682 98.4162 13.6468 50.2641 47.0277 64.2644 61.2393 80.4648 84.3933 86.1231 65.1154 55.5209 74.5371 60.5552 94.6195 54.4136 100.337 27.5106 78.1427 68.1629 65.3429 15.2886
22.1716 23.9027 24.5484 23.358 23.623 21.6623 6.97766 5.93557 5.51015 5.79755 4.04834 2.61626 1.19265 0 6.56011 5.91494 7.05295 6.72049 12.2136 12.5221 12.7684 11.9391 17.7328 19.6482 19.2972 19.8095 13.3079 13.5805 15.6267 15.6145 70.8049 79.2751 70.2723 79.6159 72.8014 70.5124 66.4818 68.587 42.5516 39.5332 40.8837 36.8268 46.504 41.4113 43.2872 37.4781 57.8532 57.7422 58.979 55.1605 51.5384 53.4459 53.8649 56.05 66.443 60.1989 67.7319 68.2762 38.697 34.7701 33.167 33.2302 59.7912 62.6071 61.7226 62.1928 58.2446 60.1914 52.9333 55.0528 72.0805 68.6726 10.8866 10.3775 7.57032 9.19825 36.1501 42.1033 114.909 111.299 52.2109 53.5241 54.5283 23.2013 32.4658 24.3187 27.6099 24.3428 25.5214 21.9855 59.5063 59.7013 65.2576 62.4232 55.4337 56.8091 56.3412 52.9 46.9303 42.3442 40.4878 40.7731 49.1346 57.7536 49.311 53.1532 38.64 37.9677 34.8312 31.4143 75.5124 72.8711 70.9325 66.8666 49.623 48.9125 49.6072 47.0876 61.4554 51.6724 61.3768 55.7169 100.684 103.618 108.531 91.3248 57.917 64.2627 61.6946 59.9588 48.0893 42.7474 46.3475 45.6449 61.3523 81.9119 63.8365 12.2751 13.7449 42.5353 35.0237 70.8244 2.23178 33.0154 77.4171 85.0762 85.391 93.4785 80.5455 57.0933 10.9676 59.5994 95.8329 89.815 14.2265 51.7997 42.2658 70.5759 55.3142 71.2392 87.6199 89.7786 57.8881 60.9592 78.5587 61.6917 87.4479 56.6258 86.8814 31.8399 83.989 82.9562 68.7226 19.2359
31.3482 28.5706 28.2515 30.5209 29.4604 25.2767 12.0397 13.1269 11.9801 13.1751 7.16497 6.78275 6.48901 6.56011 0 1.21766 2.77429 3.84907 5.69184 5.44358 6.12558 6.91213 22.8509 22.7953 24.8488 24.4175 19.1175 19.927 19.0644 21.8809 82.3969 85.3734 78.9157 86.6999 77.5633 75.5054 81.0512 79.763 43.2704 45.3819 36.9418 43.5592 44.1521 42.447 38.7129 40.4845 64.0124 61.3965 68.0181 60.0602 59.359 57.9409 55.2939 53.5672 75.0143 66.3687 66.2108 77.2306 38.3762 36.4628 39.4062 40.2025 61.9102 59.3749 66.9853 63.1057 51.4651 58.5168 49.7468 56.2353 78.1424 82.3138 15.8668 14.7477 10.9988 10.338 35.366 34.4358 106.194 106.818 63.2434 54.729 45.8245 18.791 37.1768 27.1532 31.8227 29.1895 29.0158 28.8599 59.8769 56.9578 55.9515 65.699 57.0912 63.7442 60.2498 63.7085 50.5102 44.9259 45.7031 43.5321 54.4769 64.0334 58.8636 60.1229 40.2318 36.7692 45.5438 40.842 72.7618 83.1256 78.381 82.8265 47.5901 42.7196 48.1195 44.9643 63.7304 57.4429 60.4056 64.4955 105.038 107.186 110.39 107.861 56.7198 60.0101 54.3768 59.9888 43.8721 49.2822 48.4113 46.9911 74.9817 90.2687 71.2545 4.86926 11.1274 54.7586 42.2609 79.2102 4.38884 33.8496 69.2831 80.5587 99.0618 95.4684 76.0347 68.1121 8.67593 69.208 97.0874 102.923 7.76484 56.6649 52.9686 68.876 57.7414 80.916 95.9409 83.4341 72.7889 62.5832 77.792 61.386 100.255 52.3927 94.3689 30.2895 80.8878 76.2993 73.908 19.8613
31.4808 29.7725 28.5547 27.108 34.9053 28.4043 13.0352 12.7531 12.0718 11.5551 7.44722 6.72743 6.97156 5.91494 1.21766 0 1.25011 2.28966 5.39676 5.83785 5.32987 6.342 26.3184 26.327 25.7835 24.3011 19.6454 20.827 18.2221 22.5351 86.1082 81.2188 80.5526 80.9197 69.225 77.1615 70.4538 73.7547 43.7264 40.7338 41.2396 39.2036 39.8296 38.2845 40.349 43.014 62.2502 64.0884 63.971 66.3618 58.8595 61.2152 61.0626 55.8791 77.9995 68.6956 72.0671 73.6737 38.8274 39.1536 41.844 37.3642 71.7379 60.0665 71.2357 64.4456 57.4898 61.9833 61.3197 51.2474 73.7522 80.0103 15.0277 14.2514 9.3092 8.26295 36.8164 40.425 114.266 118.733 59.7715 51.2948 46.4725 18.9986 37.9728 28.4631 28.9099 26.5963 26.2732 29.5252 66.6772 59.2229 56.4174 57.6806 59.3078 65.6629 58.4619 60.2985 52.5979 47.1537 49.1339 47.2184 55.744 55.8022 64.5438 59.2187 39.6156 38.5923 38.6183 36.963 73.0057 77.4001 79.3552 74.8379 47.0007 44.7247 44.6241 44.3659 57.1295 57.5218 62.8458 61.0259 94.3823 98.7779 100.065 94.8041 64.4697 59.3426 65.6269 60.0225 46.4779 50.9751 53.2764 47.9374 69.1575 89.6096 67.2879 5.31501 12.4998 51.1503 37.9161 83.4345 4.73526 31.9569 68.949 82.8685 85.6972 86.353 78.6754 62.1487 9.56041 64.9858 88.0807 99.1868 7.08368 51.0074 53.8242 69.5198 69.8276 78.5493 85.7653 80.908 71.2321 69.291 83.2257 68.0821 89.2515 48.033 100.711 34.0468 74.8338 79.5913 75.3375 18.5931
30.5213 27.7351 27.0083 28.3806 29.5445 28.5225 12.8393 13.501 12.9831 12.1084 8.92324 7.77107 7.11462 7.05295 2.77429 1.25011 0 1.20818 6.11375 5.48559 5.88883 5.72197 21.932 25.3202 25.7159 26.4879 18.3045 19.0153 18.7427 19.6369 81.748 78.443 88.4652 86.4504 76.8447 72.2404 72.1887 76.8713 44.4063 46.7699 45.8404 39.8174 44.7628 43.4284 41.6475 41.1776 61.5504 59.5283 62.2096 63.1061 56.2501 60.6027 64.8685 58.8649 68.9156 77.0053 66.8017 69.9569 44.2867 41.1472 42.6845 41.5878 66.0751 66.7434 67.7338 59.8736 62.2419 62.1173 53.4369 56.9831 82.5375 80.1435 14.6643 13.37 7.59667 6.97783 36.4431 38.5124 118.523 110.427 61.3785 51.6576 50.2119 16.8365 38.3447 28.2201 28.8424 28.2035 29.2822 31.9237 70.1086 61.9172 62.8157 67.138 66.4955 67.5471 57.8646 60.621 51.6965 49.2939 48.3072 48.194 55.2996 57.9012 58.9205 54.2609 42.6667 44.7889 40.7002 42.5489 72.3888 74.3363 80.9945 82.1627 51.7848 45.6593 51.2747 51.8019 59.142 63.9708 58.2191 55.0901 98.9914 98.5649 111.064 110.487 58.3238 61.4137 68.936 62.6586 46.8278 51.6132 53.0645 48.6051 74.2351 88.1194 70.5112 6.50096 14.0338 54.669 42.6632 89.257 5.08594 36.837 73.5792 89.2152 97.9864 95.6643 72.207 66.8164 12.3517 62.4994 90.9022 99.7579 7.28239 51.2075 48.2583 64.946 65.0404 89.4173 98.3093 90.9637 64.9414 64.1004 75.5222 73.1738 105.371 57.1642 107.367 34.8321 85.4643 80.0981 77.0134 22.7443
32.5011 31.527 30.9898 27.6567 35.0373 26.3939 14.4874 13.1316 13.1404 12.3946 8.46041 8.29357 7.75963 6.72049 3.84907 2.28966 1.20818 0 6.58512 6.26083 5.97689 5.5981 24.128 26.2145 26.5185 26.5656 19.1288 17.2982 17.8761 18.5075 82.7961 84.9225 84.3737 73.7896 79.9118 71.436 78.3877 71.4092 46.3638 46.918 40.762 44.1414 43.5205 49.2659 40.9552 41.3073 61.6173 62.0866 58.4501 67.3155 57.7564 59.4472 55.5903 57.4672 69.0562 79.2848 71.3749 64.5326 48.1125 42.4547 39.2524 38.9956 71.3609 70.0926 72.9199 68.8354 60.6197 62.5117 61.1519 56.3627 86.5015 73.6874 14.7821 12.2024 6.30114 5.31995 42.0662 39.2283 119.094 103.845 62.2794 59.2111 54.7189 15.9653 39.1821 30.0915 30.6424 29.421 29.3068 31.2238 60.2883 62.102 62.0159 60.4592 69.9583 58.2691 57.5283 66.7826 52.1085 45.7311 53.2779 49.8849 62.8376 54.5897 61.0399 59.4117 41.8709 44.6847 44.1708 43.1352 83.5307 79.311 81.9031 80.1061 48.5572 46.694 46.6811 46.3332 59.8736 56.8835 60.542 56.106 96.7151 102.155 112.895 112.322 68.7372 59.0316 63.3086 68.2467 54.4484 45.2577 49.7089 52.4186 71.022 85.6525 64.2887 7.26835 14.5503 45.85 45.8178 81.5067 5.24643 34.5677 83.2399 86.4652 100.756 92.4611 72.1269 59.6641 13.1235 75.844 97.9373 104.422 8.254 52.9575 48.2386 71.5043 70.3827 80.563 86.8859 91.4048 63.852 65.5097 76.0157 69.7228 93.1117 59.6157 93.3782 35.8087 81.7188 78.5393 72.7302 23.3222
32.3858 31.3789 33.1502 33.5607 39.8866 30.7743 16.1528 16.2234 16.9784 18.8251 13.0765 13.0134 11.3703 12.2136 5.69184 5.39676 6.11375 6.58512 0 1.38113 2.68919 3.69075 32.1257 29.7304 31.0589 31.3609 26.6708 26.8972 23.8539 25.9388 93.8277 90.5979 84.2356 82.0174 80.7331 84.322 77.1207 83.1082 45.5397 42.6551 39.5868 42.7871 42.3397 44.1451 37.7375 37.5435 68.3129 64.8262 67.9012 64.4124 64.215 69.253 63.7619 70.4125 86.2788 71.1095 71.6801 74.7147 43.3534 43.4356 40.8826 41.8204 71.6095 67.2799 62.4521 66.8988 60.4301 60.9548 49.2245 52.3088 85.2369 85.0922 20.94 17.3556 14.4874 12.0511 32.0878 36.628 105.196 117.765 59.7379 66.0538 43.9581 14.5706 41.816 29.586 32.738 31.4158 29.8415 29.4849 67.9438 61.7921 57.8726 65.9409 67.1762 61.4335 57.2012 63.6438 53.7279 54.0732 53.3544 48.011 68.9703 59.4044 70.5013 66.5232 48.0002 45.8009 42.6988 49.0592 86.632 75.4146 85.4245 77.4899 47.5574 52.7764 45.1059 49.4551 66.5331 69.2774 62.3093 63.4084 102.857 100.351 116.335 109.485 57.241 57.6099 58.2433 60.4496 51.0155 54.3223 50.9238 51.773 68.8232 97.1589 64.6438 1.88003 10.8625 53.9204 49.8971 98.1692 10.2721 32.6418 75.1111 85.2603 100.629 93.0601 68.6047 63.0824 12.5074 70.2586 90.2742 90.4464 2.03486 61.3089 52.0051 73.9179 69.5846 82.4445 88.0887 92.1797 68.4061 62.0711 86.5803 76.3764 100.329 51.1134 106.83 31.0093 74.5931 70.5196 82.5134 22.9528
36.908 33.3717 36.1207 33.9768 40.1711 34.979 17.6112 16.6387 16.147 17.6494 12.1708 12.4583 11.7749 12.5221 5.44358 5.83785 5.48559 6.26083 1.38113 0 1.14978 2.5106 28.508 30.7718 30.0253 31.0095 23.847 22.7987 23.4701 24.6395 88.5803 83.2529 88.3273 85.4438 76.6542 74.8212 77.4938 78.6709 46.7746 41.4552 47.1537 45.7929 45.7745 42.6671 40.8255 42.8707 65.4829 64.1116 67.3483 73.9494 65.7906 66.3396 61.6565 68.5721 74.2699 77.7276 78.4823 81.2066 42.5839 43.8387 40.8328 45.4869 66.4591 68.6828 66.7415 73.1213 57.8649 61.8287 51.7827 55.3848 83.9082 92.1453 19.5238 16.4746 13.2687 11.4328 36.7689 33.7744 103.784 123.766 58.4806 56.4973 44.7814 14.526 42.7654 33.9258 36.5194 33.2412 34.0237 33.6182 68.6254 61.8205 67.3407 59.3425 57.313 64.7117 57.9721 55.8868 52.7306 48.4775 52.192 52.297 67.0515 67.8803 63.4248 68.0483 43.6495 46.9867 46.1458 43.9897 77.7975 79.2597 78.63 80.8576 47.8972 46.5364 53.6798 49.1014 68.2537 64.3529 70.0263 61.7453 113.416 117.274 107.529 107.297 57.9002 57.9392 68.287 67.0795 51.5587 55.3445 50.3746 49.1005 70.3395 90.976 75.7402 3.17689 12.3988 59.7741 49.4481 95.3715 9.61785 33.1334 82.5648 82.2072 101.963 97.8868 80.1549 61.6335 13.2015 79.2342 83.7364 92.6357 3.46308 54.7562 52.7239 71.4029 71.863 89.6597 102.476 99.4775 74.2066 71.0662 80.1434 73.2122 106.604 47.471 93.8416 31.5131 79.802 74.0208 75.6581 23.0705
32.1849 34.1848 32.6521 30.3879 36.7374 31.827 18.6616 16.039 18.5515 18.2408 12.5951 13.5854 11.8361 12.7684 6.12558 5.32987 5.88883 5.97689 2.68919 1.14978 0 1.20931 30.3561 29.0482 32.61 32.8996 23.8799 25.3221 23.0104 24.0251 93.4525 79.4464 87.2354 93.789 80.2678 79.5981 77.2448 88.9363 49.2878 45.0048 45.8823 45.9916 44.323 43.2661 43.6821 41.3133 74.917 75.327 74.6864 74.3479 65.9218 69.1746 61.63 70.75 79.3466 70.886 77.5067 77.1851 42.1839 41.1623 42.7653 41.756 76.1671 71.564 65.2369 73.7473 61.9624 63.7657 53.4888 56.7595 93.4674 78.8058 20.8344 18.1473 11.6258 10.4457 41.3396 37.0585 108.715 121.907 57.8909 57.0387 50.1895 14.5031 40.2912 30.8184 37.073 35.0134 33.0547 31.6305 64.0671 64.1292 68.2177 70.2514 62.1798 60.2285 64.4771 67.8268 60.1639 51.4109 57.5694 48.8607 63.7339 59.3828 62.9516 58.4698 48.6744 48.2496 49.6955 42.7165 90.4738 81.431 81.4321 83.2486 48.1477 51.4578 53.4674 50.753 68.1295 68.1853 69.9428 64.4394 113.228 101.981 100.16 109.701 65.1733 59.4859 59.3893 57.5982 50.1505 51.129 52.8653 54.6434 68.6933 96.1148 77.1198 4.01342 14.7783 50.4862 45.7071 90.6825 10.2709 37.3415 80.7484 85.0067 93.6713 99.7594 83.5046 69.6133 13.2868 80.325 87.4888 100.711 4.76073 54.3862 59.013 66.7439 68.2378 79.7517 85.11 91.2256 80.5283 62.1731 93.0435 74.7946 104.037 53.4434 111.496 32.2482 84.913 85.3609 80.6297 23.1957
32.4148 37.1673 37.8345 36.6846 38.3813 33.3138 18.5397 19.1751 16.1214 17.9468 14.1453 11.636 11.615 11.9391 6.91213 6.342 5.72197 5.5981 3.69075 2.5106 1.20931 0 27.7127 31.8553 29.0163 29.5688 22.9052 26.1232 24.8792 25.7576 92.7882 88.2186 86.6547 80.3842 78.3842 73.877 75.7969 80.0703 48.6554 48.2931 49.7054 46.1234 48.411 46.3633 40.5634 45.1399 64.956 67.0072 64.2796 71.7176 69.2991 68.8603 64.7925 62.4741 77.5225 81.4644 71.3252 74.9917 45.4474 48.7604 41.5525 44.8044 76.3818 68.4865 74.1495 74.9793 54.2139 63.5708 61.4218 60.2196 85.4078 80.7745 18.4899 16.7613 11.099 9.13997 36.9637 43.2842 109.945 110.707 70.5181 62.8467 53.8923 13.6283 47.5823 37.0142 38.7999 35.9032 36.9721 32.4651 68.952 67.0036 59.622 65.3262 64.6056 59.5305 59.9664 61.4757 58.5268 55.9236 55.1337 51.8044 66.4177 68.5769 64.3628 66.6124 46.3417 44.0337 46.9739 42.0578 90.5014 80.1735 91.3654 87.8321 55.6092 52.8224 50.3518 53.2949 65.3803 67.098 68.4446 66.8838 113.291 118.846 100.769 104.438 65.8273 63.7822 66.2632 58.2608 54.8067 57.8527 56.3057 52.1908 82.5396 86.8152 66.0087 5.99753 15.3622 58.3924 44.1116 89.9895 11.3355 33.7197 76.0644 95.7761 87.5045 87.563 79.5393 68.9375 14.5015 75.0486 92.8498 108.292 5.41387 58.9137 53.114 66.3295 65.9099 80.2751 93.0789 91.3908 68.4869 70.6373 93.3035 69.4111 109.067 58.1869 96.6944 37.8001 80.6903 72.2445 76.4098 22.6388
15.6831 14.3271 15.6892 16.5123 19.9241 17.3282 14.9057 13.0918 14.1564 13.9689 20.928 20.3833 18.5258 17.7328 22.8509 26.3184 21.932 24.128 32.1257 28.508 30.3561 27.7127 0 1.38916 2.63455 3.65409 5.83947 5.3424 6.12251 7.23127 51.763 60.8736 61.9138 56.6704 47.8931 48.8893 54.8899 47.2495 52.2661 50.9235 48.1624 43.7383 50.0104 46.5196 55.1356 49.0911 43.5832 38.4608 37.2891 39.6726 37.6978 33.2164 32.2829 37.9537 58.3624 47.3666 50.8234 54.2593 36.7378 32.7699 33.3339 34.698 54.6647 54.8241 52.756 52.5869 70.2612 74.1563 73.1898 76.8591 63.8638 60.0769 13.3479 17.1335 21.8887 21.2365 57.6076 48.9658 101.124 89.6945 38.2552 37.5903 61.5071 38.2009 18.637 29.3672 28.3537 26.6852 23.3796 23.5094 70.8008 70.9666 65.0685 73.3215 61.0686 68.3942 65.2622 68.1604 35.0251 34.9292 32.7696 35.0479 34.2633 39.5671 37.3774 40.1328 19.7895 19.5612 21.6311 21.6523 56.4892 51.427 49.537 55.2509 49.5362 51.0099 52.5135 51.3538 55.3555 55.2144 54.9034 57.5929 91.4283 96.269 95.0098 92.5003 66.9616 70.7206 72.7917 63.7033 40.5191 40.1124 40.1768 38.4005 58.3516 75.6845 41.8912 32.1971 30.1463 29.8799 26.2631 68.6375 18.3516 43.7641 72.099 68.3731 80.0006 76.9021 83.1936 60.81 27.0634 51.0869 94.0363 85.4774 31.5731 45.3981 44.4877 80.1327 42.5982 75.2829 85.6182 81.3498 44.0877 61.1396 58.3649 68.1032 94.5116 66.834 89.4045 35.74 81.2103 78.1555 59.9042 29.1668
15.4223 16.6058 18.2901 17.5358 20.7809 18.6816 14.4513 16.4047 14.934 13.2132 19.1437 20.5957 17.9811 19.6482 22.7953 26.327 25.3202 26.2145 29.7304 30.7718 29.0482 31.8553 1.38916 0 1.28485 2.78472 5.06101 5.02336 5.26982 5.8186 57.7085 53.9923 57.117 58.4756 56.5222 52.5553 49.0257 53.7652 55.0079 47.3239 50.9978 47.4804 55.2905 49.3134 55.1207 54.0723 45.4113 42.3004 43.359 40.8055 35.3147 35.4271 33.1307 36.5893 56.6357 55.6494 51.7467 55.5876 40.4956 37.2564 36.4088 37.4425 66.1172 55.0902 54.2938 59.1665 71.438 74.2973 64.001 73.9329 57.7235 51.6211 13.0496 16.6965 20.8907 24.115 52.6343 60.0798 99.4025 95.7239 37.2412 32.9346 60.8738 33.9768 20.5671 28.6517 27.6452 26.4808 26.0861 23.6334 68.7068 68.8945 72.4837 68.6496 66.4195 59.6927 71.3794 64.9117 34.7214 37.1783 36.1436 39.0788 34.9913 37.1441 35.1269 35.0279 23.8512 21.4184 22.6486 22.6696 59.0659 54.4878 53.4658 54.0386 53.9549 54.4408 57.8459 52.1697 59.7095 51.8526 53.6034 49.3791 103.766 102.812 103.471 98.0153 74.3796 73.0696 77.2486 66.5944 40.7195 38.7772 36.8001 34.2563 53.7795 79.0934 44.4505 31.193 31.3509 29.2971 26.8285 65.6724 21.4737 44.4637 77.1167 61.7325 80.088 83.9971 83.0065 59.091 25.8642 55.1804 84.6079 84.8789 33.4673 45.9241 52.591 78.0432 47.5448 75.7735 75.619 82.6837 44.0994 66.2359 56.056 70.6483 94.6066 64.6714 88.6166 39.1295 91.6346 78.4983 61.8354 29.9046
17.0159 19.0938 16.9932 17.949 20.5775 20.8826 16.1714 17.1066 16.4514 13.8301 20.724 18.7976 19.3138 19.2972 24.8488 25.7835 25.7159 26.5185 31.0589 30.0253 32.61 29.0163 2.63455 1.28485 0 1.18821 5.48186 5.25071 5.53936 5.38102 61.0488 53.4328 57.0573 53.005 52.8031 47.269 52.3363 53.635 56.4554 56.8324 55.157 53.7874 58.0593 53.5518 56.4504 53.7407 40.046 45.95 38.5075 45.0024 37.6264 39.8159 34.2948 36.7659 52.1287 47.9821 54.2286 54.2823 37.1139 41.7867 37.801 35.6839 67.7247 56.8133 64.5708 60.6029 79.705 78.1638 68.9663 72.5844 58.07 52.841 12.3189 16.3509 21.6431 21.9481 51.2976 57.833 104.014 100.905 42.6059 39.7955 60.5973 31.8435 18.7635 34.1168 28.6179 26.075 24.9391 29.849 65.4791 68.3462 74.8137 70.0387 62.7115 72.9085 60.072 64.703 34.4669 40.466 36.8426 33.1405 36.7559 38.3777 35.3863 37.4812 25.1441 22.4956 23.6352 22.6443 51.3734 52.2446 54.1678 56.4028 53.6891 58.6691 52.7381 57.2763 55.3859 61.8267 56.5794 55.6231 92.2004 88.2051 90.9471 89.3193 70.2915 73.1697 71.0559 69.7738 40.5172 36.1558 37.0924 38.3204 54.4429 70.212 45.4792 29.1498 29.9391 30.1655 28.6948 67.1874 22.2593 51.9328 74.6347 66.3039 76.6896 81.9736 98.5065 63.5083 27.6882 52.9127 81.7566 79.325 33.3187 50.7809 48.4376 77.6539 42.7296 81.6542 81.313 90.4893 43.6243 63.0383 59.4529 60.1853 93.865 69.0371 88.7665 35.7604 84.2839 80.8934 66.4712 30.7556
19.2065 20.8073 17.4962 21.1179 21.4466 22.9638 16.9583 16.2806 16.4394 15.5216 22.0867 20.6317 19.591 19.8095 24.4175 24.3011 26.4879 26.5656 31.3609 31.0095 32.8996 29.5688 3.65409 2.78472 1.18821 0 6.28941 5.87566 5.43507 5.30409 58.899 56.07 53.244 58.3173 56.1482 56.3089 53.0221 51.8599 56.2037 56.7685 56.6507 45.9108 54.7772 55.632 49.6206 50.0837 40.0751 44.2998 43.8094 41.1594 40.3825 34.1192 38.6562 37.2758 52.2703 50.7188 58.838 55.8639 36.8002 37.0622 40.6098 33.9909 67.9528 65.2657 61.0849 65.3698 74.3519 76.4845 68.9815 73.5104 61.9749 57.7895 12.1738 16.1083 19.8069 24.2782 54.1001 57.2343 99.5851 106.915 41.2401 40.5039 62.3439 35.0318 22.4198 34.2305 29.2343 30.4697 29.3585 30.4436 68.9098 69.4425 77.1063 72.0471 64.2406 65.7526 61.6824 64.6412 42.9612 39.3252 35.9915 41.0056 40.1725 40.1685 39.8418 37.7705 23.8936 22.9366 24.2547 22.0305 58.4976 57.9794 58.014 49.7837 56.3671 52.0976 56.6966 56.5258 53.7261 62.7905 52.8408 61.5005 99.9616 100.944 88.6769 100.138 77.8241 71.6135 77.5003 72.5193 43.7574 37.674 37.6093 40.4921 59.3875 81.4414 47.2657 34.3991 32.4121 27.2733 28.381 60.1618 23.292 46.5221 74.3764 64.5201 79.8415 85.3668 84.5785 62.6513 28.9429 61.2491 94.9192 88.3647 33.0191 50.0358 49.7151 83.3372 49.862 85.4299 88.9717 91.0815 48.5187 70.4831 61.9683 63.2109 85.9454 66.8498 93.1211 39.189 82.6826 93.2431 66.3377 33.1496
18.5901 17.2603 15.8778 18.5045 19.4804 20.1992 11.0477 10.1185 8.27419 7.7785 16.3315 14.472 13.3378 13.3079 19.1175 19.6454 18.3045 19.1288 26.6708 23.847 23.8799 22.9052 5.83947 5.06101 5.48186 6.28941 0 1.22144 2.30991 4.03988 66.0102 67.9368 67.8659 67.4935 54.7119 62.5586 59.604 56.7112 53.8027 47.7885 49.9689 43.3977 47.503 53.6965 45.4797 43.7663 42.8767 50.5626 48.3346 48.9336 43.7821 43.0053 44.3847 44.7947 55.527 58.0824 59.5625 57.069 39.8167 33.3083 32.2747 31.3531 63.9037 60.8984 56.1776 61.9292 70.8549 74.4717 65.3028 62.8979 67.4515 57.2587 8.13978 10.482 14.6399 19.0622 51.2189 53.1761 111.804 108.853 44.3436 41.9101 62.1254 28.6666 21.5563 30.6311 26.2134 26.5122 26.5926 22.8605 70.928 65.8613 66.6666 73.466 64.3662 69.2232 65.7995 68.0256 35.805 38.0269 39.8877 41.2869 43.603 39.1559 45.6213 42.86 25.8141 24.7636 23.9637 25.2445 63.3535 59.574 61.5847 56.4879 53.8882 53.2221 51.6411 47.2397 61.67 56.0855 59.9693 58.9796 102.197 88.8365 91.8731 86.5718 65.9507 66.8384 65.0503 73.9264 38.1717 37.647 37.9206 42.1424 56.4232 78.6378 55.3125 23.9836 25.435 30.9587 29.8228 69.4135 15.7867 43.1984 71.4368 65.6694 78.3785 91.7245 94.5292 58.7314 23.6185 56.4492 90.2563 86.8148 29.1992 47.6222 44.4926 75.202 48.7138 76.5355 76.3066 81.9878 53.331 58.8391 67.0982 61.3425 86.5632 65.0782 88.9053 35.4833 81.9579 80.7455 71.9736 28.2534
20.6343 17.5203 17.4073 18.275 23.3631 19.0279 11.1783 11.1551 9.14135 8.63736 14.4524 13.6925 15.5555 13.5805 19.927 20.827 19.0153 17.2982 26.8972 22.7987 25.3221 26.1232 5.3424 5.02336 5.25071 5.87566 1.22144 0 1.39196 2.60906 65.6154 58.4129 60.8348 56.6378 61.6635 51.9059 61.0965 58.3012 49.1024 47.8892 46.6256 49.023 54.676 49.1695 51.2753 47.6616 44.4081 48.463 42.1976 43.7778 44.0656 41.231 37.3685 45.2534 57.6306 59.594 56.8388 58.7222 38.4164 41.2471 33.154 34.0481 67.6 57.7322 63.947 64.9378 65.4794 66.122 72.4944 68.123 66.3302 58.1735 8.19187 9.91125 13.9677 16.622 47.5522 48.1583 95.7235 104.154 45.3314 45.1011 55.177 28.6292 23.5208 28.3351 28.2334 24.9127 26.381 24.851 75.7066 76.7572 66.7995 73.1502 60.6947 62.1828 63.9758 59.1541 41.0334 41.1396 39.2835 35.3495 45.7708 40.4066 41.0849 44.2283 28.9072 27.5904 23.9416 26.9588 55.3565 53.9644 62.5654 61.6992 50.7053 50.9116 53.2321 50.6057 54.9113 54.6812 56.4971 55.4148 88.4046 90.224 100.525 99.2529 71.5421 69.0507 63.4494 66.2304 40.2578 43.8601 42.7037 37.598 57.6097 74.8599 51.0614 26.9012 25.8394 32.9337 31.1628 68.7722 16.5145 46.9624 72.0634 75.4283 87.4278 91.5865 82.4992 57.5686 24.0156 65.4445 92.7393 86.3414 25.4078 52.062 52.0888 72.5955 46.4203 77.6293 80.3107 87.5697 52.4182 66.773 67.4521 70.3872 97.0454 70.3172 97.883 32.2963 91.2197 89.0027 69.1751 24.4245
19.348 20.1341 19.8694 21.1719 20.6644 20.6147 12.3874 13.2728 10.5234 9.95267 16.9307 14.7628 15.8632 15.6267 19.0644 18.2221 18.7427 17.8761 23.8539 23.4701 23.0104 24.8792 6.12251 5.26982 5.53936 5.43507 2.30991 1.39196 0 1.15005 63.5337 67.6407 62.0671 67.5087 53.5189 57.3319 61.1306 62.5333 49.1424 49.4573 49.2982 44.133 52.5804 54.3082 46.349 53.6421 50.5803 46.2627 49.6233 42.2385 40.9345 39.4929 41.0155 41.6484 64.2052 52.6933 59.2988 53.1239 42.7419 39.2736 39.0622 38.9373 64.2095 66.2448 56.7939 64.1096 65.4907 70.159 73.1099 76.2552 71.0216 65.1296 8.0533 9.07177 14.6396 17.5695 52.9281 53.2969 96.7958 94.1399 41.8879 42.3999 54.4341 31.3647 25.2961 31.976 26.6417 29.8722 24.8241 27.033 73.618 70.8437 67.6697 75.7652 65.4922 65.5226 66.2058 62.201 38.5243 43.3832 42.6157 35.7091 47.6028 42.8979 41.688 42.8201 27.7481 27.0364 25.4924 24.4283 57.762 53.9767 56.0422 62.8746 51.6626 60.0213 52.4265 53.8984 54.5374 62.7903 60.5695 58.6298 102.096 100.013 88.4616 105.375 76.0602 69.0907 75.3931 70.3529 45.7648 44.9272 39.9145 42.3921 64.1284 78.8617 52.2029 23.5427 25.8122 33.9952 27.9607 69.7393 17.5817 47.2875 73.9853 77.387 88.7658 85.0242 89.1384 58.9538 21.7699 63.8809 96.8864 92.1161 29.6298 46.6927 54.1825 76.8878 54.2797 79.5596 87.9121 96.2675 48.1965 62.2891 61.462 63.3352 90.0332 61.5144 100.478 35.8256 85.035 91.7006 71.5361 28.3616
23.1889 20.0194 20.1299 18.5842 25.4851 22.9625 14.1376 12.168 11.4811 11.8207 15.7953 17.7026 17.2353 15.6145 21.8809 22.5351 19.6369 18.5075 25.9388 24.6395 24.0251 25.7576 7.23127 5.8186 5.38102 5.30409 4.03988 2.60906 1.15005 0 67.9757 67.0678 63.2471 64.6186 59.1267 58.5866 59.9011 54.5651 52.0889 47.2143 54.5553 50.7805 57.0903 54.5004 52.0525 53.4813 46.7117 45.7135 44.3822 48.9985 46.7257 41.1912 44.8294 38.3318 55.4672 60.5098 56.0257 60.5814 37.802 41.729 39.8 40.6651 64.5275 65.8617 62.316 68.3979 68.6325 76.2013 74.698 68.1619 65.2942 65.2231 6.7969 10.6483 13.1871 16.067 48.0782 49.0124 109.587 103.171 43.3547 38.8188 55.2387 29.9155 23.1765 30.4516 27.207 29.9135 26.6136 26.7905 72.1791 71.4518 72.9433 70.2994 74.393 71.1436 71.4709 73.1743 38.3549 39.031 40.8045 37.1261 41.6409 40.9751 43.6175 46.0008 29.3552 26.5105 28.6947 26.7726 60.7503 58.5756 58.0714 55.8317 56.5462 59.0182 52.7735 57.9717 58.9971 56.7261 59.4235 54.0786 103.248 107.072 101.75 94.9999 75.6597 69.0631 67.1865 71.4976 43.253 47.2752 45.0846 39.3006 63.9289 84.9608 51.2747 26.4448 29.2026 31.0438 30.3045 76.83 16.6138 48.8907 89.0172 73.4894 84.5099 98.5344 86.4395 55.0897 22.7492 56.3051 89.549 94.7962 29.1166 55.6131 51.8831 78.2674 51.7601 80.0837 89.2119 80.5559 50.0199 66.3546 60.0258 72.0963 99.9103 71.1696 94.2049 39.3278 83.8456 80.822 64.9415 29.5631
50.7922 58.5643 58.1402 50.7958 50.8399 58.3548 65.4624 69.1388 68.3193 66.6523 71.144 67.3955 72.9934 70.8049 82.3969 86.1082 81.748 82.7961 93.8277 88.5803 93.4525 92.7882 51.763 57.7085 61.0488 58.899 66.0102 65.6154 63.5337 67.9757 0 1.20782 2.28653 3.70999 5.90286 5.99238 5.42328 6.72335 90.1786 84.1055 87.2159 79.5764 84.3611 85.0528 86.7625 81.972 15.7508 15.0251 16.9697 17.2497 22.3547 23.0795 19.9915 19.3782 21.9023 26.1039 22.0651 19.9678 59.9125 64.4823 60.9681 62.389 67.4641 61.3182 57.6905 57.3549 104.407 99.5031 102.4 102.851 11.2041 12.1956 76.3816 77.102 78.7928 76.1015 93.1601 106.776 72.2712 70.3045 28.0521 30.4798 88.2891 92.3488 44.5098 67.1877 62.5712 65.6073 65.9522 59.2282 102.289 106.31 86.6084 100.842 80.5895 91.2703 84.4573 79.9618 43.0135 45.4306 45.0546 45.9019 22.0735 25.2378 19.8536 20.8087 41.1791 37.4952 36.6645 42.6862 5.20585 5.85548 5.96945 7.07853 85.9793 77.6428 86.8918 78.3664 57.2207 63.8627 60.5015 58.4998 83.9861 70.2847 74.0041 71.1405 99.4337 97.6831 105.434 96.8151 54.2232 50.6246 53.4331 51.325 36.6783 59.4302 25.9244 93.754 87.3777 30.1374 40.3202 24.4219 77.8303 93.2312 95.9091 36.2894 63.5435 89.431 129.807 63.4905 75.8784 48.6081 86.561 63.9493 82.9759 63.4522 64.01 90.1578 29.4838 73.0663 78.0762 89.0978 13.474 72.942 20.1298 67.9746 82.1057 96.239 74.9233 76.7948 95.5584 93.5692 49.6615 75.623
48.9669 59.4235 52.4354 55.0184 57.1411 58.0609 73.0426 69.377 71.5113 71.9448 79.5874 79.8818 70.5896 79.2751 85.3734 81.2188 78.443 84.9225 90.5979 83.2529 79.4464 88.2186 60.8736 53.9923 53.4328 56.07 67.9368 58.4129 67.6407 67.0678 1.20782 0 1.34803 2.6355 5.02363 4.96065 5.9279 5.38758 76.3797 84.6779 87.3304 78.364 85.0059 79.595 94.9653 92.3695 17.5164 17.1841 17.346 15.8587 19.9182 23.3992 23.1366 23.2835 24.5145 26.2146 23.7762 24.5488 59.4164 59.7222 64.5795 59.07 66.9242 68.1523 56.4491 65.0057 99.3417 104.12 115.27 117.358 12.6588 14.5585 75.8566 66.573 74.8255 77.0114 100.107 89.1877 82.6569 69.836 25.0024 32.731 87.7391 94.5525 41.9805 69.7511 59.4122 67.0429 61.4546 57.6801 94.4757 95.0891 88.4661 96.9319 96.156 91.4326 91.6087 79.8316 50.6517 47.8413 43.8722 47.2064 22.3269 23.6304 21.9983 23.4461 40.6369 43.5841 39.3485 44.4427 4.84959 4.9669 5.35764 6.23313 77.8779 88.248 89.1657 76.4567 57.2921 68.3745 62.2893 59.5447 74.0629 77.4241 74.7227 77.0181 107.062 96.4445 90.5288 97.1495 51.9137 52.4129 53.4588 47.2013 35.4282 56.2031 25.7411 91.9266 81.3456 29.8619 46.6922 25.1324 79.0661 88.1544 97.5411 36.7301 67.9369 93.5321 107.215 63.3027 82.8653 50.1926 86.6451 59.1552 93.4006 59.1389 63.9672 108.16 30.2829 70.48 81.3713 85.9203 11.8312 78.5196 22.6115 80.4303 75.3439 106.463 84.398 74.0312 112.717 110.931 54.2082 71.5429
52.3584 55.5113 52.665 55.7698 56.2705 53.1999 70.2616 70.2191 69.022 70.7893 69.1897 77.31 75.5089 70.2723 78.9157 80.5526 88.4652 84.3737 84.2356 88.3273 87.2354 86.6547 61.9138 57.117 57.0573 53.244 67.8659 60.8348 62.0671 63.2471 2.28653 1.34803 0 1.37209 6.50765 5.2028 5.04172 5.5309 88.2421 83.7794 85.4529 77.0476 84.8685 95.3307 84.3501 84.0351 15.5568 18.0438 17.2061 17.7345 20.7916 21.4596 20.4153 21.5516 23.5671 28.1447 24.2703 23.2181 58.8081 58.6983 54.4899 68.0099 68.2181 62.5316 60.9395 59.9309 99.4567 106.373 102.367 118.217 14.2091 15.5706 68.3801 65.9316 84.2231 87.0497 103.582 102.103 84.1938 72.3494 26.7268 27.5857 88.689 90.4569 39.8983 73.8481 60.8213 60.0779 63.0263 58.472 92.4271 89.8201 104.02 101.928 92.4758 81.0298 90.5966 86.9746 48.885 44.8076 44.5684 46.2947 21.1245 24.1465 20.5486 23.9053 41.5062 43.9769 38.8812 44.532 3.83329 4.5577 4.29904 5.60401 90.1 84.1495 86.7366 83.566 68.2187 68.5721 60.7784 65.1785 71.928 85.4375 77.7527 85.4342 104.42 95.5236 100.69 107.814 54.2792 52.2851 49.1341 50.3892 39.1967 56.6347 26.1081 82.0697 82.7524 28.0747 46.7434 26.7007 77.2806 86.9537 86.1485 39.5931 65.8653 92.0965 115.604 56.5083 76.9969 50.6208 102.328 59.548 88.8074 65.2235 75.3151 99.994 29.2165 70.1587 78.4736 89.1547 13.0698 77.8508 20.4807 79.7606 81.9794 98.5236 85.9135 78.7418 109.22 113.002 55.7102 73.7585
59.4073 49.5861 60.0445 54.008 49.2092 60.7635 71.7998 65.4657 74.3333 69.2918 81.9851 76.1289 78.4387 79.6159 86.6999 80.9197 86.4504 73.7896 82.0174 85.4438 93.789 80.3842 56.6704 58.4756 53.005 58.3173 67.4935 56.6378 67.5087 64.6186 3.70999 2.6355 1.37209 0 6.97136 5.72156 5.13033 5.90421 79.5203 84.0964 78.8859 78.9636 86.3438 84.9161 85.1313 80.3673 16.3421 18.4375 16.3024 16.6122 24.6282 20.6832 20.0578 23.0598 27.7047 29.8766 25.8238 25.777 66.1492 60.5763 63.2632 57.1631 67.5044 69.7189 70.1207 67.4616 120.095 121.995 117.904 105.186 16.728 15.1198 63.4167 68.402 82.9129 73.408 91.1904 98.7282 85.6582 79.1639 28.8334 28.7546 94.7953 99.3705 40.3585 68.2156 63.2431 65.2975 61.656 62.9228 91.7559 92.767 88.334 89.908 84.0194 82.6747 81.9887 90.2412 43.8734 50.7214 50.8473 44.1308 25.7844 23.3055 21.419 21.9166 40.429 43.5221 43.7438 39.7199 2.87655 4.17338 3.35836 4.75931 86.4615 81.0515 87.9677 84.8684 70.3887 71.5258 67.3609 62.6187 77.1915 84.6935 82.7516 76.6381 96.276 103.17 94.9346 103.725 53.9231 57.9447 47.139 48.1851 37.8441 60.0884 31.3078 83.7185 74.7424 33.235 42.4745 29.9023 74.7039 88.6258 95.9357 39.0084 76.4497 95.4135 128.374 58.7205 77.8529 52.9196 85.4019 70.288 96.6405 70.3778 70.8234 99.3118 29.363 66.2854 83.1806 88.166 13.4257 77.3232 24.8851 68.7088 81.1246 94.6121 80.6122 66.3734 112.969 108.617 51.4396 75.3021
50.6004 50.3886 53.9185 54.3198 43.0882 49.0869 62.0631 62.5853 67.0669 58.8579 62.802 71.7365 75.1646 72.8014 77.5633 69.225 76.8447 79.9118 80.7331 76.6542 80.2678 78.3842 47.8931 56.5222 52.8031 56.1482 54.7119 61.6635 53.5189 59.1267 5.90286 5.02363 6.50765 6.97136 0 1.25924 2.40893 3.88954 76.3537 74.163 73.2065 70.1572 79.3207 75.605 83.8308 85.8819 10.0172 11.1718 10.9023 10.804 16.4471 16.8688 15.326 15.7807 22.3582 23.8108 19.7824 18.1088 57.1744 54.3685 56.498 60.3529 57.6874 58.3605 54.6804 54.6199 99.2133 113.299 110.644 109.024 14.0761 11.3557 60.2893 69.1895 76.9065 76.6486 83.8784 98.6585 80.9391 73.1493 24.3653 23.1381 81.8125 91.3093 40.5761 67.9825 52.6799 63.5458 55.0743 59.16 91.8592 98.8937 88.9654 94.2961 82.3269 81.9249 88.9192 81.6205 40.7832 45.1058 44.3481 44.6635 18.4391 18.1279 16.7582 19.2165 35.8686 33.9476 33.0637 37.7489 5.18367 4.53513 5.69068 5.65298 75.9615 75.4279 76.234 77.0131 61.6 64.9904 62.644 55.252 71.4271 82.3282 76.9488 71.2876 103.398 99.274 94.1796 94.0608 47.5884 42.7252 41.8703 49.6356 37.1354 61.0694 23.4968 74.8649 80.8018 24.8332 39.4682 27.7232 75.961 88.4413 91.1584 36.5577 63.3107 91.2416 123.858 57.0995 73.2101 42.6517 95.1857 55.8021 74.7182 59.3632 63.6457 101.614 24.0451 71.6817 64.6695 74.4032 7.44115 70.7462 17.8855 65.3426 82.093 88.3539 72.1372 61.5658 97.3614 104.15 53.4267 74.3837
44.7091 50.7654 53.5523 47.5596 49.2104 54.0177 66.1868 68.9717 64.4931 68.385 71.7759 70.5369 68.097 70.5124 75.5054 77.1615 72.2404 71.436 84.322 74.8212 79.5981 73.877 48.8893 52.5553 47.269 56.3089 62.5586 51.9059 57.3319 58.5866 5.99238 4.96065 5.2028 5.72156 1.25924 0 1.35433 2.36264 76.0413 86.3486 72.5917 77.2918 81.2908 85.0127 85.2261 75.1325 10.5598 10.164 10.7378 10.9467 15.1336 15.7043 15.6194 15.2022 24.4227 21.6605 20.9993 21.192 56.0256 60.8828 51.2426 58.6622 58.6561 64.9225 60.5583 55.2196 102.745 106.492 93.4881 107.613 14.2154 13.0595 65.5792 62.8039 72.467 71.6748 96.0514 84.8788 71.8494 68.9253 23.9243 24.6683 82.3501 84.8744 35.8058 66.381 55.1493 62.0507 62.924 61.8031 99.8766 88.5745 95.6852 91.7178 90.003 91.759 89.1209 77.1222 43.6372 41.7429 42.8383 41.6146 16.4798 19.4219 17.1186 16.2996 32.3852 34.577 33.9081 35.1487 3.98274 4.11752 4.61211 4.94912 73.3045 79.7679 73.9092 75.0898 57.2661 54.2571 63.5498 59.8474 75.4105 76.3297 78.0086 75.2265 85.8177 91.9846 93.6766 95.0363 46.1185 45.2258 47.4815 46.5346 38.4357 57.5241 23.0263 83.2845 74.8137 24.7264 40.4817 27.9198 71.5738 78.5471 87.6247 35.4074 72.2172 85.8659 104.658 53.9571 70.2464 49.0273 84.8739 62.9484 74.5083 57.6253 57.4657 94.4101 26.5485 72.3331 77.0331 79.6655 8.57687 69.5791 21.1648 66.5598 84.0359 106.906 73.9085 64.5918 102.661 95.7664 51.2403 66.0696
47.4371 45.995 50.7666 50.1977 43.1342 54.2094 69.3294 65.2074 65.9184 58.0408 65.5308 64.5803 64.7714 66.4818 81.0512 70.4538 72.1887 78.3877 77.1207 77.4938 77.2448 75.7969 54.8899 49.0257 52.3363 53.0221 59.604 61.0965 61.1306 59.9011 5.42328 5.9279 5.04172 5.13033 2.40893 1.35433 0 1.1505 76.1711 71.7879 86.0055 77.1547 88.3388 80.5118 86.397 89.9368 12.6976 11.9905 11.4885 11.2825 17.5095 17.0869 16.5939 15.847 25.2173 26.3265 19.1947 20.0658 57.2099 55.1585 52.3303 58.015 65.7651 58.9961 65.2721 59.8656 101.517 98.5461 100.668 99.729 15.3233 15.17 70.3412 70.3661 76.8329 72.7357 82.5645 88.0086 82.063 70.8003 22.5681 25.1314 91.2171 88.157 41.1037 67.2923 62.9981 61.2138 55.5622 53.2647 90.0432 96.7113 90.7185 101.136 79.9425 79.4413 89.7761 83.0202 45.6077 41.905 45.3542 42.8475 18.0605 20.5171 19.2354 18.7097 32.2397 38.4005 38.127 39.2303 3.40361 2.5953 3.73583 3.33529 74.0016 72.3984 74.5012 72.5804 61.8977 65.825 56.9959 60.5414 84.1862 77.2992 71.6046 70.5017 99.9679 102.145 96.9487 89.3639 44.5492 44.4124 45.8075 51.0973 33.8433 65.5104 27.4222 77.6549 74.331 23.0771 36.7063 26.0054 67.97 80.1858 85.0581 37.177 68.435 83.5675 117.38 54.4939 75.9968 49.1777 84.7245 70.0207 79.9302 58.3093 64.15 99.2017 29.2385 61.9955 71.6832 83.911 9.27531 71.1178 20.9153 66.6022 85.3497 97.303 82.8163 62.8016 99.6279 105.435 53.219 64.1719
49.176 48.513 46.166 50.4291 43.3981 56.3388 58.6333 62.2276 67.9416 64.5458 73.0188 64.8431 64.0999 68.587 79.763 73.7547 76.8713 71.4092 83.1082 78.6709 88.9363 80.0703 47.2495 53.7652 53.635 51.8599 56.7112 58.3012 62.5333 54.5651 6.72335 5.38758 5.5309 5.90421 3.88954 2.36264 1.1505 0 82.8979 79.0538 83.3035 71.398 83.5913 84.262 79.4099 80.1049 11.3169 12.3704 10.6246 10.9631 17.2548 17.7687 17.9734 16.3654 26.6938 27.1164 23.2438 20.7556 55.6443 58.7334 56.6008 57.5858 70.149 63.5583 62.5236 68.5204 103.64 111.879 101.535 107.111 16.7682 15.526 60.6103 72.3484 78.1464 77.1551 96.307 98.3381 82.9532 82.6801 24.5817 24.5768 89.0878 93.1049 42.5312 59.0489 55.096 59.998 54.8222 54.8176 98.2452 90.7085 87.654 91.2461 87.5953 89.8523 80.6283 87.4081 46.4054 47.2584 44.851 48.0569 19.7977 21.0448 17.5304 20.728 36.2922 37.5325 36.3971 35.8604 2.7486 1.57521 2.78626 2.23537 75.9754 80.6142 82.1892 74.243 56.1204 66.1649 56.6732 58.4428 78.5961 86.434 79.7718 77.9498 95.6823 101.067 91.8073 101.043 49.5922 48.5098 51.0151 52.2519 38.4658 62.3585 26.3228 75.2281 69.9292 24.3039 44.2037 27.5633 63.8209 89.8189 91.1867 35.6301 72.7161 81.3331 113.692 55.8335 77.936 48.6209 89.545 68.212 83.5958 59.1676 64.9999 96.4946 27.3785 74.3092 71.6912 88.4484 10.0343 67.3784 24.552 67.5387 81.3979 98.5586 82.0511 67.492 99.2157 106 54.9334 71.3891
39.1453 41.766 41.3679 39.9039 38.0933 38.1123 37.6442 43.4299 45.0094 44.9726 39.4084 43.1418 43.5254 42.5516 43.2704 43.7264 44.4063 46.3638 45.5397 46.7746 49.2878 48.6554 52.2661 55.0079 56.4554 56.2037 53.8027 49.1024 49.1424 52.0889 90.1786 76.3797 88.2421 79.5203 76.3537 76.0413 76.1711 82.8979 0 1.36515 2.70486 3.92848 5.62975 5.96063 6.36197 7.15369 67.6347 69.8647 73.9689 75.6046 59.1743 63.6107 66.8503 67.9323 70.6924 61.457 62.6995 69.4965 22.5341 22.2274 23.8724 24.2522 32.8584 31.9094 30.8546 33.6042 26.249 24.0225 23.8914 27.012 70.8358 69.4566 57.7549 57.0264 49.0961 54.8946 17.5988 22.2309 80.7055 72.8466 54.5067 52.8847 11.8063 58.9346 43.6835 23.5827 25.5091 27.0446 27.7142 27.9674 19.301 18.9361 17.2218 18.0733 16.2886 16.6079 16.916 15.211 40.1799 34.6534 38.2559 34.5563 63.5181 55.8342 57.2226 55.8636 43.7328 45.3232 50.5933 51.35 80.6734 83.1658 83.958 86.3163 4.74237 4.21901 4.33091 3.44871 29.8806 26.5702 31.3474 31.6562 73.5309 72.0954 69.7316 72.254 21.267 19.3582 20.2398 18.7433 36.5648 30.7359 34.9427 33.075 57.2362 53.3388 59.1041 45.1592 32.4672 64.503 39.9192 70.5872 43.0864 12.9419 34.5727 62.8606 52.3839 48.4553 35.2921 37.3106 31.8085 46.3523 49.4092 60.6853 41.6242 23.0615 18.5769 25.7065 54.1272 50.7212 50.0643 50.5119 78.6266 28.7971 78.2748 32.587 58.0493 19.8393 63.6819 17.4621 31.6911 30.6274 49.77 24.0215
34.8248 36.6827 34.3924 34.6171 37.7837 34.8356 40.7957 37.6098 44.5973 42.5704 41.9787 37.2065 41.5911 39.5332 45.3819 40.7338 46.7699 46.918 42.6551 41.4552 45.0048 48.2931 50.9235 47.3239 56.8324 56.7685 47.7885 47.8892 49.4573 47.2143 84.1055 84.6779 83.7794 84.0964 74.163 86.3486 71.7879 79.0538 1.36515 0 1.26151 2.49581 5.50035 5.59544 5.42201 5.87056 72.9904 72.8482 65.5587 67.8317 62.5236 65.4779 67.8825 64.779 71.109 66.2636 71.2127 66.8774 21.3567 21.7854 22.4983 24.1952 37.0809 32.4467 37.0412 30.5569 26.1203 28.5926 23.2383 24.8877 69.7686 78.3682 51.956 51.5317 49.2655 51.1732 17.4882 21.1293 75.807 75.1018 51.8236 50.2549 12.8058 61.0388 44.9428 20.6402 22.8828 23.7727 24.8808 23.5485 21.0854 20.8549 19.0638 20.7128 17.4927 17.237 15.9959 17.9625 36.0479 38.2253 35.374 36.5159 61.7049 60.8013 59.7338 56.6133 49.9491 48.8442 53.0368 52.2853 77.9939 85.9547 87.9689 75.7829 5.33143 5.66835 4.82951 4.69358 32.5454 31.1921 27.8938 30.0677 76.1775 64.2742 75.9533 70.4737 21.1027 19.0776 18.1057 20.498 35.5781 29.3974 34.7035 30.9725 53.2781 62.1711 63.4895 40.0877 29.2937 53.0455 37.3375 74.6667 40.7397 13.6414 32.775 67.1942 56.3853 50.9635 35.2578 34.9169 32.932 42.746 48.5965 62.2533 42.4355 23.5887 18.2686 24.7746 55.0195 52.5583 52.2163 49.979 69.4093 24.9189 73.7247 32.8195 62.5629 18.0561 70.076 15.8084 33.9242 36.7096 50.0387 24.7576
33.6925 33.2008 37.0302 35.4866 39.0109 33.525 39.8744 36.4533 38.476 44.8579 37.8359 41.4837 39.9154 40.8837 36.9418 41.2396 45.8404 40.762 39.5868 47.1537 45.8823 49.7054 48.1624 50.9978 55.157 56.6507 49.9689 46.6256 49.2982 54.5553 87.2159 87.3304 85.4529 78.8859 73.2065 72.5917 86.0055 83.3035 2.70486 1.26151 0 1.15435 5.8991 5.84414 5.16702 5.66614 63.647 65.5058 66.191 75.6995 56.9704 67.7017 65.7912 61.1521 59.261 60.3156 70.4032 57.1541 20.6825 19.113 23.2466 23.6977 38.2837 32.8032 36.274 31.4514 23.4149 27.0106 24.4464 24.898 76.6592 68.6175 49.7613 49.4122 48.3997 50.4534 17.886 21.728 72.7481 73.5144 57.8222 57.5546 13.8283 56.1516 43.4756 18.9864 23.5968 22.6041 23.0186 26.8092 22.102 20.5285 20.844 22.248 20.6963 17.0115 18.6102 17.2663 39.009 33.2953 36.9601 33.4857 57.1003 62.1616 59.3327 59.5825 49.8523 44.9148 43.2455 43.7139 76.2427 85.0981 85.0716 84.9377 6.5987 6.42468 6.55677 5.38459 30.0289 29.5092 27.9314 32.2511 64.2886 64.0599 68.854 64.3364 21.1446 21.8274 22.217 23.236 35.1274 34.559 36.4998 29.6801 48.4891 59.5478 53.3519 39.8656 33.4438 61.9058 37.7924 78.8146 37.8749 11.8228 36.5317 70.6714 63.5402 47.3673 41.3512 35.6329 29.1437 44.7909 47.4683 67.0855 39.4424 25.8037 17.745 28.7545 60.2909 48.2919 52.2463 47.6331 74.5612 26.053 72.4171 29.1177 63.0001 18.2907 61.2077 14.9755 39.6162 34.2246 55.4651 23.3293
34.3889 32.469 32.7884 36.0471 31.6501 32.8643 36.6975 37.9731 40.5471 40.047 38.412 33.9403 40.075 36.8268 43.5592 39.2036 39.8174 44.1414 42.7871 45.7929 45.9916 46.1234 43.7383 47.4804 53.7874 45.9108 43.3977 49.023 44.133 50.7805 79.5764 78.364 77.0476 78.9636 70.1572 77.2918 77.1547 71.398 3.92848 2.49581 1.15435 0 6.91227 6.40723 5.56161 5.42819 61.6551 70.0524 64.3851 64.8823 56.1264 62.121 59.111 65.7631 61.2105 61.5857 59.3862 59.7774 20.1164 20.1782 22.3931 22.3787 33.4773 34.3176 36.4198 30.4922 26.3623 29.7822 26.5321 25.7398 77.1278 75.0037 52.8933 53.3337 44.3831 46.3953 18.5591 20.8129 82.6434 78.233 56.5218 55.9405 14.6189 56.71 42.7888 17.6973 22.6388 23.9668 22.0991 23.5503 24.139 21.5077 20.9682 20.3158 22.0427 20.4368 20.3428 19.7548 38.5016 37.9045 34.8044 34.6339 61.0002 64.5404 57.5072 58.8363 44.8161 49.3851 48.6743 49.4611 78.1555 80.0558 78.4766 86.0669 7.8131 7.88804 6.60429 6.17495 28.3051 29.422 31.0941 27.0952 75.5437 74.3563 64.0814 64.1909 23.1058 24.3805 20.2961 21.1698 32.1891 31.1564 31.7369 33.7308 51.5011 53.0185 57.3185 37.1508 29.3541 53.6071 39.1384 76.7049 43.091 10.3911 33.1009 67.5941 60.7841 53.3355 43.1826 38.0327 28.9579 43.7125 51.1919 67.2975 37.3331 23.5763 19.4722 25.1271 56.8334 46.9984 58.2826 49.1288 67.6433 28.1285 75.4911 30.7739 67.9781 20.3152 65.5978 12.2297 36.8996 33.3213 54.3203 19.6808
44.59 38.6219 43.1156 41.3112 38.7672 35.2597 39.7547 44.4867 44.7827 40.8512 40.9753 43.3395 42.5412 46.504 44.1521 39.8296 44.7628 43.5205 42.3397 45.7745 44.323 48.411 50.0104 55.2905 58.0593 54.7772 47.503 54.676 52.5804 57.0903 84.3611 85.0059 84.8685 86.3438 79.3207 81.2908 88.3388 83.5913 5.62975 5.50035 5.8991 6.91227 0 1.25032 2.65287 3.44137 75.0014 78.5011 77.6915 69.8007 73.9701 71.0726 71.0702 69.9177 67.7191 72.2014 64.843 71.9114 29.4585 25.6589 27.2595 27.2402 36.611 37.0573 38.1075 36.3873 19.6976 20.8121 19.5105 21.1087 79.0068 76.622 49.9253 52.1493 53.6001 47.1913 13.3503 14.7311 85.2483 80.1874 58.4961 58.8264 6.59489 64.6151 48.3194 25.4459 29.4908 30.9275 29.7237 29.32 18.9279 17.862 16.6775 16.5131 18.1884 19.9343 18.2158 18.693 40.3025 41.428 45.9324 44.5325 65.1848 61.8731 72.4598 63.5312 55.4086 51.557 47.6951 52.884 89.0872 84.4016 91.8467 88.6888 10.3294 8.46738 9.66717 9.18516 33.4384 33.8264 33.9624 36.2673 67.9845 70.8973 80.6921 74.1757 20.4367 17.8198 17.8831 18.3336 41.6357 39.3397 39.5801 39.0215 55.0851 62.0583 60.7518 42.3241 32.6162 65.1399 48.6595 76.1404 39.3165 9.9513 38.3895 67.0941 67.1489 52.9382 33.5286 41.568 32.7112 47.0569 49.538 72.0422 38.5056 26.8941 23.898 21.8528 62.7439 52.9585 63.2126 55.3828 71.2194 32.8878 77.1745 32.8601 65.3454 12.4302 65.2998 20.1979 38.2312 31.7401 51.8106 24.0089
43.2731 39.7036 43.3602 39.7416 42.1372 33.9359 40.5188 41.1384 45.8804 43.0249 37.168 39.4445 45.0119 41.4113 42.447 38.2845 43.4284 49.2659 44.1451 42.6671 43.2661 46.3633 46.5196 49.3134 53.5518 55.632 53.6965 49.1695 54.3082 54.5004 85.0528 79.595 95.3307 84.9161 75.605 85.0127 80.5118 84.262 5.96063 5.59544 5.84414 6.40723 1.25032 0 1.30622 2.56474 77.1673 67.2025 68.5306 70.9727 65.9956 63.2509 65.3592 74.0235 63.2563 71.9919 67.1893 65.8711 26.4387 24.7691 29.3516 24.2026 42.8781 38.2359 36.9714 33.3599 20.992 20.4196 19.3638 20.3569 78.0559 80.767 53.5603 51.646 51.4279 47.1581 13.8954 15.9598 88.4231 83.1741 60.9871 58.4979 8.80086 60.9862 50.9688 22.42 29.1099 25.2343 26.1543 29.3594 21.6155 20.6972 19.9662 18.7459 21.0198 22.0845 18.3731 21.0609 45.8741 41.4448 41.5754 43.4282 68.1856 69.1028 61.3478 62.1144 54.2599 46.6094 55.5276 52.295 85.8556 86.4235 88.6076 80.6593 10.5945 9.44664 9.86222 9.77726 35.1219 37.5149 32.9195 36.2687 74.574 69.0948 75.4641 80.1969 20.4859 19.3251 20.5972 17.7382 42.0303 40.809 34.9305 35.833 63.1199 62.6975 57.0764 40.2039 33.2041 59.6346 43.0947 70.978 44.8763 8.84503 38.3912 66.8768 65.2082 51.7977 34.7389 36.879 35.0991 50.8609 49.0188 78.5526 37.1071 30.1683 24.8098 27.3522 66.3021 58.8284 57.1187 52.8375 82.8647 30.331 69.4155 38.225 60.3622 15.3074 70.7677 19.1275 35.451 36.4767 59.9723 25.6304
35.5189 41.6541 37.1452 40.8638 37.3423 33.2327 36.0157 35.9964 39.959 38.0122 34.0171 40.6099 36.8414 43.2872 38.7129 40.349 41.6475 40.9552 37.7375 40.8255 43.6821 40.5634 55.1356 55.1207 56.4504 49.6206 45.4797 51.2753 46.349 52.0525 86.7625 94.9653 84.3501 85.1313 83.8308 85.2261 86.397 79.4099 6.36197 5.42201 5.16702 5.56161 2.65287 1.30622 0 1.17384 72.2313 75.4453 73.4373 74.8979 62.2573 72.065 66.4721 75.829 74.1923 70.9053 69.3567 65.4301 26.6374 26.057 25.5119 25.8395 43 36.6316 42.1438 36.2816 19.7083 22.0809 21.0092 21.9298 83.1828 86.0742 56.5961 55.4546 49.7889 44.5627 11.8563 15.9292 77.2341 83.6528 65.1943 54.526 9.43944 57.584 52.4846 20.8789 26.9285 27.1681 28.849 26.9638 20.1593 23.6082 21.3294 21.2279 20.2007 20.812 20.1026 19.0403 39.0569 40.3905 39.0543 42.6549 65.0571 64.843 67.3423 61.5465 53.5307 47.3956 50.3216 50.9165 82.6599 90.4365 91.2712 93.1315 10.4476 9.67196 11.0519 9.92202 35.3292 36.013 37.6688 31.727 79.3156 74.371 75.8246 68.583 21.7853 20.9246 18.6802 20.7313 39.7152 34.8012 38.6527 38.4097 53.5182 61.8056 66.4421 38.7204 30.8523 67.0817 42.2277 85.1001 42.2463 8.41465 39.8746 75.1925 67.356 52.4099 34.6921 42.6412 31.5484 47.647 58.6321 76.869 42.5212 28.3752 25.3734 27.5205 63.7092 56.3657 61.2617 55.2656 69.7289 35.9128 80.0008 35.6581 66.6201 16.9181 65.0692 18.0009 36.9884 37.3762 52.7975 21.7383
39.9144 36.305 39.8702 36.7124 37.322 31.5218 40.0148 41.5608 39.4745 37.9737 38.6795 38.2792 36.4734 37.4781 40.4845 43.014 41.1776 41.3073 37.5435 42.8707 41.3133 45.1399 49.0911 54.0723 53.7407 50.0837 43.7663 47.6616 53.6421 53.4813 81.972 92.3695 84.0351 80.3673 85.8819 75.1325 89.9368 80.1049 7.15369 5.87056 5.66614 5.42819 3.44137 2.56474 1.17384 0 71.8681 67.0604 70.5204 67.1024 71.7816 64.4694 73.2406 66.7645 66.7186 62.6519 63.3172 67.6394 24.3844 25.7224 27.8 27.6134 37.1024 41.2285 38.936 39.4546 20.8216 23.771 20.9413 24.0401 86.2659 76.5875 53.9386 54.5026 49.7242 45.7405 11.9142 13.3022 80.5416 80.9214 63.9485 52.77 9.35823 53.975 49.4349 21.8816 26.1257 26.0889 28.0942 26.4143 21.0951 21.8388 21.3687 23.7166 23.9305 22.6404 22.5483 20.5982 40.8725 37.6463 43.3132 38.4889 70.7835 62.9312 71.0176 67.4499 49.5216 48.9005 51.7209 51.2099 81.6932 77.3898 86.0754 84.7166 11.1516 11.2737 11.1339 10.1129 36.3362 34.7789 35.55 32.5787 74.0408 67.803 81.4455 76.6087 23.0649 21.7744 20.6095 22.831 37.237 39.0595 39.4411 35.072 59.5404 58.245 57.5811 38.3793 28.0961 64.904 43.6967 71.283 36.1378 7.74629 40.657 65.6446 63.6789 50.249 41.7576 37.226 31.8623 48.6438 53.1619 72.6845 40.9779 26.6768 24.6754 27.1029 55.8752 51.3784 55.3908 60.5099 80.5319 31.2131 80.9618 36.6791 72.5535 16.6625 67.0689 16.6208 37.1249 35.3373 57.1165 21.9607
36.2617 36.5009 36.5729 39.8296 39.6817 41.3215 51.6878 52.0859 56.2648 58.1674 58.9732 55.5884 58.2158 57.8532 64.0124 62.2502 61.5504 61.6173 68.3129 65.4829 74.917 64.956 43.5832 45.4113 40.046 40.0751 42.8767 44.4081 50.5803 46.7117 15.7508 17.5164 15.5568 16.3421 10.0172 10.5598 12.6976 11.3169 67.6347 72.9904 63.647 61.6551 75.0014 77.1673 72.2313 71.8681 0 1.39654 2.78078 3.6422 4.93512 5.27562 6.33976 6.67013 19.2329 16.8785 15.2002 14.7728 46.907 50.1999 44.7958 46.7934 50.0997 58.7826 55.9017 47.8011 95.0848 102.061 99.8302 101.169 18.1942 14.5597 55.5294 53.6605 63.8407 68.7098 79.13 74.6254 70.703 66.4191 12.9046 14.8036 81.4128 73.5372 24.7474 55.9567 47.3625 48.2685 48.4973 42.5819 79.289 90.5889 83.0937 74.7349 73.0791 76.5388 75.953 68.2625 34.3395 32.9908 28.5126 29.2888 6.41582 6.62849 5.3436 7.08078 22.1516 25.9285 22.3083 24.309 14.3086 13.9971 16.4441 15.7625 73.1231 71.7609 64.485 67.9435 45.8203 49.4441 45.4467 51.8657 67.2755 78.3579 74.7134 66.8412 78.2905 84.0288 90.0119 92.4021 35.3115 33.732 37.7986 33.7973 32.1595 57.2555 17.8289 71.2902 69.4711 13.0611 30.0157 29.3974 60.8291 66.2965 84.949 37.5754 67.5963 73.5174 102.547 52.842 56.5152 36.9965 81.5205 54.3428 74.306 52.7871 53.9694 82.6373 16.2889 62.8846 69.5762 76.0167 4.15508 62.7445 19.2158 64.5683 75.7953 82.4932 71.0712 51.8945 85.0845 91.6583 42.6834 61.5386
37.2159 38.3003 41.4451 40.2871 32.9516 41.6321 50.2127 57.6515 55.0015 58.1016 60.0779 53.0988 59.2051 57.7422 61.3965 64.0884 59.5283 62.0866 64.8262 64.1116 75.327 67.0072 38.4608 42.3004 45.95 44.2998 50.5626 48.463 46.2627 45.7135 15.0251 17.1841 18.0438 18.4375 11.1718 10.164 11.9905 12.3704 69.8647 72.8482 65.5058 70.0524 78.5011 67.2025 75.4453 67.0604 1.39654 0 1.33283 2.468 5.44855 5.15055 5.27739 6.43214 18.7582 19.0413 18.2583 17.2837 42.0678 45.6938 41.9371 47.3019 59.5184 54.2813 47.8299 54.6245 88.7076 97.5861 97.3477 85.1828 17.5404 17.2908 53.0673 58.1258 56.9832 60.8254 79.4844 85.4489 76.3969 68.0959 13.2307 15.8891 81.7664 75.7336 25.924 56.2654 46.9638 51.2824 47.5129 42.881 82.6255 77.4747 83.1425 76.1432 72.3437 77.908 79.5551 74.5485 33.8456 31.2539 30.3202 33.8701 7.28695 7.50172 6.55288 6.82444 22.5199 25.4447 21.3666 26.3436 15.4928 13.0921 13.8506 15.0668 72.6999 65.5235 73.1413 66.1477 53.0866 53.5776 52.5993 55.6014 71.8707 74.2643 75.5169 77.2677 81.8234 80.4827 92.2303 90.1242 34.6539 40.9094 39.3852 34.1473 31.883 54.5083 18.4889 74.3263 62.1206 15.6166 30.5737 31.28 60.2897 66.0113 84.3342 33.267 63.9497 78.8369 112.946 52.6992 67.8705 43.5773 91.5036 62.0995 71.795 51.5912 52.6788 89.0039 18.2222 63.5329 67.3206 79.2176 4.69195 61.7483 22.6215 57.6462 78.2942 83.0357 81.0108 51.1281 95.9118 82.6664 43.9278 64.9989
37.5181 37.7319 37.6912 42.0335 37.0048 41.3509 49.5834 53.8138 55.4502 55.048 57.9115 60.229 58.3287 58.979 68.0181 63.971 62.2096 58.4501 67.9012 67.3483 74.6864 64.2796 37.2891 43.359 38.5075 43.8094 48.3346 42.1976 49.6233 44.3822 16.9697 17.346 17.2061 16.3024 10.9023 10.7378 11.4885 10.6246 73.9689 65.5587 66.191 64.3851 77.6915 68.5306 73.4373 70.5204 2.78078 1.33283 0 1.29776 5.46037 5.48212 5.51128 6.09081 21.647 21.76 19.3242 19.3702 44.0056 48.1444 48.0426 50.7209 55.0984 59.7212 48.1661 51.1932 95.6043 96.5756 96.842 90.9296 20.7131 18.8014 49.1486 53.3806 67.5243 63.634 73.6467 82.8751 70.1836 78.4959 16.0432 14.9308 84.9797 77.4466 26.4375 48.8845 46.0285 49.977 49.2518 49.1213 79.9053 80.6175 81.3099 89.6676 82.521 79.8216 78.1207 78.5171 31.6596 32.5559 32.0976 32.8979 7.6281 9.00946 7.29304 8.50431 26.0341 23.4897 25.937 26.9038 15.0802 14.2455 15.3092 12.4024 65.2398 74.6751 68.3106 71.505 48.8381 56.5227 52.5587 47.427 77.6499 78.3822 79.0838 69.8692 80.4691 78.8955 88.5418 83.8606 34.6069 36.7046 40.3016 36.0421 33.0037 63.0005 19.9084 71.0038 71.4371 13.2064 30.8452 27.6672 58.4064 67.4936 80.9343 36.3428 68.6118 75.7737 97.2367 48.9198 64.7855 44.2353 92.7935 66.0489 78.8068 54.7382 56.1787 86.0887 20.6759 64.6277 67.8829 77.1214 5.16947 66.4624 21.7059 65.8184 77.3828 81.0128 84.4564 53.5389 94.9371 92.1526 44.5314 61.3256
37.8605 41.9638 39.7046 41.0051 34.1002 43.2461 53.259 56.9797 55.6037 55.793 56.1618 62.2513 63.2922 55.1605 60.0602 66.3618 63.1061 67.3155 64.4124 73.9494 74.3479 71.7176 39.6726 40.8055 45.0024 41.1594 48.9336 43.7778 42.2385 48.9985 17.2497 15.8587 17.7345 16.6122 10.804 10.9467 11.2825 10.9631 75.6046 67.8317 75.6995 64.8823 69.8007 70.9727 74.8979 67.1024 3.6422 2.468 1.29776 0 6.49026 5.6599 5.25709 5.26599 22.6208 21.1024 20.4909 17.9412 45.498 48.4833 46.4289 50.675 52.0894 53.0188 58.7775 57.1089 91.8774 88.8454 85.1373 104.379 20.7434 17.5928 56.5522 52.1562 55.8079 64.6795 82.0432 83.8148 81.1099 82.8512 15.3603 16.4804 75.4052 72.7228 27.3729 57.8336 44.2477 49.7636 47.2419 45.1892 93.9005 92.533 83.4867 88.1206 70.8634 78.7064 76.4123 78.2948 37.8305 37.5348 35.2751 36.3145 8.57393 9.43342 9.05954 8.18708 24.7769 24.1633 26.0739 26.2764 14.8329 11.8545 13.6202 12.4486 72.4276 65.8439 66.0977 75.0524 52.151 52.0206 51.3263 50.6942 82.9288 74.346 70.8448 72.2389 86.7406 85.8966 91.591 89.978 34.9969 39.9924 40.5788 41.0167 31.6994 60.8842 22.8353 63.086 69.9789 15.4113 33.0053 30.6287 54.7434 65.7975 91.344 35.7874 65.8744 77.006 101.062 46.6819 62.3657 42.3418 85.1659 56.7241 66.5493 52.9775 53.9197 82.3707 22.4617 67.4907 64.8208 85.4502 5.90609 59.4019 24.4782 69.395 72.048 81.8486 80.5192 61.1085 92.749 97.761 46.0844 54.5509
33.0565 29.6067 36.0814 33.3766 27.9165 37.1041 48.7347 47.5935 52.1141 43.6694 48.7862 56.5328 53.6484 51.5384 59.359 58.8595 56.2501 57.7564 64.215 65.7906 65.9218 69.2991 37.6978 35.3147 37.6264 40.3825 43.7821 44.0656 40.9345 46.7257 22.3547 19.9182 20.7916 24.6282 16.4471 15.1336 17.5095 17.2548 59.1743 62.5236 56.9704 56.1264 73.9701 65.9956 62.2573 71.7816 4.93512 5.44855 5.46037 6.49026 0 1.38853 2.78838 3.65433 21.3322 20.7687 20.4714 16.6052 44.0064 44.5728 41.4108 39.9481 53.358 49.8525 50.7777 47.1367 92.5944 93.7364 89.0516 93.5046 24.0437 21.8738 47.2675 54.8307 53.4274 60.2259 78.9692 74.5409 81.7349 69.5801 10.0669 11.9971 71.9431 71.3098 21.4215 47.5739 39.8089 44.1011 43.1429 38.6173 84.3818 81.0403 84.0184 72.124 65.7844 74.3991 73.0025 76.0023 26.1249 28.1334 26.9134 26.9689 4.12918 3.83756 3.30483 2.91962 18.9868 19.6531 18.22 20.3623 19.8844 19.8109 21.6916 20.3658 61.4029 62.3805 61.6802 64.9453 50.5425 45.9728 49.9347 44.8821 74.2494 71.3655 72.1682 73.2006 73.0374 78.7242 82.5119 84.3882 34.1895 30.8106 30.3111 32.6067 30.0639 58.9756 16.0744 65.5841 54.0082 8.36717 26.2251 29.1847 52.8819 69.4654 72.4595 40.1067 63.6393 76.8656 105.316 47.2267 57.1856 36.1238 88.3608 62.5057 63.2441 50.801 52.7955 89.3637 16.3807 62.2412 71.3344 78.2307 10.3881 62.249 26.7381 61.4794 69.3556 87.1749 73.9382 49.3833 83.4952 94.5748 47.6858 54.93
31.1061 35.4795 36.4422 30.9168 29.7177 35.5474 51.7725 46.161 51.5776 49.1758 57.8674 52.0789 56.9525 53.4459 57.9409 61.2152 60.6027 59.4472 69.253 66.3396 69.1746 68.8603 33.2164 35.4271 39.8159 34.1192 43.0053 41.231 39.4929 41.1912 23.0795 23.3992 21.4596 20.6832 16.8688 15.7043 17.0869 17.7687 63.6107 65.4779 67.7017 62.121 71.0726 63.2509 72.065 64.4694 5.27562 5.15055 5.48212 5.6599 1.38853 0 1.15727 2.43862 24.5117 22.9813 20.2234 20.787 42.6069 45.2638 39.6977 42.9353 49.8763 50.1541 53.9906 49.4591 80.2597 96.7437 81.1724 97.6162 23.6932 22.3129 48.8332 48.4097 56.7153 57.3782 75.8764 74.8552 80.4798 73.488 12.2042 12.4232 83.1352 76.0341 22.3381 43.9208 41.2036 44.2336 38.8255 42.9876 87.7675 88.2454 72.126 87.0733 67.003 74.0257 75.422 66.0257 31.6365 28.3134 30.2758 30.8942 5.32042 5.50155 3.98799 4.13806 16.9995 17.9571 18.3769 19.645 20.7613 19.9199 18.0833 18.0259 64.6467 62.9145 68.8336 64.5948 45.3573 50.2885 52.5067 53.2317 75.5096 73.3966 81.8716 70.0884 77.6715 75.6774 73.3336 87.4196 30.0545 34.7637 29.6395 31.6494 30.5829 53.563 18.3726 61.8494 56.5804 8.08857 24.3582 33.7693 56.4063 70.2681 72.7877 41.7907 66.4169 71.7504 93.4604 50.2086 53.2422 35.5995 88.3722 61.6218 60.0922 49.2348 55.383 88.6097 16.6939 62.7491 62.3401 81.1547 8.91434 61.3486 27.6101 59.7232 73.4259 87.2545 78.8872 47.6253 85.1127 85.7213 45.3418 50.1059
33.4144 34.0857 34.2336 34.876 30.957 38.1042 50.2287 47.2872 48.1622 50.7512 49.3178 53.5331 58.0501 53.8649 55.2939 61.0626 64.8685 55.5903 63.7619 61.6565 61.63 64.7925 32.2829 33.1307 34.2948 38.6562 44.3847 37.3685 41.0155 44.8294 19.9915 23.1366 20.4153 20.0578 15.326 15.6194 16.5939 17.9734 66.8503 67.8825 65.7912 59.111 71.0702 65.3592 66.4721 73.2406 6.33976 5.27739 5.51128 5.25709 2.78838 1.15727 0 1.38342 21.5572 20.7419 21.2561 20.4557 46.0548 41.4348 42.525 40.5458 50.6129 55.9822 52.5561 57.1217 86.2004 84.6631 86.6917 89.597 23.5807 22.9332 52.165 48.6045 50.5667 55.6286 82.4108 71.3196 73.6461 77.4814 13.4483 13.135 76.3586 67.6418 21.3896 47.0101 40.545 46.6608 40.7188 40.6215 80.954 73.7682 78.8792 83.5654 79.3747 80.195 75.672 68.1312 33.0539 29.0278 29.9726 27.0234 5.98629 6.63969 5.22032 5.78024 19.4835 22.0144 17.7944 20.0215 19.9879 17.8069 18.123 19.933 71.0142 62.8705 63.099 60.9368 47.3091 53.6761 47.0278 47.3529 73.8558 82.0676 73.6377 77.7903 81.8643 77.4151 87.0648 89.5027 36.1442 33.7875 35.4419 33.5102 33.4143 61.0841 21.2222 58.7641 62.239 9.62501 23.7756 36.2318 56.5892 72.086 85.4917 41.7323 65.8993 80.2444 96.8381 44.1393 56.8019 40.3672 80.2488 59.1843 64.2473 45.3812 52.0229 83.0269 20.3259 56.8812 72.5508 78.4495 10.2597 58.4463 26.2091 56.0392 80.955 78.4654 76.7916 57.3484 97.9944 86.1894 48.82 58.1775
34.8196 35.2883 35.6007 36.5607 32.924 39.6659 45.6538 43.2425 48.673 47.6095 48.5504 50.8032 50.7135 56.05 53.5672 55.8791 58.8649 57.4672 70.4125 68.5721 70.75 62.4741 37.9537 36.5893 36.7659 37.2758 44.7947 45.2534 41.6484 38.3318 19.3782 23.2835 21.5516 23.0598 15.7807 15.2022 15.847 16.3654 67.9323 64.779 61.1521 65.7631 69.9177 74.0235 75.829 66.7645 6.67013 6.43214 6.09081 5.26599 3.65433 2.43862 1.38342 0 24.6639 23.3562 22.0135 20.2773 44.4039 41.4139 40.8121 42.5386 53.9756 52.5307 49.5983 57.4199 98.5788 83.9365 89.1311 93.7443 23.222 22.4679 50.0139 52.7321 60.1332 52.8496 76.6511 77.3566 83.2278 76.9416 13.3611 14.4547 81.6506 72.1764 22.5429 46.2829 43.0138 41.7786 46.4357 45.7311 81.6461 88.0863 75.9343 87.2249 69.2909 80.2383 67.0277 69.0057 30.6965 33.9333 28.5116 28.1832 7.22944 7.08781 6.65909 6.20663 19.8835 18.8701 17.9718 18.6817 17.4392 18.4429 19.0772 16.5137 71.0893 61.6562 66.1788 67.0534 56.0427 54.3229 48.6938 54.6877 80.0531 76.1325 73.4855 84.5035 90.4919 80.2288 76.5924 90.2505 34.9751 33.9567 35.0609 37.7991 33.4399 56.8167 22.7654 66.2019 65.7032 8.20078 26.3725 37.2836 55.3908 70.5671 86.8511 40.5369 65.1606 83.7751 95.8238 50.5316 55.2754 42.8012 77.892 67.3499 65.483 46.3148 54.5472 84.4235 20.199 64.4941 69.5281 75.1243 10.8679 64.8504 29.5312 68.4372 76.3754 91.9065 79.5354 52.8398 84.386 81.3448 51.7886 59.5915
42.6799 43.8191 41.1828 47.6595 42.5954 45.2076 64.9191 67.7147 67.5606 63.0431 70.2781 66.1711 66.7474 66.443 75.0143 77.9995 68.9156 69.0562 86.2788 74.2699 79.3466 77.5225 58.3624 56.6357 52.1287 52.2703 55.527 57.6306 64.2052 55.4672 21.9023 24.5145 23.5671 27.7047 22.3582 24.4227 25.2173 26.6938 70.6924 71.109 59.261 61.2105 67.7191 63.2563 74.1923 66.7186 19.2329 18.7582 21.647 22.6208 21.3322 24.5117 21.5572 24.6639 0 2.41653 2.57927 3.68639 43.4228 49.6619 38.623 42.1118 44.7059 46.0447 38.4475 39.0389 88.9313 82.7938 80.6517 98.6059 11.836 11.2413 61.8587 76.1835 67.5299 81.4004 75.1166 75.7873 54.1609 57.1538 16.2665 18.172 70.3496 95.2323 37.4612 55.5102 48.8257 54.5848 52.4595 49.3811 82.1041 79.934 82.4146 77.0912 62.3325 68.2699 65.0707 63.6241 29.463 28.5721 26.1158 29.8012 17.8399 19.8654 17.3534 19.9772 34.4532 36.7184 35.8894 34.9364 24.3919 26.7045 27.9579 28.3202 67.5265 65.6627 65.4799 60.2282 39.9958 40.7956 40.5849 40.6572 57.8951 60.1729 55.3638 52.9052 71.882 72.1879 71.2645 72.0952 30.8741 35.519 30.5652 35.249 14.2585 38.7159 8.38743 82.5609 64.8316 30.6835 34.6761 10.4873 63.559 68.6254 68.2006 15.2942 47.2169 57.3419 95.651 34.6004 74.2595 22.9216 64.9083 39.1494 73.2311 41.1317 50.7039 75.6035 9.59024 44.3023 49.8824 59.7522 15.9176 53.3558 5.63495 50.5597 53.1495 88.1678 57.3625 60.2409 74.0761 84.7515 28.9576 61.9841
38.2855 40.1112 43.5728 46.0207 40.2592 47.3313 60.9432 61.9217 60.2873 55.2647 65.9824 67.117 59.8158 60.1989 66.3687 68.6956 77.0053 79.2848 71.1095 77.7276 70.886 81.4644 47.3666 55.6494 47.9821 50.7188 58.0824 59.594 52.6933 60.5098 26.1039 26.2146 28.1447 29.8766 23.8108 21.6605 26.3265 27.1164 61.457 66.2636 60.3156 61.5857 72.2014 71.9919 70.9053 62.6519 16.8785 19.0413 21.76 21.1024 20.7687 22.9813 20.7419 23.3562 2.41653 0 3.71372 2.59736 36.8545 40.4163 36.4261 41.8517 41.9467 43.6715 39.9422 40.945 88.0192 92.3759 77.8668 93.6041 14.1258 11.573 71.1852 63.4498 73.8418 67.0383 69.8228 79.5455 55.4298 55.4802 14.2236 15.4132 74.5267 78.1078 35.3604 49.5243 45.4057 48.7758 49.8786 43.7825 77.6221 76.341 73.9696 74.1773 60.3743 68.0656 61.0069 59.0378 28.4427 26.4592 24.2034 27.1263 17.3842 17.2269 16.4406 17.7564 30.8022 33.9328 29.3904 28.908 27.3988 26.8209 27.7029 27.6389 59.092 62.0333 59.6116 66.3989 40.5248 38.8871 39.1678 39.2384 58.179 55.5228 54.5542 49.4714 80.5609 81.6835 73.1783 75.5119 29.4036 28.8311 26.8816 27.156 11.9959 39.8792 5.07157 82.4269 69.0241 28.0891 31.3027 11.9417 69.627 73.6419 67.3025 16.1224 44.134 66.6588 101.898 37.9176 63.8714 23.1203 70.7378 41.5342 70.2701 44.1172 48.7869 72.8545 8.08758 43.8852 48.9517 58.5333 17.2229 50.5431 8.26288 48.0241 51.0417 77.8513 60.0323 59.5037 82.5841 76.4624 30.3581 64.5942
40.4554 42.9027 43.2248 45.6008 38.9499 48.4781 60.8302 56.2384 60.21 59.7754 64.7141 61.6281 63.3667 67.7319 66.2108 72.0671 66.8017 71.3749 71.6801 78.4823 77.5067 71.3252 50.8234 51.7467 54.2286 58.838 59.5625 56.8388 59.2988 56.0257 22.0651 23.7762 24.2703 25.8238 19.7824 20.9993 19.1947 23.2438 62.6995 71.2127 70.4032 59.3862 64.843 67.1893 69.3567 63.3172 15.2002 18.2583 19.3242 20.4909 20.4714 20.2234 21.2561 22.0135 2.57927 3.71372 0 2.66753 43.8382 47.0243 43.2745 43.8391 40.8154 48.8195 40.048 39.497 96.0985 91.7969 84.5506 86.4239 11.5297 8.64647 61.0975 69.3765 70.3537 77.3662 74.2154 78.2768 56.2125 56.6073 13.8704 18.4377 69.8842 89.9393 33.5393 56.5167 44.7571 47.0955 45.8377 49.487 70.5643 77.8727 71.5054 83.7733 65.4544 71.2318 66.3751 62.124 29.2276 27.7275 29.4464 31.5662 17.4037 17.8877 16.9984 17.9848 30.2058 34.1089 29.332 33.246 25.1769 25.5601 23.4897 22.7346 65.9036 65.172 65.0968 60.4635 38.1718 44.1801 41.5149 39.4193 59.9643 52.4411 58.4263 59.1757 85.3842 81.1878 71.5914 77.4994 30.2482 32.0302 29.0288 30.8047 14.6465 42.4206 7.5718 76.5087 75.4862 28.4273 35.2187 13.3504 66.0105 78.6538 71.4715 17.3437 52.6303 62.6224 104.55 39.8135 64.8142 25.4726 70.8362 42.1459 76.0802 47.4058 47.891 86.7656 11.3995 43.3962 54.2001 59.7563 15.2157 55.2561 6.14156 50.0673 55.572 83.2165 54.1332 62.0456 85.8685 83.3376 34.437 58.904
39.8066 41.2031 41.0766 44.375 42.4794 46.8533 52.8276 55.7484 58.584 62.9032 61.3979 66.944 63.2562 68.2762 77.2306 73.6737 69.9569 64.5326 74.7147 81.2066 77.1851 74.9917 54.2593 55.5876 54.2823 55.8639 57.069 58.7222 53.1239 60.5814 19.9678 24.5488 23.2181 25.777 18.1088 21.192 20.0658 20.7556 69.4965 66.8774 57.1541 59.7774 71.9114 65.8711 65.4301 67.6394 14.7728 17.2837 19.3702 17.9412 16.6052 20.787 20.4557 20.2773 3.68639 2.59736 2.66753 0 44.5555 44.4104 36.7403 42.9361 38.9128 43.7227 36.2052 43.7849 83.5403 87.3559 80.4546 85.1184 13.6823 11.8444 69.9217 64.829 65.0981 71.3478 70.1791 87.8404 55.343 62.5769 12.2799 14.9783 82.5169 82.7801 34.913 51.928 47.9532 50.7087 48.1369 49.4529 81.7927 74.0616 80.5158 76.803 61.763 70.7934 71.5699 70.0472 24.3197 28.2636 27.9119 27.5495 13.8169 13.7722 13.7771 14.521 30.1647 31.3484 32.0155 33.4776 24.1438 21.9104 25.3258 27.5704 67.0423 64.8732 61.5602 67.7326 36.5273 43.6504 35.7169 41.7433 53.289 58.5085 53.5041 61.372 72.8378 77.0633 73.0331 84.199 28.6137 33.2711 28.5982 33.3896 16.369 41.2445 5.84669 79.4797 69.2877 26.724 29.018 14.9161 60.867 64.2263 69.2567 18.3024 46.3075 69.9914 96.3995 39.5656 71.8456 26.8393 75.1947 41.5218 79.3162 43.9496 50.2976 82.4357 8.71405 41.653 56.0208 55.5985 15.2175 53.1728 8.69075 51.3762 52.7003 75.8543 60.1816 49.7549 82.1876 79.7055 30.4905 61.0969
22.0396 19.9283 21.4619 22.1454 18.9114 19.6156 34.8009 31.9297 35.0096 38.2854 34.7243 37.0013 40.2833 38.697 38.3762 38.8274 44.2867 48.1125 43.3534 42.5839 42.1839 45.4474 36.7378 40.4956 37.1139 36.8002 39.8167 38.4164 42.7419 37.802 59.9125 59.4164 58.8081 66.1492 57.1744 56.0256 57.2099 55.6443 22.5341 21.3567 20.6825 20.1164 29.4585 26.4387 26.6374 24.3844 46.907 42.0678 44.0056 45.498 44.0064 42.6069 46.0548 44.4039 43.4228 36.8545 43.8382 44.5555 0 2.32798 2.45004 3.54736 23.3171 24.6016 22.7909 23.2888 43.1481 51.0784 49.9051 51.5716 51.0564 56.6676 44.1277 43.9936 44.3635 43.9944 35.7492 38.4922 71.6465 70.6058 35.1735 29.304 32.954 54.8757 23.4608 14.1032 13.1237 12.472 13.3925 12.8173 42.8108 41.012 40.6346 36.1317 29.3319 31.4242 32.3457 29.2408 15.5432 14.6259 14.1018 13.9174 40.0386 40.0336 39.1782 36.7692 25.4642 25.9473 27.4575 24.1083 64.5351 55.6143 59.4249 57.4895 23.3964 25.0759 20.8586 21.4896 19.8005 17.6738 17.6082 18.041 61.1194 67.461 56.0381 59.7407 36.6969 42.088 41.0329 43.6338 11.0913 10.003 10.6748 10.6631 34.0001 42.1446 37.2221 40.9759 35.3594 34.258 19.3334 49.0044 39.372 30.4073 46.9508 51.5152 53.1845 48.0428 60.081 22.9654 30.784 28.0784 56.6073 56.9043 49.631 12.8484 11.7365 44.8968 32.9298 40.0417 48.4757 45.2147 45.2518 25.4757 53.2784 26.9016 56.6821 42.0625 59.7912 14.2325 48.9115 48.2082 33.0062 25.3084
21.2704 20.157 20.3156 19.9295 19.0029 19.4498 28.9674 30.7154 35.1456 32.2917 31.5499 35.4945 33.8253 34.7701 36.4628 39.1536 41.1472 42.4547 43.4356 43.8387 41.1623 48.7604 32.7699 37.2564 41.7867 37.0622 33.3083 41.2471 39.2736 41.729 64.4823 59.7222 58.6983 60.5763 54.3685 60.8828 55.1585 58.7334 22.2274 21.7854 19.113 20.1782 25.6589 24.7691 26.057 25.7224 50.1999 45.6938 48.1444 48.4833 44.5728 45.2638 41.4348 41.4139 49.6619 40.4163 47.0243 44.4104 2.32798 0 3.57997 2.55268 25.3522 28.0471 25.3268 23.2064 42.0634 46.2982 42.575 43.4641 56.7477 53.58 44.7403 44.4939 40.1828 48.4049 32.4149 38.2557 77.0479 72.3381 32.5985 33.7114 31.1528 62.5805 24.7666 11.9092 11.5454 11.4421 11.4454 11.7965 36.7885 38.8643 37.7633 40.4334 28.7557 30.8082 29.9283 27.0231 16.5997 14.4526 17.3145 15.4087 37.4686 37.395 41.6872 37.3829 27.356 27.2771 27.0013 27.1061 61.9369 57.7367 64.2678 63.1357 21.4484 20.7219 17.9463 18.7442 20.8901 19.3235 19.7312 18.8538 63.4732 57.5858 62.3921 66.648 37.4368 41.37 38.0338 35.6124 14.1509 13.5968 12.7208 12.806 38.4386 44.6266 37.1302 43.4711 28.773 36.4948 19.7452 53.4752 38.3667 27.9163 44.8442 45.3607 47.4301 45.5112 56.779 22.7351 32.9084 30.0034 54.8882 52.3756 43.7707 12.744 10.1147 37.7603 32.2725 42.9985 47.3075 49.8238 51.3379 24.3706 46.5855 27.0405 59.8411 38.9073 61.5018 12.676 49.7224 48.0073 37.2221 24.3361
16.3826 17.0796 16.3915 18.1915 16.1854 16.5154 27.5474 29.1359 31.4958 32.2477 31.5419 31.6628 37.4685 33.167 39.4062 41.844 42.6845 39.2524 40.8826 40.8328 42.7653 41.5525 33.3339 36.4088 37.801 40.6098 32.2747 33.154 39.0622 39.8 60.9681 64.5795 54.4899 63.2632 56.498 51.2426 52.3303 56.6008 23.8724 22.4983 23.2466 22.3931 27.2595 29.3516 25.5119 27.8 44.7958 41.9371 48.0426 46.4289 41.4108 39.6977 42.525 40.8121 38.623 36.4261 43.2745 36.7403 2.45004 3.57997 0 2.59509 25.318 26.3985 26.1186 26.0364 47.6111 54.7748 44.1147 46.3059 51.0041 49.2652 41.0741 42.8782 40.8221 40.7218 38.2419 39.0179 67.3944 64.3649 28.854 30.0477 33.0764 59.893 20.8508 11.1412 9.91694 10.675 11.168 12.1534 37.7655 42.858 40.0282 42.5653 34.0582 31.2761 31.6148 30.1308 14.6474 12.781 15.2163 13.9271 37.0766 32.7077 35.0952 35.1758 26.4637 25.4998 24.7765 26.5824 62.8887 60.9507 57.9421 61.372 21.8667 26.9619 25.0847 23.275 21.2912 21.4595 20.3036 21.859 65.4533 63.9158 59.1313 61.2736 39.1008 44.7013 45.089 43.7487 9.911 9.34035 10.4393 10.0841 31.7772 43.0953 32.899 46.0816 31.9138 34.0019 17.2769 53.0003 34.0329 26.9248 46.5735 46.3644 52.7043 56.22 59.6416 22.0889 31.3771 27.6359 50.058 59.3813 41.1468 15.5058 14.0597 43.28 33.903 39.8424 53.4792 52.0572 45.9565 25.0716 49.9508 32.9819 54.1405 47.267 64.0971 13.0526 47.8585 50.2179 34.0585 22.5082
17.0621 18.4718 17.3037 18.5079 16.3308 15.4163 29.4093 29.9412 29.1564 32.8288 34.2268 34.4851 36.632 33.2302 40.2025 37.3642 41.5878 38.9956 41.8204 45.4869 41.756 44.8044 34.698 37.4425 35.6839 33.9909 31.3531 34.0481 38.9373 40.6651 62.389 59.07 68.0099 57.1631 60.3529 58.6622 58.015 57.5858 24.2522 24.1952 23.6977 22.3787 27.2402 24.2026 25.8395 27.6134 46.7934 47.3019 50.7209 50.675 39.9481 42.9353 40.5458 42.5386 42.1118 41.8517 43.8391 42.9361 3.54736 2.55268 2.59509 0 30.3719 29.148 26.5631 24.0162 43.8082 49.2256 50.0292 49.9429 60.1851 53.215 40.8252 46.0612 43.8099 42.0376 34.9842 38.432 73.7377 70.1688 36.0542 30.0602 37.5543 57.4718 22.0952 9.14971 9.37223 9.51034 9.84318 10.5368 42.4299 43.7954 38.3437 35.7897 31.2577 31.6638 32.8909 33.6024 14.972 16.0779 17.242 14.3444 38.1562 38.7728 37.718 41.1684 26.6803 23.3984 24.2147 24.364 55.8805 57.8985 62.686 57.9236 22.5675 23.4556 24.0813 20.3386 22.0368 20.3494 23.349 23.5134 70.626 60.8276 70.0724 70.7646 41.3977 40.7233 42.7217 42.1671 12.9228 13.597 13.1111 11.9263 33.7532 44.8843 35.465 39.2996 28.8241 34.9828 17.6137 56.9656 36.0222 27.7798 49.242 55.0436 51.1348 48.7283 58.9478 24.2876 29.9028 32.7921 58.9835 62.1849 39.4616 16.414 14.2156 45.447 33.3621 47.5109 47.6762 49.0828 51.6218 28.933 55.4571 28.7664 62.6695 41.5952 60.4198 11.2084 47.38 47.6398 39.1835 22.734
42.7574 40.2204 46.4429 44.7726 41.771 46.6378 60.785 58.6555 63.8772 64.067 64.5923 57.8726 62.8708 59.7912 61.9102 71.7379 66.0751 71.3609 71.6095 66.4591 76.1671 76.3818 54.6647 66.1172 67.7247 67.9528 63.9037 67.6 64.2095 64.5275 67.4641 66.9242 68.2181 67.5044 57.6874 58.6561 65.7651 70.149 32.8584 37.0809 38.2837 33.4773 36.611 42.8781 43 37.1024 50.0997 59.5184 55.0984 52.0894 53.358 49.8763 50.6129 53.9756 44.7059 41.9467 40.8154 38.9128 23.3171 25.3522 25.318 30.3719 0 2.41988 2.50083 3.582 52.5406 57.8433 57.7361 52.4563 50.2369 52.8634 74.904 74.3234 74.3092 70.2193 56.6176 56.3308 42.3406 46.7067 44.0427 36.6737 38.967 86.9539 45.5756 39.1548 40.6242 39.9932 39.6702 38.5046 38.3198 40.6325 40.0435 36.4848 28.0372 28.8363 25.4199 29.6049 25.6644 26.2925 27.6279 29.7439 52.0282 47.7244 52.7603 47.9358 41.9998 46.4582 41.5197 49.8469 67.515 67.0753 72.8725 68.5605 27.0399 32.8369 27.1457 32.8699 6.37118 6.36408 7.03026 7.44022 40.213 37.6498 36.6661 39.1371 42.8258 37.4746 43.6419 41.9321 21.8357 21.1365 22.9167 24.6323 24.9075 22.3131 36.748 74.4765 56.5687 51.4882 35.9625 46.4751 69.9282 49.514 27.2809 37.4675 25.6027 27.9759 55.3941 5.48885 52.548 15.1969 28.4765 29.0338 69.9446 14.7223 17.1829 35.0588 33.6013 14.9273 22.5332 23.0456 58.7851 9.25488 45.8197 10.2374 32.3903 45.9585 35.2047 40.2169 39.4779 38.918 19.1206 47.5791
41.1045 39.9276 40.0994 44.8398 40.7254 41.6232 52.5272 57.6586 57.6312 55.942 59.4991 61.0237 65.5874 62.6071 59.3749 60.0665 66.7434 70.0926 67.2799 68.6828 71.564 68.4865 54.8241 55.0902 56.8133 65.2657 60.8984 57.7322 66.2448 65.8617 61.3182 68.1523 62.5316 69.7189 58.3605 64.9225 58.9961 63.5583 31.9094 32.4467 32.8032 34.3176 37.0573 38.2359 36.6316 41.2285 58.7826 54.2813 59.7212 53.0188 49.8525 50.1541 55.9822 52.5307 46.0447 43.6715 48.8195 43.7227 24.6016 28.0471 26.3985 29.148 2.41988 0 3.59151 2.65778 46.8803 57.5584 47.5547 53.6929 59.123 48.3494 70.3701 73.2451 66.5308 77.5972 45.2701 51.007 44.7745 49.7638 43.4323 38.0704 41.0941 84.9459 42.3669 34.084 32.8949 39.6597 38.5979 37.5071 32.48 32.5336 34.3618 33.995 26.988 28.2738 24.4099 24.0134 24.9417 24.8964 27.9709 25.5805 45.4273 51.2281 46.2055 47.0715 48.3258 41.0111 45.4222 42.2975 73.039 68.9415 72.269 62.549 28.4619 29.0418 27.8513 29.899 5.38427 5.15576 6.32693 6.14493 38.6497 39.4338 39.2868 36.6635 39.755 39.8808 39.2346 39.1 24.005 23.0092 24.2363 22.4926 29.6081 24.978 42.2132 71.1734 57.3642 55.0306 38.4665 44.0305 56.2516 45.3418 25.0269 40.977 28.0925 24.3936 53.3984 5.94971 56.2611 20.0365 27.4204 33.0883 74.5672 11.9857 16.221 39.231 34.0652 19.2008 24.502 24.4123 51.0003 6.29025 50.5497 8.50788 33.6293 44.4361 33.4608 35.5465 37.6794 35.0264 18.4226 51.2174
44.0957 44.0278 44.4501 46.5637 36.6203 42.6884 56.9466 52.9695 58.5937 60.9982 56.029 57.9108 61.575 61.7226 66.9853 71.2357 67.7338 72.9199 62.4521 66.7415 65.2369 74.1495 52.756 54.2938 64.5708 61.0849 56.1776 63.947 56.7939 62.316 57.6905 56.4491 60.9395 70.1207 54.6804 60.5583 65.2721 62.5236 30.8546 37.0412 36.274 36.4198 38.1075 36.9714 42.1438 38.936 55.9017 47.8299 48.1661 58.7775 50.7777 53.9906 52.5561 49.5983 38.4475 39.9422 40.048 36.2052 22.7909 25.3268 26.1186 26.5631 2.50083 3.59151 0 2.74855 58.2181 55.3389 54.6922 56.0962 51.108 52.0535 62.6115 74.3992 63.6256 72.3929 48.4736 50.0591 50.4991 46.5281 40.6144 34.5574 39.7835 88.9506 39.9606 36.7596 38.5616 35.175 39.9117 37.4711 34.5749 40.3544 35.1098 37.0072 29.7722 27.8952 28.5083 31.7947 25.7398 21.5428 24.2624 26.366 41.8628 40.7657 47.96 43.8055 45.2287 38.8621 43.4651 46.3848 57.6924 59.8011 61.9157 66.8504 30.2899 28.3379 31.5436 27.9213 3.76899 5.26534 4.74811 5.2953 35.6593 41.3823 34.863 40.2151 41.1622 39.649 40.8725 42.3068 21.0734 21.9967 20.8644 22.9368 26.0826 22.6449 37.8164 72.2546 55.6615 49.9663 34.8652 44.8417 66.546 48.6826 29.8253 37.1664 24.9055 29.0339 58.8816 2.43049 59.9877 14.881 32.6096 30.5226 69.0674 12.8024 16.6148 40.0559 31.9411 16.6284 24.6783 23.9329 57.0761 9.34156 41.6342 11.976 33.1668 52.9272 31.5639 36.1262 41.8297 38.524 18.2116 42.7158
39.9722 45.2765 44.3293 45.3545 42.4562 39.229 53.8919 56.7658 52.8924 54.8723 60.3099 62.156 58.8402 62.1928 63.1057 64.4456 59.8736 68.8354 66.8988 73.1213 73.7473 74.9793 52.5869 59.1665 60.6029 65.3698 61.9292 64.9378 64.1096 68.3979 57.3549 65.0057 59.9309 67.4616 54.6199 55.2196 59.8656 68.5204 33.6042 30.5569 31.4514 30.4922 36.3873 33.3599 36.2816 39.4546 47.8011 54.6245 51.1932 57.1089 47.1367 49.4591 57.1217 57.4199 39.0389 40.945 39.497 43.7849 23.2888 23.2064 26.0364 24.0162 3.582 2.65778 2.74855 0 48.2462 52.0254 51.0328 58.5461 53.9453 50.8439 71.792 67.0888 62.6925 63.4164 45.2558 55.3448 44.099 46.9661 37.1347 39.4802 36.8269 86.4121 42.3493 34.9767 34.0809 34.114 31.9365 38.3419 33.728 37.8351 36.5851 33.8639 26.5093 28.5066 26.0596 27.8861 21.6165 25.27 25.4137 25.4959 49.6239 47.3816 42.7292 42.61 40.8754 44.235 43.2791 38.8187 63.0583 65.5472 69.2624 62.9631 28.4011 30.6311 26.7625 30.2419 2.56853 3.11489 3.54379 3.53602 39.7575 39.8717 43.0519 39.3617 40.4284 37.7725 37.7052 39.9747 18.7364 20.2683 21.9544 23.379 28.7546 28.0968 32.8793 62.0408 50.3622 45.7065 35.7928 43.5674 54.4896 40.4839 26.6136 35.9486 29.0315 29.2813 53.4015 4.2026 53.9843 18.3448 30.1409 35.0284 61.8685 9.87015 15.3561 33.1934 33.4456 19.3706 25.9178 26.6742 48.5147 7.72439 44.2948 10.2083 34.9434 46.6615 35.3217 29.8452 42.7802 41.6417 18.9907 48.434
62.2105 65.1038 60.2621 61.244 62.7027 53.2711 54.7992 58.5385 59.4767 63.6292 51.9351 55.9124 63.0856 58.2446 51.4651 57.4898 62.2419 60.6197 60.4301 57.8649 61.9624 54.2139 70.2612 71.438 79.705 74.3519 70.8549 65.4794 65.4907 68.6325 104.407 99.3417 99.4567 120.095 99.2133 102.745 101.517 103.64 26.249 26.1203 23.4149 26.3623 19.6976 20.992 19.7083 20.8216 95.0848 88.7076 95.6043 91.8774 92.5944 80.2597 86.2004 98.5788 88.9313 88.0192 96.0985 83.5403 43.1481 42.0634 47.6111 43.8082 52.5406 46.8803 58.2181 48.2462 0 2.29011 2.43643 3.4853 91.3909 99.2999 75.7497 69.5574 68.9474 69.9832 21.7538 22.2546 97.6086 95.1826 88.4732 72.6499 13.1089 78.5812 67.6838 42.6261 46.6993 47.5045 50.1775 53.5462 19.8115 16.1344 19.0852 17.5013 26.6706 24.5658 25.8919 25.6404 55.6131 59.7372 56.6838 65.3689 90.6552 83.7918 93.7382 82.2327 66.0332 64.4867 65.7273 77.124 116.407 115.297 105.763 111.192 28.1234 24.2537 26.591 24.5716 50.4629 55.083 50.8091 46.9267 90.6526 83.5002 77.2849 76.4365 16.2087 15.7528 15.0243 15.0973 60.4085 57.7542 57.2385 55.277 83.8784 77.9504 88.1678 53.609 48.1487 85.473 67.3835 103.822 60.5 28.4089 38.1986 90.3109 73.3354 55.5926 20.2872 58.7593 45.9709 74.1881 57.6409 86.9316 52.6291 47.541 41.5235 22.4186 73.083 58.7866 69.4174 55.0724 94.128 45.0247 94.9846 42.752 79.2527 5.76343 71.0578 39.0888 31.9217 30.9888 67.1384 47.4446
57.4717 67.1353 61.826 65.6875 67.7709 60.8755 57.9641 61.4237 60.7732 58.8942 56.7977 57.3348 58.1165 60.1914 58.5168 61.9833 62.1173 62.5117 60.9548 61.8287 63.7657 63.5708 74.1563 74.2973 78.1638 76.4845 74.4717 66.122 70.159 76.2013 99.5031 104.12 106.373 121.995 113.299 106.492 98.5461 111.879 24.0225 28.5926 27.0106 29.7822 20.8121 20.4196 22.0809 23.771 102.061 97.5861 96.5756 88.8454 93.7364 96.7437 84.6631 83.9365 82.7938 92.3759 91.7969 87.3559 51.0784 46.2982 54.7748 49.2256 57.8433 57.5584 55.3389 52.0254 2.29011 0 3.37841 2.64924 100.338 93.7556 77.5765 69.8747 63.948 64.9562 20.4798 21.044 101.015 85.0891 85.6814 85.615 13.9529 71.4114 66.5646 43.0031 49.5127 51.5479 55.2927 46.9422 19.5431 21.2511 20.9841 20.2587 26.467 31.0008 29.4842 27.6312 67.4507 65.9388 61.9415 68.7806 87.7636 90.3937 85.2364 83.0204 70.626 77.8454 78.8095 76.718 102.182 110.224 109.816 99.1619 30.364 27.7341 27.6856 26.2822 56.7203 54.6554 51.1027 50.3443 87.1761 78.5828 91.0916 87.6139 16.2914 16.4839 17.4227 15.8056 65.4817 58.87 61.6369 61.323 73.0154 84.6881 82.4593 57.0646 50.1492 85.8177 63.9604 105.12 60.4472 26.0559 42.7143 88.9608 66.941 60.5079 20.5206 60.9214 52.5336 72.6257 61.1308 91.7421 54.0456 49.86 45.6904 23.3425 86.9846 62.9816 75.336 68.9796 88.1248 43.2192 100.635 44.5698 80.72 7.32164 84.2853 38.4908 33.25 28.9985 69.1486 41.3798
61.2394 61.402 59.2069 63.3478 55.0946 51.8549 55.5443 61.3839 55.9098 64.4455 51.1667 55.7733 55.1143 52.9333 49.7468 61.3197 53.4369 61.1519 49.2245 51.7827 53.4888 61.4218 73.1898 64.001 68.9663 68.9815 65.3028 72.4944 73.1099 74.698 102.4 115.27 102.367 117.904 110.644 93.4881 100.668 101.535 23.8914 23.2383 24.4464 26.5321 19.5105 19.3638 21.0092 20.9413 99.8302 97.3477 96.842 85.1373 89.0516 81.1724 86.6917 89.1311 80.6517 77.8668 84.5506 80.4546 49.9051 42.575 44.1147 50.0292 57.7361 47.5547 54.6922 51.0328 2.43643 3.37841 0 2.62414 102.983 100.267 64.206 73.5126 62.2175 69.1546 17.2525 19.3381 98.1231 90.076 85.0888 79.2007 12.7746 66.249 65.9499 42.8197 46.4976 48.9903 51.6882 47.5677 19.0306 19.3142 19.3148 16.7854 24.6082 26.6551 25.1384 27.6463 57.6362 56.6599 62.059 60.8391 81.7717 89.9431 84.9503 81.5585 63.8091 73.041 74.9087 72.3225 102.376 98.3672 103.996 104.295 25.8258 22.0991 24.8098 25.4162 55.1823 48.7725 48.6064 52.4699 81.5482 79.891 88.6141 77.3907 16.7707 14.7963 17.4303 15.7765 57.2626 58.4807 57.5113 53.6352 82.3081 72.959 88.3655 54.1341 42.8023 89.5031 68.1652 95.7409 53.8878 23.9196 40.5408 83.7259 71.167 54.2317 19.8732 51.5456 45.6577 66.5554 52.402 78.8067 54.5682 48.6444 38.4649 20.9875 73.2679 68.7372 72.7206 55.7442 87.485 43.3815 101.327 47.1059 78.3404 4.47998 83.2033 35.0634 32.0739 30.9672 73.8519 38.9258
55.0771 55.4553 62.4557 65.4766 58.154 62.5402 51.7846 58.3331 60.3882 56.0923 58.2095 55.6676 61.141 55.0528 56.2353 51.2474 56.9831 56.3627 52.3088 55.3848 56.7595 60.2196 76.8591 73.9329 72.5844 73.5104 62.8979 68.123 76.2552 68.1619 102.851 117.358 118.217 105.186 109.024 107.613 99.729 107.111 27.012 24.8877 24.898 25.7398 21.1087 20.3569 21.9298 24.0401 101.169 85.1828 90.9296 104.379 93.5046 97.6162 89.597 93.7443 98.6059 93.6041 86.4239 85.1184 51.5716 43.4641 46.3059 49.9429 52.4563 53.6929 56.0962 58.5461 3.4853 2.64924 2.62414 0 110.635 102.413 74.4814 70.9775 63.4729 67.2398 19.647 19.7387 105.104 96.2087 83.8538 81.2415 14.972 65.987 76.3672 39.8492 45.1083 51.7353 51.8883 50.8958 19.7284 21.6878 20.2519 19.1215 27.8042 30.1195 27.0888 28.0969 62.5291 56.6464 57.856 63.9587 82.7395 80.7793 87.7892 91.075 71.859 76.8519 71.8065 71.2432 102.9 106.557 100.768 112.976 27.7533 27.5661 26.7648 27.2646 48.401 54.3843 48.2325 54.4409 81.4486 78.8912 89.6446 81.8986 18.1925 17.1402 17.8761 16.8739 60.1383 52.6538 60.2155 61.1951 85.6663 83.781 89.7095 52.1311 48.5854 83.8153 63.8349 105.091 54.1844 25.1812 41.4007 96.0134 71.8194 56.9658 20.1018 51.8504 52.3685 67.9014 57.4733 88.3713 50.2881 51.7354 38.7931 22.9905 86.0415 60.8883 75.4412 58.5677 101.285 42.2845 105.722 49.9231 77.3795 7.59547 78.0371 41.2236 33.0561 31.0003 80.2385 46.2476
48.8364 55.1081 55.4336 53.4642 49.2496 56.9219 73.3375 74.7094 72.0116 68.2372 69.1013 76.4068 76.2815 72.0805 78.1424 73.7522 82.5375 86.5015 85.2369 83.9082 93.4674 85.4078 63.8638 57.7235 58.07 61.9749 67.4515 66.3302 71.0216 65.2942 11.2041 12.6588 14.2091 16.728 14.0761 14.2154 15.3233 16.7682 70.8358 69.7686 76.6592 77.1278 79.0068 78.0559 83.1828 86.2659 18.1942 17.5404 20.7131 20.7434 24.0437 23.6932 23.5807 23.222 11.836 14.1258 11.5297 13.6823 51.0564 56.7477 51.0041 60.1851 50.2369 59.123 51.108 53.9453 91.3909 100.338 102.983 110.635 0 2.40407 75.7477 69.8308 86.7294 76.357 82.6926 90.2922 57.0542 60.9409 23.2402 23.8876 90.2955 86.6051 39.2167 63.5645 53.0665 60.4853 64.477 64.3831 88.755 89.8842 96.2727 80.3178 80.0366 83.831 72.7615 74.3818 39.3157 38.1429 41.4049 36.5571 20.9234 20.9724 23.1451 22.4198 37.1622 40.9096 41.2459 43.7182 17.5223 15.8683 18.8107 17.861 77.5307 71.9442 68.7551 77.9112 54.3378 53.5673 53.7259 52.3451 64.2274 58.6102 58.784 67.0118 87.9602 93.008 92.8621 95.6616 40.8291 46.2872 39.7542 41.9225 28.2619 45.5239 20.0149 86.8938 72.5312 31.1739 38.1378 13.8712 72.7595 83.5637 88.5481 23.0774 62.5634 75.3014 106.805 45.7401 74.3575 36.0136 79.3285 50.8565 85.4791 51.7839 62.7096 84.3391 23.0959 53.198 62.4145 70.103 12.9009 67.9958 7.73392 57.4565 60.1278 93.2747 70.327 73.9428 95.8546 91.6343 43.3928 77.9885
45.994 52.8168 49.6777 47.7456 50.7321 50.1558 72.5188 65.9181 60.3013 71.3893 65.5042 74.348 69.5374 68.6726 82.3138 80.0103 80.1435 73.6874 85.0922 92.1453 78.8058 80.7745 60.0769 51.6211 52.841 57.7895 57.2587 58.1735 65.1296 65.2231 12.1956 14.5585 15.5706 15.1198 11.3557 13.0595 15.17 15.526 69.4566 78.3682 68.6175 75.0037 76.622 80.767 86.0742 76.5875 14.5597 17.2908 18.8014 17.5928 21.8738 22.3129 22.9332 22.4679 11.2413 11.573 8.64647 11.8444 56.6676 53.58 49.2652 53.215 52.8634 48.3494 52.0535 50.8439 99.2999 93.7556 100.267 102.413 2.40407 0 64.5366 75.3723 80.6404 86.1127 95.4447 96.9574 60.8271 62.5279 20.296 23.2784 82.7822 85.5328 37.4086 62.7773 52.2245 56.504 55.8156 54.0858 81.4009 84.7061 90.129 82.3869 69.1398 75.7971 82.818 78.5917 38.8896 41.617 40.0332 36.0246 19.1163 20.7373 18.6005 19.6366 34.851 38.1665 33.8152 38.8876 18.8607 17.7893 16.9688 16.8074 75.1108 72.4439 67.6386 67.5568 54.5657 48.1221 52.2397 51.045 59.0471 67.7544 64.8376 68.9182 94.6223 94.3996 85.384 97.2585 43.646 44.3636 43.3227 42.6626 22.614 45.3622 15.5586 80.8331 71.4106 29.4394 38.684 13.8508 69.3092 82.9577 75.6513 24.434 55.3082 69.9664 97.4982 47.7101 72.8361 38.9475 74.6009 49.9521 92.5627 55.4566 58.3555 88.8336 17.0722 52.1968 56.1858 63.7264 12.59 55.4512 6.73788 67.0271 62.8414 93.2338 72.6447 65.2996 88.933 84.4621 40.1367 67.0776
28.2283 27.8713 26.0484 25.828 28.4736 27.7916 13.1087 13.3986 12.7982 9.86689 15.7104 13.3446 14.0356 10.8866 15.8668 15.0277 14.6643 14.7821 20.94 19.5238 20.8344 18.4899 13.3479 13.0496 12.3189 12.1738 8.13978 8.19187 8.0533 6.7969 76.3816 75.8566 68.3801 63.4167 60.2893 65.5792 70.3412 60.6103 57.7549 51.956 49.7613 52.8933 49.9253 53.5603 56.5961 53.9386 55.5294 53.0673 49.1486 56.5522 47.2675 48.8332 52.165 50.0139 61.8587 71.1852 61.0975 69.9217 44.1277 44.7403 41.0741 40.8252 74.904 70.3701 62.6115 71.792 75.7497 77.5765 64.206 74.4814 75.7477 64.5366 0 2.50753 8.1263 10.0449 46.0511 55.3265 117.625 117.083 47.3486 44.8286 57.5025 21.8366 30.5619 37.5628 32.7702 31.5264 30.029 32.2572 66.6385 77.5416 73.0001 65.38 74.6826 76.1434 75.1851 74.6996 48.8756 49.5691 43.0264 49.4085 55.323 54.0225 52.1434 53.2005 35.5095 37.1739 35.3107 34.0062 61.1979 65.5743 61.6732 61.469 55.4651 62.1167 56.1984 58.9323 61.5193 62.582 64.64 66.1138 104.541 115.009 96.4927 106.755 68.6994 67.6114 76.1597 65.6717 48.4904 48.1378 44.2186 44.4655 67.3929 86.2981 55.9515 20.205 25.3915 36.9096 35.0993 77.6312 13.6479 43.1889 76.2334 73.8733 93.2792 95.4297 94.5531 71.7802 20.3783 63.4769 104.911 96.5333 21.8682 52.3449 54.9157 70.3079 56.766 77.3496 95.061 83.9015 55.6223 64.9307 73.1116 66.5303 92.0777 65.4171 96.9886 40.4853 80.7277 88.5208 69.9817 27.2749
27.6648 29.5733 30.1307 25.0935 29.8452 28.4043 14.6705 12.6049 12.8191 10.4744 14.5127 13.0273 12.739 10.3775 14.7477 14.2514 13.37 12.2024 17.3556 16.4746 18.1473 16.7613 17.1335 16.6965 16.3509 16.1083 10.482 9.91125 9.07177 10.6483 77.102 66.573 65.9316 68.402 69.1895 62.8039 70.3661 72.3484 57.0264 51.5317 49.4122 53.3337 52.1493 51.646 55.4546 54.5026 53.6605 58.1258 53.3806 52.1562 54.8307 48.4097 48.6045 52.7321 76.1835 63.4498 69.3765 64.829 43.9936 44.4939 42.8782 46.0612 74.3234 73.2451 74.3992 67.0888 69.5574 69.8747 73.5126 70.9775 69.8308 75.3723 2.50753 0 5.90686 7.21861 53.7477 50.8619 123.789 103.361 59.0076 51.0044 60.4876 18.0394 34.6363 36.3903 35.8966 36.377 31.4915 30.3472 74.8196 71.326 65.9357 76.2841 66.8111 64.568 67.1683 74.7618 53.6614 47.6649 46.4135 44.8477 58.4726 53.2102 53.749 53.9689 35.2899 38.1901 36.0878 34.5916 74.8151 61.4735 68.0592 71.0392 58.16 62.9421 59.9664 55.8376 59.9683 65.823 63.7549 58.3082 100.021 98.3612 107.941 109.373 68.4876 73.0217 79.3128 73.9116 50.8257 52.2469 48.2044 45.3203 71.1365 94.9923 65.1197 18.051 26.107 39.7485 37.0715 85.9751 12.0208 49.6176 83.17 76.4414 97.9467 94.0182 93.5982 63.7536 21.8526 75.4318 101.546 93.1595 19.9844 55.0278 49.9584 83.292 63.8519 85.4539 101.893 90.3816 59.4768 63.444 76.9218 73.6995 99.7969 62.0717 101.512 36.7594 84.6756 84.1817 85.7358 31.6274
28.9799 29.6971 30.1997 31.3209 30.1115 27.7449 15.4695 13.1341 12.2388 11.8909 10.928 10.8043 8.5693 7.57032 10.9988 9.3092 7.59667 6.30114 14.4874 13.2687 11.6258 11.099 21.8887 20.8907 21.6431 19.8069 14.6399 13.9677 14.6396 13.1871 78.7928 74.8255 84.2231 82.9129 76.9065 72.467 76.8329 78.1464 49.0961 49.2655 48.3997 44.3831 53.6001 51.4279 49.7889 49.7242 63.8407 56.9832 67.5243 55.8079 53.4274 56.7153 50.5667 60.1332 67.5299 73.8418 70.3537 65.0981 44.3635 40.1828 40.8221 43.8099 74.3092 66.5308 63.6256 62.6925 68.9474 63.948 62.2175 63.4729 86.7294 80.6404 8.1263 5.90686 0 2.49129 42.1579 48.801 108.11 101.743 57.3361 57.9231 62.2296 15.9366 37.0074 37.2558 31.6825 33.032 35.1849 32.9717 74.5656 76.164 66.7079 66.1658 63.6159 73.6883 62.2184 72.6257 47.9941 47.3053 49.4148 49.075 56.3796 59.7931 58.3957 53.0902 41.5811 36.5486 43.3218 39.711 74.0503 68.3288 80.7638 76.48 58.4847 51.7829 51.9706 57.3208 70.2273 66.8262 69.6264 63.8887 107.532 112.183 111.998 98.6627 64.7007 75.6414 74.9125 72.2113 52.0938 52.6845 51.133 48.1501 73.6237 85.8192 59.9908 14.7463 18.1288 47.7863 43.776 87.8148 8.60548 44.5701 82.5897 76.9983 94.9995 95.6626 89.9681 68.1394 16.3505 70.0443 96.6707 95.4966 13.9242 61.1282 54.982 71.388 60.4335 93.2899 85.3266 91.5391 68.9056 70.6689 72.1653 69.5109 105.347 59.7173 106.381 35.1487 82.4241 88.0328 83.5328 25.8813
30.6316 30.7153 31.1446 33.1888 37.0523 29.8141 16.5107 15.2478 12.9133 12.2858 13.056 12.6945 9.9972 9.19825 10.338 8.26295 6.97783 5.31995 12.0511 11.4328 10.4457 9.13997 21.2365 24.115 21.9481 24.2782 19.0622 16.622 17.5695 16.067 76.1015 77.0114 87.0497 73.408 76.6486 71.6748 72.7357 77.1551 54.8946 51.1732 50.4534 46.3953 47.1913 47.1581 44.5627 45.7405 68.7098 60.8254 63.634 64.6795 60.2259 57.3782 55.6286 52.8496 81.4004 67.0383 77.3662 71.3478 43.9944 48.4049 40.7218 42.0376 70.2193 77.5972 72.3929 63.4164 69.9832 64.9562 69.1546 67.2398 76.357 86.1127 10.0449 7.21861 2.49129 0 48.376 45.3625 113.094 106.431 63.9479 54.7424 58.2203 13.8291 36.3008 37.6949 37.4618 37.7621 33.6466 36.027 76.7349 71.0808 63.6246 64.8088 66.1156 74.2534 63.6744 69.3898 52.8012 49.8526 52.3858 50.6923 60.0533 62.1594 64.5018 60.4577 42.043 37.6564 41.6602 44.5012 82.9988 71.2945 76.609 82.1526 56.7871 55.8749 54.8576 51.0972 72.548 68.256 61.0988 70.6052 107.012 109.762 118.997 112.128 65.371 69.1695 75.9992 75.4316 58.4036 55.904 54.2529 50.2765 70.437 96.5256 68.6812 13.8053 20.3541 46.8077 39.8839 79.2503 9.73636 39.8191 91.593 94.0945 89.2803 92.4141 84.7233 63.296 18.1727 76.8877 91.2279 91.6618 12.5434 57.6239 61.4485 80.6645 59.9059 87.499 101.004 85.793 64.9418 74.5449 79.8463 77.4251 105.666 64.8232 114.747 34.8874 86.3475 91.9359 79.6053 27.4527
40.7877 40.8617 41.4424 42.552 42.5254 40.8828 35.9717 36.5868 40.8136 44.0581 37.7382 38.9983 40.3779 36.1501 35.366 36.8164 36.4431 42.0662 32.0878 36.7689 41.3396 36.9637 57.6076 52.6343 51.2976 54.1001 51.2189 47.5522 52.9281 48.0782 93.1601 100.107 103.582 91.1904 83.8784 96.0514 82.5645 96.307 17.5988 17.4882 17.886 18.5591 13.3503 13.8954 11.8563 11.9142 79.13 79.4844 73.6467 82.0432 78.9692 75.8764 82.4108 76.6511 75.1166 69.8228 74.2154 70.1791 35.7492 32.4149 38.2419 34.9842 56.6176 45.2701 48.4736 45.2558 21.7538 20.4798 17.2525 19.647 82.6926 95.4447 46.0511 53.7477 42.1579 48.376 0 2.6164 97.6535 87.3518 62.928 61.6824 15.0832 54.9875 49.4224 29.1222 33.2502 34.2706 33.6847 35.0201 26.9157 30.5127 30.2883 28.7045 35.732 33.6303 31.6636 30.6323 52.4483 52.8115 51.7985 48.3425 66.3537 70.5922 80.3015 71.7994 62.0529 55.8211 54.2829 58.5321 99.038 102.084 90.5512 86.3909 24.515 22.552 24.7341 22.2767 44.1585 48.2104 44.8468 49.7155 80.9082 89.5134 94.5044 83.3533 29.4407 30.3429 29.9418 24.3209 43.4257 44.0872 43.4548 43.54 70.8791 76.8604 78.3845 35.244 24.0201 63.6793 46.5184 87.1961 41.1046 8.28075 50.6487 90.2809 81.6892 64.1485 40.6657 50.0768 28.9898 60.2521 60.968 88.4293 33.3195 38.402 34.6302 36.1289 65.4282 70.0925 66.4761 60.8904 81.4184 48.5765 89.019 43.9238 81.4262 16.1829 73.8324 24.7318 48.1098 45.6151 62.9235 21.7582
50.9147 43.9726 49.3094 40.6115 45.0257 46.5624 38.919 38.2652 37.9764 44.3719 40.6337 35.4959 41.0161 42.1033 34.4358 40.425 38.5124 39.2283 36.628 33.7744 37.0585 43.2842 48.9658 60.0798 57.833 57.2343 53.1761 48.1583 53.2969 49.0124 106.776 89.1877 102.103 98.7282 98.6585 84.8788 88.0086 98.3381 22.2309 21.1293 21.728 20.8129 14.7311 15.9598 15.9292 13.3022 74.6254 85.4489 82.8751 83.8148 74.5409 74.8552 71.3196 77.3566 75.7873 79.5455 78.2768 87.8404 38.4922 38.2557 39.0179 38.432 56.3308 51.007 50.0591 55.3448 22.2546 21.044 19.3381 19.7387 90.2922 96.9574 55.3265 50.8619 48.801 45.3625 2.6164 0 100.998 89.7533 77.1751 73.089 14.3378 55.262 58.8972 32.9593 33.5106 36.2216 36.8996 33.0489 29.9768 29.7932 29.8728 32.1994 33.4821 35.5284 31.7823 31.0135 57.1729 53.0538 55.9504 48.6559 77.5876 67.4366 69.6128 73.9894 61.8876 62.2316 61.3163 56.1991 91.5653 97.1367 97.9126 92.4918 27.8292 22.3486 26.0594 22.3829 54.1323 50.841 52.7791 50.4412 97.3557 82.7338 81.6306 83.0816 31.1588 25.9843 27.8836 26.4278 45.5844 52.9417 47.2452 51.229 78.6339 73.0914 71.3345 32.2315 26.3539 72.7113 56.462 87.59 42.642 11.4835 46.1932 90.567 73.4118 69.2305 37.732 58.2743 27.4954 60.2618 72.036 83.1842 35.5558 43.2125 39.0704 34.2805 68.1743 64.0954 67.3011 69.9267 81.314 46.1538 90.3523 45.0296 85.7508 17.7793 84.9264 28.2369 49.9605 45.5603 77.2346 23.3798
82.9148 92.3633 90.2014 77.1983 84.22 81.4234 106.328 92.5221 108.623 93.522 107.529 114.673 105.401 114.909 106.194 114.266 118.523 119.094 105.196 103.784 108.715 109.945 101.124 99.4025 104.014 99.5851 111.804 95.7235 96.7958 109.587 72.2712 82.6569 84.1938 85.6582 80.9391 71.8494 82.063 82.9532 80.7055 75.807 72.7481 82.6434 85.2483 88.4231 77.2341 80.5416 70.703 76.3969 70.1836 81.1099 81.7349 80.4798 73.6461 83.2278 54.1609 55.4298 56.2125 55.343 71.6465 77.0479 67.3944 73.7377 42.3406 44.7745 50.4991 44.099 97.6086 101.015 98.1231 105.104 57.0542 60.8271 117.625 123.789 108.11 113.094 97.6535 100.998 0 2.55028 66.4616 72.6928 90.6613 132.961 86.7889 81.355 81.2847 81.2609 74.8203 74.5419 78.3562 69.4417 72.55 78.0715 73.3971 65.8511 70.4304 73.2618 57.9534 69.4595 63.2044 70.1404 74.3657 70.4295 66.3445 74.1076 81.6574 73.1006 80.5818 77.4979 75.2905 77.8713 85.8874 82.7482 79.109 71.0008 68.959 82.7107 50.3248 51.7434 48.2312 48.6207 11.7705 13.1387 10.6113 11.919 81.0207 82.0202 85.5928 71.9912 67.3926 58.2281 62.7142 67.6142 51.1787 26.3495 59.2324 112.223 110.566 78.9067 72.4336 49.6719 105.822 94.8284 59.7693 41.3645 23.058 42.111 90.5885 48.8319 94.7121 42.083 46.7354 16.9809 119.007 61.9945 58.9164 72.4838 56.7279 33.2136 27.7101 35.281 76.8499 47.5019 59.1097 46.6636 19.8348 85.274 18.9908 79.3142 69.4438 68.1181 36.1309 84.8198
74.461 89.7903 82.6811 87.6382 82.5075 79.796 107.839 104.043 98.8242 100.798 100.163 105.234 113.042 111.299 106.818 118.733 110.427 103.845 117.765 123.766 121.907 110.707 89.6945 95.7239 100.905 106.915 108.853 104.154 94.1399 103.171 70.3045 69.836 72.3494 79.1639 73.1493 68.9253 70.8003 82.6801 72.8466 75.1018 73.5144 78.233 80.1874 83.1741 83.6528 80.9214 66.4191 68.0959 78.4959 82.8512 69.5801 73.488 77.4814 76.9416 57.1538 55.4802 56.6073 62.5769 70.6058 72.3381 64.3649 70.1688 46.7067 49.7638 46.5281 46.9661 95.1826 85.0891 90.076 96.2087 60.9409 62.5279 117.083 103.361 101.743 106.431 87.3518 89.7533 2.55028 0 68.5449 61.5007 79.9969 116.727 84.9914 77.5658 81.4602 86.8546 82.6449 79.9297 71.2731 77.2053 69.2502 78.6458 69.0375 67.9947 67.4219 64.2437 59.0278 63.8294 58.7885 69.0897 63.8691 64.8951 75.4743 77.9919 77.8882 84.3069 72.1404 81.0643 73.1428 80.1856 74.239 87.0313 66.8904 73.9392 69.7505 72.3207 46.3947 44.96 45.6296 53.4628 9.36872 9.2783 7.73793 8.59621 72.74 80.7893 80.8631 81.3528 56.3617 63.8426 65.7232 57.9882 48.119 24.0415 53.1607 102.256 93.6497 84.7129 70.7235 52.5889 113.942 86.8482 56.4552 43.0318 19.0612 40.9373 82.653 43.9577 101.802 38.4342 43.3826 14.3493 116.449 58.8322 60.2313 74.5202 58.4164 29.8506 24.4679 32.3599 66.0577 53.7311 58.1248 51.0561 18.1373 84.7078 14.5155 73.486 66.8732 69.8463 35.7409 92.5526
29.53 30.4029 32.8277 30.122 28.416 33.0426 45.3846 46.5905 50.4149 47.7467 51.3518 52.4543 50.5742 52.2109 63.2434 59.7715 61.3785 62.2794 59.7379 58.4806 57.8909 70.5181 38.2552 37.2412 42.6059 41.2401 44.3436 45.3314 41.8879 43.3547 28.0521 25.0024 26.7268 28.8334 24.3653 23.9243 22.5681 24.5817 54.5067 51.8236 57.8222 56.5218 58.4961 60.9871 65.1943 63.9485 12.9046 13.2307 16.0432 15.3603 10.0669 12.2042 13.4483 13.3611 16.2665 14.2236 13.8704 12.2799 35.1735 32.5985 28.854 36.0542 44.0427 43.4323 40.6144 37.1347 88.4732 85.6814 85.0888 83.8538 23.2402 20.296 47.3486 59.0076 57.3361 63.9479 62.928 77.1751 66.4616 68.5449 0 2.32672 72.971 78.8448 19.9913 37.9433 37.1107 37.912 34.549 38.744 64.2986 74.1706 70.5057 66.0267 56.74 62.6209 63.0917 58.9213 18.4068 18.9477 17.5737 19.6904 6.97826 6.52822 6.97399 6.70645 18.1216 16.2654 16.7791 19.1774 29.4342 25.3018 30.2109 25.1087 52.0761 59.4352 58.9605 53.4241 34.0747 34.8354 39.5912 34.5633 67.1217 60.7717 65.1914 68.6986 76.3927 72.1459 72.1334 79.3431 23.8564 24.2099 21.7302 23.2707 20.1412 45.5248 8.19706 57.1753 61.2423 14.145 18.9589 27.1166 49.0916 57.7497 69.8068 30.0705 52.6725 67.5849 100.179 34.1696 53.1348 29.4931 66.5103 53.3 69.3039 37.2854 41.1455 75.2033 7.25081 48.5867 60.1417 57.2359 15.3067 49.8262 22.3777 48.9141 56.1402 78.4496 65.886 44.8831 70.6623 78.7113 32.3381 52.1319
27.1501 25.5075 26.9254 25.6112 26.8278 27.0091 41.8982 43.0222 46.8047 48.9138 50.1766 45.688 45.8926 53.5241 54.729 51.2948 51.6576 59.2111 66.0538 56.4973 57.0387 62.8467 37.5903 32.9346 39.7955 40.5039 41.9101 45.1011 42.3999 38.8188 30.4798 32.731 27.5857 28.7546 23.1381 24.6683 25.1314 24.5768 52.8847 50.2549 57.5546 55.9405 58.8264 58.4979 54.526 52.77 14.8036 15.8891 14.9308 16.4804 11.9971 12.4232 13.135 14.4547 18.172 15.4132 18.4377 14.9783 29.304 33.7114 30.0477 30.0602 36.6737 38.0704 34.5574 39.4802 72.6499 85.615 79.2007 81.2415 23.8876 23.2784 44.8286 51.0044 57.9231 54.7424 61.6824 73.089 72.6928 61.5007 2.32672 0 70.9842 65.9678 17.0094 37.36 33.0493 37.7348 34.819 36.2541 72.297 72.8745 73.3001 71.6399 59.5713 64.7749 52.8712 62.2828 17.414 18.8345 15.8713 18.3376 8.73893 8.23758 8.37559 8.33374 14.3045 14.9028 16.0029 15.13 31.6041 29.4337 30.5777 27.7655 56.4274 57.3236 47.365 55.1384 40.0338 38.5323 38.2936 35.2573 63.7874 61.2584 66.9404 61.3294 75.5879 67.2999 72.2279 72.6811 20.261 21.9514 18.6958 20.9477 20.9647 49.9149 9.92951 56.3188 57.9245 13.8561 14.6452 30.3293 56.5019 60.9803 68.0268 34.4924 54.4462 63.3274 83.7447 33.0415 52.1016 26.9686 65.2162 46.9305 62.2531 38.1595 38.4586 71.7672 8.8211 51.5802 60.9709 59.8139 15.8218 45.2051 24.0765 50.4516 64.4293 79.3657 61.3673 45.4438 74.0426 71.9632 37.9023 43.4852
44.1801 50.642 49.4755 48.5355 48.3719 48.8779 46.9854 51.0356 49.1591 50.5457 45.7809 50.4908 50.4482 54.5283 45.8245 46.4725 50.2119 54.7189 43.9581 44.7814 50.1895 53.8923 61.5071 60.8738 60.5973 62.3439 62.1254 55.177 54.4341 55.2387 88.2891 87.7391 88.689 94.7953 81.8125 82.3501 91.2171 89.0878 11.8063 12.8058 13.8283 14.6189 6.59489 8.80086 9.43944 9.35823 81.4128 81.7664 84.9797 75.4052 71.9431 83.1352 76.3586 81.6506 70.3496 74.5267 69.8842 82.5169 32.954 31.1528 33.0764 37.5543 38.967 41.0941 39.7835 36.8269 13.1089 13.9529 12.7746 14.972 90.2955 82.7822 57.5025 60.4876 62.2296 58.2203 15.0832 14.3378 90.6613 79.9969 72.971 70.9842 0 58.0257 52.5146 28.6764 37.3964 32.7679 39.1469 34.6346 14.6034 15.0927 13.3817 13.0476 19.9602 20.1932 17.1092 18.5276 53.6366 45.6976 46.9201 47.9726 69.1372 67.1729 78.1956 75.737 63.7972 61.5537 61.0178 55.4747 94.179 98.0392 91.9636 102.86 14.9416 13.2949 15.3376 11.9534 41.7986 40.984 41.3663 36.9685 77.0736 70.1387 78.3209 75.5688 12.9721 13.1163 13.5377 12.6911 42.7724 43.084 44.0214 40.1695 67.6996 62.3902 65.7747 44.8091 33.872 70.9115 54.6798 79.2156 51.3499 15.8617 33.7923 79.2997 64.5383 50.1549 26.3232 47.7333 41.654 61.3903 55.3175 77.3389 42.4453 31.6956 30.5628 20.3785 72.6547 58.1642 57.053 58.7686 87.5036 31.5786 85.2487 39.6842 72.1787 7.04181 63.8727 25.0099 32.9894 30.1976 59.709 34.2926
48.0719 46.0768 47.0398 42.3679 48.5227 47.7188 27.7144 29.0323 26.6761 28.6004 24.54 25.4293 21.5449 23.2013 18.791 18.9986 16.8365 15.9653 14.5706 14.526 14.5031 13.6283 38.2009 33.9768 31.8435 35.0318 28.6666 28.6292 31.3647 29.9155 92.3488 94.5525 90.4569 99.3705 91.3093 84.8744 88.157 93.1049 58.9346 61.0388 56.1516 56.71 64.6151 60.9862 57.584 53.975 73.5372 75.7336 77.4466 72.7228 71.3098 76.0341 67.6418 72.1764 95.2323 78.1078 89.9393 82.7801 54.8757 62.5805 59.893 57.4718 86.9539 84.9459 88.9506 86.4121 78.5812 71.4114 66.249 65.987 86.6051 85.5328 21.8366 18.0394 15.9366 13.8291 54.9875 55.262 132.961 116.727 78.8448 65.9678 58.0257 0 58.0567 42.5708 49.8516 42.6506 41.6859 45.2516 73.9359 79.3141 77.2234 80.3108 78.4314 82.2484 74.697 81.883 65.2167 69.3555 64.8825 59.1181 72.5982 65.0426 68.7062 69.8251 57.818 50.2885 56.3174 55.907 91.1107 92.8906 88.6755 89.2712 71.2585 64.1454 60.6064 66.8526 71.5879 77.9859 76.844 80.9247 122.512 117.1 128.965 131.926 77.3365 76.136 82.9096 72.1607 61.3387 63.6866 71.1369 65.0364 86.12 104.316 83.8163 16.6628 30.6793 64.4403 61.7083 106.343 20.6904 49.8902 99.7872 100.665 101.918 96.5305 82.7733 81.8762 27.9721 81.5952 102.275 119.077 15.7931 74.3948 66.7995 86.1082 75.8421 103.236 99.2753 109.945 85.2182 86.5424 93.4432 88.1982 105.911 65.102 116.004 51.5334 89.8948 95.082 97.1515 35.6208
10.264 10.7175 12.4391 11.336 9.70756 14.4276 25.5743 28.6622 28.6756 26.9756 29.1669 35.0279 34.2296 32.4658 37.1768 37.9728 38.3447 39.1821 41.816 42.7654 40.2912 47.5823 18.637 20.5671 18.7635 22.4198 21.5563 23.5208 25.2961 23.1765 44.5098 41.9805 39.8983 40.3585 40.5761 35.8058 41.1037 42.5312 43.6835 44.9428 43.4756 42.7888 48.3194 50.9688 52.4846 49.4349 24.7474 25.924 26.4375 27.3729 21.4215 22.3381 21.3896 22.5429 37.4612 35.3604 33.5393 34.913 23.4608 24.7666 20.8508 22.0952 45.5756 42.3669 39.9606 42.3493 67.6838 66.5646 65.9499 76.3672 39.2167 37.4086 30.5619 34.6363 37.0074 36.3008 49.4224 58.8972 86.7889 84.9914 19.9913 17.0094 52.5146 58.0567 0 25.2289 20.5112 21.8631 21.3928 19.2946 64.6611 65.0869 56.201 59.7783 57.6775 59.4494 58.326 56.4965 19.8636 19.6779 19.2511 16.273 23.8149 21.5238 23.5416 22.3391 3.15 2.53233 3.39482 2.66149 43.8265 41.8425 43.8043 43.0798 43.3403 48.4594 43.5004 47.6333 42.5501 40.6792 38.9728 34.4761 75.7036 77.429 82.6242 82.4503 64.646 64.1143 59.1486 65.0104 20.2995 21.773 19.8534 20.2781 32.9617 53.4155 25.5515 41.7076 36.9683 15.5812 7.36723 45.6674 35.0946 43.4673 69.973 49.0148 58.4883 64.7789 90.4802 36.2731 34.4296 40.2305 78.2099 70.4091 43.3709 36.1965 32.2514 60.1412 26.9405 55.0636 64.7439 68.6431 33.3662 46.9529 40.1488 49.8413 67.7777 62.9727 77.2399 29.9899 79.9729 74.1952 48.137 33.5635
16.2778 16.652 15.7203 16.1138 17.3045 13.5204 20.4878 20.5032 23.6328 23.1333 22.4124 22.442 25.0967 24.3187 27.1532 28.4631 28.2201 30.0915 29.586 33.9258 30.8184 37.0142 29.3672 28.6517 34.1168 34.2305 30.6311 28.3351 31.976 30.4516 67.1877 69.7511 73.8481 68.2156 67.9825 66.381 67.2923 59.0489 23.5827 20.6402 18.9864 17.6973 25.4459 22.42 20.8789 21.8816 55.9567 56.2654 48.8845 57.8336 47.5739 43.9208 47.0101 46.2829 55.5102 49.5243 56.5167 51.928 14.1032 11.9092 11.1412 9.14971 39.1548 34.084 36.7596 34.9767 42.6261 43.0031 42.8197 39.8492 63.5645 62.7773 37.5628 36.3903 37.2558 37.6949 29.1222 32.9593 81.355 77.5658 37.9433 37.36 28.6764 42.5708 25.2289 0 5.17354 4.74095 5.37156 4.93767 38.6685 40.5475 36.2033 42.8763 33.3779 35.0072 35.7471 32.739 25.8235 24.7918 25.418 24.0874 49.084 42.0187 43.3632 45.0408 29.8319 25.5805 31.0155 29.0607 64.7313 60.8397 65.7364 60.1928 24.4065 25.0619 20.0944 21.0052 30.0248 31.1279 32.9723 32.0846 79.1735 74.9496 77.0102 76.6737 42.5206 40.36 36.1572 38.2713 21.1217 20.7479 23.9658 23.1096 45.7884 61.5944 48.1457 30.0691 20.8711 36.0974 21.6945 58.05 25.2816 21.7709 51.3118 64.5931 60.7106 55.2225 64.1536 38.0771 20.6172 39.5571 61.8711 61.7901 30.2932 21.8866 18.8219 48.6368 45.6798 56.1483 54.678 64.2929 54.7329 32.4301 54.3211 41.791 67.7246 34.3934 75.0223 6.09376 55.4546 51.2976 46.6768 11.2581
12.7238 12.2444 12.4287 11.861 11.8871 9.10946 20.9269 21.0568 22.8444 22.7385 21.5843 24.0627 25.7177 27.6099 31.8227 28.9099 28.8424 30.6424 32.738 36.5194 37.073 38.7999 28.3537 27.6452 28.6179 29.2343 26.2134 28.2334 26.6417 27.207 62.5712 59.4122 60.8213 63.2431 52.6799 55.1493 62.9981 55.096 25.5091 22.8828 23.5968 22.6388 29.4908 29.1099 26.9285 26.1257 47.3625 46.9638 46.0285 44.2477 39.8089 41.2036 40.545 43.0138 48.8257 45.4057 44.7571 47.9532 13.1237 11.5454 9.91694 9.37223 40.6242 32.8949 38.5616 34.0809 46.6993 49.5127 46.4976 45.1083 53.0665 52.2245 32.7702 35.8966 31.6825 37.4618 33.2502 33.5106 81.2847 81.4602 37.1107 33.0493 37.3964 49.8516 20.5112 5.17354 0 1.03243 1.04935 1.47031 48.5109 45.606 42.1361 45.9325 39.7946 40.1447 36.9707 37.4922 21.8384 20.6182 19.5938 19.2072 39.5581 41.1121 39.1393 41.2619 22.7306 24.7971 23.6175 24.9884 60.4123 64.861 60.1201 65.2819 25.058 27.1193 28.806 25.2584 31.3508 34.1665 30.3536 27.6792 68.1925 80.1496 73.2027 67.0707 45.9276 43.8299 44.0488 46.0052 19.1559 19.4513 17.8039 17.746 43.8284 58.7646 43.831 33.3181 21.3007 36.8462 18.6102 60.4581 26.5273 26.6084 53.038 57.275 59.3947 58.2063 59.322 35.0586 21.8649 42.5391 67.3143 63.2878 33.1224 25.8144 20.1661 43.8919 42.3395 57.4525 54.5625 60.7652 48.728 39.1227 55.6155 41.2887 71.0411 41.6573 69.8723 9.69087 55.2504 51.8671 50.753 13.75
13.6545 11.3388 12.2536 11.3508 12.209 9.28984 20.0754 22.0856 19.4114 24.4804 23.8661 21.3294 24.5274 24.3428 29.1895 26.5963 28.2035 29.421 31.4158 33.2412 35.0134 35.9032 26.6852 26.4808 26.075 30.4697 26.5122 24.9127 29.8722 29.9135 65.6073 67.0429 60.0779 65.2975 63.5458 62.0507 61.2138 59.998 27.0446 23.7727 22.6041 23.9668 30.9275 25.2343 27.1681 26.0889 48.2685 51.2824 49.977 49.7636 44.1011 44.2336 46.6608 41.7786 54.5848 48.7758 47.0955 50.7087 12.472 11.4421 10.675 9.51034 39.9932 39.6597 35.175 34.114 47.5045 51.5479 48.9903 51.7353 60.4853 56.504 31.5264 36.377 33.032 37.7621 34.2706 36.2216 81.2609 86.8546 37.912 37.7348 32.7679 42.6506 21.8631 4.74095 1.03243 0 1.35314 1.04663 45.0749 47.3375 46.6702 43.9214 36.8742 38.7761 41.1062 36.2441 23.4783 22.8201 23.5329 21.2097 39.7617 37.3278 44.3966 40.129 26.2969 23.9434 24.0383 23.0805 58.663 63.5667 67.3529 59.8706 27.4175 26.8476 24.032 25.6359 30.2323 29.602 31.0871 33.0738 77.1022 71.3639 74.1795 70.2812 46.8825 41.4289 44.4328 45.1243 21.7904 18.6217 21.8404 20.4953 42.2452 53.7549 39.1894 28.6566 20.9293 34.1754 20.0826 61.256 26.6018 23.8587 53.6696 53.9137 65.9338 64.4384 64.7211 31.9196 21.338 37.7687 60.5839 70.5974 32.4673 23.3089 22.9345 53.2702 37.6404 53.947 58.5178 56.6754 54.3958 34.894 60.7842 41.0036 66.0417 45.4147 67.7366 10.8587 53.6273 57.0782 48.2295 12.9153
11.394 10.4303 10.4541 10.8456 10.8945 8.11035 18.6257 21.4152 18.8223 22.9741 23.7683 20.5996 24.2692 25.5214 29.0158 26.2732 29.2822 29.3068 29.8415 34.0237 33.0547 36.9721 23.3796 26.0861 24.9391 29.3585 26.5926 26.381 24.8241 26.6136 65.9522 61.4546 63.0263 61.656 55.0743 62.924 55.5622 54.8222 27.7142 24.8808 23.0186 22.0991 29.7237 26.1543 28.849 28.0942 48.4973 47.5129 49.2518 47.2419 43.1429 38.8255 40.7188 46.4357 52.4595 49.8786 45.8377 48.1369 13.3925 11.4454 11.168 9.84318 39.6702 38.5979 39.9117 31.9365 50.1775 55.2927 51.6882 51.8883 64.477 55.8156 30.029 31.4915 35.1849 33.6466 33.6847 36.8996 74.8203 82.6449 34.549 34.819 39.1469 41.6859 21.3928 5.37156 1.04935 1.35314 0 1.03658 49.2159 47.7121 47.7341 40.5018 42.7161 38.4787 37.1976 41.3742 22.0313 22.3885 23.0812 20.6147 36.8986 37.8321 40.6143 39.4817 21.5934 22.6935 22.6323 25.1964 58.1547 55.8187 58.9486 62.1926 26.6113 28.5141 29.7177 28.0244 30.6787 30.6031 28.9409 28.945 82.0424 70.578 69.8535 66.7 45.2123 45.6909 45.7703 42.8816 21.3751 19.9768 21.714 19.9662 39.5304 53.1094 41.5351 29.8748 22.598 34.6691 16.9868 59.6601 24.9654 24.5441 50.9126 56.0971 68.077 60.4335 60.3674 34.507 18.8421 40.5879 66.5709 62.1184 35.133 27.0751 24.8606 45.7603 38.1249 58.5069 60.1772 61.5652 53.2754 36.8593 57.4554 39.7835 73.8925 41.7218 67.3769 10.3901 61.3145 55.1423 43.2943 12.8798
11.7518 12.6054 11.4349 10.1917 11.6604 8.05208 19.2759 17.8251 21.335 22.1897 20.2236 22.3163 21.5797 21.9855 28.8599 29.5252 31.9237 31.2238 29.4849 33.6182 31.6305 32.4651 23.5094 23.6334 29.849 30.4436 22.8605 24.851 27.033 26.7905 59.2282 57.6801 58.472 62.9228 59.16 61.8031 53.2647 54.8176 27.9674 23.5485 26.8092 23.5503 29.32 29.3594 26.9638 26.4143 42.5819 42.881 49.1213 45.1892 38.6173 42.9876 40.6215 45.7311 49.3811 43.7825 49.487 49.4529 12.8173 11.7965 12.1534 10.5368 38.5046 37.5071 37.4711 38.3419 53.5462 46.9422 47.5677 50.8958 64.3831 54.0858 32.2572 30.3472 32.9717 36.027 35.0201 33.0489 74.5419 79.9297 38.744 36.2541 34.6346 45.2516 19.2946 4.93767 1.47031 1.04663 1.03658 0 42.4379 42.1849 48.5302 40.6922 40.8392 38.9464 42.4738 35.5229 21.4899 20.8289 21.2408 22.4541 41.3439 43.0362 43.4106 40.6486 24.3275 22.4186 26.5317 24.1323 57.3099 60.6173 62.2175 60.8187 27.2032 28.4506 25.3057 27.3436 36.1393 30.2914 31.6725 32.3975 74.1212 71.5024 74.0376 74.7687 47.611 51.0092 43.0949 47.0008 21.1527 20.2496 21.3624 18.8161 41.8463 61.6477 45.6746 30.3218 20.9152 37.7674 20.0868 60.5205 22.4045 25.6672 51.5816 54.0446 57.3663 63.0646 66.413 34.7566 18.8429 41.7444 70.818 61.5831 29.2931 24.6412 23.1432 48.342 39.2586 50.5713 65.8891 64.4478 46.777 40.3352 52.6098 37.2157 73.8193 42.1222 72.6517 11.7355 53.5682 53.4079 44.0751 12.1354
56.6729 55.8331 60.1875 59.7896 54.0457 54.6515 64.4316 56.3492 61.084 57.7281 53.2107 55.4217 57.7299 59.5063 59.8769 66.6772 70.1086 60.2883 67.9438 68.6254 64.0671 68.952 70.8008 68.7068 65.4791 68.9098 70.928 75.7066 73.618 72.1791 102.289 94.4757 92.4271 91.7559 91.8592 99.8766 90.0432 98.2452 19.301 21.0854 22.102 24.139 18.9279 21.6155 20.1593 21.0951 79.289 82.6255 79.9053 93.9005 84.3818 87.7675 80.954 81.6461 82.1041 77.6221 70.5643 81.7927 42.8108 36.7885 37.7655 42.4299 38.3198 32.48 34.5749 33.728 19.8115 19.5431 19.0306 19.7284 88.755 81.4009 66.6385 74.8196 74.5656 76.7349 26.9157 29.9768 78.3562 71.2731 64.2986 72.297 14.6034 73.9359 64.6611 38.6685 48.5109 45.0749 49.2159 42.4379 0 0.985879 0.928306 1.35788 9.04161 8.66598 11.309 9.29813 53.2142 53.7488 52.3567 46.2547 69.4094 73.8352 81.9173 83.1017 61.579 66.0472 69.8033 67.4933 90.9046 88.6936 103.895 105.914 16.5191 18.1559 16.8539 17.7953 37.1941 33.1898 34.1136 37.4866 67.3322 69.3073 58.9466 65.5519 3.08923 3.72294 3.2556 4.40091 51.3554 45.9614 50.2834 45.3419 65.0625 60.8921 67.0658 66.8221 55.3565 77.9884 56.0049 87.7235 58.3137 27.5057 19.1665 80.3107 57.0883 35.2316 23.2534 37.5352 47.7445 56.3674 35.6983 61.9306 57.7565 33.272 30.4536 4.80044 68.991 46.226 46.8221 41.5735 88.0121 29.122 79.3476 30.2009 59.7286 16.7585 61.7452 37.8244 16.6447 14.8706 57.1475 45.4943
52.6369 54.4314 51.4934 60.8167 54.3265 50.598 62.199 62.5234 61.068 57.0319 59.405 55.9559 59.5427 59.7013 56.9578 59.2229 61.9172 62.102 61.7921 61.8205 64.1292 67.0036 70.9666 68.8945 68.3462 69.4425 65.8613 76.7572 70.8437 71.4518 106.31 95.0891 89.8201 92.767 98.8937 88.5745 96.7113 90.7085 18.9361 20.8549 20.5285 21.5077 17.862 20.6972 23.6082 21.8388 90.5889 77.4747 80.6175 92.533 81.0403 88.2454 73.7682 88.0863 79.934 76.341 77.8727 74.0616 41.012 38.8643 42.858 43.7954 40.6325 32.5336 40.3544 37.8351 16.1344 21.2511 19.3142 21.6878 89.8842 84.7061 77.5416 71.326 76.164 71.0808 30.5127 29.7932 69.4417 77.2053 74.1706 72.8745 15.0927 79.3141 65.0869 40.5475 45.606 47.3375 47.7121 42.1849 0.985879 0 1.51751 0.930086 11.3289 9.97662 11.9047 11.2646 50.4094 51.9579 49.3531 51.556 73.9998 77.9951 74.3988 81.7578 60.376 60.1625 66.7656 68.31 106.544 90.8791 107.258 99.6901 16.8297 16.5469 17.1204 17.1594 35.3046 38.7426 37.4152 36.287 70.1242 62.9602 70.2473 60.3306 2.1995 2.85848 2.5617 3.33534 44.4681 48.7587 50.4703 47.9961 59.7982 54.6544 65.2469 57.5828 53.1455 75.2931 57.8393 78.7704 63.0372 31.9266 18.3953 72.8568 55.7341 38.822 21.1959 39.7322 52.7525 52.2178 41.2501 62.4043 61.5352 32.8619 30.0763 5.30719 66.4783 45.6451 55.5054 45.1051 85.4811 27.3582 77.1558 26.8979 57.9101 15.8535 59.0524 31.9002 15.6668 14.2124 51.075 42.2365
51.2802 56.1082 54.5212 55.5696 55.9461 50.759 53.2481 63.2387 66.5563 59.126 53.5545 62.9281 55.2354 65.2576 55.9515 56.4174 62.8157 62.0159 57.8726 67.3407 68.2177 59.622 65.0685 72.4837 74.8137 77.1063 66.6666 66.7995 67.6697 72.9433 86.6084 88.4661 104.02 88.334 88.9654 95.6852 90.7185 87.654 17.2218 19.0638 20.844 20.9682 16.6775 19.9662 21.3294 21.3687 83.0937 83.1425 81.3099 83.4867 84.0184 72.126 78.8792 75.9343 82.4146 73.9696 71.5054 80.5158 40.6346 37.7633 40.0282 38.3437 40.0435 34.3618 35.1098 36.5851 19.0852 20.9841 19.3148 20.2519 96.2727 90.129 73.0001 65.9357 66.7079 63.6246 30.2883 29.8728 72.55 69.2502 70.5057 73.3001 13.3817 77.2234 56.201 36.2033 42.1361 46.6702 47.7341 48.5302 0.928306 1.51751 0 1.06737 9.42297 8.20651 9.74617 9.78875 51.404 54.4622 54.8238 49.158 69.9103 79.6285 71.285 73.0279 59.5075 67.3905 66.2171 62.4293 102.553 95.3367 92.9555 93.4934 15.0149 15.7244 17.1486 15.8186 37.6218 33.0734 34.2138 37.4931 66.6349 64.6875 63.5452 61.9462 2.81958 4.22212 3.0156 4.2411 46.8583 41.6194 51.0935 49.8788 58.1069 55.0947 64.2211 59.5358 53.0849 73.8369 51.0221 75.3188 60.2534 28.8799 20.8683 80.2628 54.4264 37.4058 20.3967 42.635 55.017 49.3374 39.1585 71.3197 62.8451 34.7357 26.5834 5.83799 71.4444 44.8719 47.4823 45.8323 76.3215 30.248 82.0501 29.0844 57.0948 16.8044 60.343 31.1877 17.597 14.1123 51.1581 44.2853
54.9059 57.4008 60.8905 59.8419 57.8289 48.9538 63.3532 55.8758 56.5797 58.4279 53.6584 60.9375 58.578 62.4232 65.699 57.6806 67.138 60.4592 65.9409 59.3425 70.2514 65.3262 73.3215 68.6496 70.0387 72.0471 73.466 73.1502 75.7652 70.2994 100.842 96.9319 101.928 89.908 94.2961 91.7178 101.136 91.2461 18.0733 20.7128 22.248 20.3158 16.5131 18.7459 21.2279 23.7166 74.7349 76.1432 89.6676 88.1206 72.124 87.0733 83.5654 87.2249 77.0912 74.1773 83.7733 76.803 36.1317 40.4334 42.5653 35.7897 36.4848 33.995 37.0072 33.8639 17.5013 20.2587 16.7854 19.1215 80.3178 82.3869 65.38 76.2841 66.1658 64.8088 28.7045 32.1994 78.0715 78.6458 66.0267 71.6399 13.0476 80.3108 59.7783 42.8763 45.9325 43.9214 40.5018 40.6922 1.35788 0.930086 1.06737 0 10.8731 9.01342 10.4189 10.5329 47.6405 53.1517 49.1033 54.3453 69.7085 77.0218 77.6609 68.983 65.3841 68.7331 72.2251 59.4413 102.5 95.6463 102.422 99.5883 16.1855 16.3804 17.4172 17.6742 33.5145 34.3697 35.3449 33.6212 60.2782 65.0341 62.009 70.7934 2.02732 3.33232 2.09849 2.73066 46.1924 50.228 43.1806 48.8378 65.4983 58.4228 65.1228 54.7643 53.6264 70.4557 60.3387 74.6163 62.2045 27.4719 20.1991 78.9977 58.591 37.5412 21.6182 42.0597 53.1775 55.4079 36.403 65.7055 56.7128 33.8204 26.755 6.44338 63.5076 51.0118 55.2433 40.7046 93.4332 27.5884 87.3391 28.1794 55.0901 16.0675 64.3467 31.4102 16.4227 15.5478 58.3456 46.6909
46.6362 48.1563 46.2794 51.4376 47.9238 50.4977 50.4954 62.3053 60.6077 59.5884 54.9912 52.277 63.0269 55.4337 57.0912 59.3078 66.4955 69.9583 67.1762 57.313 62.1798 64.6056 61.0686 66.4195 62.7115 64.2406 64.3662 60.6947 65.4922 74.393 80.5895 96.156 92.4758 84.0194 82.3269 90.003 79.9425 87.5953 16.2886 17.4927 20.6963 22.0427 18.1884 21.0198 20.2007 23.9305 73.0791 72.3437 82.521 70.8634 65.7844 67.003 79.3747 69.2909 62.3325 60.3743 65.4544 61.763 29.3319 28.7557 34.0582 31.2577 28.0372 26.988 29.7722 26.5093 26.6706 26.467 24.6082 27.8042 80.0366 69.1398 74.6826 66.8111 63.6159 66.1156 35.732 33.4821 73.3971 69.0375 56.74 59.5713 19.9602 78.4314 57.6775 33.3779 39.7946 36.8742 42.7161 40.8392 9.04161 11.3289 9.42297 10.8731 0 0.934917 1.09746 1.30466 41.0025 42.1787 40.8541 44.9557 68.331 66.5309 70.9914 64.8368 58.1257 54.6623 55.6951 57.8141 88.6149 90.931 84.0905 80.3943 11.823 12.7584 14.6004 13.5081 27.5852 25.0886 25.3437 25.7819 52.1546 58.984 57.2827 56.9808 12.9704 14.641 13.0902 13.3464 42.0024 34.8744 35.6424 41.2606 48.042 51.7139 57.4952 63.6957 51.4775 69.3759 48.7993 70.7987 53.6945 32.873 16.8403 63.2612 44.7897 33.2086 28.8163 30.3377 54.6844 40.6222 29.9938 53.0139 60.4044 25.2457 18.7709 12.4131 61.6947 40.2935 38.5573 35.4131 79.3315 19.2052 68.4913 17.5601 44.2144 24.1906 50.2599 29.0785 18.5358 16.8231 47.9942 44.4776
55.24 45.5937 50.654 51.1465 48.6158 43.1526 50.7005 51.3885 54.7963 61.7194 60.9711 57.7969 63.0771 56.8091 63.7442 65.6629 67.5471 58.2691 61.4335 64.7117 60.2285 59.5305 68.3942 59.6927 72.9085 65.7526 69.2232 62.1828 65.5226 71.1436 91.2703 91.4326 81.0298 82.6747 81.9249 91.759 79.4413 89.8523 16.6079 17.237 17.0115 20.4368 19.9343 22.0845 20.812 22.6404 76.5388 77.908 79.8216 78.7064 74.3991 74.0257 80.195 80.2383 68.2699 68.0656 71.2318 70.7934 31.4242 30.8082 31.2761 31.6638 28.8363 28.2738 27.8952 28.5066 24.5658 31.0008 26.6551 30.1195 83.831 75.7971 76.1434 64.568 73.6883 74.2534 33.6303 35.5284 65.8511 67.9947 62.6209 64.7749 20.1932 82.2484 59.4494 35.0072 40.1447 38.7761 38.4787 38.9464 8.66598 9.97662 8.20651 9.01342 0.934917 0 1.39651 0.923357 40.2718 41.9869 46.2373 40.3199 74.2607 71.8187 69.4083 70.1005 58.5656 60.8911 53.9681 55.2731 84.7269 82.3908 83.6513 87.8126 13.7658 12.7797 14.6989 14.3765 25.9136 24.5812 26.2151 27.8701 60.978 52.8069 59.0527 52.4523 11.4023 12.424 11.0345 13.4596 38.546 41.5047 36.9177 40.206 48.5782 45.9747 57.918 54.601 52.9477 67.184 52.1025 66.5802 62.9631 27.8907 14.4661 66.8788 44.5752 29.5205 31.9995 32.5798 46.9597 47.5373 32.3423 56.9246 62.9892 22.8068 19.5604 10.2286 60.3667 40.8715 46.7293 37.1537 69.1557 19.0906 76.5766 18.7544 51.9413 24.0595 52.6533 29.8729 17.6724 17.4978 45.9763 39.171
45.163 44.3374 45.6276 47.9265 49.8995 44.2223 59.6463 53.8089 52.8863 54.2164 60.6804 54.0889 53.718 56.3412 60.2498 58.4619 57.8646 57.5283 57.2012 57.9721 64.4771 59.9664 65.2622 71.3794 60.072 61.6824 65.7995 63.9758 66.2058 71.4709 84.4573 91.6087 90.5966 81.9887 88.9192 89.1209 89.7761 80.6283 16.916 15.9959 18.6102 20.3428 18.2158 18.3731 20.1026 22.5483 75.953 79.5551 78.1207 76.4123 73.0025 75.422 75.672 67.0277 65.0707 61.0069 66.3751 71.5699 32.3457 29.9283 31.6148 32.8909 25.4199 24.4099 28.5083 26.0596 25.8919 29.4842 25.1384 27.0888 72.7615 82.818 75.1851 67.1683 62.2184 63.6744 31.6636 31.7823 70.4304 67.4219 63.0917 52.8712 17.1092 74.697 58.326 35.7471 36.9707 41.1062 37.1976 42.4738 11.309 11.9047 9.74617 10.4189 1.09746 1.39651 0 0.921708 42.4693 39.1703 39.5707 43.3802 64.9599 68.2119 62.6688 72.0649 58.8946 61.6781 60.0449 55.5134 93.4688 81.9574 90.791 84.7146 10.6929 11.9263 12.4111 13.436 25.1576 24.9347 25.7835 27.4775 57.66 60.2767 58.0232 53.8364 12.3185 14.6423 13.3857 13.5331 34.7182 38.8187 40.4255 39.0996 54.3588 43.4902 60.3256 54.6091 50.6583 65.1465 49.7885 77.6223 57.771 29.1466 15.3907 67.9001 49.9448 30.5636 30.5206 26.98 51.2014 46.1695 32.6067 55.6253 55.0282 21.8671 20.5724 12.4018 59.8572 38.2658 42.2745 36.6273 73.6424 17.6195 70.3784 19.5099 49.6926 22.6633 47.8067 32.3822 20.8625 17.3402 48.1072 44.7367
46.3949 53.398 51.919 44.3416 48.075 50.2343 50.1771 51.8254 51.3987 52.8201 60.0037 50.9169 60.6434 52.9 63.7085 60.2985 60.621 66.7826 63.6438 55.8868 67.8268 61.4757 68.1604 64.9117 64.703 64.6412 68.0256 59.1541 62.201 73.1743 79.9618 79.8316 86.9746 90.2412 81.6205 77.1222 83.0202 87.4081 15.211 17.9625 17.2663 19.7548 18.693 21.0609 19.0403 20.5982 68.2625 74.5485 78.5171 78.2948 76.0023 66.0257 68.1312 69.0057 63.6241 59.0378 62.124 70.0472 29.2408 27.0231 30.1308 33.6024 29.6049 24.0134 31.7947 27.8861 25.6404 27.6312 27.6463 28.0969 74.3818 78.5917 74.6996 74.7618 72.6257 69.3898 30.6323 31.0135 73.2618 64.2437 58.9213 62.2828 18.5276 81.883 56.4965 32.739 37.4922 36.2441 41.3742 35.5229 9.29813 11.2646 9.78875 10.5329 1.30466 0.923357 0.921708 0 43.1645 45.6737 46.742 46.0777 68.8004 63.0716 68.2773 67.3781 55.736 52.2249 59.9689 61.9833 95.9623 93.3585 89.5357 95.4132 11.4991 10.9604 12.0752 13.3471 29.2582 24.5669 29.5197 23.7196 59.3525 61.2229 59.6013 55.9266 11.3182 11.7325 10.6545 11.4411 35.5688 35.7636 37.5595 40.925 52.9771 51.1293 64.4835 53.1281 53.1604 67.9716 48.4878 77.0358 52.6765 26.5402 17.6748 58.7078 44.2665 34.9537 32.3481 31.3289 53.6662 39.5473 35.3587 61.6668 59.2535 24.1156 21.7269 10.7623 63.2944 35.9674 43.0833 34.7359 81.8176 19.2673 69.1669 20.7446 53.3125 24.0055 52.7462 28.7707 20.3767 19.8541 46.6211 39.5807
22.984 21.5519 23.1381 24.27 20.0466 20.7542 33.8681 38.1889 42.6111 37.197 41.9739 44.5095 45.3454 46.9303 50.5102 52.5979 51.6965 52.1085 53.7279 52.7306 60.1639 58.5268 35.0251 34.7214 34.4669 42.9612 35.805 41.0334 38.5243 38.3549 43.0135 50.6517 48.885 43.8734 40.7832 43.6372 45.6077 46.4054 40.1799 36.0479 39.009 38.5016 40.3025 45.8741 39.0569 40.8725 34.3395 33.8456 31.6596 37.8305 26.1249 31.6365 33.0539 30.6965 29.463 28.4427 29.2276 24.3197 15.5432 16.5997 14.6474 14.972 25.6644 24.9417 25.7398 21.6165 55.6131 67.4507 57.6362 62.5291 39.3157 38.8896 48.8756 53.6614 47.9941 52.8012 52.4483 57.1729 57.9534 59.0278 18.4068 17.414 53.6366 65.2167 19.8636 25.8235 21.8384 23.4783 22.0313 21.4899 53.2142 50.4094 51.404 47.6405 41.0025 40.2718 42.4693 43.1645 0 0.915288 0.985918 1.48126 25.4787 26.1153 23.5546 27.7155 19.4468 19.7541 18.5916 18.1406 49.3686 48.0599 47.9492 49.1432 33.2613 37.8568 36.8734 37.3059 23.6422 21.448 18.5011 21.7381 59.6715 56.4599 55.6769 55.4015 53.8632 51.4822 49.8134 58.3772 4.36399 5.20424 3.4411 4.57407 19.7756 42.208 19.7649 55.8818 42.8572 25.8397 10.8325 41.0755 42.7819 46.2155 50.3044 36.7691 43.637 50.168 66.3024 22.5388 39.9432 20.8133 57.5768 45.7143 55.1282 20.2729 23.5379 52.5087 18.3837 37.4255 48.0432 49.7749 35.2244 28.0531 36.3355 35.3777 53.3171 57.8437 51.2446 29.0706 61.3726 60.6531 31.1929 35.0579
22.2019 22.0358 22.8356 19.8214 18.6475 22.9389 33.5239 38.7786 34.4505 36.3756 42.3073 42.4967 45.6402 42.3442 44.9259 47.1537 49.2939 45.7311 54.0732 48.4775 51.4109 55.9236 34.9292 37.1783 40.466 39.3252 38.0269 41.1396 43.3832 39.031 45.4306 47.8413 44.8076 50.7214 45.1058 41.7429 41.905 47.2584 34.6534 38.2253 33.2953 37.9045 41.428 41.4448 40.3905 37.6463 32.9908 31.2539 32.5559 37.5348 28.1334 28.3134 29.0278 33.9333 28.5721 26.4592 27.7275 28.2636 14.6259 14.4526 12.781 16.0779 26.2925 24.8964 21.5428 25.27 59.7372 65.9388 56.6599 56.6464 38.1429 41.617 49.5691 47.6649 47.3053 49.8526 52.8115 53.0538 69.4595 63.8294 18.9477 18.8345 45.6976 69.3555 19.6779 24.7918 20.6182 22.8201 22.3885 20.8289 53.7488 51.9579 54.4622 53.1517 42.1787 41.9869 39.1703 45.6737 0.915288 0 1.34416 0.978922 28.4104 26.1008 24.3613 24.4692 17.0983 17.233 18.6056 18.0031 48.5801 42.5786 47.8019 44.2217 37.6112 33.0809 31.2179 37.7485 20.9415 22.7703 20.3462 19.3242 59.2109 57.9999 59.0221 57.8599 47.3694 50.4828 54.2994 51.245 3.85056 4.43342 2.53554 3.65976 23.4191 36.8553 20.3254 48.1905 41.0026 26.6013 10.1167 37.4323 44.1036 40.687 53.2672 35.094 44.3641 53.0744 77.7175 20.1471 40.772 18.9211 56.6743 45.339 52.6903 17.5116 21.8167 51.8233 19.0291 41.1075 50.7882 51.8511 34.5551 26.8003 38.3747 34.2616 54.0416 50.765 54.8581 28.378 55.6686 54.0714 28.3986 33.0668
22.2159 19.7373 19.8282 19.8242 17.0331 19.7848 39.1802 38.3512 42.0486 40.8676 43.0734 38.0654 41.3879 40.4878 45.7031 49.1339 48.3072 53.2779 53.3544 52.192 57.5694 55.1337 32.7696 36.1436 36.8426 35.9915 39.8877 39.2835 42.6157 40.8045 45.0546 43.8722 44.5684 50.8473 44.3481 42.8383 45.3542 44.851 38.2559 35.374 36.9601 34.8044 45.9324 41.5754 39.0543 43.3132 28.5126 30.3202 32.0976 35.2751 26.9134 30.2758 29.9726 28.5116 26.1158 24.2034 29.4464 27.9119 14.1018 17.3145 15.2163 17.242 27.6279 27.9709 24.2624 25.4137 56.6838 61.9415 62.059 57.856 41.4049 40.0332 43.0264 46.4135 49.4148 52.3858 51.7985 55.9504 63.2044 58.7885 17.5737 15.8713 46.9201 64.8825 19.2511 25.418 19.5938 23.5329 23.0812 21.2408 52.3567 49.3531 54.8238 49.1033 40.8541 46.2373 39.5707 46.742 0.985918 1.34416 0 1.01156 26.5797 21.5948 27.4978 25.7494 16.1917 16.2571 16.9101 19.0065 43.789 41.4927 47.3052 43.1037 34.1763 34.2303 35.3296 39.9755 21.5883 24.2731 21.9857 21.071 61.9085 63.91 56.8607 60.8468 57.4232 54.4831 48.1583 57.3589 5.25702 6.10188 4.40384 5.09699 23.3356 42.4407 18.7656 56.7805 42.8234 22.7752 10.4019 39.7978 42.1804 47.2569 50.7363 34.7125 45.5771 49.3767 72.8902 24.3509 42.4289 21.1921 59.6377 49.0709 53.7479 21.3752 22.4879 53.1267 19.1603 41.5016 43.5269 50.1882 33.8911 33.6888 32.6775 32.4318 56.6064 56.6865 57.2992 29.6551 56.99 59.8573 32.3057 38.6381
20.2297 19.0561 22.1958 19.4372 16.0351 22.2414 34.7005 34.6946 40.9187 39.5353 37.4892 45.4165 42.7485 40.7731 43.5321 47.2184 48.194 49.8849 48.011 52.297 48.8607 51.8044 35.0479 39.0788 33.1405 41.0056 41.2869 35.3495 35.7091 37.1261 45.9019 47.2064 46.2947 44.1308 44.6635 41.6146 42.8475 48.0569 34.5563 36.5159 33.4857 34.6339 44.5325 43.4282 42.6549 38.4889 29.2888 33.8701 32.8979 36.3145 26.9689 30.8942 27.0234 28.1832 29.8012 27.1263 31.5662 27.5495 13.9174 15.4087 13.9271 14.3444 29.7439 25.5805 26.366 25.4959 65.3689 68.7806 60.8391 63.9587 36.5571 36.0246 49.4085 44.8477 49.075 50.6923 48.3425 48.6559 70.1404 69.0897 19.6904 18.3376 47.9726 59.1181 16.273 24.0874 19.2072 21.2097 20.6147 22.4541 46.2547 51.556 49.158 54.3453 44.9557 40.3199 43.3802 46.0777 1.48126 0.978922 1.01156 0 23.315 23.9029 26.6062 23.954 16.3163 17.4188 16.631 18.9103 49.7678 49.446 48.3878 45.627 36.9881 35.1452 31.975 38.2216 22.407 23.716 20.6067 20.5483 65.1148 56.3998 53.0534 54.908 53.0903 53.0714 56.8183 53.8128 4.95601 4.62675 3.99158 4.48525 20.9583 38.5659 22.4783 46.8646 44.1496 22.8826 9.03147 37.5344 40.2762 42.7149 54.7643 33.3641 48.6335 55.0498 68.7338 22.6741 41.3446 20.7923 55.5006 53.6066 57.3827 20.9121 19.7386 54.2061 17.6297 39.3362 51.4929 52.9721 31.1424 30.6692 36.7384 35.7135 50.6463 53.039 55.031 28.3391 54.3049 61.4007 32.3772 35.265
29.6187 35.3253 33.8872 30.3201 32.1637 32.176 51.0946 51.3669 50.3849 52.206 54.1252 52.4912 58.9127 49.1346 54.4769 55.744 55.2996 62.8376 68.9703 67.0515 63.7339 66.4177 34.2633 34.9913 36.7559 40.1725 43.603 45.7708 47.6028 41.6409 22.0735 22.3269 21.1245 25.7844 18.4391 16.4798 18.0605 19.7977 63.5181 61.7049 57.1003 61.0002 65.1848 68.1856 65.0571 70.7835 6.41582 7.28695 7.6281 8.57393 4.12918 5.32042 5.98629 7.22944 17.8399 17.3842 17.4037 13.8169 40.0386 37.4686 37.0766 38.1562 52.0282 45.4273 41.8628 49.6239 90.6552 87.7636 81.7717 82.7395 20.9234 19.1163 55.323 58.4726 56.3796 60.0533 66.3537 77.5876 74.3657 63.8691 6.97826 8.73893 69.1372 72.5982 23.8149 49.084 39.5581 39.7617 36.8986 41.3439 69.4094 73.9998 69.9103 69.7085 68.331 74.2607 64.9599 68.8004 25.4787 28.4104 26.5797 23.315 0 0.929858 1.03859 1.33754 19.2172 18.9008 18.5211 19.3062 21.3977 22.339 20.7584 20.3238 60.0723 60.6251 64.1177 65.5491 42.8952 46.3652 45.3629 41.224 69.1502 73.4451 68.5216 67.2486 74.9992 82.1822 75.0651 75.6087 29.8053 31.224 27.4523 29.2332 26.5014 46.2027 13.4627 63.5127 61.63 11.3902 23.3119 26.0938 51.1105 59.9716 75.9147 32.7001 65.8911 68.5539 98.0709 41.0271 54.0932 36.9557 73.1544 58.1163 65.8248 45.0728 44.6117 81.2401 12.5826 58.0795 65.8054 75.0993 9.07827 55.0519 20.179 56.9584 61.5012 84.6299 68.663 53.9397 79.9055 91.6029 37.1424 57.5952
29.7997 28.2175 29.948 30.3964 29.3711 36.9318 47.5331 43.2064 45.3563 51.8187 49.9943 48.345 48.3113 57.7536 64.0334 55.8022 57.9012 54.5897 59.4044 67.8803 59.3828 68.5769 39.5671 37.1441 38.3777 40.1685 39.1559 40.4066 42.8979 40.9751 25.2378 23.6304 24.1465 23.3055 18.1279 19.4219 20.5171 21.0448 55.8342 60.8013 62.1616 64.5404 61.8731 69.1028 64.843 62.9312 6.62849 7.50172 9.00946 9.43342 3.83756 5.50155 6.63969 7.08781 19.8654 17.2269 17.8877 13.7722 40.0336 37.395 32.7077 38.7728 47.7244 51.2281 40.7657 47.3816 83.7918 90.3937 89.9431 80.7793 20.9724 20.7373 54.0225 53.2102 59.7931 62.1594 70.5922 67.4366 70.4295 64.8951 6.52822 8.23758 67.1729 65.0426 21.5238 42.0187 41.1121 37.3278 37.8321 43.0362 73.8352 77.9951 79.6285 77.0218 66.5309 71.8187 68.2119 63.0716 26.1153 26.1008 21.5948 23.9029 0.929858 0 1.4067 0.910638 16.171 18.6345 18.8172 17.0263 21.145 22.332 21.3783 20.319 63.5329 61.8845 63.6809 65.3298 43.9826 47.9533 43.7414 39.9598 64.5172 76.0513 74.9187 76.066 83.2736 71.9213 81.2669 75.0842 27.8717 26.5425 27.506 28.6538 24.7717 55.0327 12.9192 65.33 52.7097 10.7719 22.5958 29.0106 54.5646 58.2606 82.0351 32.5375 64.1924 67.3576 104.18 43.008 59.2095 35.6848 71.278 54.3891 64.7318 38.9061 45.0096 71.9773 11.9941 53.2381 64.0588 70.475 10.4567 48.8153 21.8139 52.0642 62.3752 86.2592 69.8114 48.8762 81.0155 83.3191 40.8336 49.1623
33.0848 29.6337 30.2732 35.6643 29.9565 33.9463 43.3997 51.6084 52.4035 51.9148 49.7054 49.9144 49.6687 49.311 58.8636 64.5438 58.9205 61.0399 70.5013 63.4248 62.9516 64.3628 37.3774 35.1269 35.3863 39.8418 45.6213 41.0849 41.688 43.6175 19.8536 21.9983 20.5486 21.419 16.7582 17.1186 19.2354 17.5304 57.2226 59.7338 59.3327 57.5072 72.4598 61.3478 67.3423 71.0176 5.3436 6.55288 7.29304 9.05954 3.30483 3.98799 5.22032 6.65909 17.3534 16.4406 16.9984 13.7771 39.1782 41.6872 35.0952 37.718 52.7603 46.2055 47.96 42.7292 93.7382 85.2364 84.9503 87.7892 23.1451 18.6005 52.1434 53.749 58.3957 64.5018 80.3015 69.6128 66.3445 75.4743 6.97399 8.37559 78.1956 68.7062 23.5416 43.3632 39.1393 44.3966 40.6143 43.4106 81.9173 74.3988 71.285 77.6609 70.9914 69.4083 62.6688 68.2773 23.5546 24.3613 27.4978 26.6062 1.03859 1.4067 0 1.03424 18.7427 17.7354 17.1372 18.6064 19.6286 20.1926 21.0532 21.0535 62.5789 60.4276 56.2049 55.7173 40.9932 44.0022 48.7385 47.5149 64.4171 67.5177 66.2096 69.7113 79.6231 73.3191 72.3283 84.8551 28.6324 29.4353 29.4293 30.977 24.6422 54.566 13.7356 60.9832 59.6261 9.98398 20.9563 30.481 50.0131 60.1508 72.4683 33.5817 66.1752 73.469 96.0456 41.9003 61.2491 37.8385 73.6934 51.4884 64.626 41.237 44.7421 82.7709 13.9211 59.3997 68.5129 73.9311 8.91972 49.2638 21.9619 54.1937 67.8758 78.1956 70.4189 45.9254 83.5001 80.3598 40.5298 48.3107
33.1492 31.8884 33.6158 33.3516 27.141 32.7112 44.8477 47.4924 51.6697 50.7963 57.0408 55.2059 56.4073 53.1532 60.1229 59.2187 54.2609 59.4117 66.5232 68.0483 58.4698 66.6124 40.1328 35.0279 37.4812 37.7705 42.86 44.2283 42.8201 46.0008 20.8087 23.4461 23.9053 21.9166 19.2165 16.2996 18.7097 20.728 55.8636 56.6133 59.5825 58.8363 63.5312 62.1144 61.5465 67.4499 7.08078 6.82444 8.50431 8.18708 2.91962 4.13806 5.78024 6.20663 19.9772 17.7564 17.9848 14.521 36.7692 37.3829 35.1758 41.1684 47.9358 47.0715 43.8055 42.61 82.2327 83.0204 81.5585 91.075 22.4198 19.6366 53.2005 53.9689 53.0902 60.4577 71.7994 73.9894 74.1076 77.9919 6.70645 8.33374 75.737 69.8251 22.3391 45.0408 41.2619 40.129 39.4817 40.6486 83.1017 81.7578 73.0279 68.983 64.8368 70.1005 72.0649 67.3781 27.7155 24.4692 25.7494 23.954 1.33754 0.910638 1.03424 0 18.8607 18.5853 17.802 19.9214 23.1232 20.8208 20.7218 22.9046 65.1288 57.1846 65.9223 65.0786 42.1846 49.4355 41.7379 44.8516 77.8255 65.9322 68.6331 76.1587 71.4429 79.9063 82.7684 71.7262 32.1487 29.9933 26.7958 28.0959 28.2669 56.5059 15.6039 59.7817 57.3611 9.05746 23.6556 27.5842 50.3037 61.683 73.9646 37.8113 66.4221 69.9486 106.932 40.0706 51.6713 34.9031 76.1337 60.4989 66.5788 40.2591 43.4894 75.9738 15.1066 58.4396 66.0516 70.6604 10.4948 53.0679 23.3591 60.5334 64.8851 72.5614 77.024 50.5285 79.1022 77.5225 38.9885 54.1337
13.7445 14.0276 15.0539 16.2929 12.4592 15.656 26.8279 32.2233 28.982 30.472 34.4765 36.4577 31.9559 38.64 40.2318 39.6156 42.6667 41.8709 48.0002 43.6495 48.6744 46.3417 19.7895 23.8512 25.1441 23.8936 25.8141 28.9072 27.7481 29.3552 41.1791 40.6369 41.5062 40.429 35.8686 32.3852 32.2397 36.2922 43.7328 49.9491 49.8523 44.8161 55.4086 54.2599 53.5307 49.5216 22.1516 22.5199 26.0341 24.7769 18.9868 16.9995 19.4835 19.8835 34.4532 30.8022 30.2058 30.1647 25.4642 27.356 26.4637 26.6803 41.9998 48.3258 45.2287 40.8754 66.0332 70.626 63.8091 71.859 37.1622 34.851 35.5095 35.2899 41.5811 42.043 62.0529 61.8876 81.6574 77.8882 18.1216 14.3045 63.7972 57.818 3.15 29.8319 22.7306 26.2969 21.5934 24.3275 61.579 60.376 59.5075 65.3841 58.1257 58.5656 58.8946 55.736 19.4468 17.0983 16.1917 16.3163 19.2172 16.171 18.7427 18.8607 0 0.946636 1.01435 1.48704 40.5602 39.5679 37.7934 40.7933 48.6272 44.1112 42.7931 50.4453 36.7908 42.3266 40.5063 39.8592 75.0995 79.9542 75.4606 77.9134 67.9346 64.6847 71.7291 62.6279 20.2166 21.4138 21.5275 19.7013 33.4823 56.6269 25.3746 46.4749 39.2219 11.4908 9.16787 45.462 40.8387 48.621 67.2887 47.1999 66.8267 76.0106 85.2893 42.8613 34.7069 33.9862 70.9805 63.4571 44.0849 35.5407 39.4723 68.6214 21.2256 61.3152 60.3834 70.5573 29.0413 47.953 38.0026 54.0541 71.647 71.0015 75.1153 34.1076 69.8818 81.473 43.7008 33.1724
12.3815 12.6121 13.4061 15.5912 10.7669 17.9937 29.0438 30.6947 31.5933 31.3221 30.9642 34.4302 31.8459 37.9677 36.7692 38.5923 44.7889 44.6847 45.8009 46.9867 48.2496 44.0337 19.5612 21.4184 22.4956 22.9366 24.7636 27.5904 27.0364 26.5105 37.4952 43.5841 43.9769 43.5221 33.9476 34.577 38.4005 37.5325 45.3232 48.8442 44.9148 49.3851 51.557 46.6094 47.3956 48.9005 25.9285 25.4447 23.4897 24.1633 19.6531 17.9571 22.0144 18.8701 36.7184 33.9328 34.1089 31.3484 25.9473 27.2771 25.4998 23.3984 46.4582 41.0111 38.8621 44.235 64.4867 77.8454 73.041 76.8519 40.9096 38.1665 37.1739 38.1901 36.5486 37.6564 55.8211 62.2316 73.1006 84.3069 16.2654 14.9028 61.5537 50.2885 2.53233 25.5805 24.7971 23.9434 22.6935 22.4186 66.0472 60.1625 67.3905 68.7331 54.6623 60.8911 61.6781 52.2249 19.7541 17.233 16.2571 17.4188 18.9008 18.6345 17.7354 18.5853 0.946636 0 1.29553 1.00986 38.5063 38.6801 37.3574 40.6024 47.6619 48.2314 49.7748 49.3494 42.9987 36.4498 40.0563 36.9389 78.6562 69.0766 75.0689 77.052 60.8653 61.6718 62.0777 65.0229 23.4386 20.8576 19.0475 22.6517 36.0944 54.4066 26.8036 41.9905 42.2983 12.4183 8.56875 41.0853 39.0378 52.0479 72.7502 41.6225 70.1648 74.7272 81.6016 37.0305 37.8277 36.5853 70.9591 63.5376 47.7936 38.5929 37.4226 67.3321 23.7729 52.5495 59.6501 72.5948 30.6935 51.8588 37.3284 47.8051 74.3517 58.9388 78.2187 31.6238 71.8861 77.292 47.0858 37.3603
14.4459 13.5044 15.0821 15.8625 13.8185 17.4903 29.2143 30.2132 31.503 28.3891 37.4403 35.5075 38.5213 34.8312 45.5438 38.6183 40.7002 44.1708 42.6988 46.1458 49.6955 46.9739 21.6311 22.6486 23.6352 24.2547 23.9637 23.9416 25.4924 28.6947 36.6645 39.3485 38.8812 43.7438 33.0637 33.9081 38.127 36.3971 50.5933 53.0368 43.2455 48.6743 47.6951 55.5276 50.3216 51.7209 22.3083 21.3666 25.937 26.0739 18.22 18.3769 17.7944 17.9718 35.8894 29.3904 29.332 32.0155 27.4575 27.0013 24.7765 24.2147 41.5197 45.4222 43.4651 43.2791 65.7273 78.8095 74.9087 71.8065 41.2459 33.8152 35.3107 36.0878 43.3218 41.6602 54.2829 61.3163 80.5818 72.1404 16.7791 16.0029 61.0178 56.3174 3.39482 31.0155 23.6175 24.0383 22.6323 26.5317 69.8033 66.7656 66.2171 72.2251 55.6951 53.9681 60.0449 59.9689 18.5916 18.6056 16.9101 16.631 18.5211 18.8172 17.1372 17.802 1.01435 1.29553 0 0.977179 34.2198 39.3358 35.3322 38.7378 47.2387 47.2565 51.6792 46.7488 39.0884 39.494 43.1321 40.2261 70.2349 77.4781 72.1577 77.5134 66.0982 73.6207 68.8245 69.3952 22.0981 20.8617 23.0639 20.4537 34.2241 58.5743 25.6606 44.3163 39.2784 11.2649 8.60462 41.644 40.8469 53.6008 74.8413 46.9711 69.6751 66.999 88.8442 40.0799 37.4324 40.9199 78.1749 67.8762 50.9402 34.7617 38.0311 73.5477 25.5817 60.4497 67.1395 73.1675 25.6521 48.5838 37.954 48.2438 68.2635 72.8362 73.0959 31.756 75.1411 70.2445 49.5897 35.9235
12.8536 13.1827 15.2794 14.2173 12.4865 18.0757 27.5489 29.8723 29.8191 27.7165 30.9567 33.8294 37.0442 31.4143 40.842 36.963 42.5489 43.1352 49.0592 43.9897 42.7165 42.0578 21.6523 22.6696 22.6443 22.0305 25.2445 26.9588 24.4283 26.7726 42.6862 44.4427 44.532 39.7199 37.7489 35.1487 39.2303 35.8604 51.35 52.2853 43.7139 49.4611 52.884 52.295 50.9165 51.2099 24.309 26.3436 26.9038 26.2764 20.3623 19.645 20.0215 18.6817 34.9364 28.908 33.246 33.4776 24.1083 27.1061 26.5824 24.364 49.8469 42.2975 46.3848 38.8187 77.124 76.718 72.3225 71.2432 43.7182 38.8876 34.0062 34.5916 39.711 44.5012 58.5321 56.1991 77.4979 81.0643 19.1774 15.13 55.4747 55.907 2.66149 29.0607 24.9884 23.0805 25.1964 24.1323 67.4933 68.31 62.4293 59.4413 57.8141 55.2731 55.5134 61.9833 18.1406 18.0031 19.0065 18.9103 19.3062 17.0263 18.6064 19.9214 1.48704 1.00986 0.977179 0 40.6457 37.9464 40.7853 38.0292 47.2795 53.516 45.5897 52.1805 38.3707 43.1946 43.484 36.5876 70.5149 78.7853 73.4309 82.435 68.2219 63.864 66.7641 71.4721 23.7749 24.7163 21.9489 22.9731 35.1057 58.5167 27.6305 44.0354 36.9532 11.6643 9.88622 43.5813 37.4432 44.3861 63.7102 49.9836 62.73 66.2148 89.5056 43.1924 37.5991 36.2159 80.6134 66.2861 47.5713 38.258 35.473 65.2209 26.3185 60.654 69.4495 72.6017 27.4297 44.5607 41.8923 51.2957 73.7057 67.813 79.257 36.492 70.7217 72.7479 47.2613 37.2345
54.3227 48.094 49.5476 53.3287 50.9852 51.9239 68.4742 71.5625 60.5225 67.9822 76.188 68.787 77.7406 75.5124 72.7618 73.0057 72.3888 83.5307 86.632 77.7975 90.4738 90.5014 56.4892 59.0659 51.3734 58.4976 63.3535 55.3565 57.762 60.7503 5.20585 4.84959 3.83329 2.87655 5.18367 3.98274 3.40361 2.7486 80.6734 77.9939 76.2427 78.1555 89.0872 85.8556 82.6599 81.6932 14.3086 15.4928 15.0802 14.8329 19.8844 20.7613 19.9879 17.4392 24.3919 27.3988 25.1769 24.1438 64.5351 61.9369 62.8887 55.8805 67.515 73.039 57.6924 63.0583 116.407 102.182 102.376 102.9 17.5223 18.8607 61.1979 74.8151 74.0503 82.9988 99.038 91.5653 75.2905 73.1428 29.4342 31.6041 94.179 91.1107 43.8265 64.7313 60.4123 58.663 58.1547 57.3099 90.9046 106.544 102.553 102.5 88.6149 84.7269 93.4688 95.9623 49.3686 48.5801 43.789 49.7678 21.3977 21.145 19.6286 23.1232 40.5602 38.5063 34.2198 40.6457 0 1.08342 1.04266 1.28479 90.0193 75.4181 76.7703 83.2616 58.2916 62.2837 57.9122 61.2174 78.3795 80.8429 77.6745 78.8586 93.1082 101.511 103.751 105.093 54.8529 50.8392 52.7346 47.5114 42.6042 58.3311 26.1659 87.9102 78.5116 26.8976 44.822 30.6565 67.52 78.4409 86.4374 37.8886 72.2383 86.8984 129.424 62.4406 73.5528 53.036 89.8294 60.4682 89.5575 69.9267 65.9444 93.6747 32.4715 76.271 76.8363 90.8149 12.2249 78.9703 24.7509 74.661 81.9473 92.4152 89.5403 73.5669 95.6183 108.003 54.0129 68.2713
53.6587 53.4111 54.0408 56.2569 46.7595 58.6392 70.5843 66.9793 70.2061 69.0926 70.1897 66.7759 66.2134 72.8711 83.1256 77.4001 74.3363 79.311 75.4146 79.2597 81.431 80.1735 51.427 54.4878 52.2446 57.9794 59.574 53.9644 53.9767 58.5756 5.85548 4.9669 4.5577 4.17338 4.53513 4.11752 2.5953 1.57521 83.1658 85.9547 85.0981 80.0558 84.4016 86.4235 90.4365 77.3898 13.9971 13.0921 14.2455 11.8545 19.8109 19.9199 17.8069 18.4429 26.7045 26.8209 25.5601 21.9104 55.6143 57.7367 60.9507 57.8985 67.0753 68.9415 59.8011 65.5472 115.297 110.224 98.3672 106.557 15.8683 17.7893 65.5743 61.4735 68.3288 71.2945 102.084 97.1367 77.8713 80.1856 25.3018 29.4337 98.0392 92.8906 41.8425 60.8397 64.861 63.5667 55.8187 60.6173 88.6936 90.8791 95.3367 95.6463 90.931 82.3908 81.9574 93.3585 48.0599 42.5786 41.4927 49.446 22.339 22.332 20.1926 20.8208 39.5679 38.6801 39.3358 37.9464 1.08342 0 1.50304 0.96914 84.4283 86.7723 87.0673 78.3527 57.1158 58.6562 58.4895 60.4537 77.2434 80.6493 83.5986 77.0215 102.985 104.203 92.5008 101.052 44.9835 54.6628 49.89 52.7079 39.2588 66.988 28.0057 89.2131 73.9142 28.0988 38.6149 29.1478 79.0672 82.8923 96.6576 37.767 71.1187 90.1349 112.007 64.1901 81.8262 52.5626 96.6118 63.0149 81.1098 66.5461 68.5524 104.116 28.0998 66.4525 71.0545 90.248 12.2232 77.7171 25.7085 70.2258 85.622 102.439 88.8122 66.51 113.024 100.759 49.7197 71.8357
53.8583 53.8679 50.8128 53.8545 52.6512 59.9389 64.5359 68.5281 63.3952 62.1754 71.3123 76.0307 66.3349 70.9325 78.381 79.3552 80.9945 81.9031 85.4245 78.63 81.4321 91.3654 49.537 53.4658 54.1678 58.014 61.5847 62.5654 56.0422 58.0714 5.96945 5.35764 4.29904 3.35836 5.69068 4.61211 3.73583 2.78626 83.958 87.9689 85.0716 78.4766 91.8467 88.6076 91.2712 86.0754 16.4441 13.8506 15.3092 13.6202 21.6916 18.0833 18.123 19.0772 27.9579 27.7029 23.4897 25.3258 59.4249 64.2678 57.9421 62.686 72.8725 72.269 61.9157 69.2624 105.763 109.816 103.996 100.768 18.8107 16.9688 61.6732 68.0592 80.7638 76.609 90.5512 97.9126 85.8874 74.239 30.2109 30.5777 91.9636 88.6755 43.8043 65.7364 60.1201 67.3529 58.9486 62.2175 103.895 107.258 92.9555 102.422 84.0905 83.6513 90.791 89.5357 47.9492 47.8019 47.3052 48.3878 20.7584 21.3783 21.0532 20.7218 37.7934 37.3574 35.3322 40.7853 1.04266 1.50304 0 0.950482 77.2612 77.8121 79.4357 81.4737 58.335 64.4381 67.7259 64.4333 81.9323 80.984 80.8578 86.1757 95.572 98.3336 103.866 92.0035 51.0967 48.6292 53.6137 49.2134 41.075 68.051 27.5757 77.5039 81.1983 27.7409 39.6446 29.2424 69.577 93.9987 99.9012 42.5334 73.0374 95.7933 113.78 64.7856 77.4863 47.4866 100.024 71.6526 79.0016 67.089 64.1616 108.972 29.5414 73.0857 83.862 89.7791 12.2652 67.6014 24.543 77.0902 85.1978 98.0531 77.9761 65.5792 112.603 109.778 59.914 76.1916
54.3176 53.819 52.8172 57.3808 51.6715 51.6903 64.9854 64.1703 62.3355 70.0858 76.6254 66.538 65.2677 66.8666 82.8265 74.8379 82.1627 80.1061 77.4899 80.8576 83.2486 87.8321 55.2509 54.0386 56.4028 49.7837 56.4879 61.6992 62.8746 55.8317 7.07853 6.23313 5.60401 4.75931 5.65298 4.94912 3.33529 2.23537 86.3163 75.7829 84.9377 86.0669 88.6888 80.6593 93.1315 84.7166 15.7625 15.0668 12.4024 12.4486 20.3658 18.0259 19.933 16.5137 28.3202 27.6389 22.7346 27.5704 57.4895 63.1357 61.372 57.9236 68.5605 62.549 66.8504 62.9631 111.192 99.1619 104.295 112.976 17.861 16.8074 61.469 71.0392 76.48 82.1526 86.3909 92.4918 82.7482 87.0313 25.1087 27.7655 102.86 89.2712 43.0798 60.1928 65.2819 59.8706 62.1926 60.8187 105.914 99.6901 93.4934 99.5883 80.3943 87.8126 84.7146 95.4132 49.1432 44.2217 43.1037 45.627 20.3238 20.319 21.0535 22.9046 40.7933 40.6024 38.7378 38.0292 1.28479 0.96914 0.950482 0 87.4454 85.3305 79.7481 89.3745 68.3454 67.5418 68.2949 68.2735 78.0147 80.3063 73.123 82.6166 106.484 90.1912 98.6295 103.36 47.5037 50.1953 50.5345 54.633 43.3922 58.0287 29.339 79.291 71.8327 29.3785 43.7222 33.724 79.2843 77.7018 101.589 44.7201 76.9158 91.4644 119.72 59.265 69.3636 52.0147 103.192 68.2828 91.5753 59.5405 64.0453 109.331 28.74 68.2643 78.1197 85.3972 13.1079 72.7059 24.3745 69.3751 79.6235 91.4616 83.5293 77.5107 101.706 113.235 53.2082 67.835
39.2485 39.3694 39.7689 41.6148 36.8035 39.7989 45.4872 41.598 48.1217 48.9959 45.9076 41.7917 43.7994 49.623 47.5901 47.0007 51.7848 48.5572 47.5574 47.8972 48.1477 55.6092 49.5362 53.9549 53.6891 56.3671 53.8882 50.7053 51.6626 56.5462 85.9793 77.8779 90.1 86.4615 75.9615 73.3045 74.0016 75.9754 4.74237 5.33143 6.5987 7.8131 10.3294 10.5945 10.4476 11.1516 73.1231 72.6999 65.2398 72.4276 61.4029 64.6467 71.0142 71.0893 67.5265 59.092 65.9036 67.0423 23.3964 21.4484 21.8667 22.5675 27.0399 28.4619 30.2899 28.4011 28.1234 30.364 25.8258 27.7533 77.5307 75.1108 55.4651 58.16 58.4847 56.7871 24.515 27.8292 79.109 66.8904 52.0761 56.4274 14.9416 71.2585 43.3403 24.4065 25.058 27.4175 26.6113 27.2032 16.5191 16.8297 15.0149 16.1855 11.823 13.7658 10.6929 11.4991 33.2613 37.6112 34.1763 36.9881 60.0723 63.5329 62.5789 65.1288 48.6272 47.6619 47.2387 47.2795 90.0193 84.4283 77.2612 87.4454 0 1.0359 0.935453 1.33017 28.4083 25.0653 28.3876 23.5443 60.0489 60.2602 63.881 67.9938 18.9804 19.7961 17.4086 19.7845 30.1288 28.9708 31.9266 30.007 53.3086 52.5954 51.5067 48.1432 37.5031 59.198 41.3136 69.9085 46.3033 20.028 25.6636 58.2213 56.1222 40.2732 34.2333 32.8472 35.7912 42.055 46.179 55.5724 49.0104 21.1196 13.7097 20.2627 52.3106 41.8305 52.3251 46.6877 73.2114 20.053 64.6248 24.9542 55.1002 21.3791 59.0159 16.5641 30.7174 26.4689 47.3611 26.6149
40.336 39.2477 36.6555 35.6818 40.0799 38.9889 38.8103 47.5401 44.067 45.263 39.6583 40.3362 47.6879 48.9125 42.7196 44.7247 45.6593 46.694 52.7764 46.5364 51.4578 52.8224 51.0099 54.4408 58.6691 52.0976 53.2221 50.9116 60.0213 59.0182 77.6428 88.248 84.1495 81.0515 75.4279 79.7679 72.3984 80.6142 4.21901 5.66835 6.42468 7.88804 8.46738 9.44664 9.67196 11.2737 71.7609 65.5235 74.6751 65.8439 62.3805 62.9145 62.8705 61.6562 65.6627 62.0333 65.172 64.8732 25.0759 20.7219 26.9619 23.4556 32.8369 29.0418 28.3379 30.6311 24.2537 27.7341 22.0991 27.5661 71.9442 72.4439 62.1167 62.9421 51.7829 55.8749 22.552 22.3486 71.0008 73.9392 59.4352 57.3236 13.2949 64.1454 48.4594 25.0619 27.1193 26.8476 28.5141 28.4506 18.1559 16.5469 15.7244 16.3804 12.7584 12.7797 11.9263 10.9604 37.8568 33.0809 34.2303 35.1452 60.6251 61.8845 60.4276 57.1846 44.1112 48.2314 47.2565 53.516 75.4181 86.7723 77.8121 85.3305 1.0359 0 1.43017 0.949334 27.0683 28.0752 26.573 23.8091 70.6476 58.2822 61.5467 62.2874 16.8636 17.8304 16.2574 18.9642 32.1725 33.5002 35.8918 30.9053 56.214 54.2128 51.7797 42.2981 33.533 62.8715 44.0756 77.5307 46.6923 17.0849 31.2525 70.3489 54.4477 38.7789 34.8476 31.9155 38.1265 39.1112 41.82 67.8557 45.3958 23.0543 16.57 19.5058 55.4495 46.6332 45.4683 45.3856 72.8469 23.7141 71.4554 26.056 59.5645 20.0194 59.1025 17.4486 28.8348 26.8578 43.907 31.469
35.8751 38.0514 35.6142 38.125 33.5307 34.5782 44.9749 45.7719 40.1687 42.9412 43.1331 46.4617 46.9726 49.6072 48.1195 44.6241 51.2747 46.6811 45.1059 53.6798 53.4674 50.3518 52.5135 57.8459 52.7381 56.6966 51.6411 53.2321 52.4265 52.7735 86.8918 89.1657 86.7366 87.9677 76.234 73.9092 74.5012 82.1892 4.33091 4.82951 6.55677 6.60429 9.66717 9.86222 11.0519 11.1339 64.485 73.1413 68.3106 66.0977 61.6802 68.8336 63.099 66.1788 65.4799 59.6116 65.0968 61.5602 20.8586 17.9463 25.0847 24.0813 27.1457 27.8513 31.5436 26.7625 26.591 27.6856 24.8098 26.7648 68.7551 67.6386 56.1984 59.9664 51.9706 54.8576 24.7341 26.0594 68.959 69.7505 58.9605 47.365 15.3376 60.6064 43.5004 20.0944 28.806 24.032 29.7177 25.3057 16.8539 17.1204 17.1486 17.4172 14.6004 14.6989 12.4111 12.0752 36.8734 31.2179 35.3296 31.975 64.1177 63.6809 56.2049 65.9223 42.7931 49.7748 51.6792 45.5897 76.7703 87.0673 79.4357 79.7481 0.935453 1.43017 0 0.937152 28.5848 23.5271 27.5189 25.4103 67.4376 66.8736 65.8945 69.2187 20.243 21.7984 16.7735 20.8434 32.1257 32.9643 33.2851 28.0364 51.6097 57.5121 54.5363 49.1342 39.7911 54.7922 43.0225 74.2354 43.2575 17.0607 28.8183 68.7619 54.2685 47.0156 34.6943 28.9455 40.0585 45.0051 43.7933 66.701 49.8711 18.8986 15.553 22.8828 56.7569 43.0919 45.0764 41.0643 65.9613 22.8805 71.2337 24.3627 53.3938 21.9491 58.1412 17.8044 28.9143 27.8994 46.0466 25.5267
40.0349 35.5245 38.2291 39.1863 38.5751 33.2426 45.4387 43.4655 46.5422 44.3699 39.2895 41.0857 41.3062 47.0876 44.9643 44.3659 51.8019 46.3332 49.4551 49.1014 50.753 53.2949 51.3538 52.1697 57.2763 56.5258 47.2397 50.6057 53.8984 57.9717 78.3664 76.4567 83.566 84.8684 77.0131 75.0898 72.5804 74.243 3.44871 4.69358 5.38459 6.17495 9.18516 9.77726 9.92202 10.1129 67.9435 66.1477 71.505 75.0524 64.9453 64.5948 60.9368 67.0534 60.2282 66.3989 60.4635 67.7326 21.4896 18.7442 23.275 20.3386 32.8699 29.899 27.9213 30.2419 24.5716 26.2822 25.4162 27.2646 77.9112 67.5568 58.9323 55.8376 57.3208 51.0972 22.2767 22.3829 82.7107 72.3207 53.4241 55.1384 11.9534 66.8526 47.6333 21.0052 25.2584 25.6359 28.0244 27.3436 17.7953 17.1594 15.8186 17.6742 13.5081 14.3765 13.436 13.3471 37.3059 37.7485 39.9755 38.2216 65.5491 65.3298 55.7173 65.0786 50.4453 49.3494 46.7488 52.1805 83.2616 78.3527 81.4737 89.3745 1.33017 0.949334 0.937152 0 24.7283 28.4199 28.4427 27.3282 65.3467 66.6502 59.1829 65.1671 18.9686 18.9714 18.3597 18.0834 33.7075 28.6343 29.9409 29.3633 53.0258 48.8427 51.2707 49.4072 34.7132 61.6405 43.615 65.5534 42.3631 17.8554 29.7286 64.948 55.8131 42.3843 38.6295 30.8893 39.9821 40.7133 47.6015 63.4337 44.5052 22.5987 14.5842 24.1319 58.6089 49.2638 53.7935 48.7809 72.987 24.2057 72.5762 23.7521 52.6668 22.1418 63.3805 15.6139 29.1786 30.9676 50.0155 29.0646
38.8104 41.3818 41.5474 36.6199 36.2891 39.9647 49.0435 57.3549 53.3879 55.9191 57.2181 50.5953 55.0075 61.4554 63.7304 57.1295 59.142 59.8736 66.5331 68.2537 68.1295 65.3803 55.3555 59.7095 55.3859 53.7261 61.67 54.9113 54.5374 58.9971 57.2207 57.2921 68.2187 70.3887 61.6 57.2661 61.8977 56.1204 29.8806 32.5454 30.0289 28.3051 33.4384 35.1219 35.3292 36.3362 45.8203 53.0866 48.8381 52.151 50.5425 45.3573 47.3091 56.0427 39.9958 40.5248 38.1718 36.5273 19.8005 20.8901 21.2912 22.0368 6.37118 5.38427 3.76899 2.56853 50.4629 56.7203 55.1823 48.401 54.3378 54.5657 61.5193 59.9683 70.2273 72.548 44.1585 54.1323 50.3248 46.3947 34.0747 40.0338 41.7986 71.5879 42.5501 30.0248 31.3508 30.2323 30.6787 36.1393 37.1941 35.3046 37.6218 33.5145 27.5852 25.9136 25.1576 29.2582 23.6422 20.9415 21.5883 22.407 42.8952 43.9826 40.9932 42.1846 36.7908 42.9987 39.0884 38.3707 58.2916 57.1158 58.335 68.3454 28.4083 27.0683 28.5848 24.7283 0 1.06445 1.05247 1.4828 45.7935 38.2893 44.4321 43.7519 38.5624 38.9471 37.2205 37.5103 17.3951 18.6229 19.9883 19.0464 26.4452 25.3955 32.5201 56.9704 49.6412 47.0342 31.2295 47.7321 63.3718 42.4961 32.2686 37.6874 29.2924 28.4287 53.3293 4.46601 51.6615 17.0984 33.6005 33.7699 64.2912 7.66955 12.8499 38.5853 35.787 20.3827 29.9915 28.238 54.0258 8.58453 47.5732 10.9665 35.2779 46.1424 40.6171 31.7247 40.1895 40.3027 22.2534 43.8645
34.4649 40.1302 35.075 35.5322 35.0312 40.8933 50.6744 46.9565 49.6813 53.7478 52.7284 59.5589 50.4053 51.6724 57.4429 57.5218 63.9708 56.8835 69.2774 64.3529 68.1853 67.098 55.2144 51.8526 61.8267 62.7905 56.0855 54.6812 62.7903 56.7261 63.8627 68.3745 68.5721 71.5258 64.9904 54.2571 65.825 66.1649 26.5702 31.1921 29.5092 29.422 33.8264 37.5149 36.013 34.7789 49.4441 53.5776 56.5227 52.0206 45.9728 50.2885 53.6761 54.3229 40.7956 38.8871 44.1801 43.6504 17.6738 19.3235 21.4595 20.3494 6.36408 5.15576 5.26534 3.11489 55.083 54.6554 48.7725 54.3843 53.5673 48.1221 62.582 65.823 66.8262 68.256 48.2104 50.841 51.7434 44.96 34.8354 38.5323 40.984 77.9859 40.6792 31.1279 34.1665 29.602 30.6031 30.2914 33.1898 38.7426 33.0734 34.3697 25.0886 24.5812 24.9347 24.5669 21.448 22.7703 24.2731 23.716 46.3652 47.9533 44.0022 49.4355 42.3266 36.4498 39.494 43.1946 62.2837 58.6562 64.4381 67.5418 25.0653 28.0752 23.5271 28.4199 1.06445 0 1.51097 1.08371 41.0482 44.0083 43.5948 42.8235 41.547 40.5387 35.7528 41.0369 16.5023 16.8108 17.8044 19.4848 26.2121 26.824 35.5832 61.6431 49.5152 51.359 31.767 49.9127 55.4464 38.3859 27.8551 36.7852 33.5753 28.2217 59.3569 4.92649 52.1234 19.1347 34.0144 34.7804 68.8028 7.40224 11.3411 36.7004 33.3028 22.154 26.9609 30.7368 57.1045 9.46835 48.1114 12.0139 38.6061 41.0095 38.5363 30.6367 41.2545 42.0854 22.1369 45.0351
36.9097 35.5851 41.1455 39.4682 36.9062 39.6532 47.5249 53.5284 52.1429 54.7615 56.3783 55.8967 60.2078 61.3768 60.4056 62.8458 58.2191 60.542 62.3093 70.0263 69.9428 68.4446 54.9034 53.6034 56.5794 52.8408 59.9693 56.4971 60.5695 59.4235 60.5015 62.2893 60.7784 67.3609 62.644 63.5498 56.9959 56.6732 31.3474 27.8938 27.9314 31.0941 33.9624 32.9195 37.6688 35.55 45.4467 52.5993 52.5587 51.3263 49.9347 52.5067 47.0278 48.6938 40.5849 39.1678 41.5149 35.7169 17.6082 19.7312 20.3036 23.349 7.03026 6.32693 4.74811 3.54379 50.8091 51.1027 48.6064 48.2325 53.7259 52.2397 64.64 63.7549 69.6264 61.0988 44.8468 52.7791 48.2312 45.6296 39.5912 38.2936 41.3663 76.844 38.9728 32.9723 30.3536 31.0871 28.9409 31.6725 34.1136 37.4152 34.2138 35.3449 25.3437 26.2151 25.7835 29.5197 18.5011 20.3462 21.9857 20.6067 45.3629 43.7414 48.7385 41.7379 40.5063 40.0563 43.1321 43.484 57.9122 58.4895 67.7259 68.2949 28.3876 26.573 27.5189 28.4427 1.05247 1.51097 0 0.975572 40.3967 42.4183 45.3109 41.917 42.8634 43.4791 35.8972 40.6638 16.5153 16.1536 16.6097 16.5907 24.1151 26.9486 35.9945 65.1774 55.9819 44.8944 31.9585 45.3038 56.7725 37.64 33.0446 38.8593 29.0811 30.1842 57.4367 3.92834 52.4084 16.1324 39.1541 36.2562 60.4424 7.35661 11.6131 37.8067 31.6697 23.7361 29.4411 29.0587 51.5793 9.63241 47.6234 13.9299 39.0943 46.2423 40.7264 31.4465 42.1242 38.7632 20.5093 39.9055
34.7998 36.9804 37.0958 40.02 32.6837 33.5431 54.2066 52.3867 55.0878 56.5835 49.8175 56.7507 52.8344 55.7169 64.4955 61.0259 55.0901 56.106 63.4084 61.7453 64.4394 66.8838 57.5929 49.3791 55.6231 61.5005 58.9796 55.4148 58.6298 54.0786 58.4998 59.5447 65.1785 62.6187 55.252 59.8474 60.5414 58.4428 31.6562 30.0677 32.2511 27.0952 36.2673 36.2687 31.727 32.5787 51.8657 55.6014 47.427 50.6942 44.8821 53.2317 47.3529 54.6877 40.6572 39.2384 39.4193 41.7433 18.041 18.8538 21.859 23.5134 7.44022 6.14493 5.2953 3.53602 46.9267 50.3443 52.4699 54.4409 52.3451 51.045 66.1138 58.3082 63.8887 70.6052 49.7155 50.4412 48.6207 53.4628 34.5633 35.2573 36.9685 80.9247 34.4761 32.0846 27.6792 33.0738 28.945 32.3975 37.4866 36.287 37.4931 33.6212 25.7819 27.8701 27.4775 23.7196 21.7381 19.3242 21.071 20.5483 41.224 39.9598 47.5149 44.8516 39.8592 36.9389 40.2261 36.5876 61.2174 60.4537 64.4333 68.2735 23.5443 23.8091 25.4103 27.3282 1.4828 1.08371 0.975572 0 41.5948 47.8875 39.9872 47.2256 40.1531 42.0857 40.328 42.3029 16.5324 15.7339 19.3058 18.9384 28.306 31.1707 37.6287 65.4045 54.2096 45.9311 28.8 50.3106 59.2203 38.3716 29.4768 41.9502 28.7431 31.7064 59.8847 4.84768 51.6358 16.0327 38.3139 35.7785 68.8006 7.38497 11.7105 35.3085 31.7585 22.6418 32.1531 32.0904 51.481 9.1751 44.4671 12.0771 37.5914 41.9589 39.2441 26.7509 43.8349 40.1451 22.1706 42.6664
83.1696 85.5437 72.3984 79.2884 83.3365 72.7899 90.0367 93.1611 95.0372 94.2386 98.8596 96.2811 94.686 100.684 105.038 94.3823 98.9914 96.7151 102.857 113.416 113.228 113.291 91.4283 103.766 92.2004 99.9616 102.197 88.4046 102.096 103.248 83.9861 74.0629 71.928 77.1915 71.4271 75.4105 84.1862 78.5961 73.5309 76.1775 64.2886 75.5437 67.9845 74.574 79.3156 74.0408 67.2755 71.8707 77.6499 82.9288 74.2494 75.5096 73.8558 80.0531 57.8951 58.179 59.9643 53.289 61.1194 63.4732 65.4533 70.626 40.213 38.6497 35.6593 39.7575 90.6526 87.1761 81.5482 81.4486 64.2274 59.0471 104.541 100.021 107.532 107.012 80.9082 97.3557 11.7705 9.36872 67.1217 63.7874 77.0736 122.512 75.7036 79.1735 68.1925 77.1022 82.0424 74.1212 67.3322 70.1242 66.6349 60.2782 52.1546 60.978 57.66 59.3525 59.6715 59.2109 61.9085 65.1148 69.1502 64.5172 64.4171 77.8255 75.0995 78.6562 70.2349 70.5149 78.3795 77.2434 81.9323 78.0147 60.0489 70.6476 67.4376 65.3467 45.7935 41.0482 40.3967 41.5948 0 0.952609 1.05268 1.43522 66.2997 64.526 67.2671 74.112 57.2088 61.0891 57.6531 56.2333 46.8123 19.0631 51.6733 96.4432 103.466 77.3863 75.923 46.8808 98.3086 87.0318 48.54 42.5433 13.9097 26.2344 84.3399 43.9723 89.2342 41.1059 34.8074 15.8508 110.441 48.7257 60.1811 58.5054 52.7525 23.1964 15.8596 23.3728 72.4409 44.2221 53.273 38.6317 9.35773 81.4257 7.9578 69.3719 60.4465 60.3476 32.868 89.1221
82.7932 83.4984 81.4694 83.3114 76.3852 84.196 99.8854 84.6065 102.32 89.5849 98.4396 93.8953 97.4373 103.618 107.186 98.7779 98.5649 102.155 100.351 117.274 101.981 118.846 96.269 102.812 88.2051 100.944 88.8365 90.224 100.013 107.072 70.2847 77.4241 85.4375 84.6935 82.3282 76.3297 77.2992 86.434 72.0954 64.2742 64.0599 74.3563 70.8973 69.0948 74.371 67.803 78.3579 74.2643 78.3822 74.346 71.3655 73.3966 82.0676 76.1325 60.1729 55.5228 52.4411 58.5085 67.461 57.5858 63.9158 60.8276 37.6498 39.4338 41.3823 39.8717 83.5002 78.5828 79.891 78.8912 58.6102 67.7544 115.009 98.3612 112.183 109.762 89.5134 82.7338 13.1387 9.2783 60.7717 61.2584 70.1387 117.1 77.429 74.9496 80.1496 71.3639 70.578 71.5024 69.3073 62.9602 64.6875 65.0341 58.984 52.8069 60.2767 61.2229 56.4599 57.9999 63.91 56.3998 73.4451 76.0513 67.5177 65.9322 79.9542 69.0766 77.4781 78.7853 80.8429 80.6493 80.984 80.3063 60.2602 58.2822 66.8736 66.6502 38.2893 44.0083 42.4183 47.8875 0.952609 0 1.4055 1.06801 61.8506 72.2774 61.3846 74.6125 56.1909 55.2914 61.1116 53.281 48.0394 19.3455 51.692 100.135 90.2309 73.6312 66.0254 49.1315 109.19 76.3236 50.3934 43.5396 12.1474 30.3941 77.0685 35.5936 90.6565 42.4154 31.8995 16.3051 102.194 46.3364 50.7199 56.0985 58.7363 19.491 15.3846 21.4159 66.0846 43.4662 57.3534 38.7424 8.78489 84.1174 6.3359 78.3953 52.1375 60.6616 30.2714 85.1203
76.0728 84.1828 78.5992 71.9279 72.717 81.429 100.547 88.3321 94.4417 90.2481 87.2311 97.8584 91.024 108.531 110.39 100.065 111.064 112.895 116.335 107.529 100.16 100.769 95.0098 103.471 90.9471 88.6769 91.8731 100.525 88.4616 101.75 74.0041 74.7227 77.7527 82.7516 76.9488 78.0086 71.6046 79.7718 69.7316 75.9533 68.854 64.0814 80.6921 75.4641 75.8246 81.4455 74.7134 75.5169 79.0838 70.8448 72.1682 81.8716 73.6377 73.4855 55.3638 54.5542 58.4263 53.5041 56.0381 62.3921 59.1313 70.0724 36.6661 39.2868 34.863 43.0519 77.2849 91.0916 88.6141 89.6446 58.784 64.8376 96.4927 107.941 111.998 118.997 94.5044 81.6306 10.6113 7.73793 65.1914 66.9404 78.3209 128.965 82.6242 77.0102 73.2027 74.1795 69.8535 74.0376 58.9466 70.2473 63.5452 62.009 57.2827 59.0527 58.0232 59.6013 55.6769 59.0221 56.8607 53.0534 68.5216 74.9187 66.2096 68.6331 75.4606 75.0689 72.1577 73.4309 77.6745 83.5986 80.8578 73.123 63.881 61.5467 65.8945 59.1829 44.4321 43.5948 45.3109 39.9872 1.05268 1.4055 0 0.903265 70.3915 74.8425 64.3016 69.3444 51.6975 59.9848 61.4359 62.6465 44.2717 18.0022 59.4997 114.929 95.9371 74.4715 65.1319 55.032 97.3539 84.0241 47.5963 38.6207 13.5498 29.3827 74.5859 40.1671 100.369 41.4108 35.1852 15.2458 110.229 54.2722 56.3026 57.0406 55.659 19.2343 16.456 25.2579 67.0763 45.9029 52.6652 35.7253 10.366 78.8243 8.04685 78.5574 54.1338 60.4705 26.9297 79.6557
82.5604 80.0394 74.881 79.0497 71.9095 78.8577 86.213 102.082 85.9583 95.8881 93.5847 102.603 94.6207 91.3248 107.861 94.8041 110.487 112.322 109.485 107.297 109.701 104.438 92.5003 98.0153 89.3193 100.138 86.5718 99.2529 105.375 94.9999 71.1405 77.0181 85.4342 76.6381 71.2876 75.2265 70.5017 77.9498 72.254 70.4737 64.3364 64.1909 74.1757 80.1969 68.583 76.6087 66.8412 77.2677 69.8692 72.2389 73.2006 70.0884 77.7903 84.5035 52.9052 49.4714 59.1757 61.372 59.7407 66.648 61.2736 70.7646 39.1371 36.6635 40.2151 39.3617 76.4365 87.6139 77.3907 81.8986 67.0118 68.9182 106.755 109.373 98.6627 112.128 83.3533 83.0816 11.919 8.59621 68.6986 61.3294 75.5688 131.926 82.4503 76.6737 67.0707 70.2812 66.7 74.7687 65.5519 60.3306 61.9462 70.7934 56.9808 52.4523 53.8364 55.9266 55.4015 57.8599 60.8468 54.908 67.2486 76.066 69.7113 76.1587 77.9134 77.052 77.5134 82.435 78.8586 77.0215 86.1757 82.6166 67.9938 62.2874 69.2187 65.1671 43.7519 42.8235 41.917 47.2256 1.43522 1.06801 0.903265 0 60.0598 66.0932 66.4794 72.3441 51.7931 51.4361 60.1886 51.0792 40.1527 18.2638 58.1386 113.645 85.137 73.0995 68.7315 48.5613 99.5927 85.0826 44.3635 42.6266 12.5317 30.1196 84.7471 42.2687 88.6312 37.8636 29.9208 13.9082 102.039 50.6553 51.3221 56.4717 55.7835 19.8503 13.0266 22.4556 70.5167 44.2817 55.3406 38.5962 8.4817 86.4258 6.13988 72.423 53.4249 57.8505 31.1384 85.2371
52.1424 62.1863 58.0093 61.626 56.2172 54.703 61.832 58.9123 60.0531 68.2928 64.2257 58.3222 61.4176 57.917 56.7198 64.4697 58.3238 68.7372 57.241 57.9002 65.1733 65.8273 66.9616 74.3796 70.2915 77.8241 65.9507 71.5421 76.0602 75.6597 99.4337 107.062 104.42 96.276 103.398 85.8177 99.9679 95.6823 21.267 21.1027 21.1446 23.1058 20.4367 20.4859 21.7853 23.0649 78.2905 81.8234 80.4691 86.7406 73.0374 77.6715 81.8643 90.4919 71.882 80.5609 85.3842 72.8378 36.6969 37.4368 39.1008 41.3977 42.8258 39.755 41.1622 40.4284 16.2087 16.2914 16.7707 18.1925 87.9602 94.6223 68.6994 68.4876 64.7007 65.371 29.4407 31.1588 81.0207 72.74 76.3927 75.5879 12.9721 77.3365 64.646 42.5206 45.9276 46.8825 45.2123 47.611 3.08923 2.1995 2.81958 2.02732 12.9704 11.4023 12.3185 11.3182 53.8632 47.3694 57.4232 53.0903 74.9992 83.2736 79.6231 71.4429 67.9346 60.8653 66.0982 68.2219 93.1082 102.985 95.572 106.484 18.9804 16.8636 20.243 18.9686 38.5624 41.547 42.8634 40.1531 66.2997 61.8506 70.3915 60.0598 0 0.922039 0.92015 1.35742 46.2557 44.8375 50.288 51.5103 69.1105 58.0722 67.5685 66.0454 51.9873 80.9042 54.5357 84.5882 62.1547 26.9761 22.9184 76.3523 54.1536 42.8861 20.3054 39.8947 49.5388 60.1915 37.9902 74.951 65.6532 36.7367 30.7612 6.32688 63.7192 46.89 50.911 40.6844 88.3598 28.6272 79.4121 30.6746 60.9444 13.1546 66.6008 35.564 18.2735 15.0461 60.6077 48.4243
58.3779 58.0834 59.2845 58.2082 61.1925 51.1058 62.2137 59.1648 61.861 59.9017 54.8043 58.5753 58.5401 64.2627 60.0101 59.3426 61.4137 59.0316 57.6099 57.9392 59.4859 63.7822 70.7206 73.0696 73.1697 71.6135 66.8384 69.0507 69.0907 69.0631 97.6831 96.4445 95.5236 103.17 99.274 91.9846 102.145 101.067 19.3582 19.0776 21.8274 24.3805 17.8198 19.3251 20.9246 21.7744 84.0288 80.4827 78.8955 85.8966 78.7242 75.6774 77.4151 80.2288 72.1879 81.6835 81.1878 77.0633 42.088 41.37 44.7013 40.7233 37.4746 39.8808 39.649 37.7725 15.7528 16.4839 14.7963 17.1402 93.008 94.3996 67.6114 73.0217 75.6414 69.1695 30.3429 25.9843 82.0202 80.7893 72.1459 67.2999 13.1163 76.136 64.1143 40.36 43.8299 41.4289 45.6909 51.0092 3.72294 2.85848 4.22212 3.33232 14.641 12.424 14.6423 11.7325 51.4822 50.4828 54.4831 53.0714 82.1822 71.9213 73.3191 79.9063 64.6847 61.6718 73.6207 63.864 101.511 104.203 98.3336 90.1912 19.7961 17.8304 21.7984 18.9714 38.9471 40.5387 43.4791 42.0857 64.526 72.2774 74.8425 66.0932 0.922039 0 1.49143 0.986101 45.9973 45.2194 50.0312 46.4198 63.3976 65.3069 66.5176 61.0957 46.7925 70.2077 58.5619 85.4726 64.7876 30.2335 20.4056 82.5933 62.8378 37.6648 18.686 42.4619 48.5655 50.774 41.5553 66.8456 61.8584 32.9761 31.351 6.35779 64.8983 48.9673 54.7897 45.531 79.5483 30.0163 90.1369 35.261 61.0106 13.9216 65.781 39.3839 18.6198 16.5365 62.2597 48.1824
53.9985 57.9076 58.3483 59.124 60.0639 51.0385 61.8379 53.9573 58.2634 56.7588 63.1383 61.0046 63.6647 61.6946 54.3768 65.6269 68.936 63.3086 58.2433 68.287 59.3893 66.2632 72.7917 77.2486 71.0559 77.5003 65.0503 63.4494 75.3931 67.1865 105.434 90.5288 100.69 94.9346 94.1796 93.6766 96.9487 91.8073 20.2398 18.1057 22.217 20.2961 17.8831 20.5972 18.6802 20.6095 90.0119 92.2303 88.5418 91.591 82.5119 73.3336 87.0648 76.5924 71.2645 73.1783 71.5914 73.0331 41.0329 38.0338 45.089 42.7217 43.6419 39.2346 40.8725 37.7052 15.0243 17.4227 17.4303 17.8761 92.8621 85.384 76.1597 79.3128 74.9125 75.9992 29.9418 27.8836 85.5928 80.8631 72.1334 72.2279 13.5377 82.9096 59.1486 36.1572 44.0488 44.4328 45.7703 43.0949 3.2556 2.5617 3.0156 2.09849 13.0902 11.0345 13.3857 10.6545 49.8134 54.2994 48.1583 56.8183 75.0651 81.2669 72.3283 82.7684 71.7291 62.0777 68.8245 66.7641 103.751 92.5008 103.866 98.6295 17.4086 16.2574 16.7735 18.3597 37.2205 35.7528 35.8972 40.328 67.2671 61.3846 64.3016 66.4794 0.92015 1.49143 0 1.0521 44.9689 51.7797 50.7838 48.492 60.4062 60.3005 66.3765 58.705 45.7348 70.2083 58.8292 85.7224 66.6317 25.6499 22.5817 72.5311 60.3543 41.0871 18.9887 40.814 52.6673 54.7081 39.9879 74.0121 55.91 32.2326 30.7679 7.64328 71.0954 49.1285 53.7869 45.8056 95.1661 31.8946 90.0784 28.358 57.1448 13.1388 62.3531 35.2634 19.8841 15.9353 54.8658 43.5407
53.3011 60.6859 59.8484 57.2351 60.0674 53.8269 58.0957 58.3365 55.0391 67.967 57.3465 61.3332 54.5231 59.9588 59.9888 60.0225 62.6586 68.2467 60.4496 67.0795 57.5982 58.2608 63.7033 66.5944 69.7738 72.5193 73.9264 66.2304 70.3529 71.4976 96.8151 97.1495 107.814 103.725 94.0608 95.0363 89.3639 101.043 18.7433 20.498 23.236 21.1698 18.3336 17.7382 20.7313 22.831 92.4021 90.1242 83.8606 89.978 84.3882 87.4196 89.5027 90.2505 72.0952 75.5119 77.4994 84.199 43.6338 35.6124 43.7487 42.1671 41.9321 39.1 42.3068 39.9747 15.0973 15.8056 15.7765 16.8739 95.6616 97.2585 65.6717 73.9116 72.2113 75.4316 24.3209 26.4278 71.9912 81.3528 79.3431 72.6811 12.6911 72.1607 65.0104 38.2713 46.0052 45.1243 42.8816 47.0008 4.40091 3.33534 4.2411 2.73066 13.3464 13.4596 13.5331 11.4411 58.3772 51.245 57.3589 53.8128 75.6087 75.0842 84.8551 71.7262 62.6279 65.0229 69.3952 71.4721 105.093 101.052 92.0035 103.36 19.7845 18.9642 20.8434 18.0834 37.5103 41.0369 40.6638 42.3029 74.112 74.6125 69.3444 72.3441 1.35742 0.986101 1.0521 0 53.3168 48.5952 49.4899 49.4037 65.6517 66.7027 74.3289 55.2746 47.7464 82.5911 60.1398 84.0764 61.8094 30.5608 25.2004 82.8904 62.1009 42.7023 19.2765 45.66 51.0335 60.9846 38.3084 65.6896 57.6467 36.6551 30.8852 8.47265 68.3532 51.6127 58.6286 44.4017 84.3231 29.7695 83.6517 29.9795 56.148 13.3558 61.8537 32.5869 20.5134 15.6421 62.5182 47.9936
21.0164 20.7623 25.0471 22.3698 17.9148 22.2718 38.635 40.998 37.0196 39.2512 44.0493 44.9163 46.8788 48.0893 43.8721 46.4779 46.8278 54.4484 51.0155 51.5587 50.1505 54.8067 40.5191 40.7195 40.5172 43.7574 38.1717 40.2578 45.7648 43.253 54.2232 51.9137 54.2792 53.9231 47.5884 46.1185 44.5492 49.5922 36.5648 35.5781 35.1274 32.1891 41.6357 42.0303 39.7152 37.237 35.3115 34.6539 34.6069 34.9969 34.1895 30.0545 36.1442 34.9751 30.8741 29.4036 30.2482 28.6137 11.0913 14.1509 9.911 12.9228 21.8357 24.005 21.0734 18.7364 60.4085 65.4817 57.2626 60.1383 40.8291 43.646 48.4904 50.8257 52.0938 58.4036 43.4257 45.5844 67.3926 56.3617 23.8564 20.261 42.7724 61.3387 20.2995 21.1217 19.1559 21.7904 21.3751 21.1527 51.3554 44.4681 46.8583 46.1924 42.0024 38.546 34.7182 35.5688 4.36399 3.85056 5.25702 4.95601 29.8053 27.8717 28.6324 32.1487 20.2166 23.4386 22.0981 23.7749 54.8529 44.9835 51.0967 47.5037 30.1288 32.1725 32.1257 33.7075 17.3951 16.5023 16.5153 16.5324 57.2088 56.1909 51.6975 51.7931 46.2557 45.9973 44.9689 53.3168 0 1.02057 0.999753 1.51215 23.6857 38.4924 23.9342 51.2761 40.6951 31.0174 15.2017 37.6189 41.1996 38.3683 49.1376 37.4227 47.804 49.7758 74.7576 16.9744 43.7176 19.9165 52.1901 46.4992 49.5084 14.5375 16.3174 53.2508 24.2257 37.3113 41.197 45.0737 39.5191 24.2802 40.3445 30.3736 49.5988 52.0027 54.7953 25.7917 54.1689 49.6663 25.8416 30.6052
22.9761 21.8231 24.1825 22.1464 17.8888 22.8056 39.1755 35.3166 40.6611 37.9039 44.0228 45.2603 39.2033 42.7474 49.2822 50.9751 51.6132 45.2577 54.3223 55.3445 51.129 57.8527 40.1124 38.7772 36.1558 37.674 37.647 43.8601 44.9272 47.2752 50.6246 52.4129 52.2851 57.9447 42.7252 45.2258 44.4124 48.5098 30.7359 29.3974 34.559 31.1564 39.3397 40.809 34.8012 39.0595 33.732 40.9094 36.7046 39.9924 30.8106 34.7637 33.7875 33.9567 35.519 28.8311 32.0302 33.2711 10.003 13.5968 9.34035 13.597 21.1365 23.0092 21.9967 20.2683 57.7542 58.87 58.4807 52.6538 46.2872 44.3636 48.1378 52.2469 52.6845 55.904 44.0872 52.9417 58.2281 63.8426 24.2099 21.9514 43.084 63.6866 21.773 20.7479 19.4513 18.6217 19.9768 20.2496 45.9614 48.7587 41.6194 50.228 34.8744 41.5047 38.8187 35.7636 5.20424 4.43342 6.10188 4.62675 31.224 26.5425 29.4353 29.9933 21.4138 20.8576 20.8617 24.7163 50.8392 54.6628 48.6292 50.1953 28.9708 33.5002 32.9643 28.6343 18.6229 16.8108 16.1536 15.7339 61.0891 55.2914 59.9848 51.4361 44.8375 45.2194 51.7797 48.5952 1.02057 0 1.33945 0.996804 21.6552 38.009 27.1636 53.133 42.9251 30.8526 14.9834 38.1762 46.9216 42.0928 49.623 40.8663 47.9033 51.624 66.1542 19.2741 40.4156 18.2739 48.0486 50.075 53.6674 12.7664 16.0407 48.1304 21.8735 37.1927 45.663 48.8112 38.2963 23.9228 37.9621 27.324 54.8281 46.7098 54.4424 22.4605 53.6116 59.8992 29.6193 32.0797
20.1906 21.4446 21.7241 22.7191 20.094 22.4295 38.0105 35.4384 34.8741 35.8537 38.7283 41.3354 39.1719 46.3475 48.4113 53.2764 53.0645 49.7089 50.9238 50.3746 52.8653 56.3057 40.1768 36.8001 37.0924 37.6093 37.9206 42.7037 39.9145 45.0846 53.4331 53.4588 49.1341 47.139 41.8703 47.4815 45.8075 51.0151 34.9427 34.7035 36.4998 31.7369 39.5801 34.9305 38.6527 39.4411 37.7986 39.3852 40.3016 40.5788 30.3111 29.6395 35.4419 35.0609 30.5652 26.8816 29.0288 28.5982 10.6748 12.7208 10.4393 13.1111 22.9167 24.2363 20.8644 21.9544 57.2385 61.6369 57.5113 60.2155 39.7542 43.3227 44.2186 48.2044 51.133 54.2529 43.4548 47.2452 62.7142 65.7232 21.7302 18.6958 44.0214 71.1369 19.8534 23.9658 17.8039 21.8404 21.714 21.3624 50.2834 50.4703 51.0935 43.1806 35.6424 36.9177 40.4255 37.5595 3.4411 2.53554 4.40384 3.99158 27.4523 27.506 29.4293 26.7958 21.5275 19.0475 23.0639 21.9489 52.7346 49.89 53.6137 50.5345 31.9266 35.8918 33.2851 29.9409 19.9883 17.8044 16.6097 19.3058 57.6531 61.1116 61.4359 60.1886 50.288 50.0312 50.7838 49.4899 0.999753 1.33945 0 1.05301 23.466 35.4166 21.6775 52.1475 38.4457 30.3579 13.1179 40.2616 41.6123 40.5377 52.3755 39.7171 47.9665 53.5179 63.1245 17.45 40.7888 21.4259 50.8225 42.6142 58.3519 14.7207 19.5935 51.7247 21.2838 34.0327 48.4139 48.9997 38.9903 24.9394 39.8919 32.1603 48.514 56.1631 50.7031 24.9625 50.9855 52.4084 27.6448 35.0581
21.2588 19.8409 21.191 20.7879 19.6323 19.2559 37.131 40.5972 35.7133 40.9408 41.2955 43.4753 38.0562 45.6449 46.9911 47.9374 48.6051 52.4186 51.773 49.1005 54.6434 52.1908 38.4005 34.2563 38.3204 40.4921 42.1424 37.598 42.3921 39.3006 51.325 47.2013 50.3892 48.1851 49.6356 46.5346 51.0973 52.2519 33.075 30.9725 29.6801 33.7308 39.0215 35.833 38.4097 35.072 33.7973 34.1473 36.0421 41.0167 32.6067 31.6494 33.5102 37.7991 35.249 27.156 30.8047 33.3896 10.6631 12.806 10.0841 11.9263 24.6323 22.4926 22.9368 23.379 55.277 61.323 53.6352 61.1951 41.9225 42.6626 44.4655 45.3203 48.1501 50.2765 43.54 51.229 67.6142 57.9882 23.2707 20.9477 40.1695 65.0364 20.2781 23.1096 17.746 20.4953 19.9662 18.8161 45.3419 47.9961 49.8788 48.8378 41.2606 40.206 39.0996 40.925 4.57407 3.65976 5.09699 4.48525 29.2332 28.6538 30.977 28.0959 19.7013 22.6517 20.4537 22.9731 47.5114 52.7079 49.2134 54.633 30.007 30.9053 28.0364 29.3633 19.0464 19.4848 16.5907 18.9384 56.2333 53.281 62.6465 51.0792 51.5103 46.4198 48.492 49.4037 1.51215 0.996804 1.05301 0 24.45 42.9545 23.3669 54.5673 39.1223 28.9085 13.5842 45.3135 43.7775 39.5931 49.4357 34.9591 46.6173 45.8069 73.1509 20.7033 36.148 19.9741 49.1841 46.2959 51.6288 16.4993 18.7953 51.8882 23.504 36.9592 43.6728 48.6137 39.1458 27.2317 38.9838 31.16 55.2835 51.0509 53.3477 24.8297 51.6639 56.851 31.4148 33.169
44.4859 39.5426 38.9112 39.9181 38.9482 45.7846 54.9131 55.2118 58.2521 65.8146 56.5094 67.1211 62.4787 61.3523 74.9817 69.1575 74.2351 71.022 68.8232 70.3395 68.6933 82.5396 58.3516 53.7795 54.4429 59.3875 56.4232 57.6097 64.1284 63.9289 36.6783 35.4282 39.1967 37.8441 37.1354 38.4357 33.8433 38.4658 57.2362 53.2781 48.4891 51.5011 55.0851 63.1199 53.5182 59.5404 32.1595 31.883 33.0037 31.6994 30.0639 30.5829 33.4143 33.4399 14.2585 11.9959 14.6465 16.369 34.0001 38.4386 31.7772 33.7532 24.9075 29.6081 26.0826 28.7546 83.8784 73.0154 82.3081 85.6663 28.2619 22.614 67.3929 71.1365 73.6237 70.437 70.8791 78.6339 51.1787 48.119 20.1412 20.9647 67.6996 86.12 32.9617 45.7884 43.8284 42.2452 39.5304 41.8463 65.0625 59.7982 58.1069 65.4983 48.042 48.5782 54.3588 52.9771 19.7756 23.4191 23.3356 20.9583 26.5014 24.7717 24.6422 28.2669 33.4823 36.0944 34.2241 35.1057 42.6042 39.2588 41.075 43.3922 53.3086 56.214 51.6097 53.0258 26.4452 26.2121 24.1151 28.306 46.8123 48.0394 44.2717 40.1527 69.1105 63.3976 60.4062 65.6517 23.6857 21.6552 23.466 24.45 0 27.0604 10.9336 80.0194 70.9969 36.0244 29.6031 18.3854 69.2498 57.0388 57.8345 14.8607 38.574 52.3421 83.7371 23.4842 66.7407 11.3316 52.1689 32.8035 71.3911 30.7607 36.3828 66.2218 11.2427 29.407 39.6767 45.9225 28.1122 35.4115 19.4289 34.9019 40.7439 71.1324 44.8558 48.6278 60.6207 64.8307 14.569 54.4965
56.9729 54.9992 56.8894 64.3074 57.0826 64.8731 82.2871 73.4676 79.5897 84.0056 87.1885 83.3457 86.9582 81.9119 90.2687 89.6096 88.1194 85.6525 97.1589 90.976 96.1148 86.8152 75.6845 79.0934 70.212 81.4414 78.6378 74.8599 78.8617 84.9608 59.4302 56.2031 56.6347 60.0884 61.0694 57.5241 65.5104 62.3585 53.3388 62.1711 59.5478 53.0185 62.0583 62.6975 61.8056 58.245 57.2555 54.5083 63.0005 60.8842 58.9756 53.563 61.0841 56.8167 38.7159 39.8792 42.4206 41.2445 42.1446 44.6266 43.0953 44.8843 22.3131 24.978 22.6449 28.0968 77.9504 84.6881 72.959 83.781 45.5239 45.3622 86.2981 94.9923 85.8192 96.5256 76.8604 73.0914 26.3495 24.0415 45.5248 49.9149 62.3902 104.316 53.4155 61.5944 58.7646 53.7549 53.1094 61.6477 60.8921 54.6544 55.0947 58.4228 51.7139 45.9747 43.4902 51.1293 42.208 36.8553 42.4407 38.5659 46.2027 55.0327 54.566 56.5059 56.6269 54.4066 58.5743 58.5167 58.3311 66.988 68.051 58.0287 52.5954 54.2128 57.5121 48.8427 25.3955 26.824 26.9486 31.1707 19.0631 19.3455 18.0022 18.2638 58.0722 65.3069 60.3005 66.7027 38.4924 38.009 35.4166 42.9545 27.0604 0 35.1804 88.5039 76.3158 62.3082 49.8183 37.9527 75.2858 65.2685 45.1335 25.9475 11.6049 29.9989 83.8236 22.1254 75.4185 18.8855 35.9457 9.36615 88.8765 34.1597 39.3298 54.2948 40.6334 10.3583 13.0127 25.3706 50.7879 28.9744 36.033 29.039 18.5217 73.8716 19.0912 56.1191 49.6441 54.157 10.3812 67.2085
38.7363 36.1606 34.7824 39.8798 34.715 38.0179 54.6031 57.4509 57.056 59.0952 63.4697 62.8548 60.4858 63.8365 71.2545 67.2879 70.5112 64.2887 64.6438 75.7402 77.1198 66.0087 41.8912 44.4505 45.4792 47.2657 55.3125 51.0614 52.2029 51.2747 25.9244 25.7411 26.1081 31.3078 23.4968 23.0263 27.4222 26.3228 59.1041 63.4895 53.3519 57.3185 60.7518 57.0764 66.4421 57.5811 17.8289 18.4889 19.9084 22.8353 16.0744 18.3726 21.2222 22.7654 8.38743 5.07157 7.5718 5.84669 37.2221 37.1302 32.899 35.465 36.748 42.2132 37.8164 32.8793 88.1678 82.4593 88.3655 89.7095 20.0149 15.5586 55.9515 65.1197 59.9908 68.6812 78.3845 71.3345 59.2324 53.1607 8.19706 9.92951 65.7747 83.8163 25.5515 48.1457 43.831 39.1894 41.5351 45.6746 67.0658 65.2469 64.2211 65.1228 57.4952 57.918 60.3256 64.4835 19.7649 20.3254 18.7656 22.4783 13.4627 12.9192 13.7356 15.6039 25.3746 26.8036 25.6606 27.6305 26.1659 28.0057 27.5757 29.339 51.5067 51.7797 54.5363 51.2707 32.5201 35.5832 35.9945 37.6287 51.6733 51.692 59.4997 58.1386 67.5685 66.5176 66.3765 74.3289 23.9342 27.1636 21.6775 23.3669 10.9336 35.1804 0 63.172 64.1484 23.503 24.9256 17.719 56.4945 62.7198 60.3261 21.1628 45.0632 57.0786 96.7224 30.4143 63.1052 19.9662 70.7364 44.7247 68.9649 33.2693 40.9273 72.2749 2.55203 42.736 51.399 52.2704 17.7232 43.44 13.0767 42.5726 57.0195 82.8928 52.9889 48.081 79.9657 77.8504 26.9518 53.1537
31.5054 35.9496 32.433 31.8948 37.6193 30.2235 15.9704 15.3778 15.8222 18.5469 11.3956 10.9745 12.7839 12.2751 4.86926 5.31501 6.50096 7.26835 1.88003 3.17689 4.01342 5.99753 32.1971 31.193 29.1498 34.3991 23.9836 26.9012 23.5427 26.4448 93.754 91.9266 82.0697 83.7185 74.8649 83.2845 77.6549 75.2281 45.1592 40.0877 39.8656 37.1508 42.3241 40.2039 38.7204 38.3793 71.2902 74.3263 71.0038 63.086 65.5841 61.8494 58.7641 66.2019 82.5609 82.4269 76.5087 79.4797 40.9759 43.4711 46.0816 39.2996 74.4765 71.1734 72.2546 62.0408 53.609 57.0646 54.1341 52.1311 86.8938 80.8331 20.205 18.051 14.7463 13.8053 35.244 32.2315 112.223 102.256 57.1753 56.3188 44.8091 16.6628 41.7076 30.0691 33.3181 28.6566 29.8748 30.3218 66.8221 57.5828 59.5358 54.7643 63.6957 54.601 54.6091 53.1281 55.8818 48.1905 56.7805 46.8646 63.5127 65.33 60.9832 59.7817 46.4749 41.9905 44.3163 44.0354 87.9102 89.2131 77.5039 79.291 48.1432 42.2981 49.1342 49.4072 56.9704 61.6431 65.1774 65.4045 96.4432 100.135 114.929 113.645 66.0454 61.0957 58.705 55.2746 51.2761 53.133 52.1475 54.5673 80.0194 88.5039 63.172 0 10.1961 55.672 43.2796 89.0654 9.56031 33.0329 68.2653 82.0659 88.8569 96.2333 72.2055 62.3743 11.1791 64.0044 82.7468 100.231 1.76844 52.9249 49.9291 67.5329 65.0466 76.6388 90.4886 82.5702 66.9076 62.073 81.7334 68.7402 107.343 44.8446 95.3597 35.218 79.193 80.6878 79.4529 19.4116
28.2033 29.4475 24.1855 24.0781 29.6027 25.4813 13.5821 15.6558 15.993 15.4859 9.81668 12.1117 11.583 13.7449 11.1274 12.4998 14.0338 14.5503 10.8625 12.3988 14.7783 15.3622 30.1463 31.3509 29.9391 32.4121 25.435 25.8394 25.8122 29.2026 87.3777 81.3456 82.7524 74.7424 80.8018 74.8137 74.331 69.9292 32.4672 29.2937 33.4438 29.3541 32.6162 33.2041 30.8523 28.0961 69.4711 62.1206 71.4371 69.9789 54.0082 56.5804 62.239 65.7032 64.8316 69.0241 75.4862 69.2877 35.3594 28.773 31.9138 28.8241 56.5687 57.3642 55.6615 50.3622 48.1487 50.1492 42.8023 48.5854 72.5312 71.4106 25.3915 26.107 18.1288 20.3541 24.0201 26.3539 110.566 93.6497 61.2423 57.9245 33.872 30.6793 36.9683 20.8711 21.3007 20.9293 22.598 20.9152 55.3565 53.1455 53.0849 53.6264 51.4775 52.9477 50.6583 53.1604 42.8572 41.0026 42.8234 44.1496 61.63 52.7097 59.6261 57.3611 39.2219 42.2983 39.2784 36.9532 78.5116 73.9142 81.1983 71.8327 37.5031 33.533 39.7911 34.7132 49.6412 49.5152 55.9819 54.2096 103.466 90.2309 95.9371 85.137 51.9873 46.7925 45.7348 47.7464 40.6951 42.9251 38.4457 39.1223 70.9969 76.3158 64.1484 10.1961 0 54.0468 38.5011 85.5554 12.4961 21.5444 60.2523 85.6835 89.2173 73.5247 64.6154 51.0975 3.46168 65.2222 73.9689 80.1501 11.2016 48.339 37.0174 56.3155 58.4793 70.2746 79.0441 79.9561 71.6196 50.3515 74.6253 59.6403 83.8203 39.5113 88.5803 20.4249 68.9777 61.0117 69.9191 9.99895
24.126 22.6049 26.9317 25.7295 25.8667 28.1115 40.9017 38.7007 40.9299 35.5067 45.0719 41.0451 43.6468 42.5353 54.7586 51.1503 54.669 45.85 53.9204 59.7741 50.4862 58.3924 29.8799 29.2971 30.1655 27.2733 30.9587 32.9337 33.9952 31.0438 30.1374 29.8619 28.0747 33.235 24.8332 24.7264 23.0771 24.3039 64.503 53.0455 61.9058 53.6071 65.1399 59.6346 67.0817 64.904 13.0611 15.6166 13.2064 15.4113 8.36717 8.08857 9.62501 8.20078 30.6835 28.0891 28.4273 26.724 34.258 36.4948 34.0019 34.9828 51.4882 55.0306 49.9663 45.7065 85.473 85.8177 89.5031 83.8153 31.1739 29.4394 36.9096 39.7485 47.7863 46.8077 63.6793 72.7113 78.9067 84.7129 14.145 13.8561 70.9115 64.4403 15.5812 36.0974 36.8462 34.1754 34.6691 37.7674 77.9884 75.2931 73.8369 70.4557 69.3759 67.184 65.1465 67.9716 25.8397 26.6013 22.7752 22.8826 11.3902 10.7719 9.98398 9.05746 11.4908 12.4183 11.2649 11.6643 26.8976 28.0988 27.7409 29.3785 59.198 62.8715 54.7922 61.6405 47.0342 51.359 44.8944 45.9311 77.3863 73.6312 74.4715 73.0995 80.9042 70.2077 70.2083 82.5911 31.0174 30.8526 30.3579 28.9085 36.0244 62.3082 23.503 55.672 54.0468 0 19.6921 37.0885 43.8846 65.3148 70.2913 47.3778 66.9336 77.3356 94.0114 47.9983 52.497 36.847 85.0655 65.9968 57.4297 41.2974 46.3389 83.3141 22.1802 60.5057 64.3765 76.883 18.0682 52.4153 35.7411 59.1524 70.6212 82.9786 71.7117 47.0164 86.2248 77.6595 44.5521 47.8165
11.5344 11.9704 13.1939 13.3591 9.74667 15.5613 28.157 27.0459 30.6591 30.8662 34.7406 36.4654 37.4218 35.0237 42.2609 37.9161 42.6632 45.8178 49.8971 49.4481 45.7071 44.1116 26.2631 26.8285 28.6948 28.381 29.8228 31.1628 27.9607 30.3045 40.3202 46.6922 46.7434 42.4745 39.4682 40.4817 36.7063 44.2037 39.9192 37.3375 37.7924 39.1384 48.6595 43.0947 42.2277 43.6967 30.0157 30.5737 30.8452 33.0053 26.2251 24.3582 23.7756 26.3725 34.6761 31.3027 35.2187 29.018 19.3334 19.7452 17.2769 17.6137 35.9625 38.4665 34.8652 35.7928 67.3835 63.9604 68.1652 63.8349 38.1378 38.684 35.0993 37.0715 43.776 39.8839 46.5184 56.462 72.4336 70.7235 18.9589 14.6452 54.6798 61.7083 7.36723 21.6945 18.6102 20.0826 16.9868 20.0868 56.0049 57.8393 51.0221 60.3387 48.7993 52.1025 49.7885 48.4878 10.8325 10.1167 10.4019 9.03147 23.3119 22.5958 20.9563 23.6556 9.16787 8.56875 8.60462 9.88622 44.822 38.6149 39.6446 43.7222 41.3136 44.0756 43.0225 43.615 31.2295 31.767 31.9585 28.8 75.923 66.0254 65.1319 68.7315 54.5357 58.5619 58.8292 60.1398 15.2017 14.9834 13.1179 13.5842 29.6031 49.8183 24.9256 43.2796 38.5011 19.6921 0 41.8768 36.3072 44.2528 62.0583 42.6285 55.4482 66.2836 72.0086 32.0038 34.3124 33.0903 72.8003 54.0122 45.8118 28.6045 27.9812 65.2105 22.5007 52.6332 62.9368 63.9846 34.3434 37.5926 37.0636 40.238 67.6197 61.6455 63.4176 24.7515 61.9098 62.529 42.7777 30.3008
50.9315 52.2948 53.0135 55.9351 47.795 57.0436 74.3651 74.9433 68.8297 78.458 74.5965 75.9488 82.7347 70.8244 79.2102 83.4345 89.257 81.5067 98.1692 95.3715 90.6825 89.9895 68.6375 65.6724 67.1874 60.1618 69.4135 68.7722 69.7393 76.83 24.4219 25.1324 26.7007 29.9023 27.7232 27.9198 26.0054 27.5633 70.5872 74.6667 78.8146 76.7049 76.1404 70.978 85.1001 71.283 29.3974 31.28 27.6672 30.6287 29.1847 33.7693 36.2318 37.2836 10.4873 11.9417 13.3504 14.9161 49.0044 53.4752 53.0003 56.9656 46.4751 44.0305 44.8417 43.5674 103.822 105.12 95.7409 105.091 13.8712 13.8508 77.6312 85.9751 87.8148 79.2503 87.1961 87.59 49.6719 52.5889 27.1166 30.3293 79.2156 106.343 45.6674 58.05 60.4581 61.256 59.6601 60.5205 87.7235 78.7704 75.3188 74.6163 70.7987 66.5802 77.6223 77.0358 41.0755 37.4323 39.7978 37.5344 26.0938 29.0106 30.481 27.5842 45.462 41.0853 41.644 43.5813 30.6565 29.1478 29.2424 33.724 69.9085 77.5307 74.2354 65.5534 47.7321 49.9127 45.3038 50.3106 46.8808 49.1315 55.032 48.5613 84.5882 85.4726 85.7224 84.0764 37.6189 38.1762 40.2616 45.3135 18.3854 37.9527 17.719 89.0654 85.5554 37.0885 41.8768 0 83.4545 80.7168 77.2969 10.68 47.2265 70.2768 113.009 41.0962 79.172 27.6338 72.9897 40.3529 88.1788 54.8034 60.239 87.2126 19.7573 49.4699 46.9464 61.8558 26.3834 58.1213 7.08705 56.4209 54.2167 84.0543 56.9644 60.8209 80.2129 90.3555 31.6946 66.7535
27.8671 23.2346 25.5148 23.4621 29.3388 23.6995 8.10418 7.75538 6.71735 6.73042 3.30989 2.72812 2.06993 2.23178 4.38884 4.73526 5.08594 5.24643 10.2721 9.61785 10.2709 11.3355 18.3516 21.4737 22.2593 23.292 15.7867 16.5145 17.5817 16.6138 77.8303 79.0661 77.2806 74.7039 75.961 71.5738 67.97 63.8209 43.0864 40.7397 37.8749 43.091 39.3165 44.8763 42.2463 36.1378 60.8291 60.2897 58.4064 54.7434 52.8819 56.4063 56.5892 55.3908 63.559 69.627 66.0105 60.867 39.372 38.3667 34.0329 36.0222 69.9282 56.2516 66.546 54.4896 60.5 60.4472 53.8878 54.1844 72.7595 69.3092 13.6479 12.0208 8.60548 9.73636 41.1046 42.642 105.822 113.942 49.0916 56.5019 51.3499 20.6904 35.0946 25.2816 26.5273 26.6018 24.9654 22.4045 58.3137 63.0372 60.2534 62.2045 53.6945 62.9631 57.771 52.6765 42.7819 44.1036 42.1804 40.2762 51.1105 54.5646 50.0131 50.3037 40.8387 39.0378 40.8469 37.4432 67.52 79.0672 69.577 79.2843 46.3033 46.6923 43.2575 42.3631 63.3718 55.4464 56.7725 59.2203 98.3086 109.19 97.3539 99.5927 62.1547 64.7876 66.6317 61.8094 41.1996 46.9216 41.6123 43.7775 69.2498 75.2858 56.4945 9.56031 12.4961 43.8846 36.3072 83.4545 0 32.2772 72.783 72.7806 84.6431 92.2128 79.3949 57.2499 8.37558 61.931 81.9311 87.426 11.244 46.0515 50.0303 70.9432 59.8599 72.8329 81.061 85.2827 69.0746 56.507 70.7855 60.5581 101.13 49.0964 105.006 30.6026 79.0113 80.7322 79.238 18.3955
35.3757 36.9099 38.3616 36.8301 37.9611 30.3708 30.5262 31.0402 31.936 36.9799 27.9169 33.411 30.1191 33.0154 33.8496 31.9569 36.837 34.5677 32.6418 33.1334 37.3415 33.7197 43.7641 44.4637 51.9328 46.5221 43.1984 46.9624 47.2875 48.8907 93.2312 88.1544 86.9537 88.6258 88.4413 78.5471 80.1858 89.8189 12.9419 13.6414 11.8228 10.3911 9.9513 8.84503 8.41465 7.74629 66.2965 66.0113 67.4936 65.7975 69.4654 70.2681 72.086 70.5671 68.6254 73.6419 78.6538 64.2263 30.4073 27.9163 26.9248 27.7798 49.514 45.3418 48.6826 40.4839 28.4089 26.0559 23.9196 25.1812 83.5637 82.9577 43.1889 49.6176 44.5701 39.8191 8.28075 11.4835 94.8284 86.8482 57.7497 60.9803 15.8617 49.8902 43.4673 21.7709 26.6084 23.8587 24.5441 25.6672 27.5057 31.9266 28.8799 27.4719 32.873 27.8907 29.1466 26.5402 46.2155 40.687 47.2569 42.7149 59.9716 58.2606 60.1508 61.683 48.621 52.0479 53.6008 44.3861 78.4409 82.8923 93.9987 77.7018 20.028 17.0849 17.0607 17.8554 42.4961 38.3859 37.64 38.3716 87.0318 76.3236 84.0241 85.0826 26.9761 30.2335 25.6499 30.5608 38.3683 42.0928 40.5377 39.5931 57.0388 65.2685 62.7198 33.0329 21.5444 65.3148 44.2528 80.7168 32.2772 0 42.6214 74.3814 75.7678 62.3199 42.1333 45.0424 24.7952 56.396 66.1964 74.2144 33.5686 31.6621 27.5336 34.6577 56.2381 60.0291 64.8845 67.1122 78.4252 36.4172 80.41 41.8866 69.7622 19.7535 84.1769 16.1524 41.4011 40.7628 56.5178 17.6119
65.6521 61.5077 60.419 64.9159 58.0053 60.7956 73.5445 77.6029 70.6604 75.9687 74.3501 75.9137 75.1048 77.4171 69.2831 68.949 73.5792 83.2399 75.1111 82.5648 80.7484 76.0644 72.099 77.1167 74.6347 74.3764 71.4368 72.0634 73.9853 89.0172 95.9091 97.5411 86.1485 95.9357 91.1584 87.6247 85.0581 91.1867 34.5727 32.775 36.5317 33.1009 38.3895 38.3912 39.8746 40.657 84.949 84.3342 80.9343 91.344 72.4595 72.7877 85.4917 86.8511 68.2006 67.3025 71.4715 69.2567 46.9508 44.8442 46.5735 49.242 27.2809 25.0269 29.8253 26.6136 38.1986 42.7143 40.5408 41.4007 88.5481 75.6513 76.2334 83.17 82.5897 91.593 50.6487 46.1932 59.7693 56.4552 69.8068 68.0268 33.7923 99.7872 69.973 51.3118 53.038 53.6696 50.9126 51.5816 19.1665 18.3953 20.8683 20.1991 16.8403 14.4661 15.3907 17.6748 50.3044 53.2672 50.7363 54.7643 75.9147 82.0351 72.4683 73.9646 67.2887 72.7502 74.8413 63.7102 86.4374 96.6576 99.9012 101.589 25.6636 31.2525 28.8183 29.7286 32.2686 27.8551 33.0446 29.4768 48.54 50.3934 47.5963 44.3635 22.9184 20.4056 22.5817 25.2004 49.1376 49.623 52.3755 49.4357 57.8345 45.1335 60.3261 68.2653 60.2523 70.2913 62.0583 77.2969 72.783 42.6214 0 67.7861 39.5869 19.0267 34.7424 34.9484 66.0671 47.312 18.0489 45.8846 78.9129 29.4482 29.1077 14.5277 67.9834 30.7785 31.1726 26.501 88.041 21.1886 78.5759 17.8025 39.0328 37.2684 41.8948 43.0508 9.86097 11.2537 47.2169 58.2865
53.3583 49.9264 53.1857 52.1641 54.1383 62.3409 71.5 69.8355 79.3825 68.7593 80.0054 77.7826 74.5959 85.0762 80.5587 82.8685 89.2152 86.4652 85.2603 82.2072 85.0067 95.7761 68.3731 61.7325 66.3039 64.5201 65.6694 75.4283 77.387 73.4894 36.2894 36.7301 39.5931 39.0084 36.5577 35.4074 37.177 35.6301 62.8606 67.1942 70.6714 67.5941 67.0941 66.8768 75.1925 65.6446 37.5754 33.267 36.3428 35.7874 40.1067 41.7907 41.7323 40.5369 15.2942 16.1224 17.3437 18.3024 51.5152 45.3607 46.3644 55.0436 37.4675 40.977 37.1664 35.9486 90.3109 88.9608 83.7259 96.0134 23.0774 24.434 73.8733 76.4414 76.9983 94.0945 90.2809 90.567 41.3645 43.0318 30.0705 34.4924 79.2997 100.665 49.0148 64.5931 57.275 53.9137 56.0971 54.0446 80.3107 72.8568 80.2628 78.9977 63.2612 66.8788 67.9001 58.7078 36.7691 35.094 34.7125 33.3641 32.7001 32.5375 33.5817 37.8113 47.1999 41.6225 46.9711 49.9836 37.8886 37.767 42.5334 44.7201 58.2213 70.3489 68.7619 64.948 37.6874 36.7852 38.8593 41.9502 42.5433 43.5396 38.6207 42.6266 76.3523 82.5933 72.5311 82.8904 37.4227 40.8663 39.7171 34.9591 14.8607 25.9475 21.1628 82.0659 85.6835 47.3778 42.6285 10.68 72.7806 74.3814 67.7861 0 34.7905 56.7268 103.134 36.3558 84.5104 20.7838 56.2811 24.7613 91.5833 45.0237 44.1484 74.6546 21.1073 36.078 37.764 44.4352 32.5836 47.8602 15.4198 42.0549 38.8795 79.9343 47.7996 67.4453 77.3118 71.4918 21.1896 75.4797
67.732 73.5811 69.4751 66.7649 58.2288 61.7113 77.6356 76.5752 89.7357 85.8022 86.9267 92.0772 92.9616 85.391 99.0618 85.6972 97.9864 100.756 100.629 101.963 93.6713 87.5045 80.0006 80.088 76.6896 79.8415 78.3785 87.4278 88.7658 84.5099 63.5435 67.9369 65.8653 76.4497 63.3107 72.2172 68.435 72.7161 52.3839 56.3853 63.5402 60.7841 67.1489 65.2082 67.356 63.6789 67.5963 63.9497 68.6118 65.8744 63.6393 66.4169 65.8993 65.1606 47.2169 44.134 52.6303 46.3075 53.1845 47.4301 52.7043 51.1348 25.6027 28.0925 24.9055 29.0315 73.3354 66.941 71.167 71.8194 62.5634 55.3082 93.2792 97.9467 94.9995 89.2803 81.6892 73.4118 23.058 19.0612 52.6725 54.4462 64.5383 101.918 58.4883 60.7106 59.3947 65.9338 68.077 57.3663 57.0883 55.7341 54.4264 58.591 44.7897 44.5752 49.9448 44.2665 43.637 44.3641 45.5771 48.6335 65.8911 64.1924 66.1752 66.4221 66.8267 70.1648 69.6751 62.73 72.2383 71.1187 73.0374 76.9158 56.1222 54.4477 54.2685 55.8131 29.2924 33.5753 29.0811 28.7431 13.9097 12.1474 13.5498 12.5317 54.1536 62.8378 60.3543 62.1009 47.804 47.9033 47.9665 46.6173 38.574 11.6049 45.0632 88.8569 89.2173 66.9336 55.4482 47.2265 84.6431 75.7678 39.5869 34.7905 0 19.5885 72.9021 29.7754 89.1107 27.8614 24.497 13.3336 93.3642 39.4766 46.2046 48.3311 51.5814 9.01695 3.81074 14.0539 61.971 30.1421 48.4 29.3996 7.10534 74.9469 10.5473 59.1995 49.2534 51.5884 19.1345 70.614
68.4478 66.6747 75.9429 66.7558 67.3591 61.9802 77.4918 85.7676 78.8959 85.5346 82.8164 89.9318 90.7209 93.4785 95.4684 86.353 95.6643 92.4611 93.0601 97.8868 99.7594 87.563 76.9021 83.9971 81.9736 85.3668 91.7245 91.5865 85.0242 98.5344 89.431 93.5321 92.0965 95.4135 91.2416 85.8659 83.5675 81.3331 48.4553 50.9635 47.3673 53.3355 52.9382 51.7977 52.4099 50.249 73.5174 78.8369 75.7737 77.006 76.8656 71.7504 80.2444 83.7751 57.3419 66.6588 62.6224 69.9914 48.0428 45.5112 56.22 48.7283 27.9759 24.3936 29.0339 29.2813 55.5926 60.5079 54.2317 56.9658 75.3014 69.9664 95.4297 94.0182 95.6626 92.4141 64.1485 69.2305 42.111 40.9373 67.5849 63.3274 50.1549 96.5305 64.7789 55.2225 58.2063 64.4384 60.4335 63.0646 35.2316 38.822 37.4058 37.5412 33.2086 29.5205 30.5636 34.9537 50.168 53.0744 49.3767 55.0498 68.5539 67.3576 73.469 69.9486 76.0106 74.7272 66.999 66.2148 86.8984 90.1349 95.7933 91.4644 40.2732 38.7789 47.0156 42.3843 28.4287 28.2217 30.1842 31.7064 26.2344 30.3941 29.3827 30.1196 42.8861 37.6648 41.0871 42.7023 49.7758 51.624 53.5179 45.8069 52.3421 29.9989 57.0786 96.2333 73.5247 77.3356 66.2836 70.2768 92.2128 62.3199 19.0267 56.7268 19.5885 0 52.6014 33.4179 76.937 37.0312 5.06618 37.8405 94.0561 35.861 39.3909 32.073 62.2125 20.9185 17.6451 6.53432 75.529 24.9097 61.8945 22.6837 17.7931 59.4931 21.3875 54.8286 25.7519 30.0297 34.8819 65.529
79.2247 70.6393 78.0836 80.113 77.4137 67.7213 69.4575 72.3617 72.9845 85.687 69.2493 81.944 82.6568 80.5455 76.0347 78.6754 72.207 72.1269 68.6047 80.1549 83.5046 79.5393 83.1936 83.0065 98.5065 84.5785 94.5292 82.4992 89.1384 86.4395 129.807 107.215 115.604 128.374 123.858 104.658 117.38 113.692 35.2921 35.2578 41.3512 43.1826 33.5286 34.7389 34.6921 41.7576 102.547 112.946 97.2367 101.062 105.316 93.4604 96.8381 95.8238 95.651 101.898 104.55 96.3995 60.081 56.779 59.6416 58.9478 55.3941 53.3984 58.8816 53.4015 20.2872 20.5206 19.8732 20.1018 106.805 97.4982 94.5531 93.5982 89.9681 84.7233 40.6657 37.732 90.5885 82.653 100.179 83.7447 26.3232 82.7733 90.4802 64.1536 59.322 64.7211 60.3674 66.413 23.2534 21.1959 20.3967 21.6182 28.8163 31.9995 30.5206 32.3481 66.3024 77.7175 72.8902 68.7338 98.0709 104.18 96.0456 106.932 85.2893 81.6016 88.8442 89.5056 129.424 112.007 113.78 119.72 34.2333 34.8476 34.6943 38.6295 53.3293 59.3569 57.4367 59.8847 84.3399 77.0685 74.5859 84.7471 20.3054 18.686 18.9887 19.2765 74.7576 66.1542 63.1245 73.1509 83.7371 83.8236 96.7224 72.2055 64.6154 94.0114 72.0086 113.009 79.3949 42.1333 34.7424 103.134 72.9021 52.6014 0 55.3025 72.1256 78.0472 44.7329 88.8119 75.5347 57.1575 47.3334 20.4293 92.6943 59.6275 66.738 58.9951 99.1695 45.5233 112.204 49.3306 70.7003 23.4109 71.6719 51.8161 22.7972 20.954 79.0166 57.4791
41.0279 36.2889 39.4871 36.7568 36.9169 43.2138 50.8651 55.2589 58.3375 52.6133 60.7424 53.4018 53.0158 57.0933 68.1121 62.1487 66.8164 59.6641 63.0824 61.6335 69.6133 68.9375 60.81 59.091 63.5083 62.6513 58.7314 57.5686 58.9538 55.0897 63.4905 63.3027 56.5083 58.7205 57.0995 53.9571 54.4939 55.8335 37.3106 34.9169 35.6329 38.0327 41.568 36.879 42.6412 37.226 52.842 52.6992 48.9198 46.6819 47.2267 50.2086 44.1393 50.5316 34.6004 37.9176 39.8135 39.5656 22.9654 22.7351 22.0889 24.2876 5.48885 5.94971 2.43049 4.2026 58.7593 60.9214 51.5456 51.8504 45.7401 47.7101 71.7802 63.7536 68.1394 63.296 50.0768 58.2743 48.8319 43.9577 34.1696 33.0415 47.7333 81.8762 36.2731 38.0771 35.0586 31.9196 34.507 34.7566 37.5352 39.7322 42.635 42.0597 30.3377 32.5798 26.98 31.3289 22.5388 20.1471 24.3509 22.6741 41.0271 43.008 41.9003 40.0706 42.8613 37.0305 40.0799 43.1924 62.4406 64.1901 64.7856 59.265 32.8472 31.9155 28.9455 30.8893 4.46601 4.92649 3.92834 4.84768 43.9723 35.5936 40.1671 42.2687 39.8947 42.4619 40.814 45.66 16.9744 19.2741 17.45 20.7033 23.4842 22.1254 30.4143 62.3743 51.0975 47.9983 32.0038 41.0962 57.2499 45.0424 34.9484 36.3558 29.7754 33.4179 55.3025 0 57.0754 12.3046 31.9119 35.8069 64.8781 11.1373 17.5863 45.1315 29.8313 18.9122 26.1662 31.2325 45.6483 11.6235 43.812 14.5605 32.5514 51.3979 35.8233 33.6073 40.1126 39.4498 15.7016 45.3662
26.506 22.6049 21.583 24.5499 28.1339 22.8043 10.0988 11.4595 12.3013 14.3184 7.7064 7.81549 10.1716 10.9676 8.67593 9.56041 12.3517 13.1235 12.5074 13.2015 13.2868 14.5015 27.0634 25.8642 27.6882 28.9429 23.6185 24.0156 21.7699 22.7492 75.8784 82.8653 76.9969 77.8529 73.2101 70.2464 75.9968 77.936 31.8085 32.932 29.1437 28.9579 32.7112 35.0991 31.5484 31.8623 56.5152 67.8705 64.7855 62.3657 57.1856 53.2422 56.8019 55.2754 74.2595 63.8714 64.8142 71.8456 30.784 32.9084 31.3771 29.9028 52.548 56.2611 59.9877 53.9843 45.9709 52.5336 45.6577 52.3685 74.3575 72.8361 20.3783 21.8526 16.3505 18.1727 28.9898 27.4954 94.7121 101.802 53.1348 52.1016 41.654 27.9721 34.4296 20.6172 21.8649 21.338 18.8421 18.8429 47.7445 52.7525 55.017 53.1775 54.6844 46.9597 51.2014 53.6662 39.9432 40.772 42.4289 41.3446 54.0932 59.2095 61.2491 51.6713 34.7069 37.8277 37.4324 37.5991 73.5528 81.8262 77.4863 69.3636 35.7912 38.1265 40.0585 39.9821 51.6615 52.1234 52.4084 51.6358 89.2342 90.6565 100.369 88.6312 49.5388 48.5655 52.6673 51.0335 43.7176 40.4156 40.7888 36.148 66.7407 75.4185 63.1052 11.1791 3.46168 52.497 34.3124 79.172 8.37558 24.7952 66.0671 84.5104 89.1107 76.937 72.1256 57.0754 0 55.479 72.5691 90.7051 12.1326 39.6668 40.8527 54.6735 60.8379 71.9851 76.1275 79.5617 70.3029 50.6844 67.9447 53.4506 86.4734 46.8128 85.5289 22.7852 72.7077 62.9735 75.0137 8.56175
41.6742 44.2198 39.1603 39.9312 39.1237 41.5496 62.1345 58.5356 64.0486 62.0966 66.4064 60.4891 67.6228 59.5994 69.208 64.9858 62.4994 75.844 70.2586 79.2342 80.325 75.0486 51.0869 55.1804 52.9127 61.2491 56.4492 65.4445 63.8809 56.3051 48.6081 50.1926 50.6208 52.9196 42.6517 49.0273 49.1777 48.6209 46.3523 42.746 44.7909 43.7125 47.0569 50.8609 47.647 48.6438 36.9965 43.5773 44.2353 42.3418 36.1238 35.5995 40.3672 42.8012 22.9216 23.1203 25.4726 26.8393 28.0784 30.0034 27.6359 32.7921 15.1969 20.0365 14.881 18.3448 74.1881 72.6257 66.5554 67.9014 36.0136 38.9475 63.4769 75.4318 70.0443 76.8877 60.2521 60.2618 42.083 38.4342 29.4931 26.9686 61.3903 81.5952 40.2305 39.5571 42.5391 37.7687 40.5879 41.7444 56.3674 52.2178 49.3374 55.4079 40.6222 47.5373 46.1695 39.5473 20.8133 18.9211 21.1921 20.7923 36.9557 35.6848 37.8385 34.9031 33.9862 36.5853 40.9199 36.2159 53.036 52.5626 47.4866 52.0147 42.055 39.1112 45.0051 40.7133 17.0984 19.1347 16.1324 16.0327 41.1059 42.4154 41.4108 37.8636 60.1915 50.774 54.7081 60.9846 19.9165 18.2739 21.4259 19.9741 11.3316 18.8855 19.9662 64.0044 65.2222 36.847 33.0903 27.6338 61.931 56.396 47.312 20.7838 27.8614 37.0312 78.0472 12.3046 55.479 0 41.7635 30.1019 76.9545 21.8665 24.8701 48.5761 21.5488 21.6476 26.6257 33.3069 42.1981 26.9314 31.6316 27.6564 34.4084 58.6788 37.3092 38.801 60.5856 51.9296 8.8469 48.7524
71.6374 68.818 76.172 78.7092 75.4543 74.3335 78.4581 75.4891 77.6422 87.7634 82.8861 79.1668 93.6682 95.8329 97.0874 88.0807 90.9022 97.9373 90.2742 83.7364 87.4888 92.8498 94.0363 84.6079 81.7566 94.9192 90.2563 92.7393 96.8864 89.549 86.561 86.6451 102.328 85.4019 95.1857 84.8739 84.7245 89.545 49.4092 48.5965 47.4683 51.1919 49.538 49.0188 58.6321 53.1619 81.5205 91.5036 92.7935 85.1659 88.3608 88.3722 80.2488 77.892 64.9083 70.7378 70.8362 75.1947 56.6073 54.8882 50.058 58.9835 28.4765 27.4204 32.6096 30.1409 57.6409 61.1308 52.402 57.4733 79.3285 74.6009 104.911 101.546 96.6707 91.2279 60.968 72.036 46.7354 43.3826 66.5103 65.2162 55.3175 102.275 78.2099 61.8711 67.3143 60.5839 66.5709 70.818 35.6983 41.2501 39.1585 36.403 29.9938 32.3423 32.6067 35.3587 57.5768 56.6743 59.6377 55.5006 73.1544 71.278 73.6934 76.1337 70.9805 70.9591 78.1749 80.6134 89.8294 96.6118 100.024 103.192 46.179 41.82 43.7933 47.6015 33.6005 34.0144 39.1541 38.3139 34.8074 31.8995 35.1852 29.9208 37.9902 41.5553 39.9879 38.3084 52.1901 48.0486 50.8225 49.1841 52.1689 35.9457 70.7364 82.7468 73.9689 85.0655 72.8003 72.9897 81.9311 66.1964 18.0489 56.2811 24.497 5.06618 44.7329 31.9119 72.5691 41.7635 0 40.2507 92.2293 40.5966 40.1144 33.615 59.6514 24.26 20.5011 9.60253 90.8675 30.2949 65.8042 23.024 24.7166 57.6046 26.4137 64.1078 26.0015 30.3628 38.9286 66.7894
70.219 68.211 75.6564 68.3818 60.6556 70.2309 79.6256 83.0441 77.5627 92.0674 84.0042 81.3081 98.4162 89.815 102.923 99.1868 99.7579 104.422 90.4464 92.6357 100.711 108.292 85.4774 84.8789 79.325 88.3647 86.8148 86.3414 92.1161 94.7962 63.9493 59.1552 59.548 70.288 55.8021 62.9484 70.0207 68.212 60.6853 62.2533 67.0855 67.2975 72.0422 78.5526 76.869 72.6845 54.3428 62.0995 66.0489 56.7241 62.5057 61.6218 59.1843 67.3499 39.1494 41.5342 42.1459 41.5218 56.9043 52.3756 59.3813 62.1849 29.0338 33.0883 30.5226 35.0284 86.9316 91.7421 78.8067 88.3713 50.8565 49.9521 96.5333 93.1595 95.4966 91.6618 88.4293 83.1842 16.9809 14.3493 53.3 46.9305 77.3389 119.077 70.4091 61.7901 63.2878 70.5974 62.1184 61.5831 61.9306 62.4043 71.3197 65.7055 53.0139 56.9246 55.6253 61.6668 45.7143 45.339 49.0709 53.6066 58.1163 54.3891 51.4884 60.4989 63.4571 63.5376 67.8762 66.2861 60.4682 63.0149 71.6526 68.2828 55.5724 67.8557 66.701 63.4337 33.7699 34.7804 36.2562 35.7785 15.8508 16.3051 15.2458 13.9082 74.951 66.8456 74.0121 65.6896 46.4992 50.075 42.6142 46.2959 32.8035 9.36615 44.7247 100.231 80.1501 65.9968 54.0122 40.3529 87.426 74.2144 45.8846 24.7613 13.3336 37.8405 88.8119 35.8069 90.7051 30.1019 40.2507 0 98.4583 47.5993 48.4037 59.8748 40.469 16.8368 19.3982 27.4348 60.5717 35.6219 41.8104 37.0127 17.9748 84.1746 18.3082 68.3715 58.0258 68.8493 17.977 76.6791
38.5282 37.9999 33.407 36.7711 41.2786 34.5408 19.0425 18.5051 18.1006 17.527 13.3533 13.0624 13.6468 14.2265 7.76484 7.08368 7.28239 8.254 2.03486 3.46308 4.76073 5.41387 31.5731 33.4673 33.3187 33.0191 29.1992 25.4078 29.6298 29.1166 82.9759 93.4006 88.8074 96.6405 74.7182 74.5083 79.9302 83.5958 41.6242 42.4355 39.4424 37.3331 38.5056 37.1071 42.5212 40.9779 74.306 71.795 78.8068 66.5493 63.2441 60.0922 64.2473 65.483 73.2311 70.2701 76.0802 79.3162 49.631 43.7707 41.1468 39.4616 69.9446 74.5672 69.0674 61.8685 52.6291 54.0456 54.5682 50.2881 85.4791 92.5627 21.8682 19.9844 13.9242 12.5434 33.3195 35.5558 119.007 116.449 69.3039 62.2531 42.4453 15.7931 43.3709 30.2932 33.1224 32.4673 35.133 29.2931 57.7565 61.5352 62.8451 56.7128 60.4044 62.9892 55.0282 59.2535 55.1282 52.6903 53.7479 57.3827 65.8248 64.7318 64.626 66.5788 44.0849 47.7936 50.9402 47.5713 89.5575 81.1098 79.0016 91.5753 49.0104 45.3958 49.8711 44.5052 64.2912 68.8028 60.4424 68.8006 110.441 102.194 110.229 102.039 65.6532 61.8584 55.91 57.6467 49.5084 53.6674 58.3519 51.6288 71.3911 88.8765 68.9649 1.76844 11.2016 57.4297 45.8118 88.1788 11.244 33.5686 78.9129 91.5833 93.3642 94.0561 75.5347 64.8781 12.1326 76.9545 92.2293 98.4583 0 57.0479 50.11 70.7923 68.0064 87.9272 95.197 96.9087 76.8154 59.8648 93.7842 70.4552 101.535 53.572 99.2648 34.5558 82.12 70.1285 86.6943 22.2367
34.496 31.6453 35.4425 30.1668 27.8645 30.4884 42.632 45.3679 42.5051 50.3836 50.7396 47.2225 50.2641 51.7997 56.6649 51.0074 51.2075 52.9575 61.3089 54.7562 54.3862 58.9137 45.3981 45.9241 50.7809 50.0358 47.6222 52.062 46.6927 55.6131 63.4522 59.1389 65.2235 70.3778 59.3632 57.6253 58.3093 59.1676 23.0615 23.5887 25.8037 23.5763 26.8941 30.1683 28.3752 26.6768 52.7871 51.5912 54.7382 52.9775 50.801 49.2348 45.3812 46.3148 41.1317 44.1172 47.4058 43.9496 12.8484 12.744 15.5058 16.414 14.7223 11.9857 12.8024 9.87015 47.541 49.86 48.6444 51.7354 51.7839 55.4566 52.3449 55.0278 61.1282 57.6239 38.402 43.2125 61.9945 58.8322 37.2854 38.1595 31.6956 74.3948 36.1965 21.8866 25.8144 23.3089 27.0751 24.6412 33.272 32.8619 34.7357 33.8204 25.2457 22.8068 21.8671 24.1156 20.2729 17.5116 21.3752 20.9121 45.0728 38.9061 41.237 40.2591 35.5407 38.5929 34.7617 38.258 69.9267 66.5461 67.089 59.5405 21.1196 23.0543 18.8986 22.5987 7.66955 7.40224 7.35661 7.38497 48.7257 46.3364 54.2722 50.6553 36.7367 32.9761 32.2326 36.6551 14.5375 12.7664 14.7207 16.4993 30.7607 34.1597 33.2693 52.9249 48.339 41.2974 28.6045 54.8034 46.0515 31.6621 29.4482 45.0237 39.4766 35.861 57.1575 11.1373 39.6668 21.8665 40.5966 47.5993 57.0479 0 5.89123 37.1121 37.513 29.6765 34.4591 37.9272 56.7271 11.6803 46.8191 16.514 42.8537 39.7573 44.8318 22.3574 37.3792 40.9411 29.5578 34.2391
29.6793 34.5377 29.85 31.1296 27.4715 27.8368 42.2513 41.3214 42.6617 48.6114 47.0766 41.1466 47.0277 42.2658 52.9686 53.8242 48.2583 48.2386 52.0051 52.7239 59.013 53.114 44.4877 52.591 48.4376 49.7151 44.4926 52.0888 54.1825 51.8831 64.01 63.9672 75.3151 70.8234 63.6457 57.4657 64.15 64.9999 18.5769 18.2686 17.745 19.4722 23.898 24.8098 25.3734 24.6754 53.9694 52.6788 56.1787 53.9197 52.7955 55.383 52.0229 54.5472 50.7039 48.7869 47.891 50.2976 11.7365 10.1147 14.0597 14.2156 17.1829 16.221 16.6148 15.3561 41.5235 45.6904 38.4649 38.7931 62.7096 58.3555 54.9157 49.9584 54.982 61.4485 34.6302 39.0704 58.9164 60.2313 41.1455 38.4586 30.5628 66.7995 32.2514 18.8219 20.1661 22.9345 24.8606 23.1432 30.4536 30.0763 26.5834 26.755 18.7709 19.5604 20.5724 21.7269 23.5379 21.8167 22.4879 19.7386 44.6117 45.0096 44.7421 43.4894 39.4723 37.4226 38.0311 35.473 65.9444 68.5524 64.1616 64.0453 13.7097 16.57 15.553 14.5842 12.8499 11.3411 11.6131 11.7105 60.1811 50.7199 56.3026 51.3221 30.7612 31.351 30.7679 30.8852 16.3174 16.0407 19.5935 18.7953 36.3828 39.3298 40.9273 49.9291 37.0174 46.3389 27.9812 60.239 50.0303 27.5336 29.1077 44.1484 46.2046 39.3909 47.3334 17.5863 40.8527 24.8701 40.1144 48.4037 50.11 5.89123 0 31.7253 41.8214 32.8308 44.2338 40.4887 59.8204 13.7293 51.6704 18.8306 45.1558 35.2785 52.4172 18.9305 39.6096 40.8244 30.8765 31.9078
56.7802 63.6415 56.4273 57.1327 56.0365 57.3419 67.7989 63.3544 70.9115 66.6134 64.8247 63.984 64.2644 70.5759 68.876 69.5198 64.946 71.5043 73.9179 71.4029 66.7439 66.3295 80.1327 78.0432 77.6539 83.3372 75.202 72.5955 76.8878 78.2674 90.1578 108.16 99.994 99.3118 101.614 94.4101 99.2017 96.4946 25.7065 24.7746 28.7545 25.1271 21.8528 27.3522 27.5205 27.1029 82.6373 89.0039 86.0887 82.3707 89.3637 88.6097 83.0269 84.4235 75.6035 72.8545 86.7656 82.4357 44.8968 37.7603 43.28 45.447 35.0588 39.231 40.0559 33.1934 22.4186 23.3425 20.9875 22.9905 84.3391 88.8336 70.3079 83.292 71.388 80.6645 36.1289 34.2805 72.4838 74.5202 75.2033 71.7672 20.3785 86.1082 60.1412 48.6368 43.8919 53.2702 45.7603 48.342 4.80044 5.30719 5.83799 6.44338 12.4131 10.2286 12.4018 10.7623 52.5087 51.8233 53.1267 54.2061 81.2401 71.9773 82.7709 75.9738 68.6214 67.3321 73.5477 65.2209 93.6747 104.116 108.972 109.331 20.2627 19.5058 22.8828 24.1319 38.5853 36.7004 37.8067 35.3085 58.5054 56.0985 57.0406 56.4717 6.32688 6.35779 7.64328 8.47265 53.2508 48.1304 51.7247 51.8882 66.2218 54.2948 72.2749 67.5329 56.3155 83.3141 65.2105 87.2126 70.9432 34.6577 14.5277 74.6546 48.3311 32.073 20.4293 45.1315 54.6735 48.5761 33.615 59.8748 70.7923 37.1121 31.7253 0 73.2908 47.4583 45.0261 43.5968 82.8782 27.4645 89.8924 26.4332 54.7743 18.8898 51.6102 43.1578 11.5807 8.96639 58.9723 49.2747
36.318 36.9092 38.1857 32.3545 28.6853 35.0552 50.5371 48.8012 52.8489 50.1808 58.2946 57.7169 61.2393 55.3142 57.7414 69.8276 65.0404 70.3827 69.5846 71.863 68.2378 65.9099 42.5982 47.5448 42.7296 49.862 48.7138 46.4203 54.2797 51.7601 29.4838 30.2829 29.2165 29.363 24.0451 26.5485 29.2385 27.3785 54.1272 55.0195 60.2909 56.8334 62.7439 66.3021 63.7092 55.8752 16.2889 18.2222 20.6759 22.4617 16.3807 16.6939 20.3259 20.199 9.59024 8.08758 11.3995 8.71405 32.9298 32.2725 33.903 33.3621 33.6013 34.0652 31.9411 33.4456 73.083 86.9846 73.2679 86.0415 23.0959 17.0722 56.766 63.8519 60.4335 59.9059 65.4282 68.1743 56.7279 58.4164 7.25081 8.8211 72.6547 75.8421 26.9405 45.6798 42.3395 37.6404 38.1249 39.2586 68.991 66.4783 71.4444 63.5076 61.6947 60.3667 59.8572 63.2944 18.3837 19.0291 19.1603 17.6297 12.5826 11.9941 13.9211 15.1066 21.2256 23.7729 25.5817 26.3185 32.4715 28.0998 29.5414 28.74 52.3106 55.4495 56.7569 58.6089 35.787 33.3028 31.6697 31.7585 52.7525 58.7363 55.659 55.7835 63.7192 64.8983 71.0954 68.3532 24.2257 21.8735 21.2838 23.504 11.2427 40.6334 2.55203 65.0466 58.4793 22.1802 22.5007 19.7573 59.8599 56.2381 67.9834 21.1073 51.5814 62.2125 92.6943 29.8313 60.8379 21.5488 59.6514 40.469 68.0064 37.513 41.8214 73.2908 0 40.8767 47.6364 54.6921 17.8812 46.7766 17.8222 48.7787 52.8268 77.2191 59.769 46.6559 77.3127 78.2606 29.0709 54.9464
61.0875 59.76 58.9738 55.6698 55.0153 56.8052 68.6168 78.1626 75.2483 73.5511 78.4749 72.6356 80.4648 71.2392 80.916 78.5493 89.4173 80.563 82.4445 89.6597 79.7517 80.2751 75.2829 75.7735 81.6542 85.4299 76.5355 77.6293 79.5596 80.0837 73.0663 70.48 70.1587 66.2854 71.6817 72.3331 61.9955 74.3092 50.7212 52.5583 48.2919 46.9984 52.9585 58.8284 56.3657 51.3784 62.8846 63.5329 64.6277 67.4907 62.2412 62.7491 56.8812 64.4941 44.3023 43.8852 43.3962 41.653 40.0417 42.9985 39.8424 47.5109 14.9273 19.2008 16.6284 19.3706 58.7866 62.9816 68.7372 60.8883 53.198 52.1968 77.3496 85.4539 93.2899 87.499 70.0925 64.0954 33.2136 29.8506 48.5867 51.5802 58.1642 103.236 55.0636 56.1483 57.4525 53.947 58.5069 50.5713 46.226 45.6451 44.8719 51.0118 40.2935 40.8715 38.2658 35.9674 37.4255 41.1075 41.5016 39.3362 58.0795 53.2381 59.3997 58.4396 61.3152 52.5495 60.4497 60.654 76.271 66.4525 73.0857 68.2643 41.8305 46.6332 43.0919 49.2638 20.3827 22.154 23.7361 22.6418 23.1964 19.491 19.2343 19.8503 46.89 48.9673 49.1285 51.6127 37.3113 37.1927 34.0327 36.9592 29.407 10.3583 42.736 76.6388 70.2746 60.5057 52.6332 49.4699 72.8329 60.0291 30.7785 36.078 9.01695 20.9185 59.6275 18.9122 71.9851 21.6476 24.26 16.8368 87.9272 29.6765 32.8308 47.4583 40.8767 0 7.88331 13.6395 56.7739 19.6861 52.5825 20.8587 13.2928 59.2283 17.4774 49.6959 43.9444 41.6775 14.8863 63.2206
68.4771 62.2041 67.6256 70.0377 61.831 69.9613 78.1512 81.7021 78.8874 84.3412 83.1927 86.0954 84.3933 87.6199 95.9409 85.7653 98.3093 86.8859 88.0887 102.476 85.11 93.0789 85.6182 75.619 81.313 88.9717 76.3066 80.3107 87.9121 89.2119 78.0762 81.3713 78.4736 83.1806 64.6695 77.0331 71.6832 71.6912 50.0643 52.2163 52.2463 58.2826 63.2126 57.1187 61.2617 55.3908 69.5762 67.3206 67.8829 64.8208 71.3344 62.3401 72.5508 69.5281 49.8824 48.9517 54.2001 56.0208 48.4757 47.3075 53.4792 47.6762 22.5332 24.502 24.6783 25.9178 69.4174 75.336 72.7206 75.4412 62.4145 56.1858 95.061 101.893 85.3266 101.004 66.4761 67.3011 27.7101 24.4679 60.1417 60.9709 57.053 99.2753 64.7439 54.678 54.5625 58.5178 60.1772 65.8891 46.8221 55.5054 47.4823 55.2433 38.5573 46.7293 42.2745 43.0833 48.0432 50.7882 43.5269 51.4929 65.8054 64.0588 68.5129 66.0516 60.3834 59.6501 67.1395 69.4495 76.8363 71.0545 83.862 78.1197 52.3251 45.4683 45.0764 53.7935 29.9915 26.9609 29.4411 32.1531 15.8596 15.3846 16.456 13.0266 50.911 54.7897 53.7869 58.6286 41.197 45.663 48.4139 43.6728 39.6767 13.0127 51.399 90.4886 79.0441 64.3765 62.9368 46.9464 81.061 64.8845 31.1726 37.764 3.81074 17.6451 66.738 26.1662 76.1275 26.6257 20.5011 19.3982 95.197 34.4591 44.2338 45.0261 47.6364 7.88331 0 11.9822 71.1358 29.7778 57.7723 23.4528 7.33059 70.0374 10.7291 54.6565 42.7834 49.4218 20.234 68.8705
66.531 69.5028 74.7149 62.3585 60.2859 60.3808 71.8148 83.3282 74.8811 88.4396 90.1384 90.7161 86.1231 89.7786 83.4341 80.908 90.9637 91.4048 92.1797 99.4775 91.2256 91.3908 81.3498 82.6837 90.4893 91.0815 81.9878 87.5697 96.2675 80.5559 89.0978 85.9203 89.1547 88.166 74.4032 79.6655 83.911 88.4484 50.5119 49.979 47.6331 49.1288 55.3828 52.8375 55.2656 60.5099 76.0167 79.2176 77.1214 85.4502 78.2307 81.1547 78.4495 75.1243 59.7522 58.5333 59.7563 55.5985 45.2147 49.8238 52.0572 49.0828 23.0456 24.4123 23.9329 26.6742 55.0724 68.9796 55.7442 58.5677 70.103 63.7264 83.9015 90.3816 91.5391 85.793 60.8904 69.9267 35.281 32.3599 57.2359 59.8139 58.7686 109.945 68.6431 64.2929 60.7652 56.6754 61.5652 64.4478 41.5735 45.1051 45.8323 40.7046 35.4131 37.1537 36.6273 34.7359 49.7749 51.8511 50.1882 52.9721 75.0993 70.475 73.9311 70.6604 70.5573 72.5948 73.1675 72.6017 90.8149 90.248 89.7791 85.3972 46.6877 45.3856 41.0643 48.7809 28.238 30.7368 29.0587 32.0904 23.3728 21.4159 25.2579 22.4556 40.6844 45.531 45.8056 44.4017 45.0737 48.8112 48.9997 48.6137 45.9225 25.3706 52.2704 82.5702 79.9561 76.883 63.9846 61.8558 85.2827 67.1122 26.501 44.4352 14.0539 6.53432 58.9951 31.2325 79.5617 33.3069 9.60253 27.4348 96.9087 37.9272 40.4887 43.5968 54.6921 13.6395 11.9822 0 69.9835 22.3699 66.5137 20.5615 13.3008 62.9152 14.8568 52.829 30.7942 34.5957 30.0649 71.3532
39.437 37.6649 46.2916 46.8448 37.1651 43.9118 62.5194 52.3922 55.4249 61.3327 59.7465 58.9237 65.1154 57.8881 72.7889 71.2321 64.9414 63.852 68.4061 74.2066 80.5283 68.4869 44.0877 44.0994 43.6243 48.5187 53.331 52.4182 48.1965 50.0199 13.474 11.8312 13.0698 13.4257 7.44115 8.57687 9.27531 10.0343 78.6266 69.4093 74.5612 67.6433 71.2194 82.8647 69.7289 80.5319 4.15508 4.69195 5.16947 5.90609 10.3881 8.91434 10.2597 10.8679 15.9176 17.2229 15.2157 15.2175 45.2518 51.3379 45.9565 51.6218 58.7851 51.0003 57.0761 48.5147 94.128 88.1248 87.485 101.285 12.9009 12.59 55.6223 59.4768 68.9056 64.9418 81.4184 81.314 76.8499 66.0577 15.3067 15.8218 87.5036 85.2182 33.3662 54.7329 48.728 54.3958 53.2754 46.777 88.0121 85.4811 76.3215 93.4332 79.3315 69.1557 73.6424 81.8176 35.2244 34.5551 33.8911 31.1424 9.07827 10.4567 8.91972 10.4948 29.0413 30.6935 25.6521 27.4297 12.2249 12.2232 12.2652 13.1079 73.2114 72.8469 65.9613 72.987 54.0258 57.1045 51.5793 51.481 72.4409 66.0846 67.0763 70.5167 88.3598 79.5483 95.1661 84.3231 39.5191 38.2963 38.9903 39.1458 28.1122 50.7879 17.7232 66.9076 71.6196 18.0682 34.3434 26.3834 69.0746 78.4252 88.041 32.5836 61.971 75.529 99.1695 45.6483 70.3029 42.1981 90.8675 60.5717 76.8154 56.7271 59.8204 82.8782 17.8812 56.7739 71.1358 69.9835 0 64.963 18.9166 68.5806 74.1703 96.049 74.1003 64.8092 90.2407 92.7276 49.5773 58.1802
43.4039 43.917 45.7535 40.5816 41.9262 39.916 57.1705 61.352 61.2835 57.8749 60.9175 58.1882 55.5209 60.9592 62.5832 69.291 64.1004 65.5097 62.0711 71.0662 62.1731 70.6373 61.1396 66.2359 63.0383 70.4831 58.8391 66.773 62.2891 66.3546 72.942 78.5196 77.8508 77.3232 70.7462 69.5791 71.1178 67.3784 28.7971 24.9189 26.053 28.1285 32.8878 30.331 35.9128 31.2131 62.7445 61.7483 66.4624 59.4019 62.249 61.3486 58.4463 64.8504 53.3558 50.5431 55.2561 53.1728 25.4757 24.3706 25.0716 28.933 9.25488 6.29025 9.34156 7.72439 45.0247 43.2192 43.3815 42.2845 67.9958 55.4512 64.9307 63.444 70.6689 74.5449 48.5765 46.1538 47.5019 53.7311 49.8262 45.2051 31.5786 86.5424 46.9529 32.4301 39.1227 34.894 36.8593 40.3352 29.122 27.3582 30.248 27.5884 19.2052 19.0906 17.6195 19.2673 28.0531 26.8003 33.6888 30.6692 55.0519 48.8153 49.2638 53.0679 47.953 51.8588 48.5838 44.5607 78.9703 77.7171 67.6014 72.7059 20.053 23.7141 22.8805 24.2057 8.58453 9.46835 9.63241 9.1751 44.2221 43.4662 45.9029 44.2817 28.6272 30.0163 31.8946 29.7695 24.2802 23.9228 24.9394 27.2317 35.4115 28.9744 43.44 62.073 50.3515 52.4153 37.5926 58.1213 56.507 36.4172 21.1886 47.8602 30.1421 24.9097 45.5233 11.6235 50.6844 26.9314 30.2949 35.6219 59.8648 11.6803 13.7293 27.4645 46.7766 19.6861 29.7778 22.3699 64.963 0 58.1918 4.10352 32.7632 39.2194 39.1965 31.2893 32.3457 28.4825 25.4722 46.3111
54.3026 49.3568 55.0748 50.1326 52.2509 47.9113 61.4933 69.0074 62.3273 67.0922 65.5423 68.8696 74.5371 78.5587 77.792 83.2257 75.5222 76.0157 86.5803 80.1434 93.0435 93.3035 58.3649 56.056 59.4529 61.9683 67.0982 67.4521 61.462 60.0258 20.1298 22.6115 20.4807 24.8851 17.8855 21.1648 20.9153 24.552 78.2748 73.7247 72.4171 75.4911 77.1745 69.4155 80.0008 80.9618 19.2158 22.6215 21.7059 24.4782 26.7381 27.6101 26.2091 29.5312 5.63495 8.26288 6.14156 8.69075 53.2784 46.5855 49.9508 55.4571 45.8197 50.5497 41.6342 44.2948 94.9846 100.635 101.327 105.722 7.73392 6.73788 73.1116 76.9218 72.1653 79.8463 89.019 90.3523 59.1097 58.1248 22.3777 24.0765 85.2487 93.4432 40.1488 54.3211 55.6155 60.7842 57.4554 52.6098 79.3476 77.1558 82.0501 87.3391 68.4913 76.5766 70.3784 69.1669 36.3355 38.3747 32.6775 36.7384 20.179 21.8139 21.9619 23.3591 38.0026 37.3284 37.954 41.8923 24.7509 25.7085 24.543 24.3745 64.6248 71.4554 71.2337 72.5762 47.5732 48.1114 47.6234 44.4671 53.273 57.3534 52.6652 55.3406 79.4121 90.1369 90.0784 83.6517 40.3445 37.9621 39.8919 38.9838 19.4289 36.033 13.0767 81.7334 74.6253 35.7411 37.0636 7.08705 70.7855 80.41 78.5759 15.4198 48.4 61.8945 112.204 43.812 67.9447 31.6316 65.8042 41.8104 93.7842 46.8191 51.6704 89.8924 17.8222 52.5825 57.7723 66.5137 18.9166 58.1918 0 59.8758 53.6368 93.8781 65.0071 66.2539 90.0834 82.2578 31.2676 68.5306
45.6926 48.5501 43.9952 48.1395 49.9022 45.4783 56.8892 65.0299 65.0626 61.8088 59.0072 67.1581 60.5552 61.6917 61.386 68.0821 73.1738 69.7228 76.3764 73.2122 74.7946 69.4111 68.1032 70.6483 60.1853 63.2109 61.3425 70.3872 63.3352 72.0963 67.9746 80.4303 79.7606 68.7088 65.3426 66.5598 66.6022 67.5387 32.587 32.8195 29.1177 30.7739 32.8601 38.225 35.6581 36.6791 64.5683 57.6462 65.8184 69.395 61.4794 59.7232 56.0392 68.4372 50.5597 48.0241 50.0673 51.3762 26.9016 27.0405 32.9819 28.7664 10.2374 8.50788 11.976 10.2083 42.752 44.5698 47.1059 49.9231 57.4565 67.0271 66.5303 73.6995 69.5109 77.4251 43.9238 45.0296 46.6636 51.0561 48.9141 50.4516 39.6842 88.1982 49.8413 41.791 41.2887 41.0036 39.7835 37.2157 30.2009 26.8979 29.0844 28.1794 17.5601 18.7544 19.5099 20.7446 35.3777 34.2616 32.4318 35.7135 56.9584 52.0642 54.1937 60.5334 54.0541 47.8051 48.2438 51.2957 74.661 70.2258 77.0902 69.3751 24.9542 26.056 24.3627 23.7521 10.9665 12.0139 13.9299 12.0771 38.6317 38.7424 35.7253 38.5962 30.6746 35.261 28.358 29.9795 30.3736 27.324 32.1603 31.16 34.9019 29.039 42.5726 68.7402 59.6403 59.1524 40.238 56.4209 60.5581 41.8866 17.8025 42.0549 29.3996 22.6837 49.3306 14.5605 53.4506 27.6564 23.024 37.0127 70.4552 16.514 18.8306 26.4332 48.7787 20.8587 23.4528 20.5615 68.5806 4.10352 59.8758 0 33.1768 38.057 36.5542 39.3702 31.4731 31.9601 24.4591 46.4742
76.354 76.1097 66.4642 72.424 67.4076 79.8961 94.2188 88.0295 82.7024 86.2621 94.9325 95.388 94.6195 87.4479 100.255 89.2515 105.371 93.1117 100.329 106.604 104.037 109.067 94.5116 94.6066 93.865 85.9454 86.5632 97.0454 90.0332 99.9103 82.1057 75.3439 81.9794 81.1246 82.093 84.0359 85.3497 81.3979 58.0493 62.5629 63.0001 67.9781 65.3454 60.3622 66.6201 72.5535 75.7953 78.2942 77.3828 72.048 69.3556 73.4259 80.955 76.3754 53.1495 51.0417 55.572 52.7003 56.6821 59.8411 54.1405 62.6695 32.3903 33.6293 33.1668 34.9434 79.2527 80.72 78.3404 77.3795 60.1278 62.8414 92.0777 99.7969 105.347 105.666 81.4262 85.7508 19.8348 18.1373 56.1402 64.4293 72.1787 105.911 67.7777 67.7246 71.0411 66.0417 73.8925 73.8193 59.7286 57.9101 57.0948 55.0901 44.2144 51.9413 49.6926 53.3125 53.3171 54.0416 56.6064 50.6463 61.5012 62.3752 67.8758 64.8851 71.647 74.3517 68.2635 73.7057 81.9473 85.622 85.1978 79.6235 55.1002 59.5645 53.3938 52.6668 35.2779 38.6061 39.0943 37.5914 9.35773 8.78489 10.366 8.4817 60.9444 61.0106 57.1448 56.148 49.5988 54.8281 48.514 55.2835 40.7439 18.5217 57.0195 107.343 83.8203 70.6212 67.6197 54.2167 101.13 69.7622 39.0328 38.8795 7.10534 17.7931 70.7003 32.5514 86.4734 34.4084 24.7166 17.9748 101.535 42.8537 45.1558 54.7743 52.8268 13.2928 7.33059 13.3008 74.1703 32.7632 53.6368 33.1768 0 65.2525 3.30985 65.7507 50.9966 51.2618 26.2926 76.9997
60.1389 58.2843 57.9193 50.9774 56.5972 55.2451 53.6619 57.5665 58.2966 58.4144 52.4717 49.7745 54.4136 56.6258 52.3927 48.033 57.1642 59.6157 51.1134 47.471 53.4434 58.1869 66.834 64.6714 69.0371 66.8498 65.0782 70.3172 61.5144 71.1696 96.239 106.463 98.5236 94.6121 88.3539 106.906 97.303 98.5586 19.8393 18.0561 18.2907 20.3152 12.4302 15.3074 16.9181 16.6625 82.4932 83.0357 81.0128 81.8486 87.1749 87.2545 78.4654 91.9065 88.1678 77.8513 83.2165 75.8543 42.0625 38.9073 47.267 41.5952 45.9585 44.4361 52.9272 46.6615 5.76343 7.32164 4.47998 7.59547 93.2747 93.2338 65.4171 62.0717 59.7173 64.8232 16.1829 17.7793 85.274 84.7078 78.4496 79.3657 7.04181 65.102 62.9727 34.3934 41.6573 45.4147 41.7218 42.1222 16.7585 15.8535 16.8044 16.0675 24.1906 24.0595 22.6633 24.0055 57.8437 50.765 56.6865 53.039 84.6299 86.2592 78.1956 72.5614 71.0015 58.9388 72.8362 67.813 92.4152 102.439 98.0531 91.4616 21.3791 20.0194 21.9491 22.1418 46.1424 41.0095 46.2423 41.9589 81.4257 84.1174 78.8243 86.4258 13.1546 13.9216 13.1388 13.3558 52.0027 46.7098 56.1631 51.0509 71.1324 73.8716 82.8928 44.8446 39.5113 82.9786 61.6455 84.0543 49.0964 19.7535 37.2684 79.9343 74.9469 59.4931 23.4109 51.3979 46.8128 58.6788 57.6046 84.1746 53.572 39.7573 35.2785 18.8898 77.2191 59.2283 70.0374 62.9152 96.049 39.2194 93.8781 38.057 65.2525 0 77.8139 29.2085 29.9465 30.4809 72.7573 36.2192
71.1303 72.9204 77.0481 80.5223 66.6119 70.3496 87.0251 85.2317 87.204 87.0829 99.7793 101.517 100.337 86.8814 94.3689 100.711 107.367 93.3782 106.83 93.8416 111.496 96.6944 89.4045 88.6166 88.7665 93.1211 88.9053 97.883 100.478 94.2049 74.9233 84.398 85.9135 80.6122 72.1372 73.9085 82.8163 82.0511 63.6819 70.076 61.2077 65.5978 65.2998 70.7677 65.0692 67.0689 71.0712 81.0108 84.4564 80.5192 73.9382 78.8872 76.7916 79.5354 57.3625 60.0323 54.1332 60.1816 59.7912 61.5018 64.0971 60.4198 35.2047 33.4608 31.5639 35.3217 71.0578 84.2853 83.2033 78.0371 70.327 72.6447 96.9886 101.512 106.381 114.747 73.8324 84.9264 18.9908 14.5155 65.886 61.3673 63.8727 116.004 77.2399 75.0223 69.8723 67.7366 67.3769 72.6517 61.7452 59.0524 60.343 64.3467 50.2599 52.6533 47.8067 52.7462 51.2446 54.8581 57.2992 55.031 68.663 69.8114 70.4189 77.024 75.1153 78.2187 73.0959 79.257 89.5403 88.8122 77.9761 83.5293 59.0159 59.1025 58.1412 63.3805 40.6171 38.5363 40.7264 39.2441 7.9578 6.3359 8.04685 6.13988 66.6008 65.781 62.3531 61.8537 54.7953 54.4424 50.7031 53.3477 44.8558 19.0912 52.9889 95.3597 88.5803 71.7117 63.4176 56.9644 105.006 84.1769 41.8948 47.7996 10.5473 21.3875 71.6719 35.8233 85.5289 37.3092 26.4137 18.3082 99.2648 44.8318 52.4172 51.6102 59.769 17.4774 10.7291 14.8568 74.1003 39.1965 65.0071 36.5542 3.30985 77.8139 0 67.2675 47.3006 54.6043 27.5129 76.3507
24.6273 21.0868 21.0455 23.4558 24.2826 18.4391 25.9933 24.8718 29.4565 30.1741 25.009 25.5086 27.5106 31.8399 30.2895 34.0468 34.8321 35.8087 31.0093 31.5131 32.2482 37.8001 35.74 39.1295 35.7604 39.189 35.4833 32.2963 35.8256 39.3278 76.7948 74.0312 78.7418 66.3734 61.5658 64.5918 62.8016 67.492 17.4621 15.8084 14.9755 12.2297 20.1979 19.1275 18.0009 16.6208 51.8945 51.1281 53.5389 61.1085 49.3833 47.6253 57.3484 52.8398 60.2409 59.5037 62.0456 49.7549 14.2325 12.676 13.0526 11.2084 40.2169 35.5465 36.1262 29.8452 39.0888 38.4908 35.0634 41.2236 73.9428 65.2996 40.4853 36.7594 35.1487 34.8874 24.7318 28.2369 79.3142 73.486 44.8831 45.4438 25.0099 51.5334 29.9899 6.09376 9.69087 10.8587 10.3901 11.7355 37.8244 31.9002 31.1877 31.4102 29.0785 29.8729 32.3822 28.7707 29.0706 28.378 29.6551 28.3391 53.9397 48.8762 45.9254 50.5285 34.1076 31.6238 31.756 36.492 73.5669 66.51 65.5792 77.5107 16.5641 17.4486 17.8044 15.6139 31.7247 30.6367 31.4465 26.7509 69.3719 78.3953 78.5574 72.423 35.564 39.3839 35.2634 32.5869 25.7917 22.4605 24.9625 24.8297 48.6278 56.1191 48.081 35.218 20.4249 47.0164 24.7515 60.8209 30.6026 16.1524 43.0508 67.4453 59.1995 54.8286 51.8161 33.6073 22.7852 38.801 64.1078 68.3715 34.5558 22.3574 18.9305 43.1578 46.6559 49.6959 54.6565 52.829 64.8092 31.2893 66.2539 39.3702 65.7507 29.2085 67.2675 0 45.1254 52.0081 51.1322 13.4668
63.1597 72.2118 68.8228 62.3876 63.1636 72.7371 74.6508 70.0505 81.7005 81.0939 67.678 70.9344 78.1427 83.989 80.8878 74.8338 85.4643 81.7188 74.5931 79.802 84.913 80.6903 81.2103 91.6346 84.2839 82.6826 81.9579 91.2197 85.035 83.8456 95.5584 112.717 109.22 112.969 97.3614 102.661 99.6279 99.2157 31.6911 33.9242 39.6162 36.8996 38.2312 35.451 36.9884 37.1249 85.0845 95.9118 94.9371 92.749 83.4952 85.1127 97.9944 84.386 74.0761 82.5841 85.8685 82.1876 48.9115 49.7224 47.8585 47.38 39.4779 37.6794 41.8297 42.7802 31.9217 33.25 32.0739 33.0561 95.8546 88.933 80.7277 84.6756 82.4241 86.3475 48.1098 49.9605 69.4438 66.8732 70.6623 74.0426 32.9894 89.8948 79.9729 55.4546 55.2504 53.6273 61.3145 53.5682 16.6447 15.6668 17.597 16.4227 18.5358 17.6724 20.8625 20.3767 61.3726 55.6686 56.99 54.3049 79.9055 81.0155 83.5001 79.1022 69.8818 71.8861 75.1411 70.7217 95.6183 113.024 112.603 101.706 30.7174 28.8348 28.9143 29.1786 40.1895 41.2545 42.1242 43.8349 60.4465 52.1375 54.1338 53.4249 18.2735 18.6198 19.8841 20.5134 54.1689 53.6116 50.9855 51.6639 60.6207 49.6441 79.9657 79.193 68.9777 86.2248 61.9098 80.2129 79.0113 41.4011 9.86097 77.3118 49.2534 25.7519 22.7972 40.1126 72.7077 60.5856 26.0015 58.0258 82.12 37.3792 39.6096 11.5807 77.3127 43.9444 42.7834 30.7942 90.2407 32.3457 90.0834 31.4731 50.9966 29.9465 47.3006 45.1254 0 2.61955 54.32 57.453
66.0196 65.9104 71.3584 67.6269 65.5023 62.4728 75.4417 77.0385 73.4198 77.7279 76.6113 79.3773 68.1629 82.9562 76.2993 79.5913 80.0981 78.5393 70.5196 74.0208 85.3609 72.2445 78.1555 78.4983 80.8934 93.2431 80.7455 89.0027 91.7006 80.822 93.5692 110.931 113.002 108.617 104.15 95.7664 105.435 106 30.6274 36.7096 34.2246 33.3213 31.7401 36.4767 37.3762 35.3373 91.6583 82.6664 92.1526 97.761 94.5748 85.7213 86.1894 81.3448 84.7515 76.4624 83.3376 79.7055 48.2082 48.0073 50.2179 47.6398 38.918 35.0264 38.524 41.6417 30.9888 28.9985 30.9672 31.0003 91.6343 84.4621 88.5208 84.1817 88.0328 91.9359 45.6151 45.5603 68.1181 69.8463 78.7113 71.9632 30.1976 95.082 74.1952 51.2976 51.8671 57.0782 55.1423 53.4079 14.8706 14.2124 14.1123 15.5478 16.8231 17.4978 17.3402 19.8541 60.6531 54.0714 59.8573 61.4007 91.6029 83.3191 80.3598 77.5225 81.473 77.292 70.2445 72.7479 108.003 100.759 109.778 113.235 26.4689 26.8578 27.8994 30.9676 40.3027 42.0854 38.7632 40.1451 60.3476 60.6616 60.4705 57.8505 15.0461 16.5365 15.9353 15.6421 49.6663 59.8992 52.4084 56.851 64.8307 54.157 77.8504 80.6878 61.0117 77.6595 62.529 90.3555 80.7322 40.7628 11.2537 71.4918 51.5884 30.0297 20.954 39.4498 62.9735 51.9296 30.3628 68.8493 70.1285 40.9411 40.8244 8.96639 78.2606 41.6775 49.4218 34.5957 92.7276 28.4825 82.2578 31.9601 51.2618 30.4809 54.6043 52.0081 2.61955 0 53.9157 62.1161
45.163 45.3688 52.3237 48.992 43.2079 49.1486 65.7724 60.4105 67.1762 71.9954 71.8257 71.1375 65.3429 68.7226 73.908 75.3375 77.0134 72.7302 82.5134 75.6581 80.6297 76.4098 59.9042 61.8354 66.4712 66.3377 71.9736 69.1751 71.5361 64.9415 49.6615 54.2082 55.7102 51.4396 53.4267 51.2403 53.219 54.9334 49.77 50.0387 55.4651 54.3203 51.8106 59.9723 52.7975 57.1165 42.6834 43.9278 44.5314 46.0844 47.6858 45.3418 48.82 51.7886 28.9576 30.3581 34.437 30.4905 33.0062 37.2221 34.0585 39.1835 19.1206 18.4226 18.2116 18.9907 67.1384 69.1486 73.8519 80.2385 43.3928 40.1367 69.9817 85.7358 83.5328 79.6053 62.9235 77.2346 36.1309 35.7409 32.3381 37.9023 59.709 97.1515 48.137 46.6768 50.753 48.2295 43.2943 44.0751 57.1475 51.075 51.1581 58.3456 47.9942 45.9763 48.1072 46.6211 31.1929 28.3986 32.3057 32.3772 37.1424 40.8336 40.5298 38.9885 43.7008 47.0858 49.5897 47.2613 54.0129 49.7197 59.914 53.2082 47.3611 43.907 46.0466 50.0155 22.2534 22.1369 20.5093 22.1706 32.868 30.2714 26.9297 31.1384 60.6077 62.2597 54.8658 62.5182 25.8416 29.6193 27.6448 31.4148 14.569 10.3812 26.9518 79.4529 69.9191 44.5521 42.7777 31.6946 79.238 56.5178 47.2169 21.1896 19.1345 34.8819 79.0166 15.7016 75.0137 8.8469 38.9286 17.977 86.6943 29.5578 30.8765 58.9723 29.0709 14.8863 20.234 30.0649 49.5773 25.4722 31.2676 24.4591 26.2926 72.7573 27.5129 51.1322 54.32 53.9157 0 59.9704
24.103 19.4802 22.3527 19.3582 21.8052 17.2641 14.0511 14.7065 17.9215 18.3895 15.0642 16.604 15.2886 19.2359 19.8613 18.5931 22.7443 23.3222 22.9528 23.0705 23.1957 22.6388 29.1668 29.9046 30.7556 33.1496 28.2534 24.4245 28.3616 29.5631 75.623 71.5429 73.7585 75.3021 74.3837 66.0696 64.1719 71.3891 24.0215 24.7576 23.3293 19.6808 24.0089 25.6304 21.7383 21.9607 61.5386 64.9989 61.3256 54.5509 54.93 50.1059 58.1775 59.5915 61.9841 64.5942 58.904 61.0969 25.3084 24.3361 22.5082 22.734 47.5791 51.2174 42.7158 48.434 47.4446 41.3798 38.9258 46.2476 77.9885 67.0776 27.2749 31.6274 25.8813 27.4527 21.7582 23.3798 84.8198 92.5526 52.1319 43.4852 34.2926 35.6208 33.5635 11.2581 13.75 12.9153 12.8798 12.1354 45.4943 42.2365 44.2853 46.6909 44.4776 39.171 44.7367 39.5807 35.0579 33.0668 38.6381 35.265 57.5952 49.1623 48.3107 54.1337 33.1724 37.3603 35.9235 37.2345 68.2713 71.8357 76.1916 67.835 26.6149 31.469 25.5267 29.0646 43.8645 45.0351 39.9055 42.6664 89.1221 85.1203 79.6557 85.2371 48.4243 48.1824 43.5407 47.9936 30.6052 32.0797 35.0581 33.169 54.4965 67.2085 53.1537 19.4116 9.99895 47.8165 30.3008 66.7535 18.3955 17.6119 58.2865 75.4797 70.614 65.529 57.4791 45.3662 8.56175 48.7524 66.7894 76.6791 22.2367 34.2391 31.9078 49.2747 54.9464 63.2206 68.8705 71.3532 58.1802 46.3111 68.5306 46.4742 76.9997 36.2192 76.3507 13.4668 57.453 62.1161 59.9704 0
