5
100
174
0 0.653624 1.38794 1.84554 2.31131 3.65132 18.5815 18.1091 18.906 18.1167 23.1806 24.299 25.4396 23.4123 30.1613 29.3302 32.0001 31.7417 36.5084 37.4148 36.311 37.675 14.5633 15.8481 16.9384 21.4487 17.8983 20.5591 20.2697 22.9062 54.9081 53.5774 55.4054 59.5256 45.967 51.2995 46.9969 53.5456 34.7076 36.4038 34.67 38.1515 40.1646 43.7695 39.8843 37.834 40.2303 34.462 35.7 37.5821 31.0899 35.3359 31.1897 31.5786 43.5078 37.6823 39.8832 40.791 21.9019 20.7249 17.7596 17.4221 40.1091 42.0473 39.7169 41.9828 60.2418 66.2451 56.8696 55.5805 47.9907 51.8304 24.023 27.7574 28.1919 35.2638 44.3671 47.7203 84.5379 88.5824 30.4279 26.2038 48.527 44.8991 10.6673 16.2898 11.4804 12.2683 12.5008 12.1583 62.1469 62.3629 60.8553 52.8014 50.4405 55.4712 52.2572 49.3067 22.5216 21.2768 20.3656 20.3802 30.481 30.9671 30.7677 29.9996 14.0484 11.2835 13.5354 12.0828 48.416 47.5914 49.9935 54.1753 41.4281 42.9658 36.9362 37.823 40.5647 35.1738 34.8649 38.5196 74.8616 84.1016 75.3714 82.6094 56.4743 63.6589 61.0925 54.7936 23.5768 20.2386 22.0716 21.2917 42.5141 65.4081 33.7704 32.3695 26.0267 25.1125 10.6687 50.0923 25.6876 35.5074 59.6823 51.9211 62.2058 75.7746 78.1702 38.6821 26.4452 44.4262 74.5088 66.6268 37.7489 32.2166 30.2804 55.9912 36.4731 57.7793 62.6848 70.939 41.1343 43.389 52.4903 52.1915 69.7059 54.7849 74.0936 24.4059 73.2123 72.8104 52.1326 24.1867
0.653624 0 0.607048 1.34485 2.75603 3.25334 16.6614 16.3053 19.1163 19.742 20.8758 21.519 22.1457 25.146 29.8737 28.9253 30.8775 30.5118 35.3785 33.9839 35.7666 32.0967 15.0002 18.0502 17.9783 21.3193 16.14 20.2682 20.2336 21.8626 54.2219 56.7512 49.4996 59.9054 48.6933 46.4881 48.1184 54.307 41.799 39.6453 39.2996 33.6575 41.1401 38.7941 39.2871 35.0124 35.4031 38.9119 38.1837 35.3474 29.3486 33.3361 35.7971 32.838 40.3522 44.2299 42.65 44.7129 18.8501 19.9415 17.2473 19.0467 47.6998 42.3379 43.7974 38.4763 63.9936 62.0304 59.2963 55.8187 55.7655 49.8899 28.0295 27.7973 29.0019 30.8821 41.6478 46.4835 83.5831 80.2958 30.8953 24.4494 44.2048 46.3866 10.3873 17.6931 12.182 13.2689 10.5801 12.659 51.3004 55.2968 55.2834 50.7856 54.1329 54.6309 51.119 48.5835 22.8483 20.4717 19.8159 18.4718 32.2306 30.8116 30.3792 33.0122 13.5965 14.3948 14.5741 12.2406 57.2129 47.3925 47.3999 50.7683 38.5741 37.5167 39.7635 38.8634 38.9567 37.2993 37.8139 37.1402 74.7726 79.8329 71.3569 73.2133 53.9315 58.1388 55.8492 59.3741 21.4268 20.2722 20.4167 19.2629 43.0114 56.3106 39.644 34.8116 26.1114 24.8838 12.8756 54.1327 22.411 33.3536 65.5479 56.4029 70.5235 75.0434 77.2627 40.1293 23.3369 44.814 65.4478 74.6037 34.1653 30.9617 29.1264 60.1831 32.4802 59.7887 64.1923 67.6527 44.1051 48.7934 52.4512 44.1556 75.4801 51.1722 78.5167 20.6833 69.4064 69.2267 54.6828 21.7371
1.38794 0.607048 0 0.648615 3.77279 3.02281 15.8107 16.4005 18.5138 16.3682 21.6376 23.7739 20.7409 22.1752 27.7624 30.0401 26.723 32.6059 34.0485 31.6691 33.2525 31.8551 15.0892 15.8135 18.9813 21.0537 18.2203 18.8223 19.3182 20.803 49.3407 52.0871 53.85 56.6157 45.1316 47.1886 46.4012 51.2959 36.2401 37.8789 32.9676 31.7762 40.4792 40.477 41.0111 36.5285 40.479 41.1066 39.678 35.9809 35.6695 31.4615 32.5281 32.5362 49.4169 46.835 45.5437 39.317 20.1199 21.6795 18.7265 17.6221 47.3053 39.6315 40.6596 37.9474 60.6469 59.5426 53.7962 63.1242 57.1769 49.4942 28.0469 28.046 26.9929 28.536 45.3961 42.3283 82.8808 86.142 27.992 25.356 49.9948 47.5224 10.6038 16.0735 11.9748 11.2225 10.8669 10.3844 57.5585 53.0449 60.3338 53.1596 50.9439 51.0232 53.3986 53.1294 21.2157 22.696 23.0221 20.8342 32.9867 30.9341 34.4962 32.5169 14.8431 14.6751 14.9476 13.9268 56.9537 47.9927 50.6469 55.6358 41.6783 35.9541 38.9111 38.0835 37.3983 36.8038 37.2674 35.1113 82.7555 75.9218 74.6105 71.146 56.9109 61.4118 56.5565 55.794 21.8216 24.2751 23.3739 20.5566 45.543 56.6323 34.3791 35.4931 24.4726 25.905 13.4645 50.9777 25.5128 36.3193 63.3309 55.5056 72.6169 74.4678 78.4639 41.9474 22.1495 38.8264 69.0251 67.8488 35.1926 34.4563 33.7765 60.8473 31.8127 59.4668 61.8438 65.3963 43.9015 41.7035 53.1632 48.2559 69.9044 52.5091 78.0125 20.1235 67.6227 68.1554 47.1311 19.0322
1.84554 1.34485 0.648615 0 3.63191 2.73772 16.9498 17.6674 16.1528 19.0451 22.8342 19.2468 22.4321 20.4907 29.0823 27.6312 25.9096 27.3746 36.0686 32.5126 31.0275 34.1786 16.919 15.2441 19.7744 20.4763 17.1183 19.9865 21.2113 22.344 50.9468 59.5962 54.042 57.9804 48.2428 50.9847 49.8551 50.9298 40.2291 37.7369 36.4166 37.3413 40.4864 39.1998 40.2206 40.7919 42.4205 37.2204 35.9144 40.5953 32.0232 31.2762 36.3708 32.7168 45.2379 45.5808 44.1754 39.211 21.2765 21.4982 19.0195 17.122 43.7707 48.1668 41.5995 39.9656 62.6431 59.1563 56.0078 60.8532 53.015 50.9324 24.9572 27.9627 28.3575 31.8644 42.1241 41.715 83.8801 90.1485 29.9479 26.8412 48.3735 40.35 12.3574 17.1362 11.3783 11.9816 11.4111 11.2666 50.7267 53.6303 58.538 56.247 49.2344 51.7597 47.9737 47.7639 20.2703 23.2286 23.3123 21.749 35.7973 35.732 33.3611 31.1875 15.6559 14.216 15.8453 15.15 57.1551 51.4512 53.6182 57.9275 36.0968 38.736 34.5981 38.3079 36.9436 38.6762 40.7541 35.9416 80.1793 71.9258 75.5033 78.216 54.3027 61.5098 57.298 60.001 20.9882 21.2985 21.2226 21.5448 38.9225 64.4103 34.5382 30.378 27.9817 26.5873 14.0585 60.604 23.3315 33.1417 60.4661 61.4697 65.767 71.6258 72.5469 43.561 22.011 39.0393 68.7695 70.7167 37.3119 32.4372 30.8874 63.0332 34.0541 64.6371 69.0116 65.9384 40.4637 49.2204 50.5491 44.3777 77.4253 58.778 72.8133 20.9431 72.7429 64.6441 51.546 18.2776
2.31131 2.75603 3.77279 3.63191 0 5.45412 19.7892 19.6183 21.3901 20.7559 22.8792 25.7254 26.5323 28.1617 33.526 34.8888 35.6733 29.929 35.3568 40.5543 37.6057 40.4156 18.6677 20.0744 19.0502 20.141 21.9647 23.4374 23.787 22.5892 50.3372 52.2651 50.6171 49.7013 45.6059 48.1336 47.6363 44.3237 35.6942 39.7139 34.5645 31.6702 44.6969 38.3048 36.308 37.9182 34.5477 33.2578 36.8711 38.6282 31.8075 31.4544 28.7083 35.1586 43.0917 42.8979 38.7258 42.2967 17.0915 17.3177 15.829 15.3443 38.8998 38.141 37.8649 37.3734 61.4703 66.2813 59.7788 61.7192 47.0222 44.0128 28.5079 29.3526 31.2368 33.7808 40.718 51.3806 81.7585 81.043 29.86 25.8767 49.6153 48.9422 9.35888 18.1584 10.742 11.9625 11.5352 10.9784 50.8582 56.2688 51.9244 57.47 45.2246 44.9692 50.1995 48.6832 16.6984 18.9635 17.1142 16.5537 28.4065 30.0921 28.8754 28.3199 12.517 11.4577 12.1302 11.4946 48.4074 48.7583 54.1977 51.3401 41.4903 41.3287 39.242 37.5396 36.8181 34.0381 37.5228 33.3435 69.3815 74.3082 74.3134 80.8707 53.0831 52.9096 54.2199 58.0918 21.4408 20.0161 17.9922 17.4927 41.4313 62.5471 34.3481 33.3296 29.3653 25.7045 9.98794 57.5729 27.5546 34.4542 64.3424 50.1777 65.2756 70.1704 72.7104 39.4369 28.1651 35.6216 65.7202 63.3567 36.0536 29.6916 26.7847 63.6185 34.0663 59.3295 61.2696 68.278 43.6445 46.3662 47.6464 49.4933 72.1139 53.6603 79.7146 22.1698 64.8908 62.6857 49.0906 24.2385
3.65132 3.25334 3.02281 2.73772 5.45412 0 15.1554 15.3569 15.389 18.0719 19.1337 22.4859 21.2101 22.4778 25.7835 27.5707 26.1508 27.9979 30.2086 31.4074 31.3578 30.595 18.7957 17.0725 18.1733 22.3311 17.53 18.4401 21.707 21.0017 52.8891 52.2845 53.1274 60.2322 55.2098 56.5945 54.0828 57.6164 34.9568 35.9546 34.526 31.6157 34.0625 37.3447 32.5832 34.6658 44.4485 45.2272 38.781 43.7563 37.1719 32.8116 40.0408 40.0521 43.0391 46.5016 42.6943 43.0275 20.0135 17.5884 15.494 15.9018 40.328 44.8464 39.0599 43 61.0359 53.3586 59.0516 55.2527 51.5316 55.4405 28.8099 27.2766 31.6845 32.6774 40.0313 44.3369 89.3179 87.543 34.9831 27.9845 43.3133 41.0217 13.4265 12.7807 8.89662 8.87406 8.80058 9.28067 50.9713 50.5397 48.1722 48.5035 52.0086 47.8919 47.4649 50.0533 22.2602 22.5255 19.8181 20.2401 34.7144 30.9187 38.7799 34.7438 17.0235 15.1075 17.7172 15.1554 57.6147 57.1291 53.2446 57.7364 33.6279 38.3392 31.9758 35.5084 34.1548 36.119 40.1471 35.2262 75.2132 79.2475 70.5382 76.8244 51.7721 50.8822 58.2601 56.2266 21.0816 22.6414 20.8357 19.607 40.7365 63.7864 39.6948 28.0414 25.8123 29.9372 14.3767 62.3355 25.0941 29.4436 65.777 52.9818 66.9413 67.4051 66.4602 39.9725 20.4619 44.7201 73.5661 71.0814 31.2011 32.8766 26.6446 53.6138 39.9039 63.2329 62.6295 71.2256 46.7531 42.2368 53.8541 43.2924 74.0136 54.3534 76.9389 18.9177 62.0299 69.8804 52.0652 18.4832
18.5815 16.6614 15.8107 16.9498 19.7892 15.1554 0 1.15111 2.48284 3.99418 5.41706 5.5036 5.48916 6.76502 11.6954 12.6008 11.9731 14.483 17.3451 16.6763 17.054 16.7391 15.1382 15.3467 15.3339 16.2604 10.0125 12.8661 14.1156 14.9238 69.5405 64.0337 65.8684 62.6115 69.8155 62.867 66.6665 60.3595 40.7313 38.6185 40.0446 36.0557 38.5606 39.5837 37.7598 35.3753 52.645 55.4162 48.2312 57.8765 50.5742 45.6249 45.0061 43.1903 57.7062 54.4418 64.7238 62.1287 29.619 31.43 28.8293 28.8119 55.4865 59.8798 59.4087 53.0309 60.0547 64.2249 60.9219 59.2747 70.979 65.8306 14.5613 15.1874 13.5787 16.0143 37.5657 35.9058 100.406 104.22 44.0889 44.0142 48.7781 30.9529 26.5404 18.7375 21.23 20.5069 18.6996 19.1852 56.0226 57.7446 53.0389 56.6971 60.1261 51.6713 57.0905 48.9646 37.2994 38.2527 37.5915 38.899 49.0325 46.6921 50.5397 49.5405 29.3823 29.0619 29.8229 28.9213 72.9184 68.2045 66.9522 69.74 43.8253 42.3713 41.6041 45.6981 46.861 50.3449 45.534 47.2454 101.896 86.3137 97.7139 98.6252 64.2146 57.5904 52.8397 56.8416 34.5596 34.6218 40.2945 38.102 60.7414 75.4551 55.4636 17.326 12.5676 38.9981 31.0298 70.2413 7.57369 31.9399 67.0605 78.7584 81.4135 74.1805 75.1706 55.3755 9.71617 56.11 76.8233 89.5037 18.9998 46.303 40.8298 66.185 49.2017 67.7425 86.0158 78.736 58.9124 49.7394 72.7545 64.464 89.8269 53.3467 94.493 23.9394 72.1584 74.9521 63.6178 15.6113
18.1091 16.3053 16.4005 17.6674 19.6183 15.3569 1.15111 0 1.29716 2.60228 5.84279 5.35059 5.79879 5.60788 12.9723 11.823 12.1633 13.9488 16.4033 16.0008 18.0104 16.53 15.5528 14.8201 15.2885 15.2507 9.57262 11.4648 11.4889 12.437 71.2959 62.7641 63.1891 64.6806 67.9891 64.6371 62.6931 64.5527 41.3023 36.6213 42.2798 37.4706 40.2459 42.4036 41.9722 39.9248 57.1677 51.3001 54.8676 50.2761 44.1652 49.7924 47.1072 48.5265 61.857 59.626 61.3089 62.4686 34.2064 32.0233 33.2049 32.0616 53.1859 54.7983 53.283 50.7914 62.9724 55.3007 56.0658 60.8473 62.6374 65.8756 14.2726 14.5613 14.2617 14.9227 40.54 43.8574 91.0855 95.1828 45.0768 47.3482 52.9932 25.4255 26.9854 23.5992 19.2998 18.8215 19.4654 19.1754 63.0287 59.7122 53.8435 64.1046 61.5334 57.9767 52.609 51.2583 40.2231 40.7623 34.2579 35.4699 48.0853 49.7516 49.0227 50.4784 31.7616 27.1743 27.8382 28.8376 66.7741 62.9276 61.1199 60.7406 44.7904 46.5452 40.1693 40.3922 52.0647 53.3499 49.2413 52.5859 97.7045 95.1928 93.8951 91.036 65.1001 54.9026 61.7043 63.2607 38.9298 36.8183 36.6215 37.9509 55.9274 74.1661 53.2666 15.7956 13.2818 37.3068 28.2604 67.7649 7.50496 36.0923 69.9097 76.983 80.5819 74.2954 76.9796 54.0311 10.6906 54.8517 85.1789 87.9784 17.0495 42.2214 45.7564 59.3151 47.563 80.091 73.1077 78.555 62.5039 50.9789 67.3115 58.2209 82.1049 51.5528 84.9803 24.3727 68.6475 71.5074 68.2868 16.1365
18.906 19.1163 18.5138 16.1528 21.3901 15.389 2.48284 1.29716 0 1.30331 5.55085 5.01681 5.92133 5.36274 13.0564 12.5701 11.0465 12.0573 16.9957 15.9106 16.2623 17.0422 14.4138 12.9122 15.9006 14.501 9.41596 10.0975 11.0727 11.7851 67.1381 73.3855 75.0699 68.7425 62.886 59.392 64.1362 58.2517 46.6703 41.353 42.2211 36.9396 44.8641 40.521 43.7316 36.4107 55.7228 57.4248 48.2392 57.1382 48.3915 44.3218 48.0575 42.8715 59.986 61.9859 57.0422 58.702 36.8064 31.7568 29.1089 30.7844 62.2422 59.537 56.3424 61.3451 62.2338 65.3817 54.8267 62.6338 71.3089 66.9826 11.0097 11.9602 12.8488 13.4721 40.5694 45.8044 101.091 101.979 44.2116 44.6077 51.6781 27.9032 25.5488 22.1552 20.3089 19.785 20.7533 18.4327 64.8122 62.3338 58.7768 65.0667 53.9063 54.9068 58.4552 56.2579 42.4066 34.8733 36.9911 38.9756 49.4788 48.7637 46.984 46.6945 29.4394 31.3905 31.8712 27.8377 65.6994 67.1314 70.2902 70.8918 45.6226 42.4927 41.3311 44.1862 50.009 52.5192 48.6693 47.4584 94.9996 95.9017 103.69 92.905 64.9788 63.8723 55.8067 66.7309 42.1986 36.3611 34.8821 39.9857 56.6007 72.0748 56.6771 17.0084 15.2271 37.8938 32.3648 77.0269 7.22912 36.6913 68.0966 70.8573 80.3261 78.7273 79.4815 50.1072 12.5098 63.6131 89.8136 83.6306 18.1504 43.5037 44.6698 71.8975 52.6029 80.4091 80.3558 75.6883 54.3654 63.0366 71.6901 59.4921 87.8335 57.2334 85.4746 25.1087 69.8616 81.8866 69.597 18.9813
18.1167 19.742 16.3682 19.0451 20.7559 18.0719 3.99418 2.60228 1.30331 0 7.07727 5.58603 5.8587 5.46856 12.3095 11.3799 11.0457 10.9875 19.1545 18.6356 16.334 18.6751 12.2493 12.6397 15.5265 15.669 8.07185 9.06553 9.59309 12.1679 66.9323 66.4575 70.4959 67.56 69.0806 60.809 63.1854 63.9347 42.3886 39.0679 37.9956 38.424 44.619 45.3338 42.6457 44.0525 47.7591 49.4471 51.6823 52.8028 45.6645 43.5945 46.203 43.5687 65.9358 54.5644 62.415 54.8661 35.8916 33.0037 30.1059 30.1866 59.7086 61.6757 61.6406 60.313 62.2389 68.3289 53.9942 58.9502 67.9162 60.8229 9.61315 10.4379 12.1477 12.8175 43.2446 44.9995 111.657 97.6489 47.5067 46.7328 49.8966 24.2334 25.1144 22.7251 21.8564 20.2177 21.9451 23.6382 64.3556 57.2257 59.9783 65.0692 63.1784 59.0575 56.1881 54.7391 43.1173 36.1172 36.0631 35.8189 51.2713 51.9408 48.6201 45.3562 28.9589 27.3931 30.0324 26.4387 65.0274 66.7971 71.3008 61.0569 45.3603 50.8812 45.639 49.5431 50.8069 54.9998 52.491 51.2191 100.092 93.1121 88.86 96.7045 67.9337 64.3486 56.1145 58.0151 37.9755 42.2648 39.0862 36.2753 64.3218 82.4188 56.2742 16.126 17.556 34.9246 28.5015 67.031 7.73197 38.8556 76.7415 73.6657 91.6871 88.2656 71.8327 59.5608 11.975 62.6849 82.6021 88.8561 20.9298 47.5978 47.2766 62.8116 51.5205 82.2773 84.7354 87.649 55.099 58.6359 74.3425 65.9319 86.8752 54.4642 85.9161 29.8406 84.6546 83.2393 65.8572 18.3329
23.1806 20.8758 21.6376 22.8342 22.8792 19.1337 5.41706 5.84279 5.55085 7.07727 0 1.25344 2.56698 3.43006 6.38815 8.10647 8.74341 8.25208 12.9855 13.526 11.6893 12.3892 18.5993 20.7975 22.1797 22.2426 14.2755 16.0908 17.5903 18.6129 78.0217 74.8878 79.8822 80.4178 66.3071 65.4571 66.0501 70.0202 42.4781 36.607 33.8151 35.905 36.567 37.9155 34.4571 33.1984 53.886 62.8942 54.0105 63.8117 57.7789 50.2478 51.0654 52.2181 62.0381 65.2141 63.6418 57.2676 38.3441 33.4667 33.929 31.9819 62.8558 60.7296 60.9124 56.6417 60.7851 60.7543 54.8713 50.8888 78.6739 70.7853 16.2867 13.733 12.6048 13.7725 36.6731 36.0386 102.176 103.323 55.8535 52.5827 44.6039 25.841 34.0172 21.7716 22.9886 22.3816 20.4123 22.6861 58.1033 59.5402 59.6359 63.4574 52.8987 56.0159 58.4105 59.6783 42.6665 37.5869 41.2716 44.1035 48.4886 50.1279 50.0717 51.1408 31.937 32.6962 37.9838 33.9531 77.2852 72.9687 78.8192 69.5688 45.086 45.6726 46.0671 43.8167 58.9553 58.7801 49.3726 53.3265 102.319 103.879 101.452 94.2885 62.157 64.5451 54.6976 60.7299 42.9531 40.0428 39.2061 38.7196 62.9787 85.0665 55.5542 10.7315 9.78665 44.6366 31.3113 78.0364 3.58492 29.9384 69.7266 72.0645 85.6583 74.3849 74.5461 58.8926 6.67507 63.463 92.596 85.0708 14.2098 50.0886 44.8166 69.4166 58.2445 79.6401 90.9295 86.8078 61.2081 52.8964 74.6915 66.2226 81.1957 54.4056 93.5927 24.1695 80.811 77.6763 69.0017 14.5549
24.299 21.519 23.7739 19.2468 25.7254 22.4859 5.5036 5.35059 5.01681 5.58603 1.25344 0 1.37748 2.70421 6.94982 7.41539 7.06294 8.33858 10.9163 12.6125 13.194 12.6762 17.808 19.3493 19.4396 22.4202 15.029 14.067 14.8407 17.4835 79.2935 78.6387 68.7356 70.5728 62.4084 74.5281 70.274 70.2564 38.8358 37.5321 36.2623 37.6172 44.5768 42.5073 40.9448 40.6346 63.7611 54.4617 63.9171 58.1472 51.0083 48.1626 56.0354 56.3533 64.0001 70.4433 64.2454 60.0357 37.3398 33.1699 35.5258 30.8043 63.8448 61.5333 62.8376 62.9625 60.907 53.2781 54.0914 60.9259 78.2853 67.7357 13.2961 13.2798 11.3092 10.7134 34.2109 37.3819 109.306 96.1644 51.2238 49.7155 46.5412 23.4158 33.3405 25.2228 24.859 25.1714 21.45 21.4923 58.7285 60.1424 55.3189 63.9757 60.0088 54.9445 58.4403 57.4274 42.3059 37.7394 44.0658 39.4378 53.0529 51.2782 50.7844 50.8013 32.5473 36.5199 35.2427 36.3685 69.5653 76.842 65.6168 69.5458 43.9301 40.6823 40.1383 46.4932 50.0285 59.6539 52.2249 58.5116 89.03 102.999 97.6539 91.6903 63.7095 55.4227 64.6753 60.0828 45.4727 44.8176 41.7733 41.8556 59.1489 74.422 62.4973 11.7386 9.92702 42.5689 35.8159 78.8682 2.45359 34.7926 65.8171 84.4124 85.4888 76.7063 78.4863 52.6641 8.49344 63.5099 79.6364 91.1608 14.1106 49.9464 41.1386 62.2885 57.6376 74.1556 77.5165 80.6668 67.1211 57.6547 75.676 66.0418 82.2501 56.1219 100.113 26.7221 70.3673 66.4508 72.7437 14.665
25.4396 22.1457 20.7409 22.4321 26.5323 21.2101 5.48916 5.79879 5.92133 5.8587 2.56698 1.37748 0 1.16241 6.68761 6.6239 7.47308 8.20545 11.6574 10.9905 13.3742 11.5191 19.0175 18.6545 19.4831 18.3972 13.6625 14.8419 14.9218 15.2654 79.3325 81.3141 68.4477 77.4821 69.1991 65.7631 72.928 73.2808 43.3199 45.2017 38.4123 41.8578 41.2161 38.9156 39.646 37.8249 56.7573 57.1662 59.5221 62.5002 50.9609 57.5753 55.3201 56.9034 60.8256 63.5549 64.4641 58.4524 40.4841 35.9941 32.9867 31.0127 67.1787 54.9682 64.0773 64.1944 63.8182 57.1068 53.335 62.8546 79.3433 76.8213 13.7188 11.2938 9.39792 11.42 36.5777 41.4222 104.415 96.8641 56.8217 53.944 44.1824 22.6692 31.7581 26.0388 25.174 25.6789 22.2035 22.7634 55.999 61.0359 58.4699 57.9227 59.8194 57.8631 62.1099 57.333 40.2529 41.2344 44.4879 41.3635 50.7486 51.626 51.2769 50.2758 36.5406 37.1923 35.526 35.9501 66.2733 69.7875 71.056 70.3512 46.9879 43.6313 48.3723 40.4194 52.1857 59.7806 58.0869 49.8322 93.8936 96.0945 94.1063 88.3465 57.2562 56.2002 56.3012 66.1516 40.6927 41.1259 38.7642 39.2915 57.7446 87.7236 63.6886 12.4077 13.2586 44.218 34.5806 70.8534 1.98698 33.4791 73.3809 72.5099 82.4141 88.9022 78.9943 57.1103 9.74171 62.9626 92.9129 85.3826 13.9747 47.7335 49.9679 66.2914 60.1168 82.2243 80.2286 85.9374 57.017 64.074 69.5935 66.969 92.8805 49.7577 102.675 26.0458 83.8681 75.7923 77.1558 16.6762
23.4123 25.146 22.1752 20.4907 28.1617 22.4778 6.76502 5.60788 5.36274 5.46856 3.43006 2.70421 1.16241 0 6.88154 7.00655 7.27197 6.59742 11.5944 12.745 13.0917 13.2364 16.7375 17.9103 20.6194 18.6954 13.3613 13.9683 14.5159 16.4148 67.1665 71.2712 74.6835 67.5782 71.6008 69.7447 62.7274 73.439 45.9326 40.1962 38.1132 40.1206 46.6527 38.9315 38.9824 41.4906 63.6205 55.761 63.2267 63.849 56.3211 54.4312 49.3913 56.9489 64.9449 62.0896 68.6366 65.48 37.2907 35.0344 32.3894 37.114 67.3829 61.2142 61.5034 62.0785 61.0455 56.1199 54.9211 55.592 70.6237 72.0481 11.0669 9.88046 8.56978 8.7825 36.9948 37.9785 107.798 101.039 55.286 48.3149 49.3729 22.0065 31.6176 25.2444 23.9124 27.0926 25.092 25.9276 68.3029 62.9181 65.8059 64.8577 57.0966 61.0013 58.9982 64.3604 43.669 41.8783 47.2828 42.7451 53.1232 47.7584 55.1188 57.1313 35.3206 37.6468 37.6924 35.3619 73.5759 71.3181 69.3817 69.054 47.3618 46.7264 41.6378 42.4701 52.9814 58.998 57.1235 54.5323 102.396 108.002 100.135 102.199 65.2393 57.9617 56.8163 62.821 43.3868 41.2055 42.3417 40.5722 69.9072 86.9267 62.4095 11.9116 12.8931 39.7641 37.7961 79.1282 1.91727 37.0462 81.7594 85.0885 92.3519 81.9565 73.028 63.3576 9.77389 67.4528 83.7055 89.2757 14.4171 46.0462 47.8023 62.4145 61.7894 81.637 93.916 88.9461 62.066 61.2431 79.4479 62.8634 93.3715 55.1751 104.935 27.6099 82.648 73.3332 75.6615 18.3262
30.1613 29.8737 27.7624 29.0823 33.526 25.7835 11.6954 12.9723 13.0564 12.3095 6.38815 6.94982 6.68761 6.88154 0 1.29377 2.32247 3.58522 5.79922 5.32913 6.04006 6.10189 25.2502 25.5566 26.3722 28.2366 21.5799 18.5961 21.6241 19.339 86.6143 73.643 83.5062 78.5423 75.7396 76.6138 72.0238 74.8028 43.657 39.1675 40.3014 38.1989 45.021 43.0236 41.4987 40.9725 60.0914 61.5142 69.1442 67.722 53.5598 65.1359 57.2992 58.5339 68.5455 73.6661 70.0282 75.2836 43.215 36.0213 40.692 37.8642 63.7131 63.0676 58.0629 60.7482 54.5347 62.1885 52.5813 51.4993 79.3249 77.8928 17.9031 14.4148 9.32321 9.047 34.1758 33.767 103.153 114.809 57.7034 52.234 43.8481 18.8659 38.8672 30.5994 27.9044 29.0907 29.7539 27.6497 65.8561 57.5872 59.2412 57.2863 64.9784 60.3998 56.7426 62.0884 49.2274 50.4407 52.1164 45.5995 56.6968 56.7069 57.0013 59.1797 42.4423 40.6149 39.2782 42.2712 84.8115 70.606 71.0972 83.0453 49.4319 48.0123 49.7838 43.6185 62.5164 58.0199 54.194 63.9434 95.3334 98.5414 112.658 96.0692 61.1209 61.3143 62.2488 56.9406 45.4896 49.569 46.8842 48.4188 75.961 89.105 61.1535 4.97091 9.94033 52.1551 37.0868 83.0456 4.7191 31.1335 72.4804 90.3858 87.8744 85.2046 76.1407 62.3806 9.3007 63.9006 91.8348 88.7062 6.95956 48.5146 46.8025 66.6587 66.0227 74.5311 84.9479 84.7768 75.4274 61.2607 86.6278 67.3935 86.3675 54.7556 107.985 33.3291 80.113 81.8265 77.7871 16.744
29.3302 28.9253 30.0401 27.6312 34.8888 27.5707 12.6008 11.823 12.5701 11.3799 8.10647 7.41539 6.6239 7.00655 1.29377 0 1.17788 2.73847 5.81574 4.9834 5.27656 5.94977 26.0963 23.0245 23.1069 27.0004 17.7751 20.1522 18.1879 21.2763 84.9846 73.1674 80.4741 79.8898 76.3127 73.1266 79.7157 79.8506 42.7651 46.6801 40.9561 38.7269 45.5199 44.3375 42.7752 38.7903 61.9418 69.2783 69.0123 67.6802 55.1715 60.082 57.1086 56.2272 79.1137 66.2356 77.9342 67.3078 39.3118 42.8534 40.8196 41.8385 68.3452 64.9508 70.7197 64.209 63.7244 56.1849 55.8178 58.139 82.1191 81.6229 16.0236 13.721 8.78242 7.79345 39.2298 38.5522 117.905 106.477 63.8288 53.3513 53.9079 16.9804 41.721 27.4134 31.8646 30.7151 30.5592 26.312 64.6385 59.8022 63.9601 60.2768 66.1853 61.6872 61.3537 62.9319 45.8569 50.1631 49.237 51.3628 60.3662 61.4893 61.2458 59.2903 42.7994 40.5385 38.1974 43.4765 72.3393 72.6558 75.6119 81.5458 53.2008 47.232 47.7152 45.0866 58.1326 63.2892 59.6636 65.4956 104.435 102.706 98.0422 96.018 67.0073 59.3343 63.6017 65.9592 49.6165 50.9751 48.4212 51.1158 73.7472 86.0953 60.8353 5.2431 11.6976 50.5417 37.9227 81.423 4.66918 32.5021 76.9056 82.1346 95.2193 86.7405 70.9191 66.2609 10.0927 70.1066 81.8016 100.633 7.88586 52.1971 50.4827 66.2109 62.4667 83.951 98.0977 91.317 75.3073 61.8485 81.1615 67.4868 106.272 51.8297 105.87 30.1573 83.4445 77.4103 72.9028 21.1423
32.0001 30.8775 26.723 25.9096 35.6733 26.1508 11.9731 12.1633 11.0465 11.0457 8.74341 7.06294 7.47308 7.27197 2.32247 1.17788 0 1.24886 5.85966 5.05482 4.93623 5.3052 26.2924 24.951 25.1931 26.5876 18.4732 17.4731 20.4912 21.2359 79.314 76.4443 83.3419 76.2828 76.0271 81.6803 79.1218 80.7257 45.8046 45.0227 41.0963 38.2426 46.7082 46.444 43.6721 39.9011 66.9814 70.0766 63.9115 70.6523 61.4384 63.2115 64.9497 61.5662 71.9081 67.8991 66.5307 70.5968 42.9223 41.6725 38.3776 40.9736 68.7296 61.1245 63.6535 63.3332 60.07 59.4865 56.8403 54.9121 82.8611 72.6537 15.5318 12.155 7.86773 6.38176 38.6386 43.0304 107.335 106.628 55.5972 60.7816 50.7411 16.6343 40.6403 29.3928 27.6711 27.2049 31.4918 30.9075 59.3072 58.6071 64.9904 59.7612 66.9192 56.9921 58.0485 60.3144 52.5721 53.7045 48.7307 45.8347 65.2576 54.3553 64.1979 56.0364 43.3692 39.8515 44.5997 39.4457 70.8097 72.13 85.3791 74.6274 53.6174 44.5738 51.126 52.815 59.3919 62.999 65.6475 57.0743 108.457 98.4969 99.0171 112.618 67.5042 64.3382 60.8779 57.1745 52.4179 53.1939 50.8458 51.5203 68.4269 80.0444 67.0417 6.42836 12.3152 51.3103 42.3777 89.1878 5.02394 34.0088 76.3171 88.2358 101.402 87.2569 84.4021 64.1107 12.859 70.0856 89.0705 96.8058 7.64919 52.8207 46.8386 63.4867 69.5323 77.4487 95.1195 83.6503 70.8909 58.7129 85.9538 75.0894 102.885 52.7692 110.207 30.9619 72.2419 71.2071 70.3093 22.0019
31.7417 30.5118 32.6059 27.3746 29.929 27.9979 14.483 13.9488 12.0573 10.9875 8.25208 8.33858 8.20545 6.59742 3.58522 2.73847 1.24886 0 7.19059 5.94399 5.36217 5.54032 24.9116 25.9884 26.4545 23.9117 16.9183 17.5575 19.1824 18.2897 83.7667 82.8869 83.437 81.6812 82.2145 69.4492 81.1709 67.912 51.5126 44.5352 42.1937 45.5937 44.4748 48.0286 42.4631 43.0063 70.2033 63.8879 60.3414 68.1766 64.9391 55.9352 62.0329 59.0771 79.8424 75.4489 75.2265 67.9202 41.5475 41.3493 44.9936 42.142 74.3123 61.416 64.5066 64.7329 65.8442 60.473 55.4189 64.4342 81.5749 82.6001 15.0222 11.2579 6.1841 5.30364 37.9217 42.3638 120.366 101.742 63.0632 59.6 53.6149 14.6958 40.4076 31.7032 30.2065 31.9124 28.0781 29.1286 68.3165 68.7505 63.9414 62.0301 62.9056 60.4114 57.3441 63.6391 49.3727 46.6256 50.8742 50.7322 54.7004 57.6207 65.2793 58.7542 41.7546 45.5911 42.7952 38.2174 72.8832 75.3246 81.8686 79.928 48.1081 53.742 46.6495 45.026 61.5385 61.446 64.5174 58.0397 101.745 113.962 114.757 105.664 59.5249 60.8034 61.6099 68.5623 47.8129 54.7158 46.8953 45.2116 67.3511 95.6876 67.3872 6.75019 15.1968 45.8819 41.0142 91.3586 6.11175 33.1449 75.0276 91.1923 91.9501 87.1447 77.2678 65.7212 12.3589 71.75 94.2144 90.0026 8.72298 50.1381 54.0859 68.0983 63.4568 84.8061 97.6642 87.0314 73.2394 63.3049 79.0155 76.8499 97.8059 59.0297 106.658 31.5397 78.5186 77.0373 85.2167 21.3552
36.5084 35.3785 34.0485 36.0686 35.3568 30.2086 17.3451 16.4033 16.9957 19.1545 12.9855 10.9163 11.6574 11.5944 5.79922 5.81574 5.85966 7.19059 0 1.39274 2.62213 3.61206 30.201 31.2817 31.8311 28.5599 24.6771 27.3132 24.6288 25.3726 90.4773 83.3412 81.386 91.2057 85.0622 86.7249 72.8576 80.043 47.7604 42.4901 41.4348 37.1126 46.2374 43.6027 39.7292 36.665 67.9395 69.2015 71.6609 75.2601 70.7915 61.6862 58.7852 64.6004 71.5268 78.8305 85.5114 81.2659 41.2656 43.0769 42.3463 37.842 73.5323 61.5266 67.9963 72.6991 57.9128 52.5644 54.29 49.214 81.6554 79.2597 22.711 18.722 14.2533 11.058 33.5683 38.4638 124.022 109.581 66.9506 58.0451 44.3196 15.3488 47.5639 29.0156 34.6026 30.5579 34.3032 33.9232 63.635 63.4683 57.0471 65.9276 55.8657 63.2071 61.3895 57.7534 50.1268 57.8799 49.0612 53.0378 63.151 62.0249 71.4409 62.1869 51.7036 47.6865 46.1373 46.4648 88.7097 82.8533 91.2186 83.6276 51.5443 49.7557 45.7471 43.4552 63.3709 68.8006 64.2315 58.8147 107.817 99.2597 105.583 105.927 64.9875 56.2917 65.822 64.4744 54.5245 47.8389 57.4457 49.3958 68.8844 96.627 77.5543 1.78716 11.1344 54.0272 47.1762 88.6506 10.0138 30.1964 79.7166 80.5695 102.237 98.0403 74.8395 72.4508 12.6072 79.2847 84.4128 102.361 2.12025 56.3273 52.9602 73.9139 70.1419 85.1028 85.2971 84.8458 79.3044 71.1498 88.9091 63.8481 98.6439 55.0719 97.2579 31.0761 81.689 83.3711 79.1147 22.2649
37.4148 33.9839 31.6691 32.5126 40.5543 31.4074 16.6763 16.0008 15.9106 18.6356 13.526 12.6125 10.9905 12.745 5.32913 4.9834 5.05482 5.94399 1.39274 0 1.3583 2.79341 31.5957 27.5452 32.0324 33.3731 26.4584 26.6774 26.3763 23.607 90.5462 83.3837 81.0684 88.4717 83.0266 80.4956 78.0927 86.0167 44.6474 40.5191 39.7977 41.8471 42.4839 39.8405 39.2208 42.3565 75.3136 65.8466 74.9594 66.9338 69.5998 63.8098 66.8214 70.7524 76.4837 81.9231 71.2999 75.057 44.936 47.4828 45.4019 41.9039 75.0785 66.7206 68.2773 65.4065 56.6122 56.7182 52.5223 51.9634 92.0209 77.1627 20.8168 16.5814 12.5627 10.3218 37.4732 34.3966 114.329 116.047 68.3208 57.8729 48.8181 16.3262 46.0666 35.812 36.6266 34.4852 32.1476 33.9561 66.3377 61.1109 67.0847 58.6547 57.7279 67.8196 66.8821 66.8007 55.5436 57.9313 55.2391 52.4891 64.3447 68.345 69.9808 63.6294 49.2536 50.7171 51.6585 47.3796 90.1549 80.1199 86.5536 77.3906 51.1296 48.9276 45.1918 53.0831 70.7641 61.5323 61.1412 66.7241 106.306 105.73 105.468 112.319 63.5011 64.9223 58.849 66.9173 58.0409 53.0288 48.9041 54.9013 81.1648 83.0118 74.6223 3.08092 12.3479 53.2625 49.2923 90.9868 10.0663 33.0564 72.592 95.5366 89.7437 96.7415 80.2484 69.9579 13.6539 74.9436 86.334 94.5996 3.23401 57.3158 55.1576 68.9035 68.5747 78.4956 92.2653 84.1675 74.5345 61.6475 79.1845 75.8558 108.965 55.0466 99.3453 33.2591 84.5143 71.7594 75.5063 21.854
36.311 35.7666 33.2525 31.0275 37.6057 31.3578 17.054 18.0104 16.2623 16.334 11.6893 13.194 13.3742 13.0917 6.04006 5.27656 4.93623 5.36217 2.62213 1.3583 0 1.14407 31.9909 30.1795 29.9138 29.2941 24.5904 25.2375 26.1838 26.8452 89.8885 79.5616 86.7168 92.4534 79.2803 75.2744 84.3508 80.9687 48.8761 41.7528 49.115 46.6264 47.8959 48.1366 43.7831 40.726 63.8856 69.8087 77.0428 75.6103 67.5217 59.0832 69.6649 65.4004 81.075 72.1664 84.787 69.6572 47.2188 47.6236 43.6876 44.7969 70.6732 63.7526 75.1436 73.7303 63.7765 58.7225 55.9372 53.4768 79.1692 87.4195 20.5589 17.0809 12.1679 8.97384 40.1434 35.9258 121.212 114.076 68.8676 61.049 47.8259 14.8171 42.7496 31.2355 34.0605 33.7432 33.7556 31.9346 67.4977 67.6216 63.2068 69.836 62.8931 65.5646 58.9668 67.6467 53.0886 56.814 59.3463 50.5741 69.3853 65.7205 60.552 64.2416 44.4559 42.6084 43.1266 48.9679 80.5953 89.5221 80.3451 80.5757 53.2314 51.2078 48.2426 47.0087 62.8413 70.6778 67.2746 59.181 100.917 105.822 112.995 108.793 63.471 67.6393 69.2981 68.9557 55.5448 57.4887 58.1876 48.1867 78.9187 95.0627 75.058 3.85116 15.4221 60.3509 44.0677 91.7081 11.1227 37.2489 79.1767 94.6551 90.6955 85.1386 77.8828 63.4775 15.1535 70.7248 95.0997 102.136 4.53398 60.9337 57.4182 70.3662 73.3664 91.5675 100.264 91.2073 79.8132 71.3804 77.867 68.9972 101.85 52.3086 105.665 34.8316 73.5706 74.3152 80.7381 24.8686
37.675 32.0967 31.8551 34.1786 40.4156 30.595 16.7391 16.53 17.0422 18.6751 12.3892 12.6762 11.5191 13.2364 6.10189 5.94977 5.3052 5.54032 3.61206 2.79341 1.14407 0 26.8152 28.8417 31.5624 28.1449 25.8368 26.0321 26.124 25.1415 85.7943 89.9629 85.091 83.4485 85.3643 88.2328 85.8369 82.6351 52.9699 45.7116 46.2644 42.3049 49.626 48.464 41.6878 43.2043 70.7218 72.4185 76.7215 66.922 60.4054 70.2323 61.1358 67.2248 72.7265 72.5951 79.8508 76.6905 50.3774 41.3989 49.7734 48.2153 73.7407 65.0816 74.3652 68.465 60.539 58.4392 62.9117 58.7804 85.3931 82.5168 19.4621 15.7738 11.7788 8.49811 41.5119 40.4033 120.964 110.935 64.1661 61.8948 48.7105 12.3513 41.7489 38.1682 32.1879 36.0653 32.1544 35.0314 67.0717 64.6311 65.5797 59.4512 60.5248 69.8013 67.2135 59.7943 55.2004 49.951 57.2218 57.8249 64.3571 63.0302 59.2967 62.7907 47.4142 44.7854 51.9015 49.1995 76.2067 78.8546 88.5866 89.2993 57.3811 53.4513 47.0612 47.2625 67.4157 64.8091 62.5601 63.1454 110.109 98.536 103.829 104.387 62.5919 65.1442 66.0871 60.7522 59.9848 51.7172 50.9361 51.7652 79.2369 96.7387 78.0592 5.19265 14.9412 53.6428 45.7494 91.5106 11.2263 34.3467 77.2822 95.6023 91.3714 88.4841 81.9116 65.9069 14.2953 68.0247 95.751 94.9616 6.09589 55.6657 57.5183 72.7094 71.8516 91.8496 98.5683 93.9867 68.2695 70.1495 87.5755 77.5274 103.296 49.7195 106.03 35.4619 87.3399 73.5314 75.9757 23.2509
14.5633 15.0002 15.0892 16.919 18.6677 18.7957 15.1382 15.5528 14.4138 12.2493 18.5993 17.808 19.0175 16.7375 25.2502 26.0963 26.2924 24.9116 30.201 31.5957 31.9909 26.8152 0 1.28372 2.54335 4.09445 5.1899 5.7214 6.0821 6.34584 56.808 54.2729 53.2235 61.3013 49.782 50.5899 53.5381 54.7822 51.2422 47.4555 52.6945 49.8127 50.7231 47.8696 54.0131 53.4079 37.7612 37.6589 40.826 42.6353 36.9976 33.5913 38.5161 32.7356 55.6427 47.6186 49.9069 53.8549 35.2967 38.7102 31.6089 32.1035 62.5444 62.4312 61.9566 61.5943 77.7223 79.4238 69.1242 77.4057 62.5003 60.7423 14.1334 16.3888 20.6224 23.9818 50.024 54.0374 100.918 94.0094 39.412 36.1133 56.8347 33.8711 20.762 31.9331 23.3669 23.8828 22.4557 25.2168 75.2595 68.4136 63.4646 71.25 64.044 67.3793 61.0479 61.0476 34.3616 38.4195 32.3631 35.6274 39.7586 35.2708 35.8169 33.2178 21.9307 19.4518 21.483 21.5335 55.1431 52.9116 57.2316 56.9283 49.9753 48.2733 52.6336 47.1489 50.0581 56.146 51.6988 56.3608 98.8524 85.6343 98.2635 89.4454 67.1702 66.5395 71.5563 64.8906 36.3708 40.1464 38.4997 36.4689 56.9568 81.5211 46.1277 32.8235 26.5512 25.5959 23.8667 70.9823 21.4485 49.0863 79.8279 63.5038 86.5314 92.7369 94.6797 59.0199 26.0669 53.3299 84.2024 78.7132 29.131 45.6246 50.4162 79.514 47.1424 71.8813 80.2056 86.3703 44.5031 56.8811 59.7129 68.0807 89.4324 70.1584 83.8781 36.593 90.944 84.865 64.2262 25.9887
15.8481 18.0502 15.8135 15.2441 20.0744 17.0725 15.3467 14.8201 12.9122 12.6397 20.7975 19.3493 18.6545 17.9103 25.5566 23.0245 24.951 25.9884 31.2817 27.5452 30.1795 28.8417 1.28372 0 1.19664 2.70353 5.78235 5.77897 5.56224 5.39748 53.7891 52.44 55.1141 60.9656 51.9496 55.8115 55.041 52.3901 55.803 53.6648 50.6935 45.7668 52.8097 51.9727 49.111 51.3674 38.8765 45.7553 39.7024 44.6388 33.0449 36.3199 39.6693 34.5183 58.3408 47.9536 57.8161 51.6561 36.4284 39.5657 35.7728 37.3237 56.2896 65.6 60.2538 63.4461 68.934 74.9884 73.2203 73.146 64.3951 58.0377 12.6908 14.735 21.4959 24.0054 57.7827 57.5132 103.908 103.8 41.3587 36.5996 58.9481 37.418 21.8315 31.4732 27.9003 27.9571 24.5838 24.6609 64.7975 65.7039 68.2727 70.3216 62.9292 72.6045 69.7738 67.403 34.5218 36.9235 32.6689 38.8408 37.9852 33.863 37.3109 38.2309 21.8658 19.4449 21.4444 21.6029 50.9786 55.4231 51.4905 49.4439 50.6689 51.2305 55.3522 48.3832 53.7371 53.7676 55.4522 59.6653 92.6734 96.709 96.7658 93.9343 76.288 77.7416 75.7648 72.8067 35.7537 34.9815 40.9778 38.3621 50.541 72.6926 50.1293 32.9196 30.5552 28.0052 23.7082 70.032 19.2676 50.0022 87.2108 63.2642 91.2347 88.6085 94.4943 57.3392 24.3822 58.8466 97.2325 87.6156 33.7439 51.6449 50.02 77.8302 48.2024 78.3 90.28 87.0864 48.8492 59.2157 57.0961 61.5165 92.3604 69.5326 88.8819 37.1048 89.3984 75.575 59.9594 31.8457
16.9384 17.9783 18.9813 19.7744 19.0502 18.1733 15.3339 15.2885 15.9006 15.5265 22.1797 19.4396 19.4831 20.6194 26.3722 23.1069 25.1931 26.4545 31.8311 32.0324 29.9138 31.5624 2.54335 1.19664 0 1.22041 6.4812 5.90299 5.72253 5.14764 60.9569 55.6122 61.0957 60.1173 50.3503 49.6072 50.8806 49.2769 49.7734 53.149 55.8321 50.0039 55.9393 50.1154 49.6826 49.783 45.6711 42.1679 38.2816 39.189 38.3718 36.5405 36.6022 36.9917 57.6633 55.152 51.2054 51.7075 37.4383 37.5248 35.1069 34.0102 56.6705 56.4608 58.5304 61.3418 75.0668 81.0658 66.6564 71.5859 58.8535 57.0527 12.8239 15.9485 19.7712 21.2706 56.0952 53.3528 104.271 92.221 36.0762 34.4197 67.4154 36.8745 21.7994 30.1765 29.4722 30.5945 26.9121 30.098 78.5401 72.1475 77.8409 72.8636 72.7524 67.8106 66.4605 70.5958 38.265 37.9874 36.8801 33.0934 37.2236 34.7848 42.1596 34.5397 22.9904 22.8835 23.4215 22.8599 51.1543 51.0791 57.486 56.2276 50.076 58.9762 52.3343 51.8987 55.5182 57.6328 58.9319 51.1885 101.173 99.2049 98.5613 89.6745 67.2333 71.2873 76.2115 73.5936 41.0676 39.8208 39.0836 38.9956 55.5073 70.7553 51.5196 33.7809 30.9791 25.9553 25.1024 66.9072 22.1953 49.2024 76.823 71.8013 81.6822 85.2717 95.6199 61.17 27.2143 56.5893 89.9873 92.8984 34.7807 55.1903 50.226 80.5149 47.397 79.1505 76.8215 94.5657 50.5295 59.7032 58.7753 68.451 85.4158 68.6558 87.3365 35.4911 87.8187 83.2724 70.1375 28.2233
21.4487 21.3193 21.0537 20.4763 20.141 22.3311 16.2604 15.2507 14.501 15.669 22.2426 22.4202 18.3972 18.6954 28.2366 27.0004 26.5876 23.9117 28.5599 33.3731 29.2941 28.1449 4.09445 2.70353 1.22041 0 6.1387 6.31136 6.04599 5.40834 57.7604 63.1144 55.6809 61.0369 56.1972 54 50.9194 52.3724 49.9339 51.4486 53.2948 50.9631 60.721 55.97 56.2314 57.0792 46.7735 40.0073 39.1119 43.1477 40.9494 37.9143 39.0481 39.0221 58.7498 50.2595 54.5581 56.5779 39.0709 43.3107 37.4681 38.2759 60.4304 69.0246 56.4463 60.5846 81.3351 80.0632 67.7546 77.345 61.2852 56.9668 12.5385 15.2 20.2548 23.7885 52.5444 51.5535 111.582 99.4446 43.3892 40.2663 66.4866 33.7098 20.1952 33.7479 27.2858 30.0854 30.0988 30.7932 74.944 78.897 69.7571 75.9436 65.5354 69.3847 71.0623 66.1865 40.792 36.9118 36.3036 40.4757 42.3896 36.9298 38.3774 38.0846 21.5018 22.1099 20.8804 22.2285 54.5828 53.3336 53.3065 57.5336 58.2073 51.1987 58.793 54.7219 54.4437 61.391 54.825 58.2535 92.5456 93.4531 100.976 90.5818 73.3102 70.3827 68.7104 73.1874 42.3984 40.8905 41.4504 43.1313 57.0234 70.5768 52.8251 29.1864 33.4024 29.3676 26.3556 66.2547 22.8285 50.8394 83.2041 67.2944 78.3963 95.7839 85.1123 57.2276 30.6308 55.7799 87.0339 81.8179 31.4797 49.4631 55.1457 72.551 43.2125 80.886 78.1102 94.2587 46.7095 68.0668 59.7968 74.4292 97.2918 67.8328 104.226 35.2573 83.7581 86.334 66.2621 31.161
17.8983 16.14 18.2203 17.1183 21.9647 17.53 10.0125 9.57262 9.41596 8.07185 14.2755 15.029 13.6625 13.3613 21.5799 17.7751 18.4732 16.9183 24.6771 26.4584 24.5904 25.8368 5.1899 5.78235 6.4812 6.1387 0 1.30213 2.66124 4.07988 68.2151 61.6613 59.3366 57.1521 55.7421 52.0192 54.1408 61.0131 52.6552 50.8004 50.2582 46.2986 53.6889 45.2855 47.0895 42.7063 49.235 47.7729 47.3882 44.7939 37.5488 38.475 41.9587 40.4799 59.5549 54.6551 55.9481 52.2493 38.7146 36.4238 35.3435 32.3515 67.5507 63.6239 56.7918 53.4424 74.5688 67.923 68.4868 64.6544 67.5423 67.5713 9.15967 10.5812 14.0635 17.4238 52.7183 52.1759 104.233 106.707 40.7518 43.1907 58.3644 29.4673 23.4419 31.405 25.5092 24.5241 25.9221 24.5037 62.5213 69.9954 73.9881 70.8344 68.8637 65.7146 67.2784 69.1735 35.7688 40.0096 35.1941 38.0615 42.0788 41.9863 43.5568 40.6173 23.7851 23.2674 26.8631 26.5708 59.3753 60.9004 63.7445 62.4924 47.6 49.3281 54.9498 46.2437 57.9329 52.5686 57.3795 58.0898 97.9416 98.2293 100.875 95.3607 71.4506 71.658 65.582 67.5543 41.1221 43.5171 38.6172 37.2915 57.2911 78.8791 51.5617 23.1235 25.3202 30.1217 26.5951 63.4661 14.14 40.6412 81.7899 74.0043 76.9743 93.4036 79.6194 60.2757 21.9184 64.1909 97.8394 91.0133 28.6248 51.7621 43.2693 67.1569 44.3679 76.5784 77.2063 84.4653 48.3289 66.7213 64.5898 68.8643 97.8113 60.1988 103.51 31.419 81.6331 76.3003 74.2555 24.8944
20.5591 20.2682 18.8223 19.9865 23.4374 18.4401 12.8661 11.4648 10.0975 9.06553 16.0908 14.067 14.8419 13.9683 18.5961 20.1522 17.4731 17.5575 27.3132 26.6774 25.2375 26.0321 5.7214 5.77897 5.90299 6.31136 1.30213 0 1.15558 2.55675 68.4817 56.7562 59.0251 64.8377 62.2725 59.1862 52.4983 58.8139 56.0453 52.6442 52.1554 49.7366 49.6235 55.7975 50.8641 48.1559 47.5266 44.6883 47.5042 47.6118 38.6178 43.3231 39.5946 41.1914 64.8335 59.2847 58.1004 55.9776 39.5036 38.4797 39.405 37.1814 67.3189 56.0399 57.4147 65.5952 74.9043 69.2793 61.7521 65.557 64.8707 58.1351 8.2288 11.0316 14.1237 18.4103 54.1472 55.6836 98.1946 96.6119 47.0854 38.8534 62.7028 29.6186 24.7885 29.1239 28.6981 25.4203 26.0601 23.8395 73.2593 71.43 75.2056 65.4494 66.0634 68.1254 65.8891 66.9129 39.7647 41.0584 37.2835 34.7316 42.9354 43.0395 40.6487 39.043 25.0781 27.713 24.484 23.681 60.6377 55.3505 64.9613 62.9916 53.2187 57.5834 47.3172 57.5112 59.8171 51.9605 58.7037 61.4841 104.872 91.6315 94.1583 88.5597 76.8438 74.2386 70.387 71.1629 44.2311 37.0426 36.7132 39.5009 58.6644 71.8717 53.3485 27.1721 25.6446 30.4681 26.8501 74.5465 16.9915 45.0504 77.7716 66.9996 82.318 84.9519 94.6421 60.8056 20.4931 58.2258 82.149 87.0689 25.8642 48.1798 46.6863 69.6255 44.5025 78.2289 82.835 93.3754 52.5504 60.4493 67.2348 60.5021 92.7323 68.9602 92.0978 34.8173 91.4933 86.8904 64.7739 27.3023
20.2697 20.2336 19.3182 21.2113 23.787 21.707 14.1156 11.4889 11.0727 9.59309 17.5903 14.8407 14.9218 14.5159 21.6241 18.1879 20.4912 19.1824 24.6288 26.3763 26.1838 26.124 6.0821 5.56224 5.72253 6.04599 2.66124 1.15558 0 1.23509 63.9012 61.9352 61.3932 56.6986 53.5117 61.1634 58.5992 54.4296 48.8629 46.6011 54.6331 46.8686 58.2598 47.7175 50.5063 52.579 51.8118 45.7321 47.4303 44.501 44.2927 44.8842 41.0618 41.971 62.1534 57.4066 56.7798 59.7718 42.3548 35.2628 40.7641 34.846 64.3357 63.1245 64.9429 59.1783 69.3965 73.9366 74.7219 70.2683 62.9539 65.4477 7.29828 9.58549 13.9245 16.7161 47.548 47.9152 94.8795 98.7501 47.4064 43.3753 63.1504 31.597 22.9099 30.2971 27.2414 28.9329 29.7066 28.5408 68.5239 70.4855 65.0476 71.7862 70.3337 70.1362 67.8391 60.5041 38.6665 40.2076 38.1474 38.6684 40.8607 41.5286 42.7067 40.5015 25.8337 24.8751 25.4303 23.6761 55.1466 52.6047 53.7834 56.107 51.8588 56.7975 55.2236 56.9629 56.7597 59.1941 63.2419 56.3015 91.3537 100.879 104.944 93.6917 65.4823 74.5444 68.8599 75.0383 38.2555 45.2249 44.192 40.0462 61.7317 80.9665 52.6715 26.3941 28.0435 35.9928 30.9471 69.7629 16.7034 41.5135 83.6075 76.4357 88.1906 83.3773 87.658 63.6589 24.978 61.3824 95.9129 86.0658 28.8748 47.954 47.5083 81.6453 52.8962 77.2818 80.849 82.8322 53.8872 59.5769 59.6146 74.2361 96.3546 70.5535 100.515 33.8763 90.1371 81.2872 68.2335 29.7622
22.9062 21.8626 20.803 22.344 22.5892 21.0017 14.9238 12.437 11.7851 12.1679 18.6129 17.4835 15.2654 16.4148 19.339 21.2763 21.2359 18.2897 25.3726 23.607 26.8452 25.1415 6.34584 5.39748 5.14764 5.40834 4.07988 2.55675 1.23509 0 63.095 62.4296 61.4258 62.8171 60.5979 52.5613 52.2516 54.9915 58.0459 52.5704 55.0464 46.5413 53.8182 55.1511 50.0021 46.8779 44.636 45.5333 42.6738 47.6503 46.6194 41.673 43.9666 44.5095 64.6077 53.1887 61.8341 59.63 41.7268 42.4084 34.7593 35.4017 67.2347 62.1317 57.7873 59.0679 66.065 76.5805 67.6828 66.4083 61.5776 68.9649 6.90289 9.81809 14.0859 16.1535 49.2935 58.0014 101.327 98.5894 47.5979 39.0529 63.9874 29.0434 26.3298 31.1537 29.6091 31.2567 27.4231 31.3033 66.684 79.7193 71.0758 65.2495 72.7501 71.7345 68.8434 64.9624 45.1274 44.6939 42.3762 38.5844 46.8804 47.1335 44.2775 46.7697 30.6561 29.4157 28.0266 24.3452 53.6888 59.5301 55.4905 60.7517 52.0818 59.2892 57.7187 60.2964 63.514 57.1697 57.0145 61.4372 94.5202 96.6533 95.231 102.522 76.5449 74.6966 78.6166 73.707 47.7994 40.1715 40.0077 41.7644 58.3657 79.1091 54.2302 26.9848 27.9394 33.0014 34.2843 73.3446 16.8331 49.2993 74.981 76.2099 79.8828 83.5361 80.8254 63.3793 25.0373 65.2145 98.6418 83.5855 27.6803 53.5574 52.6473 71.4423 50.3325 75.2565 95.1221 89.3892 51.3922 69.425 68.18 71.7529 88.774 67.546 101.784 37.8971 90.4505 90.6496 77.0417 27.3119
54.9081 54.2219 49.3407 50.9468 50.3372 52.8891 69.5405 71.2959 67.1381 66.9323 78.0217 79.2935 79.3325 67.1665 86.6143 84.9846 79.314 83.7667 90.4773 90.5462 89.8885 85.7943 56.808 53.7891 60.9569 57.7604 68.2151 68.4817 63.9012 63.095 0 1.21098 2.36354 3.90688 5.63625 5.21509 6.18291 7.15922 86.2147 84.8421 82.6092 81.0369 93.7179 92.5974 94.7703 94.4748 15.5018 17.1984 15.9405 15.0638 23.0408 23.4006 20.6544 19.6697 21.5527 26.3994 21.227 22.7743 57.424 61.7795 58.3923 60.6814 58.6097 60.0066 66.4536 60.8764 103.612 112.931 99.4432 106.558 12.5307 12.2441 65.8139 71.8924 84.6865 74.3769 86.0379 88.3422 76.6672 81.7422 28.1496 29.4158 98.3573 88.7939 40.4507 65.2051 59.6458 68.4727 61.4585 66.6454 100.605 91.0127 88.6686 90.3587 94.9625 86.4987 82.3103 91.3791 47.3043 42.0913 46.9616 44.7989 22.6622 22.2168 23.8782 21.5037 41.7519 41.8938 36.052 38.5092 5.64715 5.83289 6.64428 7.22574 76.4628 85.8838 82.4789 85.5532 55.8122 62.4878 63.0098 64.7556 69.1184 82.674 77.3174 68.6084 100.545 95.8019 99.7397 97.2618 51.8334 52.2767 49.1927 53.9235 34.975 55.8195 26.7093 94.2782 81.7954 29.3786 44.9413 24.6243 73.1444 82.4793 96.1069 32.3294 65.7079 85.5916 128.09 54.9304 71.2305 48.7048 99.6388 63.4125 84.5196 64.3313 64.567 96.4848 25.7211 69.5509 68.1604 83.6184 11.4826 66.0406 21.1742 69.5814 72.571 106.548 81.7037 73.1951 97.3283 103.476 50.7785 82.027
53.5774 56.7512 52.0871 59.5962 52.2651 52.2845 64.0337 62.7641 73.3855 66.4575 74.8878 78.6387 81.3141 71.2712 73.643 73.1674 76.4443 82.8869 83.3412 83.3837 79.5616 89.9629 54.2729 52.44 55.6122 63.1144 61.6613 56.7562 61.9352 62.4296 1.21098 0 1.29992 2.32817 5.69849 5.14858 5.24174 6.461 81.9348 77.7482 84.3116 86.8379 92.7849 94.7482 90.3782 82.0876 17.4518 17.7515 15.0561 17.0474 21.2989 21.0859 22.2393 22.7416 25.227 23.4235 23.8652 24.571 62.8502 59.6327 60.6681 58.8297 62.0929 70.8452 63.6866 63.6358 102.919 110.914 102.393 112.474 14.6869 13.032 66.5618 67.7076 69.8873 77.468 100.203 88.5212 80.6914 73.6269 28.5782 31.0211 101.779 98.6925 45.3859 71.2203 56.9775 68.922 60.8461 58.7883 95.3362 88.5732 92.0562 102.576 90.6196 88.2998 83.4425 88.9353 43.3544 43.3382 43.6587 46.9139 22.5175 24.041 24.2641 23.528 40.4382 44.544 40.9323 39.8187 4.2052 4.91972 5.1198 6.51535 83.7138 75.4513 77.3466 77.9219 63.4512 58.873 62.253 66.5323 75.4224 74.9578 82.622 74.3586 91.0487 95.0687 91.5642 104.056 49.9234 51.7988 48.5315 46.2113 39.0055 62.5609 27.5266 93.8521 77.8757 31.0437 45.8469 27.7467 75.7677 79.7047 92.384 37.564 74.6116 82.2841 121.738 56.6836 76.482 45.4944 85.9597 68.4197 82.4337 66.8905 66.1874 106.524 26.772 73.0627 74.0922 89.1902 13.8834 69.1977 19.7559 70.3637 77.0228 99.9619 76.0196 77.6942 94.5792 111.195 50.3537 80.6568
55.4054 49.4996 53.85 54.042 50.6171 53.1274 65.8684 63.1891 75.0699 70.4959 79.8822 68.7356 68.4477 74.6835 83.5062 80.4741 83.3419 83.437 81.386 81.0684 86.7168 85.091 53.2235 55.1141 61.0957 55.6809 59.3366 59.0251 61.3932 61.4258 2.36354 1.29992 0 1.26597 6.06569 5.45309 5.65938 5.37147 86.0045 91.7973 75.6285 74.763 86.024 94.7419 85.8222 88.1039 16.7067 16.7854 17.6517 16.5354 22.2135 22.5496 21.6072 21.5059 25.8749 26.7293 23.1594 23.5585 58.0157 57.3005 58.3361 58.0144 60.1066 67.2228 64.5741 59.9298 118.955 99.9905 114.872 110.304 13.5926 13.8317 69.1136 78.8459 79.4214 86.3336 98.9488 104.726 82.3199 78.0691 30.9604 28.6054 102.457 83.1563 42.7162 71.1437 69.245 63.9832 64.9799 68.8968 91.906 90.2385 90.7649 90.568 84.2933 82.633 94.4794 92.5738 49.6538 50.1908 48.4376 43.9691 22.8784 22.1689 20.3854 21.2937 37.4377 37.7935 43.9659 43.872 3.98396 4.18376 4.4816 5.60241 79.5122 77.6123 88.2511 85.9488 59.4638 68.7985 66.5267 64.615 84.0828 85.7879 77.9369 80.4725 109.219 90.843 103.894 103.525 55.2471 54.9268 53.3126 54.4267 39.9345 66.7446 30.4481 89.6369 75.2605 30.2264 41.5159 28.8167 72.0551 93.2437 89.6641 38.3444 76.166 80.7697 126.954 64.7282 72.8685 53.1233 89.5197 62.3335 84.2758 70.7002 72.1399 101.115 29.3613 65.8081 69.1081 85.801 12.3213 67.6483 21.2623 68.5763 82.9982 112.009 73.8069 66.942 111.644 101.917 50.3757 70.9902
59.5256 59.9054 56.6157 57.9804 49.7013 60.2322 62.6115 64.6806 68.7425 67.56 80.4178 70.5728 77.4821 67.5782 78.5423 79.8898 76.2828 81.6812 91.2057 88.4717 92.4534 83.4485 61.3013 60.9656 60.1173 61.0369 57.1521 64.8377 56.6986 62.8171 3.90688 2.32817 1.26597 0 6.70276 6.0798 5.32343 5.1015 81.7229 82.9013 90.3252 76.4433 85.5814 87.1815 89.4656 92.4207 16.8419 17.3196 17.7303 17.0024 21.8361 22.0819 19.76 23.5738 25.3862 25.7216 22.0418 25.2518 59.2795 64.0677 59.1176 56.9756 63.8826 65.2454 62.1006 65.1931 115.402 102.184 110.896 114.176 15.8409 15.0893 75.3605 73.1571 76.0646 86.8096 92.0199 89.8669 83.6195 71.9887 29.2401 29.905 100.71 100.122 41.0754 66.5467 64.0977 58.348 60.2037 67.5644 108.112 94.2358 93.2544 102.976 85.5283 96.0459 80.0868 93.901 43.9025 45.6001 48.8087 50.4295 24.3871 25.6351 24.3708 23.9006 41.7267 43.7251 42.0365 42.6115 3.4985 4.16131 3.43163 4.4299 88.9431 82.5686 87.5785 80.3884 65.3879 59.0766 64.1143 66.3327 80.3634 77.8218 83.9771 87.4985 103.018 103.392 98.0175 110.121 52.8845 56.2371 54.5582 55.9523 38.9664 58.7897 30.1926 91.3715 84.8471 27.6788 44.0984 29.2137 69.9307 92.9169 90.4439 43.0709 73.2867 87.7953 112.843 65.7577 79.1524 48.6943 103.732 70.555 79.3161 62.6388 69.8312 100.3 28.8282 65.8419 82.0609 90.7329 13.1309 69.1519 23.6917 77.115 88.1081 101.634 90.0726 78.8378 97.2079 115.688 56.7458 82.237
45.967 48.6933 45.1316 48.2428 45.6059 55.2098 69.8155 67.9891 62.886 69.0806 66.3071 62.4084 69.1991 71.6008 75.7396 76.3127 76.0271 82.2145 85.0622 83.0266 79.2803 85.3643 49.782 51.9496 50.3503 56.1972 55.7421 62.2725 53.5117 60.5979 5.63625 5.69849 6.06569 6.70276 0 1.38158 2.43475 3.9923 75.6991 82.0941 71.6233 80.6263 85.0609 79.5844 89.2237 74.5122 10.3099 10.2624 9.8626 10.7751 17.8928 17.6867 14.6197 17.3057 23.0487 21.5765 16.785 17.8142 51.1989 55.643 55.5672 52.2468 56.1108 64.4327 55.044 56.8728 109.04 109.056 108.556 99.8996 12.8348 13.0543 67.8436 69.3082 74.7327 68.3374 90.8172 90.5231 76.1895 80.1081 22.4316 23.3022 89.6176 93.6381 34.8039 64.2077 53.2344 60.6615 52.5512 54.5189 83.362 84.3053 93.6563 95.884 77.0271 78.0474 80.8504 87.7597 41.572 39.6545 40.2976 45.0047 15.929 17.7477 15.2248 18.3546 31.1885 34.1895 32.712 37.4779 5.51227 4.65652 6.79984 6.38183 71.4958 80.8353 75.9725 79.2332 58.271 57.5774 57.7955 59.3688 76.2989 75.7618 77.4688 67.7693 86.5394 103.007 98.2358 100.62 47.16 44.846 46.1329 44.8301 36.0573 62.1415 22.0843 76.2663 80.2239 22.8228 37.7365 26.5486 64.0049 85.9221 80.6954 32.0109 65.6633 88.5259 123.736 52.1509 72.1218 47.1202 96.4385 61.7642 77.0348 61.2088 60.4526 93.1387 22.9319 64.4259 66.5406 83.9835 6.54766 70.1735 21.2317 71.2101 73.5319 92.829 79.7763 63.7345 99.0414 97.9695 47.5269 63.7956
51.2995 46.4881 47.1886 50.9847 48.1336 56.5945 62.867 64.6371 59.392 60.809 65.4571 74.5281 65.7631 69.7447 76.6138 73.1266 81.6803 69.4492 86.7249 80.4956 75.2744 88.2328 50.5899 55.8115 49.6072 54 52.0192 59.1862 61.1634 52.5613 5.21509 5.14858 5.45309 6.0798 1.38158 0 1.16679 2.78551 72.8729 82.7312 72.3952 70.5059 77.4036 87.0193 76.5394 86.6735 12.3635 10.8674 10.4952 9.87898 16.5967 15.6292 14.7159 14.5526 24.1935 24.1406 20.1675 22.124 58.4928 62.3717 52.8328 57.3207 66.2306 60.4029 53.934 60.5848 110.99 114.874 106.439 97.6731 14.0243 15.0914 64.4459 66.8843 70.4426 69.2228 84.3443 84.0821 82.8552 78.2164 23.8228 26.2319 92.0833 79.3736 40.1367 62.5086 56.7796 55.466 59.0007 57.5742 97.7736 95.9277 90.4874 98.4495 80.8715 92.3318 88.5971 83.8998 44.8869 40.5658 37.4384 41.9931 19.0301 19.9861 15.7819 19.0988 36.9209 37.5853 36.2881 38.6666 3.91463 3.49477 5.30539 4.37462 83.2901 78.2737 79.5124 75.1995 62.4235 57.3772 61.8322 55.9796 71.864 72.4248 74.9757 80.7319 98.8237 87.5096 93.6949 93.8902 50.449 51.2123 41.9235 50.3081 37.9382 56.7764 23.6401 73.0315 68.8922 27.1316 41.378 28.0966 77.596 75.5051 82.2882 37.6297 77.0724 92.7172 123.386 58.7166 73.8946 46.0934 89.0383 65.9367 79.5849 59.4387 69.7539 93.6474 26.7092 67.6179 69.1431 76.7464 7.15639 67.895 22.3575 68.3841 83.8256 92.8628 74.9588 71.2523 99.294 97.6064 54.449 75.0909
46.9969 48.1184 46.4012 49.8551 47.6363 54.0828 66.6665 62.6931 64.1362 63.1854 66.0501 70.274 72.928 62.7274 72.0238 79.7157 79.1218 81.1709 72.8576 78.0927 84.3508 85.8369 53.5381 55.041 50.8806 50.9194 54.1408 52.4983 58.5992 52.2516 6.18291 5.24174 5.65938 5.32343 2.43475 1.16679 0 1.34818 87.2534 83.5471 78.6807 75.2144 85.4186 91.2046 78.4113 79.9126 12.8205 11.8376 11.2618 11.1867 16.6286 15.6749 15.7524 15.2763 21.3777 23.7945 22.0106 21.7044 52.1215 61.6086 58.6164 54.5417 61.0137 64.6727 58.4496 66.5138 103 102.172 101.933 115.384 15.7291 16.3151 58.3646 61.7111 72.9214 72.1686 87.2761 100.663 84.3543 73.6404 25.3943 26.1824 91.8502 86.4015 35.0693 60.6498 61.9201 61.2856 59.0299 61.877 87.3767 85.411 88.655 101.568 89.9995 77.0355 87.9164 78.4698 43.5082 43.9353 46.4461 39.4754 19.727 18.1823 18.8799 20.0345 34.2507 32.691 36.7016 32.931 3.15085 2.69216 4.23236 3.79791 77.0218 82.0899 79.6618 72.9311 62.9709 65.6333 56.4048 61.6876 84.5039 72.3122 70.3141 79.129 90.5103 98.4841 99.3563 94.5248 48.2589 50.3273 50.4083 47.134 37.1695 56.6539 26.5678 82.5104 78.1184 24.2478 40.5264 29.7346 75.0635 77.2549 91.3252 37.6223 65.9997 89.9136 125.581 59.0152 80.3456 48.5487 85.6008 61.4674 81.636 58.1642 67.6671 88.1677 25.9896 69.4575 79.4923 77.9985 9.32838 70.8505 23.7713 66.9306 71.7196 94.4201 73.1068 67.3304 107.088 110.528 56.9317 75.5035
53.5456 54.307 51.2959 50.9298 44.3237 57.6164 60.3595 64.5527 58.2517 63.9347 70.0202 70.2564 73.2808 73.439 74.8028 79.8506 80.7257 67.912 80.043 86.0167 80.9687 82.6351 54.7822 52.3901 49.2769 52.3724 61.0131 58.8139 54.4296 54.9915 7.15922 6.461 5.37147 5.1015 3.9923 2.78551 1.34818 0 82.3908 86.9527 86.501 81.8893 88.7336 83.2067 88.0682 91.48 11.3504 11.3664 11.8781 11.2986 15.7642 15.7957 15.985 17.1479 25.7097 24.1967 20.6729 20.9596 53.6134 64.1804 57.1421 58.1026 66.6526 62.533 59.6376 61.5083 99.7914 97.0572 100.493 100.185 18.4815 15.4389 60.0264 61.3676 67.9778 72.8863 85.073 87.2203 74.3648 78.5024 25.5752 27.0565 88.0587 85.069 35.4801 62.3871 62.042 64.4916 62.8748 64.4705 100.718 104.225 100.352 99.2736 86.3817 81.2458 84.1942 77.1824 40.6791 43.4216 39.9564 44.1748 19.4345 21.558 19.428 19.7545 34.379 36.6181 33.3097 37.4493 2.36254 1.75828 3.30592 2.27618 75.1349 72.6071 76.2587 85.3945 65.166 66.3105 60.1771 62.0466 79.5518 81.8624 74.5905 85.7884 92.5732 91.3655 102.775 96.4845 43.9486 47.2127 46.5691 48.1457 37.8495 57.0407 28.7187 73.3128 73.7058 24.9226 43.6143 30.7202 68.482 77.4357 94.032 36.1208 70.3326 87.6209 114.02 64.7515 71.7332 45.6927 94.1861 60.629 85.6947 58.9822 60.8536 103.95 28.5805 62.7225 68.9356 88.1613 8.95813 70.8416 21.0262 68.1592 86.9317 103.096 75.2014 63.7996 104.295 101.494 49.337 70.1676
34.7076 41.799 36.2401 40.2291 35.6942 34.9568 40.7313 41.3023 46.6703 42.3886 42.4781 38.8358 43.3199 45.9326 43.657 42.7651 45.8046 51.5126 47.7604 44.6474 48.8761 52.9699 51.2422 55.803 49.7734 49.9339 52.6552 56.0453 48.8629 58.0459 86.2147 81.9348 86.0045 81.7229 75.6991 72.8729 87.2534 82.3908 0 1.27948 2.50286 3.95918 5.15755 5.70849 5.63982 6.06153 73.2411 68.8793 67.4241 66.4854 62.7423 66.6191 70.8974 60.8057 67.1791 67.9459 65.4538 60.9369 21.6675 23.3492 22.7547 24.9795 32.5824 34.9376 30.8676 29.1468 23.4213 23.8537 23.3102 24.3748 72.4833 72.5093 57.7899 56.4106 53.29 51.6533 18.5932 20.3272 79.8849 76.3464 58.9715 50.4705 11.8541 56.7721 49.2123 21.0971 26.7926 23.7631 28.5936 24.0418 20.2454 17.685 18.1103 17.1737 15.8504 18.0468 17.3113 14.0384 40.7669 39.0708 35.205 34.5265 62.4761 66.9761 59.5028 61.4543 43.7249 49.4322 53.9391 52.7952 84.1087 83.884 83.3946 81.8385 4.82103 3.91318 4.18682 3.55498 33.2314 28.4354 33.325 31.9764 65.9568 69.5656 72.0348 65.7956 19.7036 19.3616 19.0544 19.2033 30.9504 36.0522 31.2247 34.1234 58.0839 53.9145 58.258 44.3515 30.364 61.0358 41.1874 79.1311 38.9519 13.0742 32.3177 65.7839 62.2429 49.4918 41.2974 33.2048 30.9627 47.6649 51.4643 66.5542 46.3887 22.8768 19.3868 23.5686 57.4136 52.8491 50.7409 51.6675 71.4305 25.3538 71.9573 28.1854 62.5772 19.6964 59.7158 16.2197 33.9327 30.5236 52.4633 25.5323
36.4038 39.6453 37.8789 37.7369 39.7139 35.9546 38.6185 36.6213 41.353 39.0679 36.607 37.5321 45.2017 40.1962 39.1675 46.6801 45.0227 44.5352 42.4901 40.5191 41.7528 45.7116 47.4555 53.6648 53.149 51.4486 50.8004 52.6442 46.6011 52.5704 84.8421 77.7482 91.7973 82.9013 82.0941 82.7312 83.5471 86.9527 1.27948 0 1.36102 2.33542 5.84153 4.94425 5.04782 5.94736 65.7957 69.085 73.6121 77.0149 67.1426 68.245 59.4329 64.839 61.1572 64.3197 65.9229 68.5334 24.7398 21.9518 26.8141 24.2476 33.0802 31.0518 34.8407 33.5514 24.286 28.6202 22.4412 26.2264 73.8376 67.5732 49.9668 51.577 49.5055 51.3825 16.6002 19.4882 76.9447 76.4803 57.5848 53.5769 12.5301 54.5982 47.3551 21.6357 22.9902 27.0204 25.9987 27.0676 20.5883 19.8173 19.4632 18.1454 16.4326 18.1157 17.8151 15.5427 33.4061 36.7308 41.2619 35.4636 64.1016 60.6647 63.326 55.9925 49.1871 42.6234 50.4683 43.0187 90.7649 86.1168 84.8324 76.291 5.91282 5.2557 5.66757 4.87288 28.1667 31.0993 31.5699 27.7171 66.4786 66.5765 66.1974 71.3512 19.0442 20.6706 20.2008 21.9062 34.2126 32.9252 32.4707 29.7335 50.8368 53.3628 55.4833 42.4557 32.3694 64.1233 42.2982 71.4128 39.2706 12.7801 32.9523 63.1707 53.4833 52.0053 39.9972 31.9105 30.3314 49.5785 44.3071 63.7445 45.3197 25.2414 18.2703 27.3129 60.5587 51.713 54.8182 46.2315 64.8235 25.3297 76.9726 32.9456 57.3932 17.9279 67.1018 16.0029 35.6833 33.0273 51.0908 23.4501
34.67 39.2996 32.9676 36.4166 34.5645 34.526 40.0446 42.2798 42.2211 37.9956 33.8151 36.2623 38.4123 38.1132 40.3014 40.9561 41.0963 42.1937 41.4348 39.7977 49.115 46.2644 52.6945 50.6935 55.8321 53.2948 50.2582 52.1554 54.6331 55.0464 82.6092 84.3116 75.6285 90.3252 71.6233 72.3952 78.6807 86.501 2.50286 1.36102 0 1.18662 5.88673 5.39952 5.86646 5.43106 64.0696 65.1982 66.485 69.6013 63.1004 62.8497 66.7681 60.2451 64.2684 61.2966 67.333 64.3209 22.9152 20.8934 21.6073 21.4841 31.7734 34.3122 31.0991 32.8018 27.4053 29.8605 23.3738 28.3777 76.8106 80.4465 56.9741 50.159 52.0235 50.9699 16.3431 18.7985 73.6919 84.6913 51.9405 50.5379 12.7295 60.2512 48.2641 19.3549 25.2029 25.4912 23.9479 25.1184 20.5057 22.7242 20.3733 21.5444 21.0453 18.052 18.9231 16.3162 40.0313 37.8388 35.5517 36.9753 56.7297 62.7729 55.328 62.9369 44.7734 50.1047 51.3561 48.0062 82.1437 79.1175 79.8867 89.6938 7.14195 6.22187 5.70444 4.90008 29.3663 32.7298 30.9177 27.2423 69.342 73.456 71.4543 63.3495 22.1944 22.5053 20.4088 21.0999 30.0174 34.2832 31.4659 30.1556 54.3602 59.3522 55.7786 40.5341 28.4212 57.6526 41.6069 67.9452 40.9666 12.4033 35.2514 65.1247 53.9962 47.8615 38.9833 35.24 31.9372 49.2409 49.845 65.6906 42.261 25.8311 18.0229 27.2847 56.278 50.0248 59.2601 53.1611 76.5108 26.8387 74.8291 31.3874 64.3342 19.4003 65.0707 13.1972 37.1128 36.0602 54.6404 24.1197
38.1515 33.6575 31.7762 37.3413 31.6702 31.6157 36.0557 37.4706 36.9396 38.424 35.905 37.6172 41.8578 40.1206 38.1989 38.7269 38.2426 45.5937 37.1126 41.8471 46.6264 42.3049 49.8127 45.7668 50.0039 50.9631 46.2986 49.7366 46.8686 46.5413 81.0369 86.8379 74.763 76.4433 80.6263 70.5059 75.2144 81.8893 3.95918 2.33542 1.18662 0 7.16281 5.42446 4.99308 5.41796 66.9597 64.6026 71.057 73.8883 59.75 61.4999 65.5487 69.2794 64.142 60.1498 68.6791 62.9637 20.0919 20.1344 22.8792 21.8637 38.1712 31.8492 31.6296 30.884 24.3851 27.699 27.1944 25.2288 82.6313 72.879 46.7628 53.5601 49.3467 46.9533 17.4549 18.6505 83.4203 77.369 50.4651 50.3633 12.529 53.026 46.655 19.6217 25.0001 23.492 25.2925 25.4289 21.8005 23.4694 20.5075 23.8461 19.4439 19.3841 18.8488 18.237 33.0756 37.0213 35.1779 38.6449 63.6779 64.1255 62.7579 60.751 46.521 40.9723 47.8741 50.2469 82.6228 74.6727 78.386 82.5301 8.30189 7.32596 6.53519 6.64815 29.788 28.7735 29.4536 32.5574 67.1394 64.6312 74.3814 75.9733 21.5548 21.4063 21.1683 21.7397 30.8624 32.2025 34.0818 30.5258 54.3218 56.1063 56.6988 40.7549 26.606 53.2457 39.7786 66.127 38.851 10.2904 33.2338 68.7114 56.9279 46.5854 44.4705 33.4343 32.8512 45.3069 54.4987 61.995 41.4157 21.9318 20.0592 27.3508 53.7758 47.4488 54.1333 52.6362 62.8468 31.4174 71.5105 31.823 61.6909 20.2316 70.4427 13.589 34.9183 36.3407 54.5132 22.339
40.1646 41.1401 40.4792 40.4864 44.6969 34.0625 38.5606 40.2459 44.8641 44.619 36.567 44.5768 41.2161 46.6527 45.021 45.5199 46.7082 44.4748 46.2374 42.4839 47.8959 49.626 50.7231 52.8097 55.9393 60.721 53.6889 49.6235 58.2598 53.8182 93.7179 92.7849 86.024 85.5814 85.0609 77.4036 85.4186 88.7336 5.15755 5.84153 5.88673 7.16281 0 1.19189 2.52031 3.62863 77.8402 68.7202 74.9884 74.7691 74.0879 74.8125 63.918 75.3083 68.59 62.7253 66.4767 70.2772 25.9982 24.9641 31.3797 28.2969 37.7347 40.4471 40.4406 38.0368 21.3461 22.1871 18.1985 19.5999 76.5297 74.6368 49.9135 58.7773 53.7005 47.8139 13.9138 14.503 85.5694 74.7437 60.9098 62.3697 6.45239 53.5806 54.0385 24.1012 26.7533 27.1394 31.5026 31.0728 18.6158 19.4365 17.7313 17.0396 18.7059 17.4096 19.6978 17.2627 46.6452 39.9105 39.8287 45.7037 64.3005 59.5735 66.0326 62.2054 52.345 54.9566 54.9254 49.351 88.5501 95.6514 81.0537 96.0244 9.29405 8.40047 9.3895 9.01059 36.3397 37.9193 37.5815 34.2752 67.4694 67.2513 73.187 69.128 17.6339 17.3532 17.8154 16.7394 35.5977 41.2658 40.6921 40.931 64.1629 56.6776 61.4132 42.7794 34.1034 66.2709 42.7774 77.5823 43.1576 11.1517 32.9865 75.3602 57.2773 50.6537 34.7887 41.0726 34.3735 50.418 47.7484 66.7056 38.7447 30.4606 22.5646 22.3574 65.6255 50.7839 57.3287 53.1422 79.6599 31.3915 77.9775 36.4207 69.839 13.5951 70.4763 19.878 37.1001 32.1429 61.9699 23.3629
43.7695 38.7941 40.477 39.1998 38.3048 37.3447 39.5837 42.4036 40.521 45.3338 37.9155 42.5073 38.9156 38.9315 43.0236 44.3375 46.444 48.0286 43.6027 39.8405 48.1366 48.464 47.8696 51.9727 50.1154 55.97 45.2855 55.7975 47.7175 55.1511 92.5974 94.7482 94.7419 87.1815 79.5844 87.0193 91.2046 83.2067 5.70849 4.94425 5.39952 5.42446 1.19189 0 1.25511 2.62387 70.787 75.3625 78.8037 80.0079 72.5486 69.3523 68.322 71.1055 74.5759 67.5231 66.1405 71.5889 30.1106 25.9641 27.4372 27.8958 39.3486 40.9978 39.1892 34.5327 22.708 21.2717 19.634 19.9452 75.9359 81.2466 48.3551 58.0552 45.6345 51.6614 13.3215 15.7058 90.8573 89.6828 54.5134 53.6209 7.74582 62.4425 47.4437 25.2663 28.187 26.5054 26.531 26.0558 19.6456 20.8637 19.5817 19.0445 20.7522 20.6372 21.5804 19.4513 39.3526 40.7384 44.7408 45.5181 59.4506 62.7968 72.8416 60.0509 54.073 51.171 52.5921 56.0719 84.1749 81.6818 85.1099 92.7613 9.60648 9.982 10.64 9.40134 36.2957 32.2125 34.6311 32.0717 74.1895 69.028 79.8733 69.5456 22.0665 20.5109 20.1238 17.3397 36.6554 39.3921 39.9771 38.0761 60.5666 65.6801 67.0218 41.0339 32.4853 67.5526 46.6831 78.5263 39.5435 8.62664 35.4252 79.7772 61.8014 52.8771 34.0111 43.2754 35.3422 48.0679 52.9589 72.3137 39.5072 30.8954 22.6732 27.0789 63.1644 58.9978 62.8852 55.3202 81.9142 32.1412 71.7956 35.9926 64.6251 15.3891 69.3039 16.6551 35.3905 35.8827 51.3719 22.5623
39.8843 39.2871 41.0111 40.2206 36.308 32.5832 37.7598 41.9722 43.7316 42.6457 34.4571 40.9448 39.646 38.9824 41.4987 42.7752 43.6721 42.4631 39.7292 39.2208 43.7831 41.6878 54.0131 49.111 49.6826 56.2314 47.0895 50.8641 50.5063 50.0021 94.7703 90.3782 85.8222 89.4656 89.2237 76.5394 78.4113 88.0682 5.63982 5.04782 5.86646 4.99308 2.52031 1.25511 0 1.17192 66.3463 70.8567 74.1685 71.0275 67.3131 66.6386 63.1204 67.1753 75.0637 61.5109 72.303 68.1179 29.8641 26.8975 29.2218 28.6382 37.655 37.402 39.8865 36.0801 20.6932 25.4936 18.3791 23.7681 83.3284 78.9672 55.8073 47.8418 53.0756 46.1482 13.3087 15.8565 88.711 87.3248 64.3686 61.4978 9.46404 58.209 46.4598 22.1962 28.2883 24.9889 25.5599 27.038 21.3869 22.5891 22.9042 21.6488 21.2654 22.0405 19.7607 18.8199 38.8586 39.3035 39.5031 44.6441 62.3639 62.9344 64.6969 61.2586 54.9513 52.3013 51.5445 46.5568 84.7786 77.2405 91.8127 92.687 10.3069 9.12151 11.3553 9.94359 36.3648 32.471 35.3261 37.9319 78.0215 79.6265 76.3459 73.3739 23.4373 19.6432 19.3459 19.4817 41.304 34.4321 39.2646 38.446 60.7332 67.406 57.1535 39.1227 27.2667 58.3485 42.7705 71.1837 37.0188 7.72868 36.3066 70.7592 57.8449 53.0677 38.1237 40.4671 33.1384 50.2333 56.9267 72.9656 36.712 30.6609 23.5748 25.5957 59.0864 52.6431 63.4156 50.4676 75.3911 34.4529 78.8453 33.9093 70.562 15.4959 72.7751 17.9404 37.62 36.6017 59.0375 24.75
37.834 35.0124 36.5285 40.7919 37.9182 34.6658 35.3753 39.9248 36.4107 44.0525 33.1984 40.6346 37.8249 41.4906 40.9725 38.7903 39.9011 43.0063 36.665 42.3565 40.726 43.2043 53.4079 51.3674 49.783 57.0792 42.7063 48.1559 52.579 46.8779 94.4748 82.0876 88.1039 92.4207 74.5122 86.6735 79.9126 91.48 6.06153 5.94736 5.43106 5.41796 3.62863 2.62387 1.17192 0 71.2057 74.252 69.3195 79.4881 65.2735 68.6677 66.1249 70.1162 62.6462 66.708 71.0517 62.9814 24.0702 24.0179 26.6817 24.4798 40.2495 40.8872 43.6399 37.9884 23.45 24.6317 20.5275 22.2081 80.9864 74.3971 50.605 51.3019 44.4652 49.4185 11.7515 14.9543 86.1691 90.0238 62.98 52.2946 10.077 59.4416 47.0726 22.2414 24.9132 23.7275 26.101 27.2599 23.2743 21.0488 20.036 23.6676 22.757 23.643 23.9638 21.2459 41.6833 38.6111 41.5994 37.9314 68.4266 61.5756 60.8187 64.4516 54.1002 47.65 49.1905 48.013 84.9722 91.4271 92.4565 85.1257 11.7702 10.3531 11.8258 10.4267 36.3739 36.0402 33.8738 33.082 81.3374 82.7006 73.7216 69.086 23.3218 20.6204 20.8777 19.9284 35.5604 40.1669 36.852 39.6209 63.4035 58.1852 61.839 40.5458 29.8892 63.35 45.6995 74.0921 37.6452 6.6081 37.3606 70.8283 61.3788 48.9826 38.1345 42.454 31.0485 55.5687 59.8822 75.8396 35.049 28.6667 22.5434 26.5513 58.8062 53.442 57.0064 55.6562 68.9489 32.7743 82.5436 36.8848 67.2633 16.8364 63.6686 15.8609 37.4237 36.8801 57.512 20.2844
40.2303 35.4031 40.479 42.4205 34.5477 44.4485 52.645 57.1677 55.7228 47.7591 53.886 63.7611 56.7573 63.6205 60.0914 61.9418 66.9814 70.2033 67.9395 75.3136 63.8856 70.7218 37.7612 38.8765 45.6711 46.7735 49.235 47.5266 51.8118 44.636 15.5018 17.4518 16.7067 16.8419 10.3099 12.3635 12.8205 11.3504 73.2411 65.7957 64.0696 66.9597 77.8402 70.787 66.3463 71.2057 0 1.22485 2.74774 3.81456 5.24701 5.48624 5.95478 6.67867 18.686 16.8528 15.6524 16.7993 48.4247 48.5665 45.8312 48.771 49.5514 53.5672 55.7372 54.5692 91.7349 103.809 85.8366 86.3298 18.3866 15.5025 49.7813 55.5024 60.8264 59.2546 86.6106 77.0831 78.3001 73.4419 12.1579 14.7806 73.7127 73.3483 29.6937 46.984 50.4415 49.2055 49.5873 46.515 90.1615 84.2146 85.0758 86.2894 77.8113 78.525 67.3127 74.8534 29.8445 34.7111 33.6684 32.5163 6.23625 6.99795 5.82232 6.68382 24.5839 23.289 22.9427 23.0795 13.5484 15.4367 16.6441 15.9306 61.3395 63.0629 66.0593 68.7571 48.9768 52.3572 45.0778 55.0416 77.0522 67.9004 65.9537 76.6573 85.4748 86.804 82.8362 83.8888 37.1242 33.8054 34.3596 36.3405 26.4771 60.1231 18.2285 65.742 69.6969 15.0388 29.2082 27.2257 61.7467 69.3804 87.858 33.7465 59.2461 81.8464 96.717 46.7816 55.9856 40.7862 88.0469 58.3873 73.6751 52.5943 48.9877 87.2607 16.7362 64.2632 71.1157 78.9371 4.74014 58.6423 19.456 57.9424 70.3577 86.2022 81.8719 59.7843 95.1265 93.432 45.6919 62.8929
34.462 38.9119 41.1066 37.2204 33.2578 45.2272 55.4162 51.3001 57.4248 49.4471 62.8942 54.4617 57.1662 55.761 61.5142 69.2783 70.0766 63.8879 69.2015 65.8466 69.8087 72.4185 37.6589 45.7553 42.1679 40.0073 47.7729 44.6883 45.7321 45.5333 17.1984 17.7515 16.7854 17.3196 10.2624 10.8674 11.8376 11.3664 68.8793 69.085 65.1982 64.6026 68.7202 75.3625 70.8567 74.252 1.22485 0 1.32762 2.68942 5.12314 5.12768 5.60867 5.66473 21.0023 18.1255 17.5189 16.4411 45.3812 51.6707 45.5756 46.7205 58.7827 57.2047 56.829 55.3036 91.1168 102.061 90.005 87.4067 18.5514 16.8505 55.9438 55.2063 65.4448 70.1356 83.4877 85.9704 80.6009 77.4584 12.82 15.2471 80.9125 70.0084 28.424 48.2365 46.3116 46.718 47.3036 49.346 85.497 86.0799 89.9588 87.2567 79.4467 73.7179 74.2893 79.3569 30.1886 35.0748 28.8061 32.6309 6.79999 8.67504 6.36157 7.73076 24.6621 23.8611 22.7988 23.3358 12.959 13.3375 13.5445 14.3352 74.0173 66.1716 64.6776 64.1798 53.7356 52.0704 50.6308 49.4753 79.8413 80.3176 69.9285 71.6379 79.9198 85.0305 93.0299 89.7666 36.4892 34.2518 36.8049 37.0752 30.7612 51.6709 19.6098 73.6727 70.814 13.0197 30.5378 26.0801 62.8094 75.3401 77.7684 34.8874 65.8301 80.2323 106.296 48.8931 62.6404 38.8398 84.0399 61.6307 72.5158 49.0822 57.1578 90.1246 17.1358 66.7246 63.8036 74.838 5.12434 55.4475 23.9215 64.604 75.5268 94.1225 82.5049 59.6421 85.5165 91.5813 50.3025 57.5712
35.7 38.1837 39.678 35.9144 36.8711 38.781 48.2312 54.8676 48.2392 51.6823 54.0105 63.9171 59.5221 63.2267 69.1442 69.0123 63.9115 60.3414 71.6609 74.9594 77.0428 76.7215 40.826 39.7024 38.2816 39.1119 47.3882 47.5042 47.4303 42.6738 15.9405 15.0561 17.6517 17.7303 9.8626 10.4952 11.2618 11.8781 67.4241 73.6121 66.485 71.057 74.9884 78.8037 74.1685 69.3195 2.74774 1.32762 0 1.22137 5.3834 5.30966 5.27031 5.56937 22.3065 20.8019 17.7886 19.5271 47.2281 45.8108 48.4323 46.2468 52.0257 58.099 58.5247 59.6229 102.741 87.3762 99.6065 95.1588 20.9006 19.2115 55.8136 52.3967 62.0052 68.2982 79.9562 89.4412 72.157 74.2168 15.2561 17.7907 75.627 78.0792 28.559 55.2854 47.1006 48.1621 45.0714 49.7342 89.7559 93.5056 87.2089 84.6156 71.8154 82.6618 77.5484 80.5245 32.28 32.4608 31.4292 32.7501 7.85368 9.45311 7.09779 7.49239 22.9472 26.0677 23.5944 26.3888 14.4946 14.2095 13.6729 14.5561 63.8095 67.1289 65.9742 64.5193 56.0391 48.5801 49.8754 54.4755 79.6033 75.8539 69.6268 74.743 94.3081 83.0289 88.6107 90.1131 36.0321 42.0236 39.993 39.9979 32.0902 51.8391 18.8535 69.0501 69.6864 13.4311 32.7346 27.0822 56.9355 68.195 84.4716 36.7589 74.4806 75.2548 98.2324 47.3302 56.7122 42.3314 80.9746 60.4172 76.3555 54.3042 51.2842 83.0582 21.1916 56.5274 64.8035 76.9251 5.76415 56.4193 23.1714 61.8743 78.1087 89.6185 74.9443 62.4138 84.3975 86.603 44.9863 56.8725
37.5821 35.3474 35.9809 40.5953 38.6282 43.7563 57.8765 50.2761 57.1382 52.8028 63.8117 58.1472 62.5002 63.849 67.722 67.6802 70.6523 68.1766 75.2601 66.9338 75.6103 66.922 42.6353 44.6388 39.189 43.1477 44.7939 47.6118 44.501 47.6503 15.0638 17.0474 16.5354 17.0024 10.7751 9.87898 11.1867 11.2986 66.4854 77.0149 69.6013 73.8883 74.7691 80.0079 71.0275 79.4881 3.81456 2.68942 1.22137 0 6.03036 5.94158 5.00865 5.52716 24.8319 22.9337 18.8849 20.9967 51.1115 47.6872 45.5832 46.2808 52.6172 58.0002 55.6824 51.9417 103.118 97.8984 88.1867 96.4981 19.5834 16.9656 48.8608 56.9667 60.9775 57.9045 81.9709 87.0651 79.2881 71.8972 14.4179 18.8806 87.4274 73.5436 29.7563 48.1137 43.9042 48.196 47.6224 45.0299 93.6017 91.9606 80.8689 85.5004 81.4133 70.0074 69.4548 73.5317 31.2204 33.6633 35.1203 31.3023 10.0749 10.148 8.84963 9.53379 24.9632 25.7407 22.639 24.7639 14.0864 11.7483 14.0921 13.9564 74.6334 73.5318 70.5369 73.4243 51.4066 56.154 56.7116 57.4406 81.6975 84.5511 80.753 82.602 94.919 80.1927 81.7052 85.9211 38.7618 39.4019 40.6627 38.461 31.6509 62.8542 19.8927 63.5199 69.207 12.867 28.8398 32.4735 61.4278 76.1774 86.7564 41.1436 64.7362 82.1771 98.4155 53.6353 57.0079 40.4377 90.3575 64.8045 71.2061 54.9237 53.4071 95.082 23.1303 67.0554 77.5311 73.1954 6.07602 60.398 24.4266 62.7157 82.4543 81.5657 85.003 62.6597 101.435 99.4382 46.0511 58.1337
31.0899 29.3486 35.6695 32.0232 31.8075 37.1719 50.5742 44.1652 48.3915 45.6645 57.7789 51.0083 50.9609 56.3211 53.5598 55.1715 61.4384 64.9391 70.7915 69.5998 67.5217 60.4054 36.9976 33.0449 38.3718 40.9494 37.5488 38.6178 44.2927 46.6194 23.0408 21.2989 22.2135 21.8361 17.8928 16.5967 16.6286 15.7642 62.7423 67.1426 63.1004 59.75 74.0879 72.5486 67.3131 65.2735 5.24701 5.12314 5.3834 6.03036 0 1.16335 2.63332 3.76172 19.833 18.2222 17.479 18.6571 44.504 46.6231 35.3116 42.8795 54.3722 55.6006 47.1529 46.7724 81.6704 93.1493 89.1414 88.1314 22.1415 18.9196 52.9369 51.9672 54.6259 61.6717 71.9033 75.5024 73.9426 74.4862 10.8296 10.8434 70.5907 70.2226 23.9032 46.9501 38.27 41.1311 43.1478 39.2357 81.3917 78.6449 75.3619 85.0283 68.3632 65.593 71.7237 69.4558 30.8269 31.4021 29.8231 29.3137 3.83238 4.13511 2.94197 2.91255 19.6282 21.1588 18.8786 18.382 19.2662 17.5206 19.7153 17.4397 65.9054 66.5896 62.8853 62.5777 47.9089 47.879 45.6044 47.0064 80.2704 74.9145 70.0408 75.2627 84.9078 74.3034 77.6153 80.2468 30.3685 35.3075 32.2425 35.1375 27.6096 56.2766 17.5513 61.1393 59.6227 9.12324 22.2599 32.836 56.6722 63.6438 85.3841 38.6179 70.6526 72.6138 99.2048 42.2964 54.2829 37.8167 80.7299 58.7998 67.8834 49.5189 48.0923 87.4712 18.4132 63.1388 60.7285 75.0316 9.66222 57.8864 23.0605 65.4307 69.0426 80.159 80.2823 53.3119 92.404 93.5719 42.5541 53.2471
35.3359 33.3361 31.4615 31.2762 31.4544 32.8116 45.6249 49.7924 44.3218 43.5945 50.2478 48.1626 57.5753 54.4312 65.1359 60.082 63.2115 55.9352 61.6862 63.8098 59.0832 70.2323 33.5913 36.3199 36.5405 37.9143 38.475 43.3231 44.8842 41.673 23.4006 21.0859 22.5496 22.0819 17.6867 15.6292 15.6749 15.7957 66.6191 68.245 62.8497 61.4999 74.8125 69.3523 66.6386 68.6677 5.48624 5.12768 5.30966 5.94158 1.16335 0 1.22772 2.72987 21.1944 19.2939 19.4987 18.657 40.9475 47.3293 38.3086 45.4775 49.7484 53.9337 49.1522 52.3211 86.6312 91.062 94.1661 81.6347 24.4359 19.5998 52.2333 52.1967 55.3669 56.6894 74.9332 72.5104 71.6879 77.0977 11.2334 12.4882 75.3995 75.6434 19.8717 51.1251 42.1621 44.6291 43.4766 38.7705 75.9399 79.496 82.1494 85.8995 78.206 78.2415 70.4429 65.3647 26.9886 26.7666 25.9062 28.6483 5.39103 5.31662 4.47617 4.56976 19.2438 20.4233 18.9357 21.0733 18.2829 18.7813 20.0411 20.6622 65.8646 58.2659 63.9088 63.2142 45.2005 46.3329 52.9885 48.5442 68.5096 81.2003 67.4627 71.1273 82.7186 79.8638 78.3495 87.0386 30.4714 32.2398 34.0911 36.311 28.1066 59.7005 18.8452 59.2257 58.3478 9.57229 24.5064 32.7191 51.911 68.3654 77.6396 39.0345 65.3641 73.6425 100.409 49.9219 59.3322 38.244 82.4844 60.4601 67.0684 45.9215 50.0002 80.6936 19.6631 65.2456 62.62 71.638 9.73408 63.997 22.9436 56.3668 75.4767 81.2693 81.2448 47.9618 81.6238 80.1847 42.4379 56.2525
31.1897 35.7971 32.5281 36.3708 28.7083 40.0408 45.0061 47.1072 48.0575 46.203 51.0654 56.0354 55.3201 49.3913 57.2992 57.1086 64.9497 62.0329 58.7852 66.8214 69.6649 61.1358 38.5161 39.6693 36.6022 39.0481 41.9587 39.5946 41.0618 43.9666 20.6544 22.2393 21.6072 19.76 14.6197 14.7159 15.7524 15.985 70.8974 59.4329 66.7681 65.5487 63.918 68.322 63.1204 66.1249 5.95478 5.60867 5.27031 5.00865 2.63332 1.22772 0 1.14729 25.8185 22.8902 22.1548 18.9737 40.8468 47.6785 44.0411 38.6126 54.0281 52.0075 47.3545 56.1397 86.3908 87.4437 88.2884 94.3828 26.4683 23.979 52.2205 49.5545 53.2039 58.9978 79.2569 82.0349 78.7479 77.5832 13.4812 13.495 84.2922 68.5803 22.0261 43.0449 43.5799 44.2003 43.1935 40.4131 73.236 75.299 74.31 85.3996 77.9565 71.4343 68.315 65.7136 28.3901 32.613 27.623 31.5038 6.99656 7.11573 6.0746 6.06118 17.8505 20.0917 18.3032 20.6084 19.3186 16.4832 19.9492 17.6881 62.2591 63.5 59.7007 64.9989 54.7166 53.279 51.4252 51.3594 83.8181 84.0738 76.0439 69.477 78.1595 89.0641 81.134 88.4548 33.1819 35.7041 36.0814 33.8519 33.838 59.286 20.0581 60.7206 57.1759 9.49273 24.0806 31.4516 51.433 66.4521 81.7328 38.7388 62.7877 72.4468 109.815 52.4916 53.9872 39.7199 90.5911 57.3355 60.0686 51.1859 47.4123 91.8795 19.9729 58.3584 67.1589 80.0167 9.6328 63.9588 24.5428 58.9569 68.435 91.7787 74.0745 57.2512 96.5836 85.0431 50.5509 51.5791
31.5786 32.838 32.5362 32.7168 35.1586 40.0521 43.1903 48.5265 42.8715 43.5687 52.2181 56.3533 56.9034 56.9489 58.5339 56.2272 61.5662 59.0771 64.6004 70.7524 65.4004 67.2248 32.7356 34.5183 36.9917 39.0221 40.4799 41.1914 41.971 44.5095 19.6697 22.7416 21.5059 23.5738 17.3057 14.5526 15.2763 17.1479 60.8057 64.839 60.2451 69.2794 75.3083 71.1055 67.1753 70.1162 6.67867 5.66473 5.56937 5.52716 3.76172 2.72987 1.14729 0 22.6791 21.4953 21.408 21.3082 39.8324 43.625 42.0801 40.6216 54.3876 59.0785 55.917 49.2199 90.2916 97.8719 96.4684 99.9629 26.4553 24.2458 51.1503 52.287 55.5497 54.8811 75.2678 78.2871 73.4387 82.5862 13.3534 13.9451 77.8047 73.0801 25.0853 52.5274 44.9062 40.3687 44.3171 43.3714 77.1014 80.0879 86.6085 75.2692 79.0291 74.3493 75.7749 68.9428 30.1352 33.4665 27.5784 28.7684 8.33885 7.77715 6.49991 7.38642 20.56 22.325 21.0737 21.2936 19.2502 17.6804 17.1302 19.2204 66.6214 67.2297 68.6948 63.7638 50.3684 56.5658 55.0788 54.3409 74.7051 81.5773 78.716 77.7374 88.1342 84.676 75.2924 76.8108 33.675 37.7203 31.963 32.1217 31.5619 64.0542 21.7372 67.3468 57.1869 9.08172 25.9214 34.3843 54.0072 69.64 84.1331 41.8022 66.7739 81.0285 98.7233 54.4176 61.6558 40.1567 87.2537 69.1193 72.6817 52.5044 52.8503 81.85 22.7133 66.2748 68.3792 69.7061 10.8448 58.0332 27.1174 64.032 72.1175 78.4434 76.1895 48.7043 82.8499 94.0642 46.9587 59.2121
43.5078 40.3522 49.4169 45.2379 43.0917 43.0391 57.7062 61.857 59.986 65.9358 62.0381 64.0001 60.8256 64.9449 68.5455 79.1137 71.9081 79.8424 71.5268 76.4837 81.075 72.7265 55.6427 58.3408 57.6633 58.7498 59.5549 64.8335 62.1534 64.6077 21.5527 25.227 25.8749 25.3862 23.0487 24.1935 21.3777 25.7097 67.1791 61.1572 64.2684 64.142 68.59 74.5759 75.0637 62.6462 18.686 21.0023 22.3065 24.8319 19.833 21.1944 25.8185 22.6791 0 2.40091 2.6656 3.4708 43.1737 43.0811 42.8425 45.2641 39.1392 39.0849 37.3695 41.3977 85.9321 94.0186 81.9776 85.1592 12.4668 11.6294 70.4893 67.7669 79.2563 72.3694 80.2857 81.4938 53.5479 58.6289 16.8864 16.8626 71.4474 84.149 37.424 48.3431 45.3037 49.5481 46.1787 49.0501 78.0878 77.9493 77.695 77.1568 68.1646 64.2321 64.1343 71.0634 29.4984 27.1312 28.7254 26.8899 16.7644 17.6638 19.1967 17.2938 29.8722 33.3938 31.0181 31.6847 27.8951 23.7283 27.3763 24.4913 63.5483 60.0932 56.1667 57.1355 39.2567 45.0882 39.4324 42.5718 58.9648 59.9333 51.7343 54.3652 76.4331 75.3307 75.956 74.9671 28.9292 33.3178 33.0122 35.1402 13.7664 39.6211 8.76461 70.5127 68.9133 30.4258 32.4439 10.5657 71.9154 73.7541 66.7957 14.979 50.324 68.958 93.5015 38.9558 73.49 27.4872 65.0192 43.9887 86.665 46.3938 52.2602 82.9114 10.8665 46.873 46.8342 53.6098 16.3419 49.1664 6.44129 51.7165 58.8444 86.0457 54.7052 55.4406 73.0229 88.3375 29.4294 65.7798
37.6823 44.2299 46.835 45.5808 42.8979 46.5016 54.4418 59.626 61.9859 54.5644 65.2141 70.4433 63.5549 62.0896 73.6661 66.2356 67.8991 75.4489 78.8305 81.9231 72.1664 72.5951 47.6186 47.9536 55.152 50.2595 54.6551 59.2847 57.4066 53.1887 26.3994 23.4235 26.7293 25.7216 21.5765 24.1406 23.7945 24.1967 67.9459 64.3197 61.2966 60.1498 62.7253 67.5231 61.5109 66.708 16.8528 18.1255 20.8019 22.9337 18.2222 19.2939 22.8902 21.4953 2.40091 0 3.57723 2.37377 43.4587 45.9549 39.7843 39.8715 41.3291 41.2748 36.3105 42.1074 89.9866 80.5461 81.5326 92.3676 15.4705 13.4098 65.8901 73.048 64.2879 73.5902 77.4537 80.1967 55.4511 52.4207 13.5206 16.8178 73.8236 85.4786 34.9286 53.044 50.8362 45.7157 45.4237 43.4154 69.2048 77.7792 78.1576 73.7124 69.5129 62.8667 67.8204 66.4788 26.3846 26.7677 24.6607 27.8368 17.729 17.0409 15.9652 16.3916 33.2763 30.1066 29.5147 34.5596 28.4984 29.0861 27.895 30.0838 64.575 61.944 58.7666 57.9162 37.2953 38.4831 40.0789 38.9445 54.3534 60.621 59.4265 53.9411 71.4257 73.0125 71.5145 73.4688 27.9497 30.8067 28.7724 32.0918 12.4688 37.9699 5.17905 67.9741 65.4705 27.1501 29.4857 12.2059 62.8774 67.4993 63.1382 16.755 46.8821 65.7628 99.9245 35.9944 65.5816 25.0667 73.7774 44.035 79.5778 39.2982 44.0817 76.3655 7.54188 42.6574 46.1393 57.9668 15.9264 48.9622 7.94102 45.7459 51.9362 86.2781 53.7805 58.0406 75.0318 73.7487 28.9483 61.7963
39.8832 42.65 45.5437 44.1754 38.7258 42.6943 64.7238 61.3089 57.0422 62.415 63.6418 64.2454 64.4641 68.6366 70.0282 77.9342 66.5307 75.2265 85.5114 71.2999 84.787 79.8508 49.9069 57.8161 51.2054 54.5581 55.9481 58.1004 56.7798 61.8341 21.227 23.8652 23.1594 22.0418 16.785 20.1675 22.0106 20.6729 65.4538 65.9229 67.333 68.6791 66.4767 66.1405 72.303 71.0517 15.6524 17.5189 17.7886 18.8849 17.479 19.4987 22.1548 21.408 2.6656 3.57723 0 2.72176 47.2418 42.0341 43.6116 49.1653 39.3332 45.6891 40.6449 43.224 88.0627 88.7137 83.4995 96.5575 10.938 8.75707 68.018 66.8398 69.2663 68.3469 73.727 74.5314 60.0238 59.8068 13.7938 16.0956 72.4665 78.6489 32.4755 50.2955 53.1178 47.4509 53.7976 47.6234 76.2403 82.8526 73.5922 77.4958 67.4551 74.0917 63.4233 72.7801 27.9772 32.3162 26.425 28.8607 16.3155 17.2882 16.6085 16.6151 31.0755 32.6461 32.1723 33.0084 22.1793 22.6495 22.706 22.9634 59.3055 61.2384 67.4689 67.0722 39.7312 38.7156 43.5475 40.5759 60.8878 55.7383 54.7557 60.7169 80.3021 72.9549 78.2768 80.1689 31.0827 35.8145 30.5519 33.3814 17.7714 36.6085 7.71299 73.876 65.3582 25.8014 30.7983 12.7632 71.5098 76.4526 75.0645 16.9659 53.2327 64.2062 105.129 42.1882 66.0336 28.0793 76.0784 46.7591 76.5138 43.8743 53.4874 71.5832 10.971 50.1589 47.8719 59.4469 14.3345 46.6966 6.02011 53.6325 62.1025 87.6442 61.6453 55.1754 79.0277 84.7621 31.0852 63.5889
40.791 44.7129 39.317 39.211 42.2967 43.0275 62.1287 62.4686 58.702 54.8661 57.2676 60.0357 58.4524 65.48 75.2836 67.3078 70.5968 67.9202 81.2659 75.057 69.6572 76.6905 53.8549 51.6561 51.7075 56.5779 52.2493 55.9776 59.7718 59.63 22.7743 24.571 23.5585 25.2518 17.8142 22.124 21.7044 20.9596 60.9369 68.5334 64.3209 62.9637 70.2772 71.5889 68.1179 62.9814 16.7993 16.4411 19.5271 20.9967 18.6571 18.657 18.9737 21.3082 3.4708 2.37377 2.72176 0 43.1519 41.2325 36.7349 39.4342 40.5096 42.2714 37.8119 43.6273 92.9507 82.6622 78.2511 85.4617 13.5893 11.0517 57.8248 63.8544 67.3731 74.3117 78.4795 74.626 55.4969 55.9242 12.6485 14.218 75.0379 77.2752 33.0046 53.2082 46.6374 50.9198 47.0736 46.1181 80.4161 75.3799 70.8006 81.4995 66.279 66.3481 63.9503 68.9984 25.5187 26.3558 28.9533 29.9729 13.9096 15.3046 15.9349 16.6813 30.7279 32.5208 28.8989 33.4481 24.4905 23.1366 26.0184 24.384 59.3946 63.3062 63.749 60.6831 38.9932 41.1648 35.8859 40.988 55.8422 54.6403 52.7354 62.5241 75.9333 81.658 71.2842 76.0764 29.3372 31.0814 29.2889 28.6864 15.627 38.0436 5.82345 74.1552 71.5526 25.9848 30.8909 14.9348 59.6208 64.2695 71.0217 19.9756 54.4056 68.6802 87.8804 36.4607 68.6941 23.8625 64.856 47.7045 70.9923 37.9883 46.4256 76.1393 7.92209 44.5409 52.1403 64.8749 14.1616 51.9356 9.4801 54.9894 60.9975 84.9869 61.6276 54.734 80.8869 77.8686 28.4545 57.8321
21.9019 18.8501 20.1199 21.2765 17.0915 20.0135 29.619 34.2064 36.8064 35.8916 38.3441 37.3398 40.4841 37.2907 43.215 39.3118 42.9223 41.5475 41.2656 44.936 47.2188 50.3774 35.2967 36.4284 37.4383 39.0709 38.7146 39.5036 42.3548 41.7268 57.424 62.8502 58.0157 59.2795 51.1989 58.4928 52.1215 53.6134 21.6675 24.7398 22.9152 20.0919 25.9982 30.1106 29.8641 24.0702 48.4247 45.3812 47.2281 51.1115 44.504 40.9475 40.8468 39.8324 43.1737 43.4587 47.2418 43.1519 0 2.63409 2.35894 3.8093 24.782 25.156 24.7794 22.4001 51.8346 46.4946 46.9551 53.0275 51.0969 47.6248 41.8619 49.1973 46.1328 51.4294 37.2594 38.1814 65.4992 67.0493 30.5231 32.4112 32.6936 58.0637 25.5109 13.9935 11.7751 13.1241 12.9976 14.9624 39.736 41.416 35.6906 37.4807 33.4036 29.8898 28.619 28.9209 13.8327 12.845 15.5212 13.9353 35.9664 36.4666 37.388 41.0078 23.8979 27.8715 24.5214 27.7969 60.1078 54.8021 64.8828 58.0991 23.0171 22.9404 21.8087 24.5457 18.6531 18.8427 20.3215 16.6971 66.0334 57.9766 60.6364 59.5661 41.002 40.1198 36.0732 37.3995 11.1911 10.4936 10.2972 9.41984 36.7003 43.1817 34.8919 46.095 35.0474 39.8631 16.8989 46.7414 36.6981 26.5579 40.3613 46.5818 52.0773 52.2987 63.1436 22.9344 32.149 28.4511 50.884 54.2085 42.1088 13.031 12.0645 39.7787 32.4167 43.2061 52.0547 49.19 49.9321 23.1935 44.8138 26.0859 51.1679 39.7617 57.5892 14.7023 50.0038 44.842 37.1327 26.4287
20.7249 19.9415 21.6795 21.4982 17.3177 17.5884 31.43 32.0233 31.7568 33.0037 33.4667 33.1699 35.9941 35.0344 36.0213 42.8534 41.6725 41.3493 43.0769 47.4828 47.6236 41.3989 38.7102 39.5657 37.5248 43.3107 36.4238 38.4797 35.2628 42.4084 61.7795 59.6327 57.3005 64.0677 55.643 62.3717 61.6086 64.1804 23.3492 21.9518 20.8934 20.1344 24.9641 25.9641 26.8975 24.0179 48.5665 51.6707 45.8108 47.6872 46.6231 47.3293 47.6785 43.625 43.0811 45.9549 42.0341 41.2325 2.63409 0 3.90194 2.76486 27.0883 26.03 24.5374 23.6679 44.8939 47.2536 40.6504 49.1039 54.6478 52.8569 41.7832 41.1767 45.1267 43.2763 34.5724 40.0014 77.51 63.1156 36.4142 30.6248 35.0841 63.054 26.9952 10.6842 11.1471 10.4348 11.8415 11.2514 35.9715 35.8083 38.4792 40.9031 30.533 28.3076 27.7482 27.5372 15.1601 15.7526 17.9991 15.8143 42.8856 37.7994 39.337 38.4054 29.6488 24.4006 29.7145 29.5371 61.6096 67.0727 63.5867 60.5444 21.9301 23.3291 17.9433 19.122 19.6587 21.9027 19.572 19.3132 65.134 65.737 57.1704 56.8659 35.3401 41.5533 40.0866 41.2654 12.8054 12.0807 13.8829 11.7329 38.6417 46.7128 38.8091 43.7304 34.7351 38.0358 20.9793 49.9808 38.4554 26.6775 40.1447 51.5532 52.0159 51.7438 60.297 23.4712 32.0248 29.1617 48.7205 52.172 45.1256 14.3317 12.034 38.9192 32.0217 42.3543 47.5924 51.3968 51.5916 26.4019 54.3431 31.1387 55.1354 39.4583 63.5226 11.932 44.4438 50.4576 40.2292 21.6093
17.7596 17.2473 18.7265 19.0195 15.829 15.494 28.8293 33.2049 29.1089 30.1059 33.929 35.5258 32.9867 32.3894 40.692 40.8196 38.3776 44.9936 42.3463 45.4019 43.6876 49.7734 31.6089 35.7728 35.1069 37.4681 35.3435 39.405 40.7641 34.7593 58.3923 60.6681 58.3361 59.1176 55.5672 52.8328 58.6164 57.1421 22.7547 26.8141 21.6073 22.8792 31.3797 27.4372 29.2218 26.6817 45.8312 45.5756 48.4323 45.5832 35.3116 38.3086 44.0411 42.0801 42.8425 39.7843 43.6116 36.7349 2.35894 3.90194 0 2.36181 24.9555 26.9184 26.2158 22.715 46.5155 50.9477 51.6397 49.6533 56.9327 52.3545 44.9054 42.0416 43.8417 46.2621 33.9502 41.6557 64.1551 74.5801 28.932 26.9174 37.3457 55.9921 21.9901 13.2038 10.098 10.3808 10.7913 11.6475 38.8578 43.0078 39.6556 42.7087 36.3055 33.9056 30.1422 32.3998 13.8978 11.9251 14.9975 11.991 34.3976 37.5836 40.3448 34.8879 22.1224 25.731 27.0402 25.5901 64.0979 58.8068 62.2327 62.42 23.5915 26.2459 24.0995 26.5228 20.7419 23.0175 21.6642 20.4127 68.2305 64.8166 61.1807 62.0912 42.9326 40.1841 44.5788 44.6648 10.9676 9.05269 11.9048 10.489 33.8415 45.0018 33.3373 44.0503 34.2077 32.1385 15.5997 51.57 34.7788 28.4753 49.2031 44.9577 55.6199 50.3487 66.1389 21.6771 28.7947 30.9553 56.4618 55.9087 46.694 13.1611 13.9918 48.8317 29.7412 39.0493 53.5196 45.8808 44.2985 25.0168 45.9255 30.7829 60.8898 45.8474 58.8959 14.695 50.2356 50.7086 34.4812 23.9914
17.4221 19.0467 17.6221 17.122 15.3443 15.9018 28.8119 32.0616 30.7844 30.1866 31.9819 30.8043 31.0127 37.114 37.8642 41.8385 40.9736 42.142 37.842 41.9039 44.7969 48.2153 32.1035 37.3237 34.0102 38.2759 32.3515 37.1814 34.846 35.4017 60.6814 58.8297 58.0144 56.9756 52.2468 57.3207 54.5417 58.1026 24.9795 24.2476 21.4841 21.8637 28.2969 27.8958 28.6382 24.4798 48.771 46.7205 46.2468 46.2808 42.8795 45.4775 38.6126 40.6216 45.2641 39.8715 49.1653 39.4342 3.8093 2.76486 2.36181 0 28.4493 26.737 24.9295 27.3849 44.7196 49.2856 43.0575 45.2301 53.1828 54.9132 43.471 40.599 39.8529 41.1479 33.5205 37.363 67.8416 69.088 35.3592 32.9974 34.7526 54.3284 25.3862 10.2697 8.01686 8.80948 10.1302 10.0473 37.9445 37.6694 35.9518 36.6832 33.2163 33.3073 30.8134 29.6177 16.9352 15.7193 16.1784 14.8383 38.0169 35.2891 43.354 35.6005 27.9374 27.1743 25.0376 27.4387 56.454 57.4719 65.6163 64.9815 23.9268 21.7679 20.174 24.6051 24.7493 24.2204 22.83 23.4314 59.8212 65.1782 63.0994 63.2137 38.1441 43.5325 40.6511 38.8527 14.2817 11.8836 14.7394 13.1004 35.2695 47.5853 33.4967 42.1629 28.9066 33.1484 16.4266 53.977 33.278 25.8341 42.0502 54.4386 54.1417 55.374 64.1434 28.1088 28.1319 33.4672 50.271 53.4032 44.7238 14.3317 14.3282 46.8799 33.4125 47.3533 52.6988 47.1608 50.1684 25.2807 55.1328 32.3002 63.5162 40.5871 65.832 11.8723 55.9109 47.0674 36.5259 21.8682
40.1091 47.6998 47.3053 43.7707 38.8998 40.328 55.4865 53.1859 62.2422 59.7086 62.8558 63.8448 67.1787 67.3829 63.7131 68.3452 68.7296 74.3123 73.5323 75.0785 70.6732 73.7407 62.5444 56.2896 56.6705 60.4304 67.5507 67.3189 64.3357 67.2347 58.6097 62.0929 60.1066 63.8826 56.1108 66.2306 61.0137 66.6526 32.5824 33.0802 31.7734 38.1712 37.7347 39.3486 37.655 40.2495 49.5514 58.7827 52.0257 52.6172 54.3722 49.7484 54.0281 54.3876 39.1392 41.3291 39.3332 40.5096 24.782 27.0883 24.9555 28.4493 0 2.42414 2.61384 3.85246 53.0623 54.3658 50.6003 59.3046 48.3684 50.2831 68.264 68.6422 74.2525 68.7185 47.5098 54.5601 44.3544 39.0355 39.4003 39.7616 39.5534 82.1557 41.4148 36.2536 34.8628 35.415 39.7558 38.9753 38.9785 35.1221 36.7308 40.8774 27.2019 29.3943 24.8622 28.2094 23.8392 24.4309 28.3864 25.6861 52.2906 43.8606 46.5381 44.5572 43.42 45.9784 49.6643 45.3264 64.2554 59.7234 61.1235 60.0515 29.012 28.8624 28.7023 32.2588 5.86811 6.73287 7.0435 7.90645 36.4928 35.8165 40.1274 38.044 44.1205 40.4706 36.0135 39.5157 23.8684 22.5549 25.4194 22.9363 28.2712 23.9129 36.4133 64.0488 54.7275 51.8225 36.7555 46.7172 66.0004 45.0463 26.2904 37.2313 23.7206 26.7779 56.7914 5.12374 57.6117 17.7864 29.4713 31.4119 67.5054 14.6978 16.6765 35.0146 32.9707 16.3037 23.4958 23.0387 58.1906 9.74656 49.6563 9.81403 31.2727 49.76 33.7682 39.8918 35.9145 43.6782 17.5509 47.6728
42.0473 42.3379 39.6315 48.1668 38.141 44.8464 59.8798 54.7983 59.537 61.6757 60.7296 61.5333 54.9682 61.2142 63.0676 64.9508 61.1245 61.416 61.5266 66.7206 63.7526 65.0816 62.4312 65.6 56.4608 69.0246 63.6239 56.0399 63.1245 62.1317 60.0066 70.8452 67.2228 65.2454 64.4327 60.4029 64.6727 62.533 34.9376 31.0518 34.3122 31.8492 40.4471 40.9978 37.402 40.8872 53.5672 57.2047 58.099 58.0002 55.6006 53.9337 52.0075 59.0785 39.0849 41.2748 45.6891 42.2714 25.156 26.03 26.9184 26.737 2.42414 0 3.8862 2.55153 54.0923 48.9615 52.9092 52.7742 54.3087 51.6826 63.6965 63.8719 73.7858 67.7185 50.3074 47.74 44.2467 49.5667 43.0938 40.9776 36.6493 87.4605 41.6598 37.9211 33.3084 38.11 33.8784 37.0894 31.7007 34.2557 36.6295 32.5819 24.9767 24.9601 26.3273 28.1096 24.6419 26.8531 26.9042 25.3379 52.9428 47.6263 45.8737 45.1929 40.6967 44.3517 47.5299 47.8098 66.6133 70.6501 70.7606 71.5792 25.5367 27.0867 28.0294 30.9516 5.15061 4.79014 6.41856 5.59127 42.2321 37.7207 36.3071 35.8235 38.0677 41.4834 37.9158 39.9762 23.5294 22.2967 25.7119 24.4544 27.3179 26.7761 41.3398 64.7191 61.5226 48.6511 39.8616 43.2377 68.462 42.6496 29.7821 40.5225 28.1506 28.4135 57.3116 5.70461 57.2385 16.793 31.9346 32.1639 67.1321 11.7666 15.9204 33.1862 38.856 16.5563 26.1657 22.6544 60.7597 6.1487 45.73 7.96608 29.5044 43.0472 36.1334 36.6406 40.7617 34.6947 21.2628 46.3497
39.7169 43.7974 40.6596 41.5995 37.8649 39.0599 59.4087 53.283 56.3424 61.6406 60.9124 62.8376 64.0773 61.5034 58.0629 70.7197 63.6535 64.5066 67.9963 68.2773 75.1436 74.3652 61.9566 60.2538 58.5304 56.4463 56.7918 57.4147 64.9429 57.7873 66.4536 63.6866 64.5741 62.1006 55.044 53.934 58.4496 59.6376 30.8676 34.8407 31.0991 31.6296 40.4406 39.1892 39.8865 43.6399 55.7372 56.829 58.5247 55.6824 47.1529 49.1522 47.3545 55.917 37.3695 36.3105 40.6449 37.8119 24.7794 24.5374 26.2158 24.9295 2.61384 3.8862 0 2.48397 56.9307 59.2604 57.8598 60.9093 48.4684 53.062 73.1688 71.9618 67.8785 64.3386 52.533 50.1315 51.1295 45.8163 40.4695 38.7326 43.585 74.355 40.575 35.9991 37.7697 33.3747 36.1672 35.2541 37.2042 42.0664 37.1301 36.678 26.3563 28.1411 27.9153 29.9763 21.5099 22.8956 22.4961 23.4499 46.9773 40.8205 46.4889 49.4379 43.6052 40.0913 43.964 39.5235 69.5982 58.5485 67.619 61.0051 31.8787 28.9108 27.0641 27.7974 4.22869 4.4327 4.38222 4.95645 39.483 36.5269 40.589 36.5845 39.5038 45.4229 39.517 38.4786 20.569 20.7112 22.0554 21.493 25.3904 21.6617 35.9154 66.3507 53.414 49.6302 35.5292 43.9404 59.5361 48.3397 32.6939 38.9768 26.5252 26.705 57.4869 2.89526 61.1822 16.0818 30.1981 32.3413 67.4331 12.2147 17.5484 36.8757 35.3581 17.2802 22.5585 26.8048 51.7982 10.1587 44.8485 12.1451 32.7766 47.82 35.2591 37.926 42.9144 45.2926 16.7839 46.1038
41.9828 38.4763 37.9474 39.9656 37.3734 43 53.0309 50.7914 61.3451 60.313 56.6417 62.9625 64.1944 62.0785 60.7482 64.209 63.3332 64.7329 72.6991 65.4065 73.7303 68.465 61.5943 63.4461 61.3418 60.5846 53.4424 65.5952 59.1783 59.0679 60.8764 63.6358 59.9298 65.1931 56.8728 60.5848 66.5138 61.5083 29.1468 33.5514 32.8018 30.884 38.0368 34.5327 36.0801 37.9884 54.5692 55.3036 59.6229 51.9417 46.7724 52.3211 56.1397 49.2199 41.3977 42.1074 43.224 43.6273 22.4001 23.6679 22.715 27.3849 3.85246 2.55153 2.48397 0 47.9182 48.7943 52.9261 50.4313 48.8231 56.9274 73.0503 72.314 62.7711 67.8833 45.4567 56.5719 45.974 46.3354 38.4457 38.8921 40.01 84.8303 41.416 32.2128 34.15 34.3391 32.8092 32.3137 38.9401 33.4955 35.7544 39.0444 25.559 24.3432 25.371 25.878 21.7072 24.2402 25.1746 22.8919 43.9727 42.9177 47.3519 45.3797 42.8494 44.5717 40.5944 41.1573 70.2526 61.4754 68.622 67.7106 25.1121 27.3522 29.8425 25.7352 2.41626 2.82454 3.65486 3.71327 44.7705 43.2211 39.5487 40.178 42.0762 35.7828 35.1094 42.6413 18.4593 21.569 20.3744 23.3381 28.0673 23.0555 35.6163 66.6892 53.9841 48.3745 34.9038 49.0135 56.0527 39.5628 28.8442 37.5045 29.8178 26.7543 52.06 3.91682 53.3392 17.0568 35.3799 34.1291 70.1799 10.3395 13.4668 40.4341 37.1108 20.0665 26.0066 28.7415 58.2463 8.14631 50.447 10.9636 35.2789 46.7576 37.0988 33.6108 39.3877 38.9944 18.8271 48.0746
60.2418 63.9936 60.6469 62.6431 61.4703 61.0359 60.0547 62.9724 62.2338 62.2389 60.7851 60.907 63.8182 61.0455 54.5347 63.7244 60.07 65.8442 57.9128 56.6122 63.7765 60.539 77.7223 68.934 75.0668 81.3351 74.5688 74.9043 69.3965 66.065 103.612 102.919 118.955 115.402 109.04 110.99 103 99.7914 23.4213 24.286 27.4053 24.3851 21.3461 22.708 20.6932 23.45 91.7349 91.1168 102.741 103.118 81.6704 86.6312 86.3908 90.2916 85.9321 89.9866 88.0627 92.9507 51.8346 44.8939 46.5155 44.7196 53.0623 54.0923 56.9307 47.9182 0 2.50243 2.60437 3.23579 101.696 96.6128 67.1951 73.0821 72.8252 60.1124 21.3613 21.1544 85.1275 98.2123 88.2743 86.0782 12.7415 69.5201 64.2346 42.1556 51.6471 50.3858 54.2384 49.2575 19.8276 18.303 17.7254 18.7741 25.0023 24.875 26.9207 24.2207 61.2892 55.0296 64.7588 58.4626 94.5177 89.2082 91.202 93.7517 74.5814 71.8729 79.4678 73.1269 97.4682 104.866 101.287 105.671 26.1636 25.2503 24.8675 26.6022 50.2992 53.0045 51.9712 53.0247 84.0253 82.7019 77.498 88.3919 14.1212 14.5268 14.5574 13.3398 54.7643 53.1793 58.419 54.0858 70.8352 73.4084 74.8454 55.224 46.1645 79.0254 62.3979 96.8044 58.1769 24.4873 39.1725 85.5464 72.1677 60.2846 17.946 52.7924 46.1251 62.5717 51.2141 79.9585 54.3869 41.8036 41.5649 21.0603 73.645 64.7633 65.9829 65.5673 103.742 41.1673 90.7505 46.593 70.1314 6.15147 73.0789 40.0802 29.0824 29.3898 71.5095 44.4898
66.2451 62.0304 59.5426 59.1563 66.2813 53.3586 64.2249 55.3007 65.3817 68.3289 60.7543 53.2781 57.1068 56.1199 62.1885 56.1849 59.4865 60.473 52.5644 56.7182 58.7225 58.4392 79.4238 74.9884 81.0658 80.0632 67.923 69.2793 73.9366 76.5805 112.931 110.914 99.9905 102.184 109.056 114.874 102.172 97.0572 23.8537 28.6202 29.8605 27.699 22.1871 21.2717 25.4936 24.6317 103.809 102.061 87.3762 97.8984 93.1493 91.062 87.4437 97.8719 94.0186 80.5461 88.7137 82.6622 46.4946 47.2536 50.9477 49.2856 54.3658 48.9615 59.2604 48.7943 2.50243 0 3.63462 2.6226 103.623 109.287 79.4758 70.1587 64.3914 73.2326 23.3304 19.1098 94.5734 85.4408 82.2984 76.8793 14.2012 75.7479 66.5102 45.532 48.9934 47.549 49.5737 51.4644 20.2569 20.9327 20.2298 18.0248 27.161 28.0946 30 30.4814 58.4555 66.0018 62.4086 62.6637 96.3186 93.1561 85.2887 81.8388 73.123 79.7644 77.783 70.9303 106.081 106.37 102.464 104.654 29.054 25.5479 27.9782 29.6403 53.1095 51.6751 51.7587 55.446 83.2526 89.7308 87.6343 81.5597 17.2847 18.1746 16.1625 16.7262 58.7431 59.4007 60.2007 62.1238 83.7141 73.5706 83.0704 52.5318 50.5493 88.1948 67.932 107.191 61.0447 25.2669 39.8074 92.6573 67.9257 62.0964 19.2243 61.3656 53.2021 74.1093 58.8773 90.429 52.1534 45.5735 46.7295 24.4084 81.5171 63.0297 77.7145 65.7135 103.798 49.6806 105.116 50.692 71.7979 8.49958 82.4218 39.6565 29.8843 27.4922 75.2946 41.1518
56.8696 59.2963 53.7962 56.0078 59.7788 59.0516 60.9219 56.0658 54.8267 53.9942 54.8713 54.0914 53.335 54.9211 52.5813 55.8178 56.8403 55.4189 54.29 52.5223 55.9372 62.9117 69.1242 73.2203 66.6564 67.7546 68.4868 61.7521 74.7219 67.6828 99.4432 102.393 114.872 110.896 108.556 106.439 101.933 100.493 23.3102 22.4412 23.3738 27.1944 18.1985 19.634 18.3791 20.5275 85.8366 90.005 99.6065 88.1867 89.1414 94.1661 88.2884 96.4684 81.9776 81.5326 83.4995 78.2511 46.9551 40.6504 51.6397 43.0575 50.6003 52.9092 57.8598 52.9261 2.60437 3.63462 0 2.54614 103.31 95.0818 70.6769 67.9698 66.9639 65.9216 16.7509 19.9127 87.6397 90.1302 77.1268 74.5912 11.0367 65.4641 73.0369 41.7608 46.0975 48.8102 47.5032 43.6882 18.6854 18.7192 17.9576 17.0851 26.2402 25.984 29.0502 24.6013 65.2484 56.8905 65.159 63.6129 88.266 87.1943 82.0487 80.4961 71.2894 72.3782 65.7588 74.2219 101.29 99.4029 104.427 115.63 23.6739 23.2109 23.233 22.5538 50.9404 49.0227 51.5876 50.2087 89.8626 76.1184 78.5981 78.5304 17.3268 15.3375 15.3623 16.3477 52.6993 56.5477 57.7501 59.5649 69.8991 76.328 87.281 49.9818 44.8778 74.838 62.7255 88.0765 55.5115 24.4919 41.4259 85.6362 68.1132 51.4837 21.9352 58.6131 48.7564 67.3302 61.0269 77.6144 52.4538 45.7292 38.7568 21.4174 75.7512 66.5478 68.0259 65.3361 88.2994 40.0879 86.1293 46.1514 79.7562 4.77292 79.3251 37.4119 32.2089 31.8386 67.3122 39.3327
55.5805 55.8187 63.1242 60.8532 61.7192 55.2527 59.2747 60.8473 62.6338 58.9502 50.8888 60.9259 62.8546 55.592 51.4993 58.139 54.9121 64.4342 49.214 51.9634 53.4768 58.7804 77.4057 73.146 71.5859 77.345 64.6544 65.557 70.2683 66.4083 106.558 112.474 110.304 114.176 99.8996 97.6731 115.384 100.185 24.3748 26.2264 28.3777 25.2288 19.5999 19.9452 23.7681 22.2081 86.3298 87.4067 95.1588 96.4981 88.1314 81.6347 94.3828 99.9629 85.1592 92.3676 96.5575 85.4617 53.0275 49.1039 49.6533 45.2301 59.3046 52.7742 60.9093 50.4313 3.23579 2.6226 2.54614 0 107.034 104.038 70.7007 68.0621 70.4893 69.4732 20.1306 16.7455 91.5035 92.3524 77.3697 84.611 14.3911 67.1487 72.2015 43.8759 47.8814 46.493 48.9164 46.1216 20.6806 21.5518 19.7013 18.3403 27.8718 27.6777 29.3852 29.0147 59.2896 63.7324 62.9796 57.332 82.2183 85.7304 86.2076 94.4657 74.5171 76.0849 68.9829 76.6155 114.925 104.209 111.155 117.55 26.9628 28.9435 28.5238 28.1826 52.9466 53.4416 55.7192 55.9987 87.5783 83.3194 93.1888 79.08 17.6201 17.5851 18.4612 16.3634 53.724 55.4927 63.4395 57.0046 83.4034 83.9653 82.7175 57.6865 47.1073 82.3552 61.1688 98.1266 58.3871 23.6955 41.0806 84.1644 78.0195 63.8532 20.2605 54.8352 47.9083 71.7757 59.475 87.1277 53.5885 52.5642 42.8934 23.0913 85.991 74.1984 69.0763 69.7364 96.817 42.648 96.8817 48.0498 70.3941 6.46787 73.621 37.5261 35.5765 31.87 80.4905 39.7885
47.9907 55.7655 57.1769 53.015 47.0222 51.5316 70.979 62.6374 71.3089 67.9162 78.6739 78.2853 79.3433 70.6237 79.3249 82.1191 82.8611 81.5749 81.6554 92.0209 79.1692 85.3931 62.5003 64.3951 58.8535 61.2852 67.5423 64.8707 62.9539 61.5776 12.5307 14.6869 13.5926 15.8409 12.8348 14.0243 15.7291 18.4815 72.4833 73.8376 76.8106 82.6313 76.5297 75.9359 83.3284 80.9864 18.3866 18.5514 20.9006 19.5834 22.1415 24.4359 26.4683 26.4553 12.4668 15.4705 10.938 13.5893 51.0969 54.6478 56.9327 53.1828 48.3684 54.3087 48.4684 48.8231 101.696 103.623 103.31 107.034 0 2.40658 75.2913 70.3186 83.8663 85.0602 82.1157 84.302 66.7354 57.4514 21.5806 23.2593 91.8935 102.853 46.2194 60.9975 62.7641 65.3876 63.1002 58.5283 89.4444 90.5265 88.151 84.854 79.2917 73.2787 75.991 80.5285 42.1969 40.889 42.5774 40.9734 22.5523 22.384 21.1664 22.0931 37.7448 37.3253 36.4037 36.973 16.2379 16.1642 19.4568 17.4506 76.8309 73.1847 67.9848 71.6208 50.8908 50.6876 56.4781 57.9842 69.7008 64.6658 57.4686 63.7261 95.6745 99.7107 98.7919 98.9318 41.0238 40.95 41.4879 39.4698 25.9639 47.9869 17.2353 84.53 77.8284 33.0433 39.4592 12.4339 76.9722 87.7379 87.0519 23.3483 58.088 70.387 103.301 50.7629 71.191 37.1977 80.8998 46.5278 80.6025 55.4048 64.5382 82.3226 22.3251 60.6798 61.8921 77.2598 13.2905 67.7583 8.15017 63.3603 67.7788 98.5957 63.6329 65.7399 100.987 94.5171 40.1448 72.4041
51.8304 49.8899 49.4942 50.9324 44.0128 55.4405 65.8306 65.8756 66.9826 60.8229 70.7853 67.7357 76.8213 72.0481 77.8928 81.6229 72.6537 82.6001 79.2597 77.1627 87.4195 82.5168 60.7423 58.0377 57.0527 56.9668 67.5713 58.1351 65.4477 68.9649 12.2441 13.032 13.8317 15.0893 13.0543 15.0914 16.3151 15.4389 72.5093 67.5732 80.4465 72.879 74.6368 81.2466 78.9672 74.3971 15.5025 16.8505 19.2115 16.9656 18.9196 19.5998 23.979 24.2458 11.6294 13.4098 8.75707 11.0517 47.6248 52.8569 52.3545 54.9132 50.2831 51.6826 53.062 56.9274 96.6128 109.287 95.0818 104.038 2.40658 0 74.8029 71.6381 72.6065 83.9367 80.2534 92.605 57.4482 60.9981 21.0961 22.1755 82.0362 98.194 36.1839 57.3827 59.5926 59.1862 60.9658 53.1418 84.7841 86.8351 82.9476 93.9233 69.5999 83.3491 68.3463 83.5903 35.8665 37.653 39.2009 39.6272 19.8603 21.1209 20.8587 21.8535 38.715 36.7576 37.3284 35.1915 16.9999 16.8608 18.1819 17.3679 73.8188 80.3111 71.7659 73.1642 47.3284 52.8426 53.4258 52.0773 60.2845 69.567 64.3989 67.0863 81.0583 81.929 92.4155 92.8645 37.8941 40.7677 40.6166 37.4743 26.5 49.4746 17.4229 88.7735 81.2903 27.6808 41.1378 13.7571 71.329 84.3293 76.4094 21.2716 57.3762 78.3564 108.798 52.2905 79.2319 35.818 76.1397 44.9555 80.1481 49.5843 60.0652 81.1638 17.8219 50.0679 61.2943 64.8677 12.3183 65.1842 6.86619 59.3075 61.8407 99.8681 67.0534 59.7239 81.8723 94.0818 36.9732 76.9964
24.023 28.0295 28.0469 24.9572 28.5079 28.8099 14.5613 14.2726 11.0097 9.61315 16.2867 13.2961 13.7188 11.0669 17.9031 16.0236 15.5318 15.0222 22.711 20.8168 20.5589 19.4621 14.1334 12.6908 12.8239 12.5385 9.15967 8.2288 7.29828 6.90289 65.8139 66.5618 69.1136 75.3605 67.8436 64.4459 58.3646 60.0264 57.7899 49.9668 56.9741 46.7628 49.9135 48.3551 55.8073 50.605 49.7813 55.9438 55.8136 48.8608 52.9369 52.2333 52.2205 51.1503 70.4893 65.8901 68.018 57.8248 41.8619 41.7832 44.9054 43.471 68.264 63.6965 73.1688 73.0503 67.1951 79.4758 70.6769 70.7007 75.2913 74.8029 0 2.78736 8.30068 10.2551 55.8565 55.7492 108.822 112.15 48.4924 47.374 64.6097 22.6231 34.462 33.2614 30.5225 32.5506 30.3511 31.2152 79.3109 67.6253 70.2428 69.8856 70.9602 70.1563 74.6657 70.3877 44.9859 43.7625 45.9366 50.6475 47.5144 54.4401 54.8159 47.1537 34.6434 37.006 31.0852 31.9894 64.1258 62.2786 62.4028 71.1705 55.1213 53.2295 61.1555 58.4809 58.8185 66.3284 64.7347 66.7739 102.261 101.195 112.453 98.3719 70.4582 72.4327 78.0602 77.5844 50.4078 44.5101 51.4012 49.8488 68.3704 82.0181 57.7829 21.9788 24.3556 43.0907 39.5687 72.2172 14.4258 43.1512 90.0298 81.0984 87.1455 86.0933 84.2849 63.897 23.9028 64.4519 104.68 99.6217 22.4932 55.6387 58.2376 83.6999 55.8076 90.7818 93.3919 86.4548 62.8715 73.7543 66.0336 71.3775 108.878 60.6589 111.571 39.5046 91.9458 89.3092 83.6323 30.6996
27.7574 27.7973 28.046 27.9627 29.3526 27.2766 15.1874 14.5613 11.9602 10.4379 13.733 13.2798 11.2938 9.88046 14.4148 13.721 12.155 11.2579 18.722 16.5814 17.0809 15.7738 16.3888 14.735 15.9485 15.2 10.5812 11.0316 9.58549 9.81809 71.8924 67.7076 78.8459 73.1571 69.3082 66.8843 61.7111 61.3676 56.4106 51.577 50.159 53.5601 58.7773 58.0552 47.8418 51.3019 55.5024 55.2063 52.3967 56.9667 51.9672 52.1967 49.5545 52.287 67.7669 73.048 66.8398 63.8544 49.1973 41.1767 42.0416 40.599 68.6422 63.8719 71.9618 72.314 73.0821 70.1587 67.9698 68.0621 70.3186 71.6381 2.78736 0 6.1323 7.81167 52.1487 52.631 123.147 118.911 57.061 51.4213 60.8738 18.6237 35.938 36.7775 36.4132 33.7553 35.3411 35.5637 70.9653 67.8713 71.8797 76.1083 69.1407 76.3418 65.7431 64.8648 49.5829 44.3026 52.1309 50.3206 50.5418 52.4926 58.7403 50.0608 34.2119 37.3636 33.164 35.2298 74.555 68.9183 65.9882 68.0921 56.9117 53.7809 57.1808 51.9652 61.5519 67.2146 63.3506 69.5835 110.042 106.953 116.059 113.783 70.8707 73.5398 77.3361 73.7854 49.583 53.639 47.2965 50.6362 70.3884 81.608 59.2895 19.3768 25.1578 42.5553 41.1127 77.5321 11.8516 47.8689 87.0533 74.0865 100.116 86.2891 94.2619 73.4499 20.4093 67.8458 95.1262 92.2658 19.9789 55.8316 55.2153 84.4237 57.7315 90.3999 92.2771 103.165 62.5564 67.7035 67.1262 79.4488 95.169 65.2948 110.016 37.9435 89.5229 91.72 83.0648 30.4451
28.1919 29.0019 26.9929 28.3575 31.2368 31.6845 13.5787 14.2617 12.8488 12.1477 12.6048 11.3092 9.39792 8.56978 9.32321 8.78242 7.86773 6.1841 14.2533 12.5627 12.1679 11.7788 20.6224 21.4959 19.7712 20.2548 14.0635 14.1237 13.9245 14.0859 84.6865 69.8873 79.4214 76.0646 74.7327 70.4426 72.9214 67.9778 53.29 49.5055 52.0235 49.3467 53.7005 45.6345 53.0756 44.4652 60.8264 65.4448 62.0052 60.9775 54.6259 55.3669 53.2039 55.5497 79.2563 64.2879 69.2663 67.3731 46.1328 45.1267 43.8417 39.8529 74.2525 73.7858 67.8785 62.7711 72.8252 64.3914 66.9639 70.4893 83.8663 72.6065 8.30068 6.1323 0 2.5875 41.8842 46.3187 119.972 106.242 55.2266 50.6876 53.6778 13.9488 35.9021 32.948 34.4144 34.1353 34.8218 29.197 74.2516 75.997 72.3789 63.124 65.9507 62.8979 63.8156 68.1957 47.4206 51.0278 54.7743 52.4877 54.1111 60.8757 62.9124 62.1657 39.9076 39.9091 43.2123 37.8174 66.5722 75.3282 69.3987 77.3708 56.1556 52.2266 59.4853 56.5906 70.2805 69.9828 63.2638 58.0848 97.761 99.6487 104.415 107.247 74.7446 75.9947 64.3336 64.4514 49.0281 46.1463 46.1611 48.6299 67.6629 83.3903 67.7425 14.6362 20.0162 48.8221 42.5566 86.6545 8.658 42.6746 83.4996 86.8243 97.0589 101.268 78.1393 64.5324 19.2029 63.7174 101.276 107.711 15.8561 58.2707 54.0962 69.1204 65.9036 81.2013 90.7123 93.6814 70.3497 64.4476 85.3389 66.9572 107.424 58.3748 98.9701 38.9565 78.583 80.5808 79.1752 26.0177
35.2638 30.8821 28.536 31.8644 33.7808 32.6774 16.0143 14.9227 13.4721 12.8175 13.7725 10.7134 11.42 8.7825 9.047 7.79345 6.38176 5.30364 11.058 10.3218 8.97384 8.49811 23.9818 24.0054 21.2706 23.7885 17.4238 18.4103 16.7161 16.1535 74.3769 77.468 86.3336 86.8096 68.3374 69.2228 72.1686 72.8863 51.6533 51.3825 50.9699 46.9533 47.8139 51.6614 46.1482 49.4185 59.2546 70.1356 68.2982 57.9045 61.6717 56.6894 58.9978 54.8811 72.3694 73.5902 68.3469 74.3117 51.4294 43.2763 46.2621 41.1479 68.7185 67.7185 64.3386 67.8833 60.1124 73.2326 65.9216 69.4732 85.0602 83.9367 10.2551 7.81167 2.5875 0 45.8646 49.3555 122.913 118.921 59.4241 51.6134 58.3728 12.3029 38.2341 38.3636 34.2465 36.919 32.7136 36.0361 72.6786 73.1167 71.1588 72.086 68.3378 69.5143 62.1413 68.6417 51.5086 51.7819 52.7993 51.8853 54.6059 56.8547 56.8072 55.7966 44.7861 38.0024 39.8348 43.6215 74.835 71.9008 73.6413 70.6299 55.1425 54.7836 59.2403 51.1889 60.3682 68.0146 64.1635 60.6224 117.366 112.46 113.284 107.695 67.2403 68.5821 72.4508 72.1517 57.1997 48.0047 49.36 50.7625 67.9854 95.885 74.147 13.0135 20.5756 50.4822 40.7915 94.4711 9.13454 38.9214 85.7994 82.8475 98.7619 95.7278 79.7461 75.1011 17.5333 69.3167 89.7081 98.4285 14.3402 63.7255 56.8045 80.6657 70.9728 90.2428 100.281 92.7538 68.554 71.2895 79.3254 71.5005 101.913 65.2572 106.983 37.6511 82.665 83.2929 74.6922 27.4794
44.3671 41.6478 45.3961 42.1241 40.718 40.0313 37.5657 40.54 40.5694 43.2446 36.6731 34.2109 36.5777 36.9948 34.1758 39.2298 38.6386 37.9217 33.5683 37.4732 40.1434 41.5119 50.024 57.7827 56.0952 52.5444 52.7183 54.1472 47.548 49.2935 86.0379 100.203 98.9488 92.0199 90.8172 84.3443 87.2761 85.073 18.5932 16.6002 16.3431 17.4549 13.9138 13.3215 13.3087 11.7515 86.6106 83.4877 79.9562 81.9709 71.9033 74.9332 79.2569 75.2678 80.2857 77.4537 73.727 78.4795 37.2594 34.5724 33.9502 33.5205 47.5098 50.3074 52.533 45.4567 21.3613 23.3304 16.7509 20.1306 82.1157 80.2534 55.8565 52.1487 41.8842 45.8646 0 2.28686 104.49 102.332 66.8783 62.8353 13.2169 54.7192 53.3522 26.6605 35.6436 35.0057 34.9984 34.6195 27.3749 27.2372 28.1482 25.568 32.0127 34.8319 31.9293 34.1554 53.8096 50.5938 53.6224 49.126 79.9515 78.2882 74.9053 67.9989 54.0164 59.321 60.3722 60.7964 103.594 86.9778 98.2587 91.9445 25.0287 22.8929 24.7593 20.9927 47.481 46.7687 49.7964 49.4584 88.9477 90.9591 80.1911 91.6105 30.3456 27.834 28.8007 28.813 49.2652 49.3258 48.2482 44.6109 62.921 69.3056 71.2365 36.1283 27.1737 62.8396 53.9314 87.7444 41.02 9.02734 47.9705 87.1636 80.3416 63.3798 42.4597 49.0985 28.0285 64.5785 65.8521 90.2823 34.1349 42.9946 35.4312 35.2115 71.0401 66.8598 65.7313 70.5024 87.0851 47.297 89.0478 44.3204 72.7686 14.6581 86.356 25.837 43.4248 43.6811 62.7713 24.4344
47.7203 46.4835 42.3283 41.715 51.3806 44.3369 35.9058 43.8574 45.8044 44.9995 36.0386 37.3819 41.4222 37.9785 33.767 38.5522 43.0304 42.3638 38.4638 34.3966 35.9258 40.4033 54.0374 57.5132 53.3528 51.5535 52.1759 55.6836 47.9152 58.0014 88.3422 88.5212 104.726 89.8669 90.5231 84.0821 100.663 87.2203 20.3272 19.4882 18.7985 18.6505 14.503 15.7058 15.8565 14.9543 77.0831 85.9704 89.4412 87.0651 75.5024 72.5104 82.0349 78.2871 81.4938 80.1967 74.5314 74.626 38.1814 40.0014 41.6557 37.363 54.5601 47.74 50.1315 56.5719 21.1544 19.1098 19.9127 16.7455 84.302 92.605 55.7492 52.631 46.3187 49.3555 2.28686 0 104.857 95.3963 64.0696 63.2223 14.5547 49.4798 60.5279 29.7083 33.0113 36.3195 36.6844 38.2364 32.3715 30.4606 33.2102 30.5649 33.6877 34.1456 32.1333 32.2814 48.3365 47.4545 56.6361 54.4661 73.6595 72.2459 80.3302 69.9393 54.7745 58.3432 60.4722 62.845 92.2511 95.9709 89.7135 97.2075 24.453 26.5945 23.784 22.7681 53.8064 46.9244 54.1844 50.9553 90.7891 91.141 83.5741 97.0072 27.7273 30.3625 26.6392 29.9568 47.373 50.5206 50.7381 48.625 75.3781 82.0318 73.4633 36.76 29.6475 73.7255 54.0476 83.0107 36.0575 9.76705 45.5299 80.227 75.9369 64.4131 38.1799 51.3292 32.4503 71.3199 67.4782 90.4198 36.7556 39.7387 39.5932 34.2711 75.4348 68.7851 73.9151 70.2722 81.6619 49.2937 96.5776 47.5664 73.4682 16.5044 87.4653 25.8267 45.8206 44.7509 75.1801 27.7346
84.5379 83.5831 82.8808 83.8801 81.7585 89.3179 100.406 91.0855 101.091 111.657 102.176 109.306 104.415 107.798 103.153 117.905 107.335 120.366 124.022 114.329 121.212 120.964 100.918 103.908 104.271 111.582 104.233 98.1946 94.8795 101.327 76.6672 80.6914 82.3199 83.6195 76.1895 82.8552 84.3543 74.3648 79.8849 76.9447 73.6919 83.4203 85.5694 90.8573 88.711 86.1691 78.3001 80.6009 72.157 79.2881 73.9426 71.6879 78.7479 73.4387 53.5479 55.4511 60.0238 55.4969 65.4992 77.51 64.1551 67.8416 44.3544 44.2467 51.1295 45.974 85.1275 94.5734 87.6397 91.5035 66.7354 57.4482 108.822 123.147 119.972 122.913 104.49 104.857 0 2.41376 68.0145 61.211 82.882 124.679 80.728 89.5581 73.9197 86.4654 78.4381 74.8643 75.1327 80.1228 75.2596 82.3544 69.5992 73.6408 66.1238 73.8447 59.0403 58.3783 64.6924 63.5245 72.4647 73.6288 66.4999 73.8154 84.2712 84.7367 75.9281 74.7938 85.1439 77.4512 86.528 76.2821 77.2757 81.9116 73.9158 79.0786 52.7117 50.275 48.5554 55.3726 10.6571 12.2552 11.5023 12.2922 73.758 82.2816 72.7471 84.9106 60.7175 64.0082 63.6062 69.1195 45.5067 25.1562 61.0093 104.352 94.3217 77.1217 75.5244 53.8991 112.584 93.0239 61.9771 38.2921 22.524 36.4387 91.0475 44.0421 105.79 41.3994 43.1699 14.8363 106.545 61.55 60.5266 78.4287 62.7824 27.345 27.94 34.5507 67.6449 49.9661 59.1041 46.6148 21.6017 91.3027 18.9304 77.3814 68.6563 71.6229 35.0962 86.3422
88.5824 80.2958 86.142 90.1485 81.043 87.543 104.22 95.1828 101.979 97.6489 103.323 96.1644 96.8641 101.039 114.809 106.477 106.628 101.742 109.581 116.047 114.076 110.935 94.0094 103.8 92.221 99.4446 106.707 96.6119 98.7501 98.5894 81.7422 73.6269 78.0691 71.9887 80.1081 78.2164 73.6404 78.5024 76.3464 76.4803 84.6913 77.369 74.7437 89.6828 87.3248 90.0238 73.4419 77.4584 74.2168 71.8972 74.4862 77.0977 77.5832 82.5862 58.6289 52.4207 59.8068 55.9242 67.0493 63.1156 74.5801 69.088 39.0355 49.5667 45.8163 46.3354 98.2123 85.4408 90.1302 92.3524 57.4514 60.9981 112.15 118.911 106.242 118.921 102.332 95.3963 2.41376 0 62.5605 65.7574 88.8169 125.647 76.7424 84.4247 85.2479 75.6382 83.4144 84.3814 77.4346 77.0504 67.7357 79.8767 70.8143 70.8671 64.3471 68.2308 61.6594 61.6478 56.7614 58.3478 65.5114 74.8194 68.1698 66.9101 79.2297 70.8508 84.469 82.8596 85.7981 86.5059 73.2882 83.1608 77.7072 75.8267 77.5465 73.319 53.4971 48.1608 45.7956 45.0893 8.70956 9.60525 8.53091 9.11823 72.6478 75.487 70.0201 71.6778 60.7119 64.0995 57.7428 64.4839 43.0668 21.0895 58.3917 102.286 98.1156 77.1404 77.1161 52.8453 109.483 82.4628 57.7481 38.414 19.5369 40.5068 82.6166 47.9991 99.4198 45.1957 42.0506 14.9378 107.07 62.0776 59.6347 73.2612 61.159 28.8877 25.1437 32.7992 79.0664 46.1628 59.828 43.3268 18.8742 81.081 16.4008 77.1785 60.5827 66.0778 34.1204 93.8368
30.4279 30.8953 27.992 29.9479 29.86 34.9831 44.0889 45.0768 44.2116 47.5067 55.8535 51.2238 56.8217 55.286 57.7034 63.8288 55.5972 63.0632 66.9506 68.3208 68.8676 64.1661 39.412 41.3587 36.0762 43.3892 40.7518 47.0854 47.4064 47.5979 28.1496 28.5782 30.9604 29.2401 22.4316 23.8228 25.3943 25.5752 58.9715 57.5848 51.9405 50.4651 60.9098 54.5134 64.3686 62.98 12.1579 12.82 15.2561 14.4179 10.8296 11.2334 13.4812 13.3534 16.8864 13.5206 13.7938 12.6485 30.5231 36.4142 28.932 35.3592 39.4003 43.0938 40.4695 38.4457 88.2743 82.2984 77.1268 77.3697 21.5806 21.0961 48.4924 57.061 55.2266 59.4241 66.8783 64.0696 68.0145 62.5605 0 2.73313 64.5683 70.2171 19.3757 40.8115 36.4629 36.7795 36.5928 36.7334 70.4156 66.5421 68.878 69.4914 59.2252 66.7753 59.478 57.9889 20.4357 19.8178 17.3324 18.5051 6.64867 6.70564 7.65852 7.35385 17.7275 16.1966 16.2077 18.3412 29.4368 28.0046 30.2388 25.9344 58.8494 55.4775 58.1263 54.1851 36.3189 40.8017 38.4202 40.9422 65.078 67.9044 64.4283 66.4074 67.844 66.113 70.5518 75.7971 21.7766 21.7983 21.7982 23.2056 19.7418 47.2797 8.39099 59.828 58.0806 12.6896 20.0438 27.2906 49.9973 59.2123 69.3755 29.7453 58.5425 70.9709 95.1568 37.661 58.3818 26.983 69.42 46.4254 68.3752 34.0744 39.6047 70.0258 7.91944 52.3774 53.3276 66.4652 13.8023 42.5393 20.6892 45.8246 66.2324 73.9668 69.3232 41.2701 79.5822 79.2065 37.5658 51.6851
26.2038 24.4494 25.356 26.8412 25.8767 27.9845 44.0142 47.3482 44.6077 46.7328 52.5827 49.7155 53.944 48.3149 52.234 53.3513 60.7816 59.6 58.0451 57.8729 61.049 61.8948 36.1133 36.5996 34.4197 40.2663 43.1907 38.8534 43.3753 39.0529 29.4158 31.0211 28.6054 29.905 23.3022 26.2319 26.1824 27.0565 50.4705 53.5769 50.5379 50.3633 62.3697 53.6209 61.4978 52.2946 14.7806 15.2471 17.7907 18.8806 10.8434 12.4882 13.495 13.9451 16.8626 16.8178 16.0956 14.218 32.4112 30.6248 26.9174 32.9974 39.7616 40.9776 38.7326 38.8921 86.0782 76.8793 74.5912 84.611 23.2593 22.1755 47.374 51.4213 50.6876 51.6134 62.8353 63.2223 61.211 65.7574 2.73313 0 71.4408 65.8145 17.0448 39.9742 33.0597 36.4447 31.3855 34.9994 69.6744 62.3895 62.4838 64.5636 62.4606 60.0827 63.6371 55.4868 16.0942 16.3825 16.3284 18.8923 8.7954 7.86572 9.42238 7.57645 14.5659 16.1997 16.364 14.5009 28.6016 30.1379 26.8302 26.7488 55.1585 51.804 48.5522 53.4483 35.8809 35.0583 33.0627 39.1754 66.6942 62.4555 63.6987 59.9082 73.6843 75.7382 65.7109 74.4449 21.9832 23.2546 19.9652 19.647 22.4327 43.3425 10.6837 57.946 49.2241 12.423 17.0129 28.7231 51.0611 58.8933 66.2914 30.2213 52.0955 71.9072 83.55 34.4927 53.221 26.1635 68.011 55.5896 59.1139 36.5339 39.2672 67.5543 9.20708 45.3611 54.8828 62.0024 18.6179 43.1294 23.2907 49.0735 62.403 76.2372 70.4307 43.7843 70.6646 76.7009 35.9106 45.6193
48.527 44.2048 49.9948 48.3735 49.6153 43.3133 48.7781 52.9932 51.6781 49.8966 44.6039 46.5412 44.1824 49.3729 43.8481 53.9079 50.7411 53.6149 44.3196 48.8181 47.8259 48.7105 56.8347 58.9481 67.4154 66.4866 58.3644 62.7028 63.1504 63.9874 98.3573 101.779 102.457 100.71 89.6176 92.0833 91.8502 88.0587 11.8541 12.5301 12.7295 12.529 6.45239 7.74582 9.46404 10.077 73.7127 80.9125 75.627 87.4274 70.5907 75.3995 84.2922 77.8047 71.4474 73.8236 72.4665 75.0379 32.6936 35.0841 37.3457 34.7526 39.5534 36.6493 43.585 40.01 12.7415 14.2012 11.0367 14.3911 91.8935 82.0362 64.6097 60.8738 53.6778 58.3728 13.2169 14.5547 82.882 88.8169 64.5683 71.4408 0 69.3572 55.1647 33.4938 39.5208 38.4975 38.7627 38.6834 15.1161 15.3096 13.2813 13.5076 17.9867 18.6094 19.9056 17.9458 45.6193 52.2109 53.258 47.0625 67.4786 74.0009 70.3674 79.3164 62.0661 57.594 60.1899 58.9999 103.877 86.4113 102.947 95.4186 13.7153 13.8291 13.3196 12.76 36.4242 38.0951 39.8567 35.4376 83.4224 77.7671 70.6723 71.2241 12.6372 13.7557 11.8877 13.5428 42.8854 45.3212 43.3946 47.1019 70.0474 69.6385 69.9218 47.65 34.3311 76.5993 48.7124 89.2575 53.2696 15.7111 30.9023 80.0008 68.3289 54.3752 30.3573 43.4817 40.4486 57.0839 50.6532 79.8261 45.6903 33.8179 27.293 19.0755 67.1159 60.8968 66.4562 57.7232 81.8698 31.269 89.5247 40.1405 67.9921 7.32552 68.3204 24.2481 29.8842 27.3707 57.0946 32.1089
44.8991 46.3866 47.5224 40.35 48.9422 41.0217 30.9529 25.4255 27.9032 24.2334 25.841 23.4158 22.6692 22.0065 18.8659 16.9804 16.6343 14.6958 15.3488 16.3262 14.8171 12.3513 33.8711 37.418 36.8745 33.7098 29.4673 29.6186 31.597 29.0434 88.7939 98.6925 83.1563 100.122 93.6381 79.3736 86.4015 85.069 56.7721 54.5982 60.2512 53.026 53.5806 62.4425 58.209 59.4416 73.3483 70.0084 78.0792 73.5436 70.2226 75.6434 68.5803 73.0801 84.149 85.4786 78.6489 77.2752 58.0637 63.054 55.9921 54.3284 82.1557 87.4605 74.355 84.8303 69.5201 75.7479 65.4641 67.1487 102.853 98.194 22.6231 18.6237 13.9488 12.3029 54.7192 49.4798 124.679 125.647 70.2171 65.8145 69.3572 0 48.9743 49.0089 49.979 42.8124 46.1908 47.2055 75.1308 77.7644 77.1359 71.4244 81.1937 79.5911 70.9628 70.9582 64.9159 66.9762 70.4699 62.463 79.5975 70.9458 74.3265 70.5993 59.5057 53.615 60.2337 58.1143 86.1273 95.0865 94.195 81.2441 68.0962 60.3998 70.0758 62.367 82.6603 80.385 70.1088 73.4349 116.946 110.13 109.12 108.12 76.9535 72.5622 69.4292 69.8848 69.8324 66.4805 63.6666 64.7968 86.0906 110.905 83.0471 19.3568 30.2832 61.8056 58.2712 94.296 19.1191 49.1554 99.4313 105.507 109.474 114.567 98.5194 76.8082 27.6263 83.9997 110.706 121.068 17.0291 71.2186 61.7152 75.5407 82.6702 98.7326 97.0033 114.476 86.3956 86.0761 98.7193 86.8798 113.401 67.1873 120.183 46.4971 94.8743 85.9385 102.349 35.0592
10.6673 10.3873 10.6038 12.3574 9.35888 13.4265 26.5404 26.9854 25.5488 25.1144 34.0172 33.3405 31.7581 31.6176 38.8672 41.721 40.6403 40.4076 47.5639 46.0666 42.7496 41.7489 20.762 21.8315 21.7994 20.1952 23.4419 24.7885 22.9099 26.3298 40.4507 45.3859 42.7162 41.0754 34.8039 40.1367 35.0693 35.4801 49.2123 47.3551 48.2641 46.655 54.0385 47.4437 46.4598 47.0726 29.6937 28.424 28.559 29.7563 23.9032 19.8717 22.0261 25.0853 37.424 34.9286 32.4755 33.0046 25.5109 26.9952 21.9901 25.3862 41.4148 41.6598 40.575 41.416 64.2346 66.5102 73.0369 72.2015 46.2194 36.1839 34.462 35.938 35.9021 38.2341 53.3522 60.5279 80.728 76.7424 19.3757 17.0448 55.1647 48.9743 0 27.5546 19.4582 21.8731 19.0566 22.2725 65.0672 62.1021 65.6927 67.9139 51.5727 57.0183 54.7524 58.6625 18.8314 16.6413 17.4446 16.7964 21.8715 20.8912 22.7705 22.0171 3.15266 2.55568 3.62842 2.54414 44.7125 42.9617 45.6052 37.49 43.4963 42.5834 47.36 50.0804 42.7977 38.7039 41.8287 35.0524 79.9528 75.6612 78.6069 68.3459 58.4659 68.8556 58.1271 57.7892 21.5597 19.3012 20.162 21.7595 36.5 53.6239 26.3543 46.4487 40.3304 15.5674 6.94222 46.7714 36.9233 44.052 63.9988 49.0809 69.2455 67.3857 90.8097 39.1872 37.9431 35.7169 66.7447 68.7863 43.7994 34.18 34.8141 70.1023 27.5112 57.1345 59.3152 62.5301 33.8205 50.2667 38.0477 52.7666 69.0144 64.992 70.5949 28.8299 80.0741 75.2036 48.4652 30.4694
16.2898 17.6931 16.0735 17.1362 18.1584 12.7807 18.7375 23.5992 22.1552 22.7251 21.7716 25.2228 26.0388 25.2444 30.5994 27.4134 29.3928 31.7032 29.0156 35.812 31.2355 38.1682 31.9331 31.4732 30.1765 33.7479 31.405 29.1239 30.2971 31.1537 65.2051 71.2203 71.1437 66.5467 64.2077 62.5086 60.6498 62.3871 21.0971 21.6357 19.3549 19.6217 24.1012 25.2663 22.1962 22.2414 46.984 48.2365 55.2854 48.1137 46.9501 51.1251 43.0449 52.5274 48.3431 53.044 50.2955 53.2082 13.9935 10.6842 13.2038 10.2697 36.2536 37.9211 35.9991 32.2128 42.1556 45.532 41.7608 43.8759 60.9975 57.3827 33.2614 36.7775 32.948 38.3636 26.6605 29.7083 89.5581 84.4247 40.8115 39.9742 33.4938 49.0089 27.5546 0 5.29341 4.34122 5.48968 5.47693 44.4154 42.792 42.7804 43.2564 32.6546 33.7812 37.3974 31.8066 26.7849 26.0125 26.3515 24.7218 47.5254 45.7815 49.8236 46.6621 28.4588 27.6674 29.8888 30.3216 59.7536 65.1573 68.8542 59.8165 25.4197 24.2856 20.5936 22.5026 30.1999 33.4863 29.6478 27.52 76.189 66.9385 73.5687 74.9028 45.0449 38.6354 37.137 38.4564 24.9611 20.0662 22.7585 21.7325 44.0293 53.2743 41.1596 28.3398 22.5214 40.1983 24.1106 68.4374 24.6587 19.9807 53.4709 58.8887 61.4833 59.3386 54.8198 33.0915 18.1076 40.284 57.2113 70.8031 30.242 22.301 20.8853 47.9698 46.0037 53.4882 65.7355 62.7315 51.7368 35.2886 60.066 39.3658 66.4822 36.5718 64.4595 5.90377 57.5247 57.4851 51.2706 10.8579
11.4804 12.182 11.9748 11.3783 10.742 8.89662 21.23 19.2998 20.3089 21.8564 22.9886 24.859 25.174 23.9124 27.9044 31.8646 27.6711 30.2065 34.6026 36.6266 34.0605 32.1879 23.3669 27.9003 29.4722 27.2858 25.5092 28.6981 27.2414 29.6091 59.6458 56.9775 69.245 64.0977 53.2344 56.7796 61.9201 62.042 26.7926 22.9902 25.2029 25.0001 26.7533 28.187 28.2883 24.9132 50.4415 46.3116 47.1006 43.9042 38.27 42.1621 43.5799 44.9062 45.3037 50.8362 53.1178 46.6374 11.7751 11.1471 10.098 8.01686 34.8628 33.3084 37.7697 34.15 51.6471 48.9934 46.0975 47.8814 62.7641 59.5926 30.5225 36.4132 34.4144 34.2465 35.6436 33.0113 73.9197 85.2479 36.4629 33.0597 39.5208 49.979 19.4582 5.29341 0 0.95788 0.959476 1.54506 41.7371 48.0206 39.9588 41.7176 37.496 41.6528 38.4271 37.0016 23.4347 20.0828 21.1725 19.5219 43.6414 39.6177 39.0791 40.7001 22.3281 21.4192 22.3963 22.3067 55.7244 64.8328 56.5102 63.0258 29.6496 25.4304 24.2125 26.6457 34.033 29.7741 29.8392 29.4523 71.6976 71.5245 71.6964 73.7366 48.9682 48.1691 45.7973 49.0258 18.3149 20.9188 18.9865 19.3853 43.0566 60.3931 45.0901 31.4833 22.343 37.2034 17.4391 59.7526 26.6276 26.2366 50.7994 53.9812 64.7831 57.8806 65.49 31.5796 19.817 42.8093 63.5832 64.2965 31.0453 25.4762 23.7141 52.7867 36.9389 49.0585 60.4247 59.911 50.5122 33.0578 53.7483 39.2885 73.5609 43.8712 77.6066 11.3993 58.1693 53.1237 45.9273 14.7501
12.2683 13.2689 11.2225 11.9816 11.9625 8.87406 20.5069 18.8215 19.785 20.2177 22.3816 25.1714 25.6789 27.0926 29.0907 30.7151 27.2049 31.9124 30.5579 34.4852 33.7432 36.0653 23.8828 27.9571 30.5945 30.0854 24.5241 25.4203 28.9329 31.2567 68.4727 68.922 63.9832 58.348 60.6615 55.466 61.2856 64.4916 23.7631 27.0204 25.4912 23.492 27.1394 26.5054 24.9889 23.7275 49.2055 46.718 48.1621 48.196 41.1311 44.6291 44.2003 40.3687 49.5481 45.7157 47.4509 50.9198 13.1241 10.4348 10.3808 8.80948 35.415 38.11 33.3747 34.3391 50.3858 47.549 48.8102 46.493 65.3876 59.1862 32.5506 33.7553 34.1353 36.919 35.0057 36.3195 86.4654 75.6382 36.7795 36.4447 38.4975 42.8124 21.8731 4.34122 0.95788 0 1.38909 0.921531 44.1604 40.8636 43.1215 41.6276 39.8606 35.2159 40.6823 34.7432 23.1046 19.3143 21.3136 19.6716 39.6853 37.3177 41.1964 40.1123 25.2059 24.5655 23.0336 24.2156 65.3838 57.1399 66.2317 56.8852 28.6024 26.4065 27.0902 24.7967 30.316 31.8465 34.5269 32.603 71.5981 69.0211 76.2742 79.4454 42.1436 46.8121 43.5219 42.7402 21.7835 21.2648 20.1573 18.624 41.8525 54.3892 44.5031 31.5178 21.3852 33.9643 17.718 65.9687 23.6851 24.9588 47.5831 55.5576 56.2773 64.4061 61.6188 31.8146 20.6781 40.4534 64.7512 61.0538 34.1295 25.009 23.802 50.2401 36.9944 50.4531 63.8576 66.1451 53.8393 36.9633 57.3113 37.8793 70.6543 38.199 67.2253 10.4686 56.0211 57.3251 48.4147 12.9898
12.5008 10.5801 10.8669 11.4111 11.5352 8.80058 18.6996 19.4654 20.7533 21.9451 20.4123 21.45 22.2035 25.092 29.7539 30.5592 31.4918 28.0781 34.3032 32.1476 33.7556 32.1544 22.4557 24.5838 26.9121 30.0988 25.9221 26.0601 29.7066 27.4231 61.4585 60.8461 64.9799 60.2037 52.5512 59.0007 59.0299 62.8748 28.5936 25.9987 23.9479 25.2925 31.5026 26.531 25.5599 26.101 49.5873 47.3036 45.0714 47.6224 43.1478 43.4766 43.1935 44.3171 46.1787 45.4237 53.7976 47.0736 12.9976 11.8415 10.7913 10.1302 39.7558 33.8784 36.1672 32.8092 54.2384 49.5737 47.5032 48.9164 63.1002 60.9658 30.3511 35.3411 34.8218 32.7136 34.9984 36.6844 78.4381 83.4144 36.5928 31.3855 38.7627 46.1908 19.0566 5.48968 0.959476 1.38909 0 0.908731 44.459 44.8234 44.9007 44.3293 38.9799 42.8873 36.4767 39.8218 22.007 18.7674 21.7963 21.0025 41.8137 35.3663 36.9543 40.9728 21.7825 21.3181 22.6847 22.8684 56.472 56.6531 66.143 63.7411 27.9339 29.1484 29.1405 29.0581 30.678 29.8857 31.8518 28.366 69.2607 73.4801 74.3784 78.2994 43.9631 48.6097 48.3952 42.5843 20.099 20.7898 20.4903 17.2384 46.545 53.4251 41.485 31.5179 22.3028 32.5795 17.7875 61.8958 23.3192 27.7078 48.8661 58.121 59.2631 56.7656 58.7203 34.0016 18.8883 41.491 61.2863 72.2037 34.7919 23.1427 21.4546 49.9519 39.7419 52.3134 57.6934 64.4768 46.2488 38.8632 57.3345 40.8535 74.6763 39.3526 76.841 10.5639 53.3949 53.251 52.2814 14.7836
12.1583 12.659 10.3844 11.2666 10.9784 9.28067 19.1852 19.1754 18.4327 23.6382 22.6861 21.4923 22.7634 25.9276 27.6497 26.312 30.9075 29.1286 33.9232 33.9561 31.9346 35.0314 25.2168 24.6609 30.098 30.7932 24.5037 23.8395 28.5408 31.3033 66.6454 58.7883 68.8968 67.5644 54.5189 57.5742 61.877 64.4705 24.0418 27.0676 25.1184 25.4289 31.0728 26.0558 27.038 27.2599 46.515 49.346 49.7342 45.0299 39.2357 38.7705 40.4131 43.3714 49.0501 43.4154 47.6234 46.1181 14.9624 11.2514 11.6475 10.0473 38.9753 37.0894 35.2541 32.3137 49.2575 51.4644 43.6882 46.1216 58.5283 53.1418 31.2152 35.5637 29.197 36.0361 34.6195 38.2364 74.8643 84.3814 36.7334 34.9994 38.6834 47.2055 22.2725 5.47693 1.54506 0.921531 0.908731 0 41.4759 42.2601 46.3575 43.5331 37.65 39.0958 36.583 41.7148 23.1266 20.9215 22.0544 20.5078 38.187 40.1807 37.8897 41.3843 23.761 21.7228 23.9709 25.2984 59.4668 62.4873 65.6233 56.7718 28.9998 29.0303 26.7943 25.4974 30.8838 32.4284 30.8778 34.4813 81.5004 78.032 76.14 80.2492 43.9081 46.2465 43.048 44.6811 22.0018 19.8235 21.1846 18.8507 43.5958 53.5552 41.2972 31.9067 23.2733 32.3384 19.9933 60.2486 24.0126 26.6575 52.6578 57.8226 65.7362 67.5228 59.0032 35.3851 19.6847 42.5178 70.7542 71.4049 34.3034 25.0725 23.6562 50.7777 41.5589 59.0159 58.2099 62.1922 51.771 35.4504 53.5854 40.1111 63.2536 40.1357 71.9985 10.9435 52.7078 61.6981 49.2828 13.2963
62.1469 51.3004 57.5585 50.7267 50.8582 50.9713 56.0226 63.0287 64.8122 64.3556 58.1033 58.7285 55.999 68.3029 65.8561 64.6385 59.3072 68.3165 63.635 66.3377 67.4977 67.0717 75.2595 64.7975 78.5401 74.944 62.5213 73.2593 68.5239 66.684 100.605 95.3362 91.906 108.112 83.362 97.7736 87.3767 100.718 20.2454 20.5883 20.5057 21.8005 18.6158 19.6456 21.3869 23.2743 90.1615 85.497 89.7559 93.6017 81.3917 75.9399 73.236 77.1014 78.0878 69.2048 76.2403 80.4161 39.736 35.9715 38.8578 37.9445 38.9785 31.7007 37.2042 38.9401 19.8276 20.2569 18.6854 20.6806 89.4444 84.7841 79.3109 70.9653 74.2516 72.6786 27.3749 32.3715 75.1327 77.4346 70.4156 69.6744 15.1161 75.1308 65.0672 44.4154 41.7371 44.1604 44.459 41.4759 0 1.02435 0.908685 1.55459 10.5595 8.84416 10.4959 8.90248 49.5045 51.3484 53.587 50.3642 73.4429 80.2404 75.8524 71.1134 62.0156 66.9177 66.7267 62.1212 89.2846 94.5832 98.3773 96.0515 15.9665 15.7116 18.026 17.5612 38.8774 33.8527 37.8267 35.3576 68.7188 60.1237 65.0638 59.1418 3.06791 3.64588 3.22169 4.46161 45.7926 42.6048 45.5227 51.5774 63.8539 62.092 70.1961 59.1565 54.5063 82.7973 53.7903 85.8398 62.4476 28.4375 18.5142 70.1019 56.0787 38.9366 23.4706 43.5192 57.6057 47.7473 36.8901 68.7431 67.1578 32.4401 26.7033 5.0122 63.0256 50.4428 54.4691 42.3995 88.1193 25.4212 80.5627 25.8199 58.7524 15.6378 60.9846 32.9515 15.6761 14.8868 55.6013 45.827
62.3629 55.2968 53.0449 53.6303 56.2688 50.5397 57.7446 59.7122 62.3338 57.2257 59.5402 60.1424 61.0359 62.9181 57.5872 59.8022 58.6071 68.7505 63.4683 61.1109 67.6216 64.6311 68.4136 65.7039 72.1475 78.897 69.9954 71.43 70.4855 79.7193 91.0127 88.5732 90.2385 94.2358 84.3053 95.9277 85.411 104.225 17.685 19.8173 22.7242 23.4694 19.4365 20.8637 22.5891 21.0488 84.2146 86.0799 93.5056 91.9606 78.6449 79.496 75.299 80.0879 77.9493 77.7792 82.8526 75.3799 41.416 35.8083 43.0078 37.6694 35.1221 34.2557 42.0664 33.4955 18.303 20.9327 18.7192 21.5518 90.5265 86.8351 67.6253 67.8713 75.997 73.1167 27.2372 30.4606 80.1228 77.0504 66.5421 62.3895 15.3096 77.7644 62.1021 42.792 48.0206 40.8636 44.8234 42.2601 1.02435 0 1.55425 0.921651 10.9917 9.60027 11.7572 11.0763 47.8219 56.1317 56.1217 49.8545 80.364 80.9958 83.1985 79.8768 59.3914 68.0373 73.2068 63.7241 90.2547 100.198 99.9627 98.7927 17.5903 17.592 18.1951 19.6796 34.0811 38.247 38.2039 33.0514 69.2084 63.042 62.991 67.5139 2.20593 3.10685 2.15227 3.17516 43.1899 48.7245 53.265 46.912 60.7899 62.6261 75.4179 66.5517 52.3989 73.2019 55.6674 86.3523 65.3482 26.7741 20.1299 78.4426 58.1282 36.9427 22.304 42.2226 57.8692 50.1587 38.3458 63.14 60.5589 31.7657 33.0025 5.52862 67.1152 48.4362 53.5426 41.2679 89.6939 30.6106 78.7109 26.643 57.4477 15.6334 58.6039 36.6507 14.7014 13.4124 52.8174 42.8586
60.8553 55.2834 60.3338 58.538 51.9244 48.1722 53.0389 53.8435 58.7768 59.9783 59.6359 55.3189 58.4699 65.8059 59.2412 63.9601 64.9904 63.9414 57.0471 67.0847 63.2068 65.5797 63.4646 68.2727 77.8409 69.7571 73.9881 75.2056 65.0476 71.0758 88.6686 92.0562 90.7649 93.2544 93.6563 90.4874 88.655 100.352 18.1103 19.4632 20.3733 20.5075 17.7313 19.5817 22.9042 20.036 85.0758 89.9588 87.2089 80.8689 75.3619 82.1494 74.31 86.6085 77.695 78.1576 73.5922 70.8006 35.6906 38.4792 39.6556 35.9518 36.7308 36.6295 37.1301 35.7544 17.7254 20.2298 17.9576 19.7013 88.151 82.9476 70.2428 71.8797 72.3789 71.1588 28.1482 33.2102 75.2596 67.7357 68.878 62.4838 13.2813 77.1359 65.6927 42.7804 39.9588 43.1215 44.9007 46.3575 0.908685 1.55425 0 1.00585 10.4269 8.73329 9.46256 8.11016 50.3426 45.1273 47.5234 54.0915 80.4507 72.0144 80.9278 72.3762 67.2706 59.7998 62.3719 63.5312 91.5762 93.5939 99.4267 104.271 15.07 14.8434 17.2498 16.5561 33.5226 34.1803 36.8206 32.5418 68.9866 57.7609 68.9375 65.3068 2.85556 4.24712 3.27428 4.24725 42.08 44.2126 48.2747 42.1247 68.5045 57.121 65.6731 58.3305 55.2721 80.0545 61.7727 82.5623 60.7759 26.204 21.2536 67.9739 50.0613 38.2045 21.6823 39.2759 55.573 48.9723 41.1405 62.1267 65.3963 35.754 27.5611 5.52709 63.0928 47.9279 49.8976 44.8332 89.4368 28.1023 73.3933 27.6254 50.8228 16.1672 57.8089 32.9811 17.4238 15.25 49.3478 45.8972
52.8014 50.7856 53.1596 56.247 57.47 48.5035 56.6971 64.1046 65.0667 65.0692 63.4574 63.9757 57.9227 64.8577 57.2863 60.2768 59.7612 62.0301 65.9276 58.6547 69.836 59.4512 71.25 70.3216 72.8636 75.9436 70.8344 65.4494 71.7862 65.2495 90.3587 102.576 90.568 102.976 95.884 98.4495 101.568 99.2736 17.1737 18.1454 21.5444 23.8461 17.0396 19.0445 21.6488 23.6676 86.2894 87.2567 84.6156 85.5004 85.0283 85.8995 85.3996 75.2692 77.1568 73.7124 77.4958 81.4995 37.4807 40.9031 42.7087 36.6832 40.8774 32.5819 36.678 39.0444 18.7741 18.0248 17.0851 18.3403 84.854 93.9233 69.8856 76.1083 63.124 72.086 25.568 30.5649 82.3544 79.8767 69.4914 64.5636 13.5076 71.4244 67.9139 43.2564 41.7176 41.6276 44.3293 43.5331 1.55459 0.921651 1.00585 0 9.49397 10.1133 11.3118 10.7326 55.363 51.5347 53.9001 49.2118 71.8039 80.7937 77.9589 69.7604 70.6353 64.7794 66.9068 63.3832 90.343 92.8345 98.8348 95.5302 15.7041 14.8481 19.2615 16.8496 33.2326 33.5799 40.0985 35.6473 70.535 59.3235 71.2887 64.4163 2.11741 3.16044 1.9411 2.85067 44.9101 44.7952 52.309 43.8743 59.6141 57.993 69.6884 65.2069 49.4296 72.623 53.6177 79.5645 62.8774 26.3502 19.1039 76.3241 59.3541 40.0691 21.0042 38.0417 55.5153 52.9457 36.6768 66.0033 64.9658 35.3116 30.4189 6.62353 62.5229 51.9665 49.9635 39.8936 92.5903 28.3121 82.5512 29.9137 51.2873 14.6851 55.8896 36.3726 17.4721 13.9316 57.2366 47.6879
50.4405 54.1329 50.9439 49.2344 45.2246 52.0086 60.1261 61.5334 53.9063 63.1784 52.8987 60.0088 59.8194 57.0966 64.9784 66.1853 66.9192 62.9056 55.8657 57.7279 62.8931 60.5248 64.044 62.9292 72.7524 65.5354 68.8637 66.0634 70.3337 72.7501 94.9625 90.6196 84.2933 85.5283 77.0271 80.8715 89.9995 86.3817 15.8504 16.4326 21.0453 19.4439 18.7059 20.7522 21.2654 22.757 77.8113 79.4467 71.8154 81.4133 68.3632 78.206 77.9565 79.0291 68.1646 69.5129 67.4551 66.279 33.4036 30.533 36.3055 33.2163 27.2019 24.9767 26.3563 25.559 25.0023 27.161 26.2402 27.8718 79.2917 69.5999 70.9602 69.1407 65.9507 68.3378 32.0127 33.6877 69.5992 70.8143 59.2252 62.4606 17.9867 81.1937 51.5727 32.6546 37.496 39.8606 38.9799 37.65 10.5595 10.9917 10.4269 9.49397 0 1.00177 1.06986 1.53794 39.8916 45.6555 43.798 42.6295 61.389 69.0982 71.3915 67.1053 56.7143 54.8993 57.4304 58.3681 84.405 90.0356 80.6866 95.2829 13.5861 12.2945 13.5659 13.1549 23.9379 23.1558 24.3096 25.0661 53.856 53.7028 61.4221 52.6167 13.8614 13.6188 11.262 13.4193 37.1488 38.1378 40.2691 37.7253 53.5762 50.2587 63.1619 59.5744 49.4494 62.9822 49.1054 66.7155 64.3705 29.1141 16.9083 58.5399 45.8987 33.9678 29.535 31.9549 49.5708 45.4849 30.3221 56.4136 55.0222 24.4042 18.9297 11.0698 55.1735 36.9297 41.7831 36.9914 68.6121 17.6406 78.3156 19.6488 47.5702 22.7842 52.1119 33.5875 17.8929 17.9903 48.8183 39.8395
55.4712 54.6309 51.0232 51.7597 44.9692 47.8919 51.6713 57.9767 54.9068 59.0575 56.0159 54.9445 57.8631 61.0013 60.3998 61.6872 56.9921 60.4114 63.2071 67.8196 65.5646 69.8013 67.3793 72.6045 67.8106 69.3847 65.7146 68.1254 70.1362 71.7345 86.4987 88.2998 82.633 96.0459 78.0474 92.3318 77.0355 81.2458 18.0468 18.1157 18.052 19.3841 17.4096 20.6372 22.0405 23.643 78.525 73.7179 82.6618 70.0074 65.593 78.2415 71.4343 74.3493 64.2321 62.8667 74.0917 66.3481 29.8898 28.3076 33.9056 33.3073 29.3943 24.9601 28.1411 24.3432 24.875 28.0946 25.984 27.6777 73.2787 83.3491 70.1563 76.3418 62.8979 69.5143 34.8319 34.1456 73.6408 70.8671 66.7753 60.0827 18.6094 79.5911 57.0183 33.7812 41.6528 35.2159 42.8873 39.0958 8.84416 9.60027 8.73329 10.1133 1.00177 0 1.39477 1.09406 43.578 45.5374 47.722 42.2767 73.2335 69.4404 65.9181 70.9641 60.6728 54.5049 61.7297 57.6479 97.5746 81.1384 82.9582 94.8398 12.2629 13.5866 14.2189 13.5961 27.1507 28.0891 26.2702 28.0513 53.9329 55.4542 55.3787 55.2817 11.6368 13.2032 10.9102 12.5286 37.8727 41.0562 40.9458 41.7003 50.0542 53.6284 65.6684 54.0691 44.691 63.0368 53.183 77.3118 57.8025 30.8697 14.8449 64.8859 46.8995 33.7585 29.7732 28.7568 46.8249 45.0828 32.9013 57.728 60.5008 26.8645 20.3128 11.9368 60.594 40.8739 42.2499 35.5033 71.3089 19.4238 73.1791 21.88 47.0226 22.236 47.5387 31.5555 19.9188 17.7742 46.3745 38.8314
52.2572 51.119 53.3986 47.9737 50.1995 47.4649 57.0905 52.609 58.4552 56.1881 58.4105 58.4403 62.1099 58.9982 56.7426 61.3537 58.0485 57.3441 61.3895 66.8821 58.9668 67.2135 61.0479 69.7738 66.4605 71.0623 67.2784 65.8891 67.8391 68.8434 82.3103 83.4425 94.4794 80.0868 80.8504 88.5971 87.9164 84.1942 17.3113 17.8151 18.9231 18.8488 19.6978 21.5804 19.7607 23.9638 67.3127 74.2893 77.5484 69.4548 71.7237 70.4429 68.315 75.7749 64.1343 67.8204 63.4233 63.9503 28.619 27.7482 30.1422 30.8134 24.8622 26.3273 27.9153 25.371 26.9207 30 29.0502 29.3852 75.991 68.3463 74.6657 65.7431 63.8156 62.1413 31.9293 32.1333 66.1238 64.3471 59.478 63.6371 19.9056 70.9628 54.7524 37.3974 38.4271 40.6823 36.4767 36.583 10.4959 11.7572 9.46256 11.3118 1.06986 1.39477 0 1.03887 45.2607 44.9389 40.1161 44.2437 70.3197 64.0698 69.222 60.4229 56.7336 60.5668 59.83 58.2443 84.9807 87.1079 81.3733 93.6095 12.3146 11.6376 14.0155 13.4447 23.4767 26.249 26.7195 25.9445 52.0991 56.6999 59.1758 51.5244 12.2929 13.0826 12.5994 13.4436 34.5401 39.7771 39.6913 40.9417 51.9298 48.4481 65.5881 57.703 51.7386 67.6755 46.5604 65.1717 56.646 28.6383 17.0641 69.2961 47.3538 29.5698 30.2427 28.322 50.0027 42.5622 33.9202 53.1617 55.2067 24.3939 21.7615 12.6652 52.3258 38.1948 45.151 38.4357 74.2942 18.0942 77.0043 20.0631 43.173 24.5013 48.3253 32.0959 20.7245 20.3693 44.0106 39.532
49.3067 48.5835 53.1294 47.7639 48.6832 50.0533 48.9646 51.2583 56.2579 54.7391 59.6783 57.4274 57.333 64.3604 62.0884 62.9319 60.3144 63.6391 57.7534 66.8007 67.6467 59.7943 61.0476 67.403 70.5958 66.1865 69.1735 66.9129 60.5041 64.9624 91.3791 88.9353 92.5738 93.901 87.7597 83.8998 78.4698 77.1824 14.0384 15.5427 16.3162 18.237 17.2627 19.4513 18.8199 21.2459 74.8534 79.3569 80.5245 73.5317 69.4558 65.3647 65.7136 68.9428 71.0634 66.4788 72.7801 68.9984 28.9209 27.5372 32.3998 29.6177 28.2094 28.1096 29.9763 25.878 24.2207 30.4814 24.6013 29.0147 80.5285 83.5903 70.3877 64.8648 68.1957 68.6417 34.1554 32.2814 73.8447 68.2308 57.9889 55.4868 17.9458 70.9582 58.6625 31.8066 37.0016 34.7432 39.8218 41.7148 8.90248 11.0763 8.11016 10.7326 1.53794 1.09406 1.03887 0 43.3545 42.9031 39.9452 38.9569 64.1938 66.0264 69.1148 68.2852 56.0241 57.2608 53.2664 56.0054 91.6965 88.1952 90.1301 86.797 11.1923 12.0254 11.7812 12.2205 26.9159 27.3142 29.0262 27.9543 54.6894 59.7063 60.4331 56.2401 12.1869 12.8328 12.1642 11.4717 34.8525 40.544 40.0048 41.063 54.8351 51.9062 56.1293 54.3336 48.3387 65.1333 52.4881 67.2471 62.5204 30.4258 16.4628 67.1027 49.7787 32.2949 28.6655 31.3455 48.1234 45.0461 33.1201 61.076 58.7429 21.9313 19.0516 11.9466 59.248 35.8491 45.397 35.9115 70.8448 20.6107 69.282 20.2873 50.4781 20.4881 55.051 31.3158 19.6309 18.8754 42.76 43.7881
22.5216 22.8483 21.2157 20.2703 16.6984 22.2602 37.2994 40.2231 42.4066 43.1173 42.6665 42.3059 40.2529 43.669 49.2274 45.8569 52.5721 49.3727 50.1268 55.5436 53.0886 55.2004 34.3616 34.5218 38.265 40.792 35.7688 39.7647 38.6665 45.1274 47.3043 43.3544 49.6538 43.9025 41.572 44.8869 43.5082 40.6791 40.7669 33.4061 40.0313 33.0756 46.6452 39.3526 38.8586 41.6833 29.8445 30.1886 32.28 31.2204 30.8269 26.9886 28.3901 30.1352 29.4984 26.3846 27.9772 25.5187 13.8327 15.1601 13.8978 16.9352 23.8392 24.6419 21.5099 21.7072 61.2892 58.4555 65.2484 59.2896 42.1969 35.8665 44.9859 49.5829 47.4206 51.5086 53.8096 48.3365 59.0403 61.6594 20.4357 16.0942 45.6193 64.9159 18.8314 26.7849 23.4347 23.1046 22.007 23.1266 49.5045 47.8219 50.3426 55.363 39.8916 43.578 45.2607 43.3545 0 0.94014 0.909576 1.28624 24.7638 24.1762 26.0936 23.6854 18.684 17.4021 19.1638 19.8773 43.513 46.5855 46.6217 50.1582 35.391 39.909 37.3389 33.1253 21.7744 20.4573 22.2948 19.3721 54.6468 60.459 60.7136 51.2957 48.5213 53.3867 51.9885 57.8163 4.35271 5.12755 3.24689 4.38262 22.9901 35.5251 18.9917 48.0828 45.8762 24.7426 10.1797 35.4442 45.7 45.9699 52.6637 33.4844 48.4847 49.6597 78.928 19.0614 42.4999 19.1948 53.0653 51.0603 53.2554 19.9505 22.297 49.4412 18.0237 36.7031 50.5838 47.8338 33.0884 27.7765 31.8402 35.0032 54.7579 58.9757 54.4984 30.2181 62.9131 57.1911 30.3859 36.7261
21.2768 20.4717 22.696 23.2286 18.9635 22.5255 38.2527 40.7623 34.8733 36.1172 37.5869 37.7394 41.2344 41.8783 50.4407 50.1631 53.7045 46.6256 57.8799 57.9313 56.814 49.951 38.4195 36.9235 37.9874 36.9118 40.0096 41.0584 40.2076 44.6939 42.0913 43.3382 50.1908 45.6001 39.6545 40.5658 43.9353 43.4216 39.0708 36.7308 37.8388 37.0213 39.9105 40.7384 39.3035 38.6111 34.7111 35.0748 32.4608 33.6633 31.4021 26.7666 32.613 33.4665 27.1312 26.7677 32.3162 26.3558 12.845 15.7526 11.9251 15.7193 24.4309 26.8531 22.8956 24.2402 55.0296 66.0018 56.8905 63.7324 40.889 37.653 43.7625 44.3026 51.0278 51.7819 50.5938 47.4545 58.3783 61.6478 19.8178 16.3825 52.2109 66.9762 16.6413 26.0125 20.0828 19.3143 18.7674 20.9215 51.3484 56.1317 45.1273 51.5347 45.6555 45.5374 44.9389 42.9031 0.94014 0 1.31123 0.964652 23.7451 24.5144 24.6645 27.1245 17.8005 18.6605 18.2608 21.1847 47.2907 41.7554 51.5598 46.1033 32.2003 37.2416 31.5467 33.7742 21.7653 22.1226 22.1131 21.0243 53.7852 52.8975 58.3469 52.3586 49.143 58.0094 52.6018 48.7029 3.34265 4.11123 2.68038 3.31167 23.3338 40.4683 20.1828 55.8896 40.6917 26.6249 11.4789 35.599 47.117 45.6986 49.2625 37.036 45.9034 48.8667 73.3145 23.0251 42.4701 19.4319 56.654 49.7282 49.4546 18.4595 22.9893 52.3952 20.3133 38.7939 48.8398 50.0861 34.8555 28.8424 36.8544 31.3929 55.6319 52.2636 58.4817 24.8202 59.5879 55.3846 32.061 35.9161
20.3656 19.8159 23.0221 23.3123 17.1142 19.8181 37.5915 34.2579 36.9911 36.0631 41.2716 44.0658 44.4879 47.2828 52.1164 49.237 48.7307 50.8742 49.0612 55.2391 59.3463 57.2218 32.3631 32.6689 36.8801 36.3036 35.1941 37.2835 38.1474 42.3762 46.9616 43.6587 48.4376 48.8087 40.2976 37.4384 46.4461 39.9564 35.205 41.2619 35.5517 35.1779 39.8287 44.7408 39.5031 41.5994 33.6684 28.8061 31.4292 35.1203 29.8231 25.9062 27.623 27.5784 28.7254 24.6607 26.425 28.9533 15.5212 17.9991 14.9975 16.1784 28.3864 26.9042 22.4961 25.1746 64.7588 62.4086 65.159 62.9796 42.5774 39.2009 45.9366 52.1309 54.7743 52.7993 53.6224 56.6361 64.6924 56.7614 17.3324 16.3284 53.258 70.4699 17.4446 26.3515 21.1725 21.3136 21.7963 22.0544 53.587 56.1217 47.5234 53.9001 43.798 47.722 40.1161 39.9452 0.909576 1.31123 0 0.992387 24.9522 22.754 25.5322 24.0993 15.7799 16.6734 18.2978 17.5695 41.9029 48.5924 41.9553 42.8144 36.1558 37.2881 37.7835 36.3735 23.5935 21.7056 21.8379 20.1502 58.4339 61.1131 58.9377 53.2582 50.8576 50.3128 55.4876 50.7411 4.7812 5.61377 4.18633 4.51827 20.13 41.7425 22.5183 56.0107 40.8206 27.2776 9.78004 35.9026 48.0276 43.679 53.138 34.2519 50.9244 51.5822 78.5916 22.955 43.7643 22.5355 57.8621 52.387 49.8201 19.2859 22.4791 53.661 17.6624 40.107 47.7706 53.097 31.1049 32.4685 35.9137 34.1494 55.45 58.9833 61.1879 28.1788 54.7035 63.3774 27.751 38.5232
20.3802 18.4718 20.8342 21.749 16.5537 20.2401 38.899 35.4699 38.9756 35.8189 44.1035 39.4378 41.3635 42.7451 45.5995 51.3628 45.8347 50.7322 53.0378 52.4891 50.5741 57.8249 35.6274 38.8408 33.0934 40.4757 38.0615 34.7316 38.6684 38.5844 44.7989 46.9139 43.9691 50.4295 45.0047 41.9931 39.4754 44.1748 34.5265 35.4636 36.9753 38.6449 45.7037 45.5181 44.6441 37.9314 32.5163 32.6309 32.7501 31.3023 29.3137 28.6483 31.5038 28.7684 26.8899 27.8368 28.8607 29.9729 13.9353 15.8143 11.991 14.8383 25.6861 25.3379 23.4499 22.8919 58.4626 62.6637 63.6129 57.332 40.9734 39.6272 50.6475 50.3206 52.4877 51.8853 49.126 54.4661 63.5245 58.3478 18.5051 18.8923 47.0625 62.463 16.7964 24.7218 19.5219 19.6716 21.0025 20.5078 50.3642 49.8545 54.0915 49.2118 42.6295 42.2767 44.2437 38.9569 1.28624 0.964652 0.992387 0 27.4322 22.187 23.4745 25.9273 16.3771 19.0243 16.6171 16.8561 45.7863 43.3482 51.1505 50.3079 34.3479 37.7835 36.6842 34.3333 20.327 23.324 19.7476 19.4667 56.2546 59.1871 58.9589 61.2173 57.2158 48.8409 49.0298 50.3424 4.56722 4.83612 3.60874 4.54498 21.3571 41.1341 23.3122 46.8659 45.0689 24.5073 10.7036 42.4428 47.2821 46.273 53.9259 37.5767 52.1904 50.4866 69.16 21.0203 43.6947 23.3249 51.5025 45.9704 50.4103 20.7408 20.0547 58.0686 18.2466 37.1008 50.2484 50.3634 31.2472 31.3811 33.7757 31.2304 56.6924 53.1208 55.4811 24.7717 58.4862 64.0902 32.2057 31.0771
30.481 32.2306 32.9867 35.7973 28.4065 34.7144 49.0325 48.0853 49.4788 51.2713 48.4886 53.0529 50.7486 53.1232 56.6968 60.3662 65.2576 54.7004 63.151 64.3447 69.3853 64.3571 39.7586 37.9852 37.2236 42.3896 42.0788 42.9354 40.8607 46.8804 22.6622 22.5175 22.8784 24.3871 15.929 19.0301 19.727 19.4345 62.4761 64.1016 56.7297 63.6779 64.3005 59.4506 62.3639 68.4266 6.23625 6.79999 7.85368 10.0749 3.83238 5.39103 6.99656 8.33885 16.7644 17.729 16.3155 13.9096 35.9664 42.8856 34.3976 38.0169 52.2906 52.9428 46.9773 43.9727 94.5177 96.3186 88.266 82.2183 22.5523 19.8603 47.5144 50.5418 54.1111 54.6059 79.9515 73.6595 72.4647 65.5114 6.64867 8.7954 67.4786 79.5975 21.8715 47.5254 43.6414 39.6853 41.8137 38.187 73.4429 80.364 80.4507 71.8039 61.389 73.2335 70.3197 64.1938 24.7638 23.7451 24.9522 27.4322 0 0.901487 0.986775 1.54722 17.9414 18.0028 20.2061 20.5925 20.9386 20.182 23.3643 19.5414 63.7713 64.2376 65.8315 64.0518 46.1058 41.2688 41.2937 41.5962 63.5132 67.8407 69.563 64.2701 74.9386 72.2273 71.0081 80.928 31.0195 29.8622 26.4112 28.0502 24.7351 48.5355 13.9924 69.3467 59.3137 10.1611 21.2694 25.5399 53.9228 60.9342 73.2543 33.4939 55.511 78.2188 105.408 45.8185 53.6776 33.5531 70.6893 53.7077 62.5155 44.5137 50.5301 79.1557 12.5091 54.4316 59.2463 68.0955 9.71958 54.6622 23.1209 51.5049 72.327 75.4929 72.6169 47.1858 83.1985 85.8179 43.0232 48.0312
30.9671 30.8116 30.9341 35.732 30.0921 30.9187 46.6921 49.7516 48.7637 51.9408 50.1279 51.2782 51.626 47.7584 56.7069 61.4893 54.3553 57.6207 62.0249 68.345 65.7205 63.0302 35.2708 33.863 34.7848 36.9298 41.9863 43.0395 41.5286 47.1335 22.2168 24.041 22.1689 25.6351 17.7477 19.9861 18.1823 21.558 66.9761 60.6647 62.7729 64.1255 59.5735 62.7968 62.9344 61.5756 6.99795 8.67504 9.45311 10.148 4.13511 5.31662 7.11573 7.77715 17.6638 17.0409 17.2882 15.3046 36.4666 37.7994 37.5836 35.2891 43.8606 47.6263 40.8205 42.9177 89.2082 93.1561 87.1943 85.7304 22.384 21.1209 54.4401 52.4926 60.8757 56.8547 78.2882 72.2459 73.6288 74.8194 6.70564 7.86572 74.0009 70.9458 20.8912 45.7815 39.6177 37.3177 35.3663 40.1807 80.2404 80.9958 72.0144 80.7937 69.0982 69.4404 64.0698 66.0264 24.1762 24.5144 22.754 22.187 0.901487 0 1.32016 1.04955 16.7093 19.8648 17.1306 18.5625 20.5113 20.1751 21.5346 22.3729 65.3089 60.697 59.7162 61.2885 46.2619 43.707 45.5219 40.1331 68.5793 75.0186 73.6313 63.2653 71.1754 79.4872 83.7551 74.1193 30.1926 28.4911 30.4323 26.9796 25.0612 51.9617 14.1105 70.0919 54.398 10.1974 22.0135 29.5024 49.2314 68.4679 71.7028 34.7912 61.5005 71.6072 95.7073 42.8727 58.2956 31.5215 73.8961 56.3193 62.8402 41.0124 42.2786 80.6753 12.1575 58.6488 58.3042 73.1643 11.7059 58.3343 23.3873 51.7877 71.3408 76.321 69.8432 46.5139 87.5679 91.5871 43.2006 55.9494
30.7677 30.3792 34.4962 33.3611 28.8754 38.7799 50.5397 49.0227 46.984 48.6201 50.0717 50.7844 51.2769 55.1188 57.0013 61.2458 64.1979 65.2793 71.4409 69.9808 60.552 59.2967 35.8169 37.3109 42.1596 38.3774 43.5568 40.6487 42.7067 44.2775 23.8782 24.2641 20.3854 24.3708 15.2248 15.7819 18.8799 19.428 59.5028 63.326 55.328 62.7579 66.0326 72.8416 64.6969 60.8187 5.82232 6.36157 7.09779 8.84963 2.94197 4.47617 6.0746 6.49991 19.1967 15.9652 16.6085 15.9349 37.388 39.337 40.3448 43.354 46.5381 45.8737 46.4889 47.3519 91.202 85.2887 82.0487 86.2076 21.1664 20.8587 54.8159 58.7403 62.9124 56.8072 74.9053 80.3302 66.4999 68.1698 7.65852 9.42238 70.3674 74.3265 22.7705 49.8236 39.0791 41.1964 36.9543 37.8897 75.8524 83.1985 80.9278 77.9589 71.3915 65.9181 69.222 69.1148 26.0936 24.6645 25.5322 23.4745 0.986775 1.32016 0 0.908257 16.8713 20.4819 17.794 20.5278 18.8678 19.5995 23.4034 21.2481 55.2547 67.795 64.6922 57.1368 41.6919 46.4973 42.7503 47.9255 71.0754 74.6242 75.2659 66.5467 85.9578 74.5058 80.455 86.724 33.1518 30.6418 29.8829 31.0006 25.9922 49.5325 13.4694 60.7546 61.6651 9.63736 22.2037 29.9901 49.9617 68.4894 70.3882 31.8735 57.8794 79.5053 107.207 40.6782 61.7936 33.2319 71.246 52.4862 61.3189 48.1673 52.0979 83.1108 13.6815 56.665 64.5943 66.3564 9.99125 51.2862 23.3684 59.3429 67.1166 84.319 65.6778 48.5493 90.42 82.9743 41.0709 57.2359
29.9996 33.0122 32.5169 31.1875 28.3199 34.7438 49.5405 50.4784 46.6945 45.3562 51.1408 50.8013 50.2758 57.1313 59.1797 59.2903 56.0364 58.7542 62.1869 63.6294 64.2416 62.7907 33.2178 38.2309 34.5397 38.0846 40.6173 39.043 40.5015 46.7697 21.5037 23.528 21.2937 23.9006 18.3546 19.0988 20.0345 19.7545 61.4543 55.9925 62.9369 60.751 62.2054 60.0509 61.2586 64.4516 6.68382 7.73076 7.49239 9.53379 2.91255 4.56976 6.06118 7.38642 17.2938 16.3916 16.6151 16.6813 41.0078 38.4054 34.8879 35.6005 44.5572 45.1929 49.4379 45.3797 93.7517 81.8388 80.4961 94.4657 22.0931 21.8535 47.1537 50.0608 62.1657 55.7966 67.9989 69.9393 73.8154 66.9101 7.35385 7.57645 79.3164 70.5993 22.0171 46.6621 40.7001 40.1123 40.9728 41.3843 71.1134 79.8768 72.3762 69.7604 67.1053 70.9641 60.4229 68.2852 23.6854 27.1245 24.0993 25.9273 1.54722 1.04955 0.908257 0 17.8863 19.102 19.024 19.3456 20.9898 22.1453 22.8561 23.2544 60.9722 60.3474 63.3428 61.2547 42.3648 47.1304 42.6291 42.249 65.0516 73.112 73.149 71.9575 80.5355 81.7774 69.902 83.963 28.3309 29.871 27.4714 30.6822 26.4744 56.452 16.2558 58.3999 59.6461 10.244 22.2296 30.0108 54.6718 60.3454 82.5745 34.1477 58.2359 66.4657 93.8532 40.7898 54.0234 33.6942 84.1877 51.8634 60.8506 40.0011 46.7926 85.7124 13.3584 56.0932 68.244 66.946 9.51777 56.7443 21.9467 56.3509 74.8539 84.4782 68.321 51.1489 90.8223 91.8512 43.8944 52.875
14.0484 13.5965 14.8431 15.6559 12.517 17.0235 29.3823 31.7616 29.4394 28.9589 31.937 32.5473 36.5406 35.3206 42.4423 42.7994 43.3692 41.7546 51.7036 49.2536 44.4559 47.4142 21.9307 21.8658 22.9904 21.5018 23.7851 25.0781 25.8337 30.6561 41.7519 40.4382 37.4377 41.7267 31.1885 36.9209 34.2507 34.379 43.7249 49.1871 44.7734 46.521 52.345 54.073 54.9513 54.1002 24.5839 24.6621 22.9472 24.9632 19.6282 19.2438 17.8505 20.56 29.8722 33.2763 31.0755 30.7279 23.8979 29.6488 22.1224 27.9374 43.42 40.6967 43.6052 42.8494 74.5814 73.123 71.2894 74.5171 37.7448 38.715 34.6434 34.2119 39.9076 44.7861 54.0164 54.7745 84.2712 79.2297 17.7275 14.5659 62.0661 59.5057 3.15266 28.4588 22.3281 25.2059 21.7825 23.761 62.0156 59.3914 67.2706 70.6353 56.7143 60.6728 56.7336 56.0241 18.684 17.8005 15.7799 16.3771 17.9414 16.7093 16.8713 17.8863 0 0.95322 1.08468 1.27598 35.9998 39.5833 37.0304 34.6023 51.1522 48.1831 43.8296 49.5682 41.6077 39.2698 35.9009 42.3797 80.85 78.6957 68.1864 78.4223 67.0071 70.687 65.0315 61.4183 19.6921 21.7763 22.1996 22.8687 31.7671 54.5473 25.4344 42.5321 40.6006 10.4709 8.4845 40.4566 38.9184 46.8669 63.4053 49.5216 63.0434 66.9692 91.6865 41.6167 36.2799 34.2046 74.2512 67.0813 46.5338 37.8249 36.8844 62.464 22.1544 58.3959 58.8067 74.5004 27.9984 44.737 35.5578 49.3637 76.8744 63.7016 79.6756 30.8765 69.5958 82.0991 49.4654 36.8278
11.2835 14.3948 14.6751 14.216 11.4577 15.1075 29.0619 27.1743 31.3905 27.3931 32.6962 36.5199 37.1923 37.6468 40.6149 40.5385 39.8515 45.5911 47.6865 50.7171 42.6084 44.7854 19.4518 19.4449 22.8835 22.1099 23.2674 27.713 24.8751 29.4157 41.8938 44.544 37.7935 43.7251 34.1895 37.5853 32.691 36.6181 49.4322 42.6234 50.1047 40.9723 54.9566 51.171 52.3013 47.65 23.289 23.8611 26.0677 25.7407 21.1588 20.4233 20.0917 22.325 33.3938 30.1066 32.6461 32.5208 27.8715 24.4006 25.731 27.1743 45.9784 44.3517 40.0913 44.5717 71.8729 79.7644 72.3782 76.0849 37.3253 36.7576 37.006 37.3636 39.9091 38.0024 59.321 58.3432 84.7367 70.8508 16.1966 16.1997 57.594 53.615 2.55568 27.6674 21.4192 24.5655 21.3181 21.7228 66.9177 68.0373 59.7998 64.7794 54.8993 54.5049 60.5668 57.2608 17.4021 18.6605 16.6734 19.0243 18.0028 19.8648 20.4819 19.102 0.95322 0 1.52999 1.0926 39.5515 40.9785 40.2743 38.9171 43.8433 51.2998 45.2813 47.1666 37.4097 38.8094 36.8976 41.8282 77.2529 77.7868 68.9396 68.049 68.4825 60.5157 61.4209 60.7311 20.7205 19.923 22.5475 22.8521 31.3 50.9818 27.85 48.9328 42.0531 12.4068 8.3204 44.6407 37.9431 48.8617 73.3324 43.4103 69.305 71.3686 88.6504 41.1792 36.0107 35.3529 75.4961 62.9694 51.5363 32.64 35.3462 72.7454 25.8234 53.3665 59.8719 70.3253 26.3535 44.4909 41.0636 53.951 76.7523 71.5944 67.0859 35.6071 76.5633 81.8927 48.4629 34.6051
13.5354 14.5741 14.9476 15.8453 12.1302 17.7172 29.8229 27.8382 31.8712 30.0324 37.9838 35.2427 35.526 37.6924 39.2782 38.1974 44.5997 42.7952 46.1373 51.6585 43.1266 51.9015 21.483 21.4444 23.4215 20.8804 26.8631 24.484 25.4303 28.0266 36.052 40.9323 43.9659 42.0365 32.712 36.2881 36.7016 33.3097 53.9391 50.4683 51.3561 47.8741 54.9254 52.5921 51.5445 49.1905 22.9427 22.7988 23.5944 22.639 18.8786 18.9357 18.3032 21.0737 31.0181 29.5147 32.1723 28.8989 24.5214 29.7145 27.0402 25.0376 49.6643 47.5299 43.964 40.5944 79.4678 77.783 65.7588 68.9829 36.4037 37.3284 31.0852 33.164 43.2123 39.8348 60.3722 60.4722 75.9281 84.469 16.2077 16.364 60.1899 60.2337 3.62842 29.8888 22.3963 23.0336 22.6847 23.9709 66.7267 73.2068 62.3719 66.9068 57.4304 61.7297 59.83 53.2664 19.1638 18.2608 18.2978 16.6171 20.2061 17.1306 17.794 19.024 1.08468 1.52999 0 1.04122 41.1638 37.5709 35.6869 40.7817 49.7837 51.3025 47.5368 50.3335 43.4662 38.622 42.5631 35.8785 82.3202 74.0698 69.0547 79.275 61.6075 65.5452 60.6877 64.2752 22.7689 20.9208 21.8888 22.6936 34.0644 51.0917 26.0851 42.7908 41.5008 9.83177 9.62165 46.7018 39.7137 53.0957 64.8913 42.2896 67.2411 66.3439 91.392 43.5029 34.8595 35.9511 77.8118 62.6594 43.8831 35.1795 35.6435 68.6767 22.8577 55.1403 67.4647 75.3729 26.3892 51.627 34.4529 53.3385 72.7648 67.826 79.5039 36.2856 73.4365 75.9776 49.4796 38.0055
12.0828 12.2406 13.9268 15.15 11.4946 15.1554 28.9213 28.8376 27.8377 26.4387 33.9531 36.3685 35.9501 35.3619 42.2712 43.4765 39.4457 38.2174 46.4648 47.3796 48.9679 49.1995 21.5335 21.6029 22.8599 22.2285 26.5708 23.681 23.6761 24.3452 38.5092 39.8187 43.872 42.6115 37.4779 38.6666 32.931 37.4493 52.7952 43.0187 48.0062 50.2469 49.351 56.0719 46.5568 48.013 23.0795 23.3358 26.3888 24.7639 18.382 21.0733 20.6084 21.2936 31.6847 34.5596 33.0084 33.4481 27.7969 29.5371 25.5901 27.4387 45.3264 47.8098 39.5235 41.1573 73.1269 70.9303 74.2219 76.6155 36.973 35.1915 31.9894 35.2298 37.8174 43.6215 60.7964 62.845 74.7938 82.8596 18.3412 14.5009 58.9999 58.1143 2.54414 30.3216 22.3067 24.2156 22.8684 25.2984 62.1212 63.7241 63.5312 63.3832 58.3681 57.6479 58.2443 56.0054 19.8773 21.1847 17.5695 16.8561 20.5925 18.5625 20.5278 19.3456 1.27598 1.0926 1.04122 0 39.275 36.6583 41.3425 41.9124 47.0793 47.1669 48.4314 46.2871 37.5251 38.531 38.7689 37.2452 74.0136 78.9819 80.9157 74.8437 63.0119 67.3248 59.9887 64.2472 23.5684 24.6431 23.4576 20.4966 32.4835 59.1191 27.9245 43.7554 40.4391 10.9954 9.77304 44.8701 35.3288 49.9035 75.2451 42.8623 64.0061 64.6622 87.2832 37.3811 36.8382 34.0086 70.9034 62.4385 45.1898 36.7973 37.4059 69.3757 23.5012 60.1319 65.7479 72.8912 31.2165 48.2934 37.9741 50.4189 79.253 65.4237 76.1802 34.1062 68.8798 80.3248 47.4944 32.1853
48.416 57.2129 56.9537 57.1551 48.4074 57.6147 72.9184 66.7741 65.6994 65.0274 77.2852 69.5653 66.2733 73.5759 84.8115 72.3393 70.8097 72.8832 88.7097 90.1549 80.5953 76.2067 55.1431 50.9786 51.1543 54.5828 59.3753 60.6377 55.1466 53.6888 5.64715 4.2052 3.98396 3.4985 5.51227 3.91463 3.15085 2.36254 84.1087 90.7649 82.1437 82.6228 88.5501 84.1749 84.7786 84.9722 13.5484 12.959 14.4946 14.0864 19.2662 18.2829 19.3186 19.2502 27.8951 28.4984 22.1793 24.4905 60.1078 61.6096 64.0979 56.454 64.2554 66.6133 69.5982 70.2526 97.4682 106.081 101.29 114.925 16.2379 16.9999 64.1258 74.555 66.5722 74.835 103.594 92.2511 85.1439 85.7981 29.4368 28.6016 103.877 86.1273 44.7125 59.7536 55.7244 65.3838 56.472 59.4668 89.2846 90.2547 91.5762 90.343 84.405 97.5746 84.9807 91.6965 43.513 47.2907 41.9029 45.7863 20.9386 20.5113 18.8678 20.9898 35.9998 39.5515 41.1638 39.275 0 1.09996 0.919202 1.33372 78.0878 88.1803 81.0321 76.78 62.2227 64.3881 65.388 63.9619 87.2009 81.1929 80.6493 78.9026 94.7356 93.8886 98.9037 101.594 46.243 52.4408 50.8456 51.1004 43.5979 60.906 26.811 87.8376 81.2944 27.6509 45.6411 31.0332 80.4603 87.5265 93.2867 40.0984 69.4953 95.0088 113.311 60.9417 70.5995 48.7611 100.708 62.8974 82.1529 60.3033 68.0073 91.3095 28.5934 70.9901 83.9269 85.8629 12.5519 79.312 23.6109 78.6751 75.4596 109.456 82.3731 69.8115 113.17 95.6644 56.6982 67.6384
47.5914 47.3925 47.9927 51.4512 48.7583 57.1291 68.2045 62.9276 67.1314 66.7971 72.9687 76.842 69.7875 71.3181 70.606 72.6558 72.13 75.3246 82.8533 80.1199 89.5221 78.8546 52.9116 55.4231 51.0791 53.3336 60.9004 55.3505 52.6047 59.5301 5.83289 4.91972 4.18376 4.16131 4.65652 3.49477 2.69216 1.75828 83.884 86.1168 79.1175 74.6727 95.6514 81.6818 77.2405 91.4271 15.4367 13.3375 14.2095 11.7483 17.5206 18.7813 16.4832 17.6804 23.7283 29.0861 22.6495 23.1366 54.8021 67.0727 58.8068 57.4719 59.7234 70.6501 58.5485 61.4754 104.866 106.37 99.4029 104.209 16.1642 16.8608 62.2786 68.9183 75.3282 71.9008 86.9778 95.9709 77.4512 86.5059 28.0046 30.1379 86.4113 95.0865 42.9617 65.1573 64.8328 57.1399 56.6531 62.4873 94.5832 100.198 93.5939 92.8345 90.0356 81.1384 87.1079 88.1952 46.5855 41.7554 48.5924 43.3482 20.182 20.1751 19.5995 22.1453 39.5833 40.9785 37.5709 36.6583 1.09996 0 1.52625 1.05295 73.1537 83.8489 79.1508 82.5733 60.4722 70.0451 61.7402 61.0359 75.8931 86.7938 78.8602 82.131 92.4993 96.8389 105.166 107.482 53.8292 47.753 46.3005 48.1855 40.5125 63.625 28.4575 78.1281 71.4304 25.4221 38.9233 30.4763 68.4995 84.5292 94.3049 41.4066 80.0275 84.3001 119.137 60.5401 68.109 45.6642 101.115 63.7301 79.6316 67.2132 62.0647 95.2104 28.0283 67.5494 83.4956 82.692 11.7509 71.3712 26.2929 72.3824 82.9428 99.5883 81.6284 70.6509 106.107 96.567 52.5255 76.2412
49.9935 47.3999 50.6469 53.6182 54.1977 53.2446 66.9522 61.1199 70.2902 71.3008 78.8192 65.6168 71.056 69.3817 71.0972 75.6119 85.3791 81.8686 91.2186 86.5536 80.3451 88.5866 57.2316 51.4905 57.486 53.3065 63.7445 64.9613 53.7834 55.4905 6.64428 5.1198 4.4816 3.43163 6.79984 5.30539 4.23236 3.30592 83.3946 84.8324 79.8867 78.386 81.0537 85.1099 91.8127 92.4565 16.6441 13.5445 13.6729 14.0921 19.7153 20.0411 19.9492 17.1302 27.3763 27.895 22.706 26.0184 64.8828 63.5867 62.2327 65.6163 61.1235 70.7606 67.619 68.622 101.287 102.464 104.427 111.155 19.4568 18.1819 62.4028 65.9882 69.3987 73.6413 98.2587 89.7135 86.528 73.2882 30.2388 26.8302 102.947 94.195 45.6052 68.8542 56.5102 66.2317 66.143 65.6233 98.3773 99.9627 99.4267 98.8348 80.6866 82.9582 81.3733 90.1301 46.6217 51.5598 41.9553 51.1505 23.3643 21.5346 23.4034 22.8561 37.0304 40.2743 35.6869 41.3425 0.919202 1.52625 0 1.00919 75.0172 79.1552 78.1643 90.177 67.2395 64.4118 59.4291 58.7638 84.1721 79.4225 88.833 78.5423 90.7464 98.0992 97.8624 93.9988 50.4734 56.3338 54.2053 48.6096 43.4346 66.4743 28.5993 81.5901 83.991 26.6306 47.8943 33.3701 79.1104 91.1433 102.132 39.4995 79.8938 96.0323 124.011 64.9594 71.2122 54.9813 89.4644 70.55 81.3599 69.9635 72.8598 101.814 28.8389 66.03 72.9995 82.2625 12.9204 67.456 22.7752 72.5236 84.9598 99.7001 89.1995 65.2661 108.701 104.66 59.5293 68.4933
54.1753 50.7683 55.6358 57.9275 51.3401 57.7364 69.74 60.7406 70.8918 61.0569 69.5688 69.5458 70.3512 69.054 83.0453 81.5458 74.6274 79.928 83.6276 77.3906 80.5757 89.2993 56.9283 49.4439 56.2276 57.5336 62.4924 62.9916 56.107 60.7517 7.22574 6.51535 5.60241 4.4299 6.38183 4.37462 3.79791 2.27618 81.8385 76.291 89.6938 82.5301 96.0244 92.7613 92.687 85.1257 15.9306 14.3352 14.5561 13.9564 17.4397 20.6622 17.6881 19.2204 24.4913 30.0838 22.9634 24.384 58.0991 60.5444 62.42 64.9815 60.0515 71.5792 61.0051 67.7106 105.671 104.654 115.63 117.55 17.4506 17.3679 71.1705 68.0921 77.3708 70.6299 91.9445 97.2075 76.2821 83.1608 25.9344 26.7488 95.4186 81.2441 37.49 59.8165 63.0258 56.8852 63.7411 56.7718 96.0515 98.7927 104.271 95.5302 95.2829 94.8398 93.6095 86.797 50.1582 46.1033 42.8144 50.3079 19.5414 22.3729 21.2481 23.2544 34.6023 38.9171 40.7817 41.9124 1.33372 1.05295 1.00919 0 86.4946 87.5078 79.7981 88.6738 63.7055 68.2011 61.5307 62.7319 89.3008 81.8253 86.4258 79.5131 90.731 99.4085 93.7141 96.4738 54.8777 55.1042 53.1009 50.3459 44.2637 68.9817 30.7438 80.5367 83.3068 28.6499 39.0187 33.9311 73.5543 87.2602 86.7584 42.1329 69.4465 91.618 110.107 56.7 75.7815 45.8139 85.6675 61.3643 84.6182 60.562 61.403 99.1008 31.5957 66.0903 83.855 90.7175 12.8166 66.548 23.3927 70.2371 80.182 97.2118 85.0641 71.1488 109.798 98.5331 56.4565 68.2605
41.4281 38.5741 41.6783 36.0968 41.4903 33.6279 43.8253 44.7904 45.6226 45.3603 45.086 43.9301 46.9879 47.3618 49.4319 53.2008 53.6174 48.1081 51.5443 51.1296 53.2314 57.3811 49.9753 50.6689 50.076 58.2073 47.6 53.2187 51.8588 52.0818 76.4628 83.7138 79.5122 88.9431 71.4958 83.2901 77.0218 75.1349 4.82103 5.91282 7.14195 8.30189 9.29405 9.60648 10.3069 11.7702 61.3395 74.0173 63.8095 74.6334 65.9054 65.8646 62.2591 66.6214 63.5483 64.575 59.3055 59.3946 23.0171 21.9301 23.5915 23.9268 29.012 25.5367 31.8787 25.1121 26.1636 29.054 23.6739 26.9628 76.8309 73.8188 55.1213 56.9117 56.1556 55.1425 25.0287 24.453 77.2757 77.7072 58.8494 55.1585 13.7153 68.0962 43.4963 25.4197 29.6496 28.6024 27.9339 28.9998 15.9665 17.5903 15.07 15.7041 13.5861 12.2629 12.3146 11.1923 35.391 32.2003 36.1558 34.3479 63.7713 65.3089 55.2547 60.9722 51.1522 43.8433 49.7837 47.0793 78.0878 73.1537 75.0172 86.4946 0 0.967836 1.01248 1.53077 28.1746 26.3692 28.6814 23.5087 66.2128 62.4557 64.5767 65.0423 20.259 20.6221 16.3794 17.6396 30.4686 33.7099 32.5606 28.4129 51.9749 48.4038 61.2737 44.1991 37.7925 60.4738 43.7536 64.0082 48.6859 17.2465 27.4334 67.5169 54.7365 43.2177 40.637 28.56 38.1976 45.147 46.6005 59.4929 44.2888 19.1485 15.1899 19.6627 51.1981 46.5124 47.2557 42.3171 76.3901 20.7641 65.7605 23.6082 52.4383 19.7011 63.1923 18.2484 32.0718 28.9493 43.5263 28.4401
42.9658 37.5167 35.9541 38.736 41.3287 38.3392 42.3713 46.5452 42.4927 50.8812 45.6726 40.6823 43.6313 46.7264 48.0123 47.232 44.5738 53.742 49.7557 48.9276 51.2078 53.4513 48.2733 51.2305 58.9762 51.1987 49.3281 57.5834 56.7975 59.2892 85.8838 75.4513 77.6123 82.5686 80.8353 78.2737 82.0899 72.6071 3.91318 5.2557 6.22187 7.32596 8.40047 9.982 9.12151 10.3531 63.0629 66.1716 67.1289 73.5318 66.5896 58.2659 63.5 67.2297 60.0932 61.944 61.2384 63.3062 22.9404 23.3291 26.2459 21.7679 28.8624 27.0867 28.9108 27.3522 25.2503 25.5479 23.2109 28.9435 73.1847 80.3111 53.2295 53.7809 52.2266 54.7836 22.8929 26.5945 81.9116 75.8267 55.4775 51.804 13.8291 60.3998 42.5834 24.2856 25.4304 26.4065 29.1484 29.0303 15.7116 17.592 14.8434 14.8481 12.2945 13.5866 11.6376 12.0254 39.909 37.2416 37.2881 37.7835 64.2376 60.697 67.795 60.3474 48.1831 51.2998 51.3025 47.1669 88.1803 83.8489 79.1552 87.5078 0.967836 0 1.28918 1.03432 28.7117 27.7713 25.7311 23.9608 61.5005 61.4437 65.2786 63.9296 17.7147 17.3302 17.1977 16.6821 32.5863 32.6404 34.7786 34.5535 56.5199 49.0009 55.0284 45.0632 33.5527 55.7134 37.0245 76.8407 46.6496 16.2238 29.1808 68.4244 50.252 44.3009 39.3283 30.3485 34.6936 43.8088 40.2718 65.6197 43.2575 23.0012 15.1582 19.3663 52.0294 41.8958 46.4745 49.1829 71.1114 22.2029 63.3697 26.1282 55.8005 21.251 57.0919 20.0044 28.0636 29.0616 47.4537 28.9455
36.9362 39.7635 38.9111 34.5981 39.242 31.9758 41.6041 40.1693 41.3311 45.639 46.0671 40.1383 48.3723 41.6378 49.7838 47.7152 51.126 46.6495 45.7471 45.1918 48.2426 47.0612 52.6336 55.3522 52.3343 58.793 54.9498 47.3172 55.2236 57.7187 82.4789 77.3466 88.2511 87.5785 75.9725 79.5124 79.6618 76.2587 4.18682 5.66757 5.70444 6.53519 9.3895 10.64 11.3553 11.8258 66.0593 64.6776 65.9742 70.5369 62.8853 63.9088 59.7007 68.6948 56.1667 58.7666 67.4689 63.749 21.8087 17.9433 24.0995 20.174 28.7023 28.0294 27.0641 29.8425 24.8675 27.9782 23.233 28.5238 67.9848 71.7659 61.1555 57.1808 59.4853 59.2403 24.7593 23.784 73.9158 77.5465 58.1263 48.5522 13.3196 70.0758 47.36 20.5936 24.2125 27.0902 29.1405 26.7943 18.026 18.1951 17.2498 19.2615 13.5659 14.2189 14.0155 11.7812 37.3389 31.5467 37.7835 36.6842 65.8315 59.7162 64.6922 63.3428 43.8296 45.2813 47.5368 48.4314 81.0321 79.1508 78.1643 79.7981 1.01248 1.28918 0 1.08877 24.8179 26.0651 26.5375 26.211 65.9212 69.7453 69.6425 66.1307 20.4547 18.1424 18.6317 18.3092 32.7527 31.6795 34.2535 29.1901 51.1252 52.1873 50.3096 48.1316 32.6524 58.4768 35.915 74.9392 45.3813 17.9239 29.5556 58.9876 50.3968 40.1554 37.7083 27.9594 35.7717 39.8325 46.8536 67.6931 46.8454 18.9545 14.9623 21.1969 50.5346 47.7762 52.0322 44.5161 63.1975 23.6303 66.3401 23.7785 56.343 20.4023 56.1843 16.5416 30.2882 33.0912 48.9763 25.8667
37.823 38.8634 38.0835 38.3079 37.5396 35.5084 45.6981 40.3922 44.1862 49.5431 43.8167 46.4932 40.4194 42.4701 43.6185 45.0866 52.815 45.026 43.4552 53.0831 47.0087 47.2625 47.1489 48.3832 51.8987 54.7219 46.2437 57.5112 56.9629 60.2964 85.5532 77.9219 85.9488 80.3884 79.2332 75.1995 72.9311 85.3945 3.55498 4.87288 4.90008 6.64815 9.01059 9.40134 9.94359 10.4267 68.7571 64.1798 64.5193 73.4243 62.5777 63.2142 64.9989 63.7638 57.1355 57.9162 67.0722 60.6831 24.5457 19.122 26.5228 24.6051 32.2588 30.9516 27.7974 25.7352 26.6022 29.6403 22.5538 28.1826 71.6208 73.1642 58.4809 51.9652 56.5906 51.1889 20.9927 22.7681 79.0786 73.319 54.1851 53.4483 12.76 62.367 50.0804 22.5026 26.6457 24.7967 29.0581 25.4974 17.5612 19.6796 16.5561 16.8496 13.1549 13.5961 13.4447 12.2205 33.1253 33.7742 36.3735 34.3333 64.0518 61.2885 57.1368 61.2547 49.5682 47.1666 50.3335 46.2871 76.78 82.5733 90.177 88.6738 1.53077 1.03432 1.08877 0 28.323 25.3394 24.8295 27.8428 60.7268 63.8049 68.6 58.4427 19.3527 19.6788 17.1867 16.9668 32.1124 33.1487 34.9532 32.6369 47.4375 53.9924 57.1098 48.2475 36.2878 54.8941 40.4008 72.1751 43.8037 17.5462 29.2607 63.1762 48.6319 39.5418 40.2573 29.3481 39.4703 39.8632 41.4892 66.2888 45.7761 19.0297 16.538 23.1691 55.9454 47.5692 55.3824 47.7572 63.8529 22.2623 73.1736 26.039 57.2379 19.5689 55.3229 16.1064 30.5831 32.9009 46.2258 27.0711
40.5647 38.9567 37.3983 36.9436 36.8181 34.1548 46.861 52.0647 50.009 50.8069 58.9553 50.0285 52.1857 52.9814 62.5164 58.1326 59.3919 61.5385 63.3709 70.7641 62.8413 67.4157 50.0581 53.7371 55.5182 54.4437 57.9329 59.8171 56.7597 63.514 55.8122 63.4512 59.4638 65.3879 58.271 62.4235 62.9709 65.166 33.2314 28.1667 29.3663 29.788 36.3397 36.2957 36.3648 36.3739 48.9768 53.7356 56.0391 51.4066 47.9089 45.2005 54.7166 50.3684 39.2567 37.2953 39.7312 38.9932 18.6531 19.6587 20.7419 24.7493 5.86811 5.15061 4.22869 2.41626 50.2992 53.1095 50.9404 52.9466 50.8908 47.3284 58.8185 61.5519 70.2805 60.3682 47.481 53.8064 52.7117 53.4971 36.3189 35.8809 36.4242 82.6603 42.7977 30.1999 34.033 30.316 30.678 30.8838 38.8774 34.0811 33.5226 33.2326 23.9379 27.1507 23.4767 26.9159 21.7744 21.7653 23.5935 20.327 46.1058 46.2619 41.6919 42.3648 41.6077 37.4097 43.4662 37.5251 62.2227 60.4722 67.2395 63.7055 28.1746 28.7117 24.8179 28.323 0 0.968783 0.901447 1.42176 41.8811 38.4258 39.8764 42.7577 39.5388 38.0736 38.648 37.2445 17.5294 18.0447 18.0651 17.1267 24.4071 26.4583 33.3273 63.1843 54.9562 43.7454 31.2074 43.469 53.9196 41.4942 28.6628 39.9312 31.1429 32.4071 59.3938 4.45135 50.7689 18.0492 34.6753 40.1 64.7896 8.53266 14.1215 40.7872 37.1234 22.8691 28.6822 28.6447 48.1634 9.44544 45.7081 12.7785 34.7078 44.1053 37.5089 31.585 43.6833 43.6635 21.275 43.6789
35.1738 37.2993 36.8038 38.6762 34.0381 36.119 50.3449 53.3499 52.5192 54.9998 58.7801 59.6539 59.7806 58.998 58.0199 63.2892 62.999 61.446 68.8006 61.5323 70.6778 64.8091 56.146 53.7676 57.6328 61.391 52.5686 51.9605 59.1941 57.1697 62.4878 58.873 68.7985 59.0766 57.5774 57.3772 65.6333 66.3105 28.4354 31.0993 32.7298 28.7735 37.9193 32.2125 32.471 36.0402 52.3572 52.0704 48.5801 56.154 47.879 46.3329 53.279 56.5658 45.0882 38.4831 38.7156 41.1648 18.8427 21.9027 23.0175 24.2204 6.73287 4.79014 4.4327 2.82454 53.0045 51.6751 49.0227 53.4416 50.6876 52.8426 66.3284 67.2146 69.9828 68.0146 46.7687 46.9244 50.275 48.1608 40.8017 35.0583 38.0951 80.385 38.7039 33.4863 29.7741 31.8465 29.8857 32.4284 33.8527 38.247 34.1803 33.5799 23.1558 28.0891 26.249 27.3142 20.4573 22.1226 21.7056 23.324 41.2688 43.707 46.4973 47.1304 39.2698 38.8094 38.622 38.531 64.3881 70.0451 64.4118 68.2011 26.3692 27.7713 26.0651 25.3394 0.968783 0 1.36942 1.08817 47.7833 42.97 40.2629 42.0227 36.6377 39.0286 38.2203 38.8681 17.8693 19.0736 20.3056 18.154 25.0666 25.497 33.6537 65.2736 53.1715 44.8356 29.2749 42.4019 58.4968 40.5597 32.6628 36.2283 31.4865 31.9581 60.0511 5.63479 55.025 18.6039 36.7961 33.9898 62.1392 7.43824 11.0943 37.2132 32.3539 20.8058 30.4587 29.5869 47.3982 9.05665 42.7251 12.5624 35.1949 42.2813 38.7771 31.4022 42.3343 42.3784 20.0028 46.4325
34.8649 37.8139 37.2674 40.7541 37.5228 40.1471 45.534 49.2413 48.6693 52.491 49.3726 52.2249 58.0869 57.1235 54.194 59.6636 65.6475 64.5174 64.2315 61.1412 67.2746 62.5601 51.6988 55.4522 58.9319 54.825 57.3795 58.7037 63.2419 57.0145 63.0098 62.253 66.5267 64.1143 57.7955 61.8322 56.4048 60.1771 33.325 31.5699 30.9177 29.4536 37.5815 34.6311 35.3261 33.8738 45.0778 50.6308 49.8754 56.7116 45.6044 52.9885 51.4252 55.0788 39.4324 40.0789 43.5475 35.8859 20.3215 19.572 21.6642 22.83 7.0435 6.41856 4.38222 3.65486 51.9712 51.7587 51.5876 55.7192 56.4781 53.4258 64.7347 63.3506 63.2638 64.1635 49.7964 54.1844 48.5554 45.7956 38.4202 33.0627 39.8567 70.1088 41.8287 29.6478 29.8392 34.5269 31.8518 30.8778 37.8267 38.2039 36.8206 40.0985 24.3096 26.2702 26.7195 29.0262 22.2948 22.1131 21.8379 19.7476 41.2937 45.5219 42.7503 42.6291 35.9009 36.8976 42.5631 38.7689 65.388 61.7402 59.4291 61.5307 28.6814 25.7311 26.5375 24.8295 0.901447 1.36942 0 0.922409 46.0776 45.9305 43.944 43.5304 38.9538 36.5409 39.1498 38.1956 15.2923 16.4112 17.0382 16.6422 28.2651 26.6223 31.45 65.5768 53.298 45.7199 28.3705 43.6152 61.5013 37.8647 28.7151 39.5105 32.4681 31.0993 62.9187 4.27341 54.239 15.1884 34.0116 39.7858 60.8518 7.80638 11.9919 41.1216 30.5123 21.6354 28.4469 30.6184 52.2416 9.91422 49.4457 13.8591 38.5478 43.4924 41.8152 28.6197 38.8191 38.284 22.3164 38.4471
38.5196 37.1402 35.1113 35.9416 33.3435 35.2262 47.2454 52.5859 47.4584 51.2191 53.3265 58.5116 49.8322 54.5323 63.9434 65.4956 57.0743 58.0397 58.8147 66.7241 59.181 63.1454 56.3608 59.6653 51.1885 58.2535 58.0898 61.4841 56.3015 61.4372 64.7556 66.5323 64.615 66.3327 59.3688 55.9796 61.6876 62.0466 31.9764 27.7171 27.2423 32.5574 34.2752 32.0717 37.9319 33.082 55.0416 49.4753 54.4755 57.4406 47.0064 48.5442 51.3594 54.3409 42.5718 38.9445 40.5759 40.988 16.6971 19.3132 20.4127 23.4314 7.90645 5.59127 4.95645 3.71327 53.0247 55.446 50.2087 55.9987 57.9842 52.0773 66.7739 69.5835 58.0848 60.6224 49.4584 50.9553 55.3726 45.0893 40.9422 39.1754 35.4376 73.4349 35.0524 27.52 29.4523 32.603 28.366 34.4813 35.3576 33.0514 32.5418 35.6473 25.0661 28.0513 25.9445 27.9543 19.3721 21.0243 20.1502 19.4667 41.5962 40.1331 47.9255 42.249 42.3797 41.8282 35.8785 37.2452 63.9619 61.0359 58.7638 62.7319 23.5087 23.9608 26.211 27.8428 1.42176 1.08817 0.922409 0 43.1022 45.046 45.731 46.8561 40.1236 37.5912 39.5766 41.2061 17.3069 17.4471 18.5694 17.4873 29.3266 28.0407 33.9757 55.1706 53.2277 45.0134 31.906 46.4699 53.1108 40.2771 29.4496 35.6146 32.679 33.9473 59.4993 4.75934 50.034 16.0674 38.2252 41.4918 59.5766 7.15782 11.4784 38.6108 36.5896 22.0215 31.333 29.9641 47.9709 9.33649 45.9129 11.8065 36.3027 41.8729 40.2113 31.3163 39.5056 37.6474 23.4038 43.9829
74.8616 74.7726 82.7555 80.1793 69.3815 75.2132 101.896 97.7045 94.9996 100.092 102.319 89.03 93.8936 102.396 95.3334 104.435 108.457 101.745 107.817 106.306 100.917 110.109 98.8524 92.6734 101.173 92.5456 97.9416 104.872 91.3537 94.5202 69.1184 75.4224 84.0828 80.3634 76.2989 71.864 84.5039 79.5518 65.9568 66.4786 69.342 67.1394 67.4694 74.1895 78.0215 81.3374 77.0522 79.8413 79.6033 81.6975 80.2704 68.5096 83.8181 74.7051 58.9648 54.3534 60.8878 55.8422 66.0334 65.134 68.2305 59.8212 36.4928 42.2321 39.483 44.7705 84.0253 83.2526 89.8626 87.5783 69.7008 60.2845 102.261 110.042 97.761 117.366 88.9477 90.7891 10.6571 8.70956 65.078 66.6942 83.4224 116.946 79.9528 76.189 71.6976 71.5981 69.2607 81.5004 68.7188 69.2084 68.9866 70.535 53.856 53.9329 52.0991 54.6894 54.6468 53.7852 58.4339 56.2546 63.5132 68.5793 71.0754 65.0516 80.85 77.2529 82.3202 74.0136 87.2009 75.8931 84.1721 89.3008 66.2128 61.5005 65.9212 60.7268 41.8811 47.7833 46.0776 43.1022 0 0.967932 1.09169 1.44391 73.8648 64.7983 62.9836 65.4481 53.1527 60.7053 53.0143 53.3739 41.7643 18.0671 53.3241 95.0832 102.108 85.3993 64.5 55.7749 100.881 86.3198 43.4646 37.9016 13.8119 29.7477 73.2251 38.8159 98.6458 40.0172 29.605 16.2535 99.9934 54.6715 58.686 64.7219 54.388 19.7514 15.5252 24.6301 74.2085 46.8903 61.3103 43.3334 8.91775 74.7333 7.98116 74.3868 61.3262 61.9079 32.9682 90.1304
84.1016 79.8329 75.9218 71.9258 74.3082 79.2475 86.3137 95.1928 95.9017 93.1121 103.879 102.999 96.0945 108.002 98.5414 102.706 98.4969 113.962 99.2597 105.73 105.822 98.536 85.6343 96.709 99.2049 93.4531 98.2293 91.6315 100.879 96.6533 82.674 74.9578 85.7879 77.8218 75.7618 72.4248 72.3122 81.8624 69.5656 66.5765 73.456 64.6312 67.2513 69.028 79.6265 82.7006 67.9004 80.3176 75.8539 84.5511 74.9145 81.2003 84.0738 81.5773 59.9333 60.621 55.7383 54.6403 57.9766 65.737 64.8166 65.1782 35.8165 37.7207 36.5269 43.2211 82.7019 89.7308 76.1184 83.3194 64.6658 69.567 101.195 106.953 99.6487 112.46 90.9591 91.141 12.2552 9.60525 67.9044 62.4555 77.7671 110.13 75.6612 66.9385 71.5245 69.0211 73.4801 78.032 60.1237 63.042 57.7609 59.3235 53.7028 55.4542 56.6999 59.7063 60.459 52.8975 61.1131 59.1871 67.8407 75.0186 74.6242 73.112 78.6957 77.7868 74.0698 78.9819 81.1929 86.7938 79.4225 81.8253 62.4557 61.4437 69.7453 63.8049 38.4258 42.97 45.9305 45.046 0.967932 0 1.39247 1.07679 62.1119 72.1059 68.7728 70.0665 52.4596 59.653 55.5012 58.6109 46.1564 20.9395 61.0005 110.141 91.2504 76.9511 63.3373 50.0769 93.4182 75.8957 49.6581 40.1296 11.8822 26.054 83.1872 41.2082 91.8277 39.5645 30.8535 14.8682 102.634 53.2359 51.4027 62.2507 56.8398 20.7543 13.7427 20.9702 73.6207 42.6222 54.0454 42.2022 9.38084 85.5849 6.93948 76.1226 59.2274 53.8426 31.2343 82.6862
75.3714 71.3569 74.6105 75.5033 74.3134 70.5382 97.7139 93.8951 103.69 88.86 101.452 97.6539 94.1063 100.135 112.658 98.0422 99.0171 114.757 105.583 105.468 112.995 103.829 98.2635 96.7658 98.5613 100.976 100.875 94.1583 104.944 95.231 77.3174 82.622 77.9369 83.9771 77.4688 74.9757 70.3141 74.5905 72.0348 66.1974 71.4543 74.3814 73.187 79.8733 76.3459 73.7216 65.9537 69.9285 69.6268 80.753 70.0408 67.4627 76.0439 78.716 51.7343 59.4265 54.7557 52.7354 60.6364 57.1704 61.1807 63.0994 40.1274 36.3071 40.589 39.5487 77.498 87.6343 78.5981 93.1888 57.4686 64.3989 112.453 116.059 104.415 113.284 80.1911 83.5741 11.5023 8.53091 64.4283 63.6987 70.6723 109.12 78.6069 73.5687 71.6964 76.2742 74.3784 76.14 65.0638 62.991 68.9375 71.2887 61.4221 55.3787 59.1758 60.4331 60.7136 58.3469 58.9377 58.9589 69.563 73.6313 75.2659 73.149 68.1864 68.9396 69.0547 80.9157 80.6493 78.8602 88.833 86.4258 64.5767 65.2786 69.6425 68.6 39.8764 40.2629 43.944 45.731 1.09169 1.39247 0 0.911501 62.5464 62.3477 64.4915 71.649 51.0542 52.3503 60.526 55.5565 42.0369 19.8689 52.0233 110.283 100.265 71.0267 71.8539 55.3775 104.127 79.887 49.6006 39.9653 12.5017 28.5112 81.3195 41.7175 94.0836 40.3533 33.4784 13.3109 109.168 53.9194 51.7159 60.3523 53.8163 20.6771 14.6375 23.7532 69.332 42.7698 56.6823 38.8231 9.73484 82.3435 8.06475 67.4072 57.3417 65.0858 30.9641 87.3817
82.6094 73.2133 71.146 78.216 80.8707 76.8244 98.6252 91.036 92.905 96.7045 94.2885 91.6903 88.3465 102.199 96.0692 96.018 112.618 105.664 105.927 112.319 108.793 104.387 89.4454 93.9343 89.6745 90.5818 95.3607 88.5597 93.6917 102.522 68.6084 74.3586 80.4725 87.4985 67.7693 80.7319 79.129 85.7884 65.7956 71.3512 63.3495 75.9733 69.128 69.5456 73.3739 69.086 76.6573 71.6379 74.743 82.602 75.2627 71.1273 69.477 77.7374 54.3652 53.9411 60.7169 62.5241 59.5661 56.8659 62.0912 63.2137 38.044 35.8235 36.5845 40.178 88.3919 81.5597 78.5304 79.08 63.7261 67.0863 98.3719 113.783 107.247 107.695 91.6105 97.0072 12.2922 9.11823 66.4074 59.9082 71.2241 108.12 68.3459 74.9028 73.7366 79.4454 78.2994 80.2492 59.1418 67.5139 65.3068 64.4163 52.6167 55.2817 51.5244 56.2401 51.2957 52.3586 53.2582 61.2173 64.2701 63.2653 66.5467 71.9575 78.4223 68.049 79.275 74.8437 78.9026 82.131 78.5423 79.5131 65.0423 63.9296 66.1307 58.4427 42.7577 42.0227 43.5304 46.8561 1.44391 1.07679 0.911501 0 73.2366 64.7192 64.0075 61.9537 58.5885 56.1672 60.8448 57.1443 46.2517 17.845 56.8161 104.464 103.249 73.8214 70.0338 46.22 103.133 88.9566 45.1648 42.6481 11.3681 25.1356 82.7422 41.6298 97.8835 39.0772 29.2352 15.6735 108.277 52.5972 52.4673 59.1042 54.5599 21.8512 14.0986 23.2081 75.8183 40.9978 57.1841 39.4642 8.05508 82.0387 6.0837 69.6973 60.6034 54.3926 27.8311 79.976
56.4743 53.9315 56.9109 54.3027 53.0831 51.7721 64.2146 65.1001 64.9788 67.9337 62.157 63.7095 57.2562 65.2393 61.1209 67.0073 67.5042 59.5249 64.9875 63.5011 63.471 62.5919 67.1702 76.288 67.2333 73.3102 71.4506 76.8438 65.4823 76.5449 100.545 91.0487 109.219 103.018 86.5394 98.8237 90.5103 92.5732 19.7036 19.0442 22.1944 21.5548 17.6339 22.0665 23.4373 23.3218 85.4748 79.9198 94.3081 94.919 84.9078 82.7186 78.1595 88.1342 76.4331 71.4257 80.3021 75.9333 41.002 35.3401 42.9326 38.1441 44.1205 38.0677 39.5038 42.0762 14.1212 17.2847 17.3268 17.6201 95.6745 81.0583 70.4582 70.8707 74.7446 67.2403 30.3456 27.7273 73.758 72.6478 67.844 73.6843 12.6372 76.9535 58.4659 45.0449 48.9682 42.1436 43.9631 43.9081 3.06791 2.20593 2.85556 2.11741 13.8614 11.6368 12.2929 12.1869 48.5213 49.143 50.8576 57.2158 74.9386 71.1754 85.9578 80.5355 67.0071 68.4825 61.6075 63.0119 94.7356 92.4993 90.7464 90.731 20.259 17.7147 20.4547 19.3527 39.5388 36.6377 38.9538 40.1236 73.8648 62.1119 62.5464 73.2366 0 1.06847 0.950738 1.52716 45.6183 46.1605 50.4269 50.6877 60.0234 62.7322 77.258 59.5827 51.9207 83.0009 56.0728 89.9804 67.4547 29.7013 23.0805 80.3811 51.1193 38.2853 19.9986 41.9734 48.0801 59.6241 38.4261 67.4133 60.1114 32.9373 33.0056 6.3789 63.3192 48.0773 52.0661 41.0778 94.5098 31.358 84.3402 34.5006 55.8462 13.5982 59.145 36.6241 18.0904 16.1836 53.2297 42.4474
63.6589 58.1388 61.4118 61.5098 52.9096 50.8822 57.5904 54.9026 63.8723 64.3486 64.5451 55.4227 56.2002 57.9617 61.3143 59.3343 64.3382 60.8034 56.2917 64.9223 67.6393 65.1442 66.5395 77.7416 71.2873 70.3827 71.658 74.2386 74.5444 74.6966 95.8019 95.0687 90.843 103.392 103.007 87.5096 98.4841 91.3655 19.3616 20.6706 22.5053 21.4063 17.3532 20.5109 19.6432 20.6204 86.804 85.0305 83.0289 80.1927 74.3034 79.8638 89.0641 84.676 75.3307 73.0125 72.9549 81.658 40.1198 41.5533 40.1841 43.5325 40.4706 41.4834 45.4229 35.7828 14.5268 18.1746 15.3375 17.5851 99.7107 81.929 72.4327 73.5398 75.9947 68.5821 27.834 30.3625 82.2816 75.487 66.113 75.7382 13.7557 72.5622 68.8556 38.6354 48.1691 46.8121 48.6097 46.2465 3.64588 3.10685 4.24712 3.16044 13.6188 13.2032 13.0826 12.8328 53.3867 58.0094 50.3128 48.8409 72.2273 79.4872 74.5058 81.7774 70.687 60.5157 65.5452 67.3248 93.8886 96.8389 98.0992 99.4085 20.6221 17.3302 18.1424 19.6788 38.0736 39.0286 36.5409 37.5912 64.7983 72.1059 62.3477 64.7192 1.06847 0 1.49878 0.98111 47.1069 51.5285 51.5336 53.5712 68.2553 56.069 74.5248 57.8997 50.3026 79.9179 57.665 87.3428 65.9945 27.7028 22.2151 76.3692 58.5996 41.2901 18.55 41.6436 55.6677 53.793 40.014 66.9806 59.5941 35.889 30.7775 6.65536 72.8608 50.38 51.0009 44.9963 96.7864 32.3328 88.0072 32.5115 61.6562 14.6722 59.5884 36.2973 16.7102 16.2597 57.8254 41.021
61.0925 55.8492 56.5565 57.298 54.2199 58.2601 52.8397 61.7043 55.8067 56.1145 54.6976 64.6753 56.3012 56.8163 62.2488 63.6017 60.8779 61.6099 65.822 58.849 69.2981 66.0871 71.5563 75.7648 76.2115 68.7104 65.582 70.387 68.8599 78.6166 99.7397 91.5642 103.894 98.0175 98.2358 93.6949 99.3563 102.775 19.0544 20.2008 20.4088 21.1683 17.8154 20.1238 19.3459 20.8777 82.8362 93.0299 88.6107 81.7052 77.6153 78.3495 81.134 75.2924 75.956 71.5145 78.2768 71.2842 36.0732 40.0866 44.5788 40.6511 36.0135 37.9158 39.517 35.1094 14.5574 16.1625 15.3623 18.4612 98.7919 92.4155 78.0602 77.3361 64.3336 72.4508 28.8007 26.6392 72.7471 70.0201 70.5518 65.7109 11.8877 69.4292 58.1271 37.137 45.7973 43.5219 48.3952 43.048 3.22169 2.15227 3.27428 1.9411 11.262 10.9102 12.5994 12.1642 51.9885 52.6018 55.4876 49.0298 71.0081 83.7551 80.455 69.902 65.0315 61.4209 60.6877 59.9887 98.9037 105.166 97.8624 93.7141 16.3794 17.1977 18.6317 17.1867 38.648 38.2203 39.1498 39.5766 62.9836 68.7728 64.4915 64.0075 0.950738 1.49878 0 1.02697 47.9433 45.1897 51.7495 45.453 70.4561 55.2435 74.5675 61.7081 52.2866 71.4142 56.929 78.4252 64.7177 25.5154 21.0831 68.9212 60.7434 37.6246 21.5839 40.1716 50.0924 58.9301 42.3987 71.1256 63.2104 35.3648 31.5026 7.2769 62.793 53.8394 50.0935 42.3715 93.5371 28.4206 88.5857 28.9717 62.9043 12.4127 57.0688 36.1863 17.7146 15.597 59.2776 43.0017
54.7936 59.3741 55.794 60.001 58.0918 56.2266 56.8416 63.2607 66.7309 58.0151 60.7299 60.0828 66.1516 62.821 56.9406 65.9592 57.1745 68.5623 64.4744 66.9173 68.9557 60.7522 64.8906 72.8067 73.5936 73.1874 67.5543 71.1629 75.0383 73.707 97.2618 104.056 103.525 110.121 100.62 93.8902 94.5248 96.4845 19.2033 21.9062 21.0999 21.7397 16.7394 17.3397 19.4817 19.9284 83.8888 89.7666 90.1131 85.9211 80.2468 87.0386 88.4548 76.8108 74.9671 73.4688 80.1689 76.0764 37.3995 41.2654 44.6648 38.8527 39.5157 39.9762 38.4786 42.6413 13.3398 16.7262 16.3477 16.3634 98.9318 92.8645 77.5844 73.7854 64.4514 72.1517 28.813 29.9568 84.9106 71.6778 75.7971 74.4449 13.5428 69.8848 57.7892 38.4564 49.0258 42.7402 42.5843 44.6811 4.46161 3.17516 4.24725 2.85067 13.4193 12.5286 13.4436 11.4717 57.8163 48.7029 50.7411 50.3424 80.928 74.1193 86.724 83.963 61.4183 60.7311 64.2752 64.2472 101.594 107.482 93.9988 96.4738 17.6396 16.6821 18.3092 16.9668 37.2445 38.8681 38.1956 41.2061 65.4481 70.0665 71.649 61.9537 1.52716 0.98111 1.02697 0 52.4046 48.0011 54.2775 53.3231 61.1186 60.5642 71.1553 55.5367 47.3717 74.8196 63.6387 88.3464 66.284 27.8656 22.9465 83.2064 62.2564 45.0251 19.2614 40.883 56.4155 57.2035 42.1711 74.8308 53.6535 36.9539 32.5098 7.81346 65.3727 53.9926 57.766 47.8617 93.6013 29.4379 81.4121 30.8663 61.4727 12.6425 66.8128 32.2153 20.523 17.1628 58.6931 39.7245
23.5768 21.4268 21.8216 20.9882 21.4408 21.0816 34.5596 38.9298 42.1986 37.9755 42.9531 45.4727 40.6927 43.3868 45.4896 49.6165 52.4179 47.8129 54.5245 58.0409 55.5448 59.9848 36.3708 35.7537 41.0676 42.3984 41.1221 44.2311 38.2555 47.7994 51.8334 49.9234 55.2471 52.8845 47.16 50.449 48.2589 43.9486 30.9504 34.2126 30.0174 30.8624 35.5977 36.6554 41.304 35.5604 37.1242 36.4892 36.0321 38.7618 30.3685 30.4714 33.1819 33.675 28.9292 27.9497 31.0827 29.3372 11.1911 12.8054 10.9676 14.2817 23.8684 23.5294 20.569 18.4593 54.7643 58.7431 52.6993 53.724 41.0238 37.8941 50.4078 49.583 49.0281 57.1997 49.2652 47.373 60.7175 60.7119 21.7766 21.9832 42.8854 69.8324 21.5597 24.9611 18.3149 21.7835 20.099 22.0018 45.7926 43.1899 42.08 44.9101 37.1488 37.8727 34.5401 34.8525 4.35271 3.34265 4.7812 4.56722 31.0195 30.1926 33.1518 28.3309 19.6921 20.7205 22.7689 23.5684 46.243 53.8292 50.4734 54.8777 30.4686 32.5863 32.7527 32.1124 17.5294 17.8693 15.2923 17.3069 53.1527 52.4596 51.0542 58.5885 45.6183 47.1069 47.9433 52.4046 0 1.0513 0.907809 1.45941 22.1467 40.6117 24.5103 52.4407 41.1685 30.2633 12.8352 36.783 48.8373 41.8172 51.7654 34.9989 41.4383 46.7915 68.8328 16.7448 39.887 20.9754 54.4487 50.984 52.742 13.2124 18.5 50.3349 21.9978 40.0727 45.8527 49.579 38.1158 26.7252 38.4105 30.2844 49.639 54.8274 49.807 27.5624 58.9411 58.175 29.5076 37.0737
20.2386 20.2722 24.2751 21.2985 20.0161 22.6414 34.6218 36.8183 36.3611 42.2648 40.0428 44.8176 41.1259 41.2055 49.569 50.9751 53.1939 54.7158 47.8389 53.0288 57.4887 51.7172 40.1464 34.9815 39.8208 40.8905 43.5171 37.0426 45.2249 40.1715 52.2767 51.7988 54.9268 56.2371 44.846 51.2123 50.3273 47.2127 36.0522 32.9252 34.2832 32.2025 41.2658 39.3921 34.4321 40.1669 33.8054 34.2518 42.0236 39.4019 35.3075 32.2398 35.7041 37.7203 33.3178 30.8067 35.8145 31.0814 10.4936 12.0807 9.05269 11.8836 22.5549 22.2967 20.7112 21.569 53.1793 59.4007 56.5477 55.4927 40.95 40.7677 44.5101 53.639 46.1463 48.0047 49.3258 50.5206 64.0082 64.0995 21.7983 23.2546 45.3212 66.4805 19.3012 20.0662 20.9188 21.2648 20.7898 19.8235 42.6048 48.7245 44.2126 44.7952 38.1378 41.0562 39.7771 40.544 5.12755 4.11123 5.61377 4.83612 29.8622 28.4911 30.6418 29.871 21.7763 19.923 20.9208 24.6431 52.4408 47.753 56.3338 55.1042 33.7099 32.6404 31.6795 33.1487 18.0447 19.0736 16.4112 17.4471 60.7053 59.653 52.3503 56.1672 46.1605 51.5285 45.1897 48.0011 1.0513 0 1.32972 1.04358 25.3658 38.0288 23.5176 47.5285 37.9693 31.3397 12.7491 41.26 47.7335 38.259 49.0269 40.1834 43.5239 51.2522 65.7882 16.8448 43.8637 20.2963 56.2569 45.428 54.449 13.9081 17.7883 53.384 21.787 40.2507 45.9794 43.3865 38.5867 27.3536 35.5818 29.1534 52.0042 50.4593 57.1593 26.5556 50.5354 58.5963 27.8526 33.6352
22.0716 20.4167 23.3739 21.2226 17.9922 20.8357 40.2945 36.6215 34.8821 39.0862 39.2061 41.7733 38.7642 42.3417 46.8842 48.4212 50.8458 46.8953 57.4457 48.9041 58.1876 50.9361 38.4997 40.9778 39.0836 41.4504 38.6172 36.7132 44.192 40.0077 49.1927 48.5315 53.3126 54.5582 46.1329 41.9235 50.4083 46.5691 31.2247 32.4707 31.4659 34.0818 40.6921 39.9771 39.2646 36.852 34.3596 36.8049 39.993 40.6627 32.2425 34.0911 36.0814 31.963 33.0122 28.7724 30.5519 29.2889 10.2972 13.8829 11.9048 14.7394 25.4194 25.7119 22.0554 20.3744 58.419 60.2007 57.7501 63.4395 41.4879 40.6166 51.4012 47.2965 46.1611 49.36 48.2482 50.7381 63.6062 57.7428 21.7982 19.9652 43.3946 63.6666 20.162 22.7585 18.9865 20.1573 20.4903 21.1846 45.5227 53.265 48.2747 52.309 40.2691 40.9458 39.6913 40.0048 3.24689 2.68038 4.18633 3.60874 26.4112 30.4323 29.8829 27.4714 22.1996 22.5475 21.8888 23.4576 50.8456 46.3005 54.2053 53.1009 32.5606 34.7786 34.2535 34.9532 18.0651 20.3056 17.0382 18.5694 53.0143 55.5012 60.526 60.8448 50.4269 51.5336 51.7495 54.2775 0.907809 1.32972 0 0.941172 24.9968 41.2537 24.404 53.2238 44.9198 27.0598 12.7249 40.4888 45.0054 42.0044 47.1766 34.4446 43.4088 50.4988 69.458 18.818 41.3732 17.9876 49.6419 51.3632 51.7568 14.0925 19.8839 47.7873 19.6991 38.7823 48.8768 43.2539 40.198 29.6412 38.7878 32.3557 51.6456 55.8362 57.1774 23.2114 61.6524 56.6015 25.8966 36.9967
21.2917 19.2629 20.5566 21.5448 17.4927 19.607 38.102 37.9509 39.9857 36.2753 38.7196 41.8556 39.2915 40.5722 48.4188 51.1158 51.5203 45.2116 49.3958 54.9013 48.1867 51.7652 36.4689 38.3621 38.9956 43.1313 37.2915 39.5009 40.0462 41.7644 53.9235 46.2113 54.4267 55.9523 44.8301 50.3081 47.134 48.1457 34.1234 29.7335 30.1556 30.5258 40.931 38.0761 38.446 39.6209 36.3405 37.0752 39.9979 38.461 35.1375 36.311 33.8519 32.1217 35.1402 32.0918 33.3814 28.6864 9.41984 11.7329 10.489 13.1004 22.9363 24.4544 21.493 23.3381 54.0858 62.1238 59.5649 57.0046 39.4698 37.4743 49.8488 50.6362 48.6299 50.7625 44.6109 48.625 69.1195 64.4839 23.2056 19.647 47.1019 64.7968 21.7595 21.7325 19.3853 18.624 17.2384 18.8507 51.5774 46.912 42.1247 43.8743 37.7253 41.7003 40.9417 41.063 4.38262 3.31167 4.51827 4.54498 28.0502 26.9796 31.0006 30.6822 22.8687 22.8521 22.6936 20.4966 51.1004 48.1855 48.6096 50.3459 28.4129 34.5535 29.1901 32.6369 17.1267 18.154 16.6422 17.4873 53.3739 58.6109 55.5565 57.1443 50.6877 53.5712 45.453 53.3231 1.45941 1.04358 0.941172 0 25.7688 38.34 23.3605 48.7288 39.0385 26.5574 11.6914 38.8281 47.2978 39.7443 49.9655 41.9737 47.9853 47.6225 67.0465 18.6938 39.9049 20.4038 49.7887 44.1066 51.7416 15.8144 18.9983 51.0613 21.486 36.4219 48.7505 52.8367 41.4313 26.1275 39.4244 27.768 56.8971 53.6657 58.7809 21.993 58.5534 50.2924 27.3428 33.9173
42.5141 43.0114 45.543 38.9225 41.4313 40.7365 60.7414 55.9274 56.6007 64.3218 62.9787 59.1489 57.7446 69.9072 75.961 73.7472 68.4269 67.3511 68.8844 81.1648 78.9187 79.2369 56.9568 50.541 55.5073 57.0234 57.2911 58.6644 61.7317 58.3657 34.975 39.0055 39.9345 38.9664 36.0573 37.9382 37.1695 37.8495 58.0839 50.8368 54.3602 54.3218 64.1629 60.5666 60.7332 63.4035 26.4771 30.7612 32.0902 31.6509 27.6096 28.1066 33.838 31.5619 13.7664 12.4688 17.7714 15.627 36.7003 38.6417 33.8415 35.2695 28.2712 27.3179 25.3904 28.0673 70.8352 83.7141 69.8991 83.4034 25.9639 26.5 68.3704 70.3884 67.6629 67.9854 62.921 75.3781 45.5067 43.0668 19.7418 22.4327 70.0474 86.0906 36.5 44.0293 43.0566 41.8525 46.545 43.5958 63.8539 60.7899 68.5045 59.6141 53.5762 50.0542 51.9298 54.8351 22.9901 23.3338 20.13 21.3571 24.7351 25.0612 25.9922 26.4744 31.7671 31.3 34.0644 32.4835 43.5979 40.5125 43.4346 44.2637 51.9749 56.5199 51.1252 47.4375 24.4071 25.0666 28.2651 29.3266 41.7643 46.1564 42.0369 46.2517 60.0234 68.2553 70.4561 61.1186 22.1467 25.3658 24.9968 25.7688 0 26.6967 11.4975 73.1701 69.9753 35.2087 27.0258 19.9675 69.4304 63.2019 60.268 15.3028 36.9609 52.8496 87.0152 25.14 62.2137 11.8126 55.3728 33.5115 71.6911 32.2239 32.8436 67.9352 11.9569 33.5911 39.5846 45.5311 26.2731 33.997 19.5678 33.3816 44.3794 78.3629 43.0267 45.8723 63.4172 71.9523 15.3087 51.8019
65.4081 56.3106 56.6323 64.4103 62.5471 63.7864 75.4551 74.1661 72.0748 82.4188 85.0665 74.422 87.7236 86.9267 89.105 86.0953 80.0444 95.6876 96.627 83.0118 95.0627 96.7387 81.5211 72.6926 70.7553 70.5768 78.8791 71.8717 80.9665 79.1091 55.8195 62.5609 66.7446 58.7897 62.1415 56.7764 56.6539 57.0407 53.9145 53.3628 59.3522 56.1063 56.6776 65.6801 67.406 58.1852 60.1231 51.6709 51.8391 62.8542 56.2766 59.7005 59.286 64.0542 39.6211 37.9699 36.6085 38.0436 43.1817 46.7128 45.0018 47.5853 23.9129 26.7761 21.6617 23.0555 73.4084 73.5706 76.328 83.9653 47.9869 49.4746 82.0181 81.608 83.3903 95.885 69.3056 82.0318 25.1562 21.0895 47.2797 43.3425 69.6385 110.905 53.6239 53.2743 60.3931 54.3892 53.4251 53.5552 62.092 62.6261 57.121 57.993 50.2587 53.6284 48.4481 51.9062 35.5251 40.4683 41.7425 41.1341 48.5355 51.9617 49.5325 56.452 54.5473 50.9818 51.0917 59.1191 60.906 63.625 66.4743 68.9817 48.4038 49.0009 52.1873 53.9924 26.4583 25.497 26.6223 28.0407 18.0671 20.9395 19.8689 17.845 62.7322 56.069 55.2435 60.5642 40.6117 38.0288 41.2537 38.34 26.6967 0 37.4324 81.9404 81.7438 53.2755 52.8597 37.6297 83.8884 64.9945 45.5743 24.1871 11.1881 27.0533 71.8085 25.8349 80.8922 19.7483 31.6645 9.42899 91.3914 37.5827 40.1244 59.2476 40.4302 11.4757 15.321 22.9446 55.4521 27.7885 40.9428 31.4224 18.2156 74.185 18.0837 52.3451 56.7395 51.1927 11.5144 68.0247
33.7704 39.644 34.3791 34.5382 34.3481 39.6948 55.4636 53.2666 56.6771 56.2742 55.5542 62.4973 63.6886 62.4095 61.1535 60.8353 67.0417 67.3872 77.5543 74.6223 75.058 78.0592 46.1277 50.1293 51.5196 52.8251 51.5617 53.3485 52.6715 54.2302 26.7093 27.5266 30.4481 30.1926 22.0843 23.6401 26.5678 28.7187 58.258 55.4833 55.7786 56.6988 61.4132 67.0218 57.1535 61.839 18.2285 19.6098 18.8535 19.8927 17.5513 18.8452 20.0581 21.7372 8.76461 5.17905 7.71299 5.82345 34.8919 38.8091 33.3373 33.4967 36.4133 41.3398 35.9154 35.6163 74.8454 83.0704 87.281 82.7175 17.2353 17.4229 57.7829 59.2895 67.7425 74.147 71.2365 73.4633 61.0093 58.3917 8.39099 10.6837 69.9218 83.0471 26.3543 41.1596 45.0901 44.5031 41.485 41.2972 70.1961 75.4179 65.6731 69.6884 63.1619 65.6684 65.5881 56.1293 18.9917 20.1828 22.5183 23.3122 13.9924 14.1105 13.4694 16.2558 25.4344 27.85 26.0851 27.9245 26.811 28.4575 28.5993 30.7438 61.2737 55.0284 50.3096 57.1098 33.3273 33.6537 31.45 33.9757 53.3241 61.0005 52.0233 56.8161 77.258 74.5248 74.5675 71.1553 24.5103 23.5176 24.404 23.3605 11.4975 37.4324 0 72.5961 61.2427 25.255 26.0063 19.0654 67.12 63.2171 59.5824 19.0879 44.8615 65.4219 99.5121 35.3565 55.1596 23.7679 63.2674 42.6992 70.3411 35.0781 41.4055 67.5951 2.41986 43.3218 46.3874 57.6174 17.6345 44.1696 13.4678 48.0186 58.1178 72.405 61.0303 48.2599 73.9203 77.0548 25.3297 53.4635
32.3695 34.8116 35.4931 30.378 33.3296 28.0414 17.326 15.7956 17.0084 16.126 10.7315 11.7386 12.4077 11.9116 4.97091 5.2431 6.42836 6.75019 1.78716 3.08092 3.85116 5.19265 32.8235 32.9196 33.7809 29.1864 23.1235 27.1721 26.3941 26.9848 94.2782 93.8521 89.6369 91.3715 76.2663 73.0315 82.5104 73.3128 44.3515 42.4557 40.5341 40.7549 42.7794 41.0339 39.1227 40.5458 65.742 73.6727 69.0501 63.5199 61.1393 59.2257 60.7206 67.3468 70.5127 67.9741 73.876 74.1552 46.095 43.7304 44.0503 42.1629 64.0488 64.7191 66.3507 66.6892 55.224 52.5318 49.9818 57.6865 84.53 88.7735 21.9788 19.3768 14.6362 13.0135 36.1283 36.76 104.352 102.286 59.828 57.946 47.65 19.3568 46.4487 28.3398 31.4833 31.5178 31.5179 31.9067 59.1565 66.5517 58.3305 65.2069 59.5744 54.0691 57.703 54.3336 48.0828 55.8896 56.0107 46.8659 69.3467 70.0919 60.7546 58.3999 42.5321 48.9328 42.7908 43.7554 87.8376 78.1281 81.5901 80.5367 44.1991 45.0632 48.1316 48.2475 63.1843 65.2736 65.5768 55.1706 95.0832 110.141 110.283 104.464 59.5827 57.8997 61.7081 55.5367 52.4407 47.5285 53.2238 48.7288 73.1701 81.9404 72.5961 0 10.202 53.7919 46.8036 85.7037 8.9223 32.8783 70.1143 93.3692 90.9614 80.5118 75.9341 67.6423 11.2337 67.5379 90.7938 91.2643 1.77485 57.8466 48.9562 71.3908 70.9703 79.9829 82.2523 87.103 77.5298 70.2134 86.0748 62.2973 92.8887 50.6035 99.5509 32.357 76.5057 77.6205 80.7506 18.2847
26.0267 26.1114 24.4726 27.9817 29.3653 25.8123 12.5676 13.2818 15.2271 17.556 9.78665 9.92702 13.2586 12.8931 9.94033 11.6976 12.3152 15.1968 11.1344 12.3479 15.4221 14.9412 26.5512 30.5552 30.9791 33.4024 25.3202 25.6446 28.0435 27.9394 81.7954 77.8757 75.2605 84.8471 80.2239 68.8922 78.1184 73.7058 30.364 32.3694 28.4212 26.606 34.1034 32.4853 27.2667 29.8892 69.6969 70.814 69.6864 69.207 59.6227 58.3478 57.1759 57.1869 68.9133 65.4705 65.3582 71.5526 35.0474 34.7351 34.2077 28.9066 54.7275 61.5226 53.414 53.9841 46.1645 50.5493 44.8778 47.1073 77.8284 81.2903 24.3556 25.1578 20.0162 20.5756 27.1737 29.6475 94.3217 98.1156 58.0806 49.2241 34.3311 30.2832 40.3304 22.5214 22.343 21.3852 22.3028 23.2733 54.5063 52.3989 55.2721 49.4296 49.4494 44.691 51.7386 48.3387 45.8762 40.6917 40.8206 45.0689 59.3137 54.398 61.6651 59.6461 40.6006 42.0531 41.5008 40.4391 81.2944 71.4304 83.991 83.3068 37.7925 33.5527 32.6524 36.2878 54.9562 53.1715 53.298 53.2277 102.108 91.2504 100.265 103.249 51.9207 50.3026 52.2866 47.3717 41.1685 37.9693 44.9198 39.0385 69.9753 81.7438 61.2427 10.202 0 47.5262 40.3772 80.4282 10.787 21.5822 70.2227 72.2608 78.9533 81.0484 67.1445 51.8004 3.47912 65.0591 73.0522 91.1977 12.6971 48.4564 43.2107 50.6084 61.7592 73.653 80.771 73.0093 66.3707 54.6724 71.7065 54.0462 87.5311 37.7152 85.6673 21.1285 67.146 65.7102 63.0386 10.3128
25.1125 24.8838 25.905 26.5873 25.7045 29.9372 38.9981 37.3068 37.8938 34.9246 44.6366 42.5689 44.218 39.7641 52.1551 50.5417 51.3103 45.8819 54.0272 53.2625 60.3509 53.6428 25.5959 28.0052 25.9553 29.3676 30.1217 30.4681 35.9928 33.0014 29.3786 31.0437 30.2264 27.6788 22.8228 27.1316 24.2478 24.9226 61.0358 64.1233 57.6526 53.2457 66.2709 67.5526 58.3485 63.35 15.0388 13.0197 13.4311 12.867 9.12324 9.57229 9.49273 9.08172 30.4258 27.1501 25.8014 25.9848 39.8631 38.0358 32.1385 33.1484 51.8225 48.6511 49.6302 48.3745 79.0254 88.1948 74.838 82.3552 33.0433 27.6808 43.0907 42.5553 48.8221 50.4822 62.8396 73.7255 77.1217 77.1404 12.6896 12.423 76.5993 61.8056 15.5674 40.1983 37.2034 33.9643 32.5795 32.3384 82.7973 73.2019 80.0545 72.623 62.9822 63.0368 67.6755 65.1333 24.7426 26.6249 27.2776 24.5073 10.1611 10.1974 9.63736 10.244 10.4709 12.4068 9.83177 10.9954 27.6509 25.4221 26.6306 28.6499 60.4738 55.7134 58.4768 54.8941 43.7454 44.8356 45.7199 45.0134 85.3993 76.9511 71.0267 73.8214 83.0009 79.9179 71.4142 74.8196 30.2633 31.3397 27.0598 26.5574 35.2087 53.2755 25.255 53.7919 47.5262 0 17.4383 38.163 43.7069 63.1439 73.5859 46.7258 61.9632 71.695 93.357 43.6925 47.3464 40.7453 75.8184 69.7307 60.7421 42.4308 48.3477 80.0525 23.5518 66.7043 63.8998 67.2721 18.8115 61.2301 33.7133 56.8656 70.1771 76.125 74.028 44.9246 81.3466 87.7708 45.9147 49.0847
10.6687 12.8756 13.4645 14.0585 9.98794 14.3767 31.0298 28.2604 32.3648 28.5015 31.3113 35.8159 34.5806 37.7961 37.0868 37.9227 42.3777 41.0142 47.1762 49.2923 44.0677 45.7494 23.8667 23.7082 25.1024 26.3556 26.5951 26.8501 30.9471 34.2843 44.9413 45.8469 41.5159 44.0984 37.7365 41.378 40.5264 43.6143 41.1874 42.2982 41.6069 39.7786 42.7774 46.6831 42.7705 45.6995 29.2082 30.5378 32.7346 28.8398 22.2599 24.5064 24.0806 25.9214 32.4439 29.4857 30.7983 30.8909 16.8989 20.9793 15.5997 16.4266 36.7555 39.8616 35.5292 34.9038 62.3979 67.932 62.7255 61.1688 39.4592 41.1378 39.5687 41.1127 42.5566 40.7915 53.9314 54.0476 75.5244 77.1161 20.0438 17.0129 48.7124 58.2712 6.94222 24.1106 17.4391 17.718 17.7875 19.9933 53.7903 55.6674 61.7727 53.6177 49.1054 53.183 46.5604 52.4881 10.1797 11.4789 9.78004 10.7036 21.2694 22.0135 22.2037 22.2296 8.4845 8.3204 9.62165 9.77304 45.6411 38.9233 47.8943 39.0187 43.7536 37.0245 35.915 40.4008 31.2074 29.2749 28.3705 31.906 64.5 63.3373 71.8539 70.0338 56.0728 57.665 56.929 63.6387 12.8352 12.7491 12.7249 11.6914 27.0258 52.8597 26.0063 46.8036 40.3772 17.4383 0 43.3925 37.7916 42.6315 56.671 46.1415 59.5938 64.198 80.7232 34.0935 34.3185 27.9815 71.0302 58.0555 47.3872 26.6623 30.657 63.9121 21.7728 46.3591 53.8217 65.2664 32.3801 36.783 36.7413 43.8591 57.8781 62.0223 66.8636 28.993 72.1588 71.8491 40.5599 30.7325
50.0923 54.1327 50.9777 60.604 57.5729 62.3355 70.2413 67.7649 77.0269 67.031 78.0364 78.8682 70.8534 79.1282 83.0456 81.423 89.1878 91.3586 88.6506 90.9868 91.7081 91.5106 70.9823 70.032 66.9072 66.2547 63.4661 74.5465 69.7629 73.3446 24.6243 27.7467 28.8167 29.2137 26.5486 28.0966 29.7346 30.7202 79.1311 71.4128 67.9452 66.127 77.5823 78.5263 71.1837 74.0921 27.2257 26.0801 27.0822 32.4735 32.836 32.7191 31.4516 34.3843 10.5657 12.2059 12.7632 14.9348 46.7414 49.9808 51.57 53.977 46.7172 43.2377 43.9404 49.0135 96.8044 107.191 88.0765 98.1266 12.4339 13.7571 72.2172 77.5321 86.6545 94.4711 87.7444 83.0107 53.8991 52.8453 27.2906 28.7231 89.2575 94.296 46.7714 68.4374 59.7526 65.9687 61.8958 60.2486 85.8398 86.3523 82.5623 79.5645 66.7155 77.3118 65.1717 67.2471 35.4442 35.599 35.9026 42.4428 25.5399 29.5024 29.9901 30.0108 40.4566 44.6407 46.7018 44.8701 31.0332 30.4763 33.3701 33.9311 64.0082 76.8407 74.9392 72.1751 43.469 42.4019 43.6152 46.4699 55.7749 50.0769 55.3775 46.22 89.9804 87.3428 78.4252 88.3464 36.783 41.26 40.4888 38.8281 19.9675 37.6297 19.0654 85.7037 80.4282 38.163 43.3925 0 73.6967 86.7363 73.7967 11.3198 42.5671 66.9579 96.9489 40.9754 71.4073 32.4125 64.6207 37.3756 84.9959 49.3016 49.8761 79.2778 22.7668 49.148 53.9747 64.969 27.036 59.2542 7.31567 58.3289 57.8684 92.3894 59.6406 64.9951 81.2447 93.9252 32.397 80.5491
25.6876 22.411 25.5128 23.3315 27.5546 25.0941 7.57369 7.50496 7.22912 7.73197 3.58492 2.45359 1.98698 1.91727 4.7191 4.66918 5.02394 6.11175 10.0138 10.0663 11.1227 11.2263 21.4485 19.2676 22.1953 22.8285 14.14 16.9915 16.7034 16.8331 73.1444 75.7677 72.0551 69.9307 64.0049 77.596 75.0635 68.482 38.9519 39.2706 40.9666 38.851 43.1576 39.5435 37.0188 37.6452 61.7467 62.8094 56.9355 61.4278 56.6722 51.911 51.433 54.0072 71.9154 62.8774 71.5098 59.6208 36.6981 38.4554 34.7788 33.278 66.0004 68.462 59.5361 56.0527 58.1769 61.0447 55.5115 58.3871 76.9722 71.329 14.4258 11.8516 8.658 9.13454 41.02 36.0575 112.584 109.483 49.9973 51.0611 53.2696 19.1191 36.9233 24.6587 26.6276 23.6851 23.3192 24.0126 62.4476 65.3482 60.7759 62.8774 64.3705 57.8025 56.646 62.5204 45.7 47.117 48.0276 47.2821 53.9228 49.2314 49.9617 54.6718 38.9184 37.9431 39.7137 35.3288 80.4603 68.4995 79.1104 73.5543 48.6859 46.6496 45.3813 43.8037 53.9196 58.4968 61.5013 53.1108 100.881 93.4182 104.127 103.133 67.4547 65.9945 64.7177 66.284 48.8373 47.7335 45.0054 47.2978 69.4304 83.8884 67.12 8.9223 10.787 43.7069 37.7916 73.6967 0 36.3313 69.6358 80.5704 93.02 87.7481 74.8917 62.0552 8.4385 62.6351 82.547 92.3875 10.6181 47.3121 42.2084 69.5285 58.235 82.5621 78.2391 82.6733 65.9507 64.1908 78.1753 68.4639 96.4706 47.7738 87.592 28.4685 75.6049 80.6181 75.2864 17.6833
35.5074 33.3536 36.3193 33.1417 34.4542 29.4436 31.9399 36.0923 36.6913 38.8556 29.9384 34.7926 33.4791 37.0462 31.1335 32.5021 34.0088 33.1449 30.1964 33.0564 37.2489 34.3467 49.0863 50.0022 49.2024 50.8394 40.6412 45.0504 41.5135 49.2993 82.4793 79.7047 93.2437 92.9169 85.9221 75.5051 77.2549 77.4357 13.0742 12.7801 12.4033 10.2904 11.1517 8.62664 7.72868 6.6081 69.3804 75.3401 68.195 76.1774 63.6438 68.3654 66.4521 69.64 73.7541 67.4993 76.4526 64.2695 26.5579 26.6775 28.4753 25.8341 45.0463 42.6496 48.3397 39.5628 24.4873 25.2669 24.4919 23.6955 87.7379 84.3293 43.1512 47.8689 42.6746 38.9214 9.02734 9.76705 93.0239 82.4628 59.2123 58.8933 15.7111 49.1554 44.052 19.9807 26.2366 24.9588 27.7078 26.6575 28.4375 26.7741 26.204 26.3502 29.1141 30.8697 28.6383 30.4258 45.9699 45.6986 43.679 46.273 60.9342 68.4679 68.4894 60.3454 46.8669 48.8617 53.0957 49.9035 87.5265 84.5292 91.1433 87.2602 17.2465 16.2238 17.9239 17.5462 41.4942 40.5597 37.8647 40.2771 86.3198 75.8957 79.887 88.9566 29.7013 27.7028 25.5154 27.8656 41.8172 38.259 42.0044 39.7443 63.2019 64.9945 63.2171 32.8783 21.5822 63.1439 42.6315 86.7363 36.3313 0 43.1534 80.7899 70.0339 54.8841 44.8839 45.2613 23.2675 51.0704 61.1107 82.8335 32.4589 36.2605 27.1646 34.9382 65.722 67.081 65.0597 67.9633 80.8277 38.7434 75.3249 43.8234 69.6449 20.4923 70.6268 13.884 48.2658 42.5957 58.882 18.4996
59.6823 65.5479 63.3309 60.4661 64.3424 65.777 67.0605 69.9097 68.0966 76.7415 69.7266 65.8171 73.3809 81.7594 72.4804 76.9056 76.3171 75.0276 79.7166 72.592 79.1767 77.2822 79.8279 87.2108 76.823 83.2041 81.7899 77.7716 83.6075 74.981 96.1069 92.384 89.6641 90.4439 80.6954 82.2882 91.3252 94.032 32.3177 32.9523 35.2514 33.2338 32.9865 35.4252 36.3066 37.3606 87.858 77.7684 84.4716 86.7564 85.3841 77.6396 81.7328 84.1331 66.7957 63.1382 75.0645 71.0217 40.3613 40.1447 49.2031 42.0502 26.2904 29.7821 32.6939 28.8442 39.1725 39.8074 41.4259 41.0806 87.0519 76.4094 90.0298 87.0533 83.4996 85.7994 47.9705 45.5299 61.9771 57.7481 69.3755 66.2914 30.9023 99.4313 63.9988 53.4709 50.7994 47.5831 48.8661 52.6578 18.5142 20.1299 21.2536 19.1039 16.9083 14.8449 17.0641 16.4628 52.6637 49.2625 53.138 53.9259 73.2543 71.7028 70.3882 82.5745 63.4053 73.3324 64.8913 75.2451 93.2867 94.3049 102.132 86.7584 27.4334 29.1808 29.5556 29.2607 28.6628 32.6628 28.7151 29.4496 43.4646 49.6581 49.6006 45.1648 23.0805 22.2151 21.0831 22.9465 51.7654 49.0269 47.1766 49.9655 60.268 45.5743 59.5824 70.1143 70.2227 73.5859 56.671 73.7967 69.6358 43.1534 0 69.5705 37.3621 18.7294 31.2872 32.0368 60.5305 44.798 19.717 50.2816 70.7187 30.1316 30.5031 17.3283 62.7801 29.7467 36.0526 21.8243 88.3312 23.2744 77.8715 20.0807 34.0208 32.4261 38.7847 46.5408 10.832 12.8403 40.6643 53.4988
51.9211 56.4029 55.5056 61.4697 50.1777 52.9818 78.7584 76.983 70.8573 73.6657 72.0645 84.4124 72.5099 85.0885 90.3858 82.1346 88.2358 91.1923 80.5695 95.5366 94.6551 95.6023 63.5038 63.2642 71.8013 67.2944 74.0043 66.9996 76.4357 76.2099 32.3294 37.564 38.3444 43.0709 32.0109 37.6297 37.6223 36.1208 65.7839 63.1707 65.1247 68.7114 75.3602 79.7772 70.7592 70.8283 33.7465 34.8874 36.7589 41.1436 38.6179 39.0345 38.7388 41.8022 14.979 16.755 16.9659 19.9756 46.5818 51.5532 44.9577 54.4386 37.2313 40.5225 38.9768 37.5045 85.5464 92.6573 85.6362 84.1644 23.3483 21.2716 81.0984 74.0865 86.8243 82.8475 87.1636 80.227 38.2921 38.414 29.7453 30.2213 80.0008 105.507 49.0809 58.8887 53.9812 55.5576 58.121 57.8226 70.1019 78.4426 67.9739 76.3241 58.5399 64.8859 69.2961 67.1027 33.4844 37.036 34.2519 37.5767 33.4939 34.7912 31.8735 34.1477 49.5216 43.4103 42.2896 42.8623 40.0984 41.4066 39.4995 42.1329 67.5169 68.4244 58.9876 63.1762 39.9312 36.2283 39.5105 35.6146 37.9016 40.1296 39.9653 42.6481 80.3811 76.3692 68.9212 83.2064 34.9989 40.1834 34.4446 41.9737 15.3028 24.1871 19.0879 93.3692 72.2608 46.7258 46.1415 11.3198 80.5704 80.7899 69.5705 0 37.5347 50.5732 96.6272 30.9686 82.6703 20.0476 55.3136 26.9712 92.5945 45.9729 45.9724 76.0409 21.0913 36.2599 35.8943 48.5813 32.7157 42.1527 17.5364 50.1836 46.237 83.9137 39.7188 67.7839 82.4191 78.4285 21.5103 68.2213
62.2058 70.5235 72.6169 65.767 65.2756 66.9413 81.4135 80.5819 80.3261 91.6871 85.6583 85.4888 82.4141 92.3519 87.8744 95.2193 101.402 91.9501 102.237 89.7437 90.6955 91.3714 86.5314 91.2347 81.6822 78.3963 76.9743 82.318 88.1906 79.8828 65.7079 74.6116 76.166 73.2867 65.6633 77.0724 65.9997 70.3326 62.2429 53.4833 53.9962 56.9279 57.2773 61.8014 57.8449 61.3788 59.2461 65.8301 74.4806 64.7362 70.6526 65.3641 62.7877 66.7739 50.324 46.8821 53.2327 54.4056 52.0773 52.0159 55.6199 54.1417 23.7206 28.1506 26.5252 29.8178 72.1677 67.9257 68.1132 78.0195 58.088 57.3762 87.1455 100.116 97.0589 98.7619 80.3416 75.9369 22.524 19.5369 58.5425 52.0955 68.3289 109.474 69.2455 61.4833 64.7831 56.2773 59.2631 65.7362 56.0787 58.1282 50.0613 59.3541 45.8987 46.8995 47.3538 49.7787 48.4847 45.9034 50.9244 52.1904 55.511 61.5005 57.8794 58.2359 63.0434 69.305 67.2411 64.0061 69.4953 80.0275 79.8938 69.4465 54.7365 50.252 50.3968 48.6319 31.1429 31.4865 32.4681 32.679 13.8119 11.8822 12.5017 11.3681 51.1193 58.5996 60.7434 62.2564 41.4383 43.5239 43.4088 47.9853 36.9609 11.1881 44.8615 90.9614 78.9533 61.9632 59.5938 42.5671 93.02 70.0339 37.3621 37.5347 0 22.3951 70.3522 24.7464 87.6906 30.1671 26.3193 13.2569 90.2652 35.3759 41.7249 47.2375 48.6323 8.88845 4.27878 14.4753 63.397 32.5553 53.7781 28.1829 7.75525 71.6532 9.25178 64.7591 52.4415 47.2123 20.3328 77.2199
75.7746 75.0434 74.4678 71.6258 70.1704 67.4051 74.1805 74.2954 78.7273 88.2656 74.3849 76.7063 88.9022 81.9565 85.2046 86.7405 87.2569 87.1447 98.0403 96.7415 85.1386 88.4841 92.7369 88.6085 85.2717 95.7839 93.4036 84.9519 83.3773 83.5361 85.5916 82.2841 80.7697 87.7953 88.5259 92.7172 89.9136 87.6209 49.4918 52.0053 47.8615 46.5854 50.6537 52.8771 53.0677 48.9826 81.8464 80.2323 75.2548 82.1771 72.6138 73.6425 72.4468 81.0285 68.958 65.7628 64.2062 68.6802 52.2987 51.7438 50.3487 55.374 26.7779 28.4135 26.705 26.7543 60.2846 62.0964 51.4837 63.8532 70.387 78.3564 86.0933 86.2891 101.268 95.7278 63.3798 64.4131 36.4387 40.5068 70.9709 71.9072 54.3752 114.567 67.3857 59.3386 57.8806 64.4061 56.7656 67.5228 38.9366 36.9427 38.2045 40.0691 33.9678 33.7585 29.5698 32.2949 49.6597 48.8667 51.5822 50.4866 78.2188 71.6072 79.5053 66.4657 66.9692 71.3686 66.3439 64.6622 95.0088 84.3001 96.0323 91.618 43.2177 44.3009 40.1554 39.5418 32.4071 31.9581 31.0993 33.9473 29.7477 26.054 28.5112 25.1356 38.2853 41.2901 37.6246 45.0251 46.7915 51.2522 50.4988 47.6225 52.8496 27.0533 65.4219 80.5118 81.0484 71.695 64.198 66.9579 87.7481 54.8841 18.7294 50.5732 22.3951 0 53.553 30.3474 84.9021 40.3158 4.74683 38.3367 88.0836 38.6835 40.2131 33.726 63.1051 21.3993 18.4852 6.27593 86.1591 23.5595 69.6321 18.9285 19.7627 53.4824 19.4549 61.0707 27.2399 32.8567 34.7917 72.126
78.1702 77.2627 78.4639 72.5469 72.7104 66.4602 75.1706 76.9796 79.4815 71.8327 74.5461 78.4863 78.9943 73.028 76.1407 70.9191 84.4021 77.2678 74.8395 80.2484 77.8828 81.9116 94.6797 94.4943 95.6199 85.1123 79.6194 94.6421 87.658 80.8254 128.09 121.738 126.954 112.843 123.736 123.386 125.581 114.02 41.2974 39.9972 38.9833 44.4705 34.7887 34.0111 38.1237 38.1345 96.717 106.296 98.2324 98.4155 99.2048 100.409 109.815 98.7233 93.5015 99.9245 105.129 87.8804 63.1436 60.297 66.1389 64.1434 56.7914 57.3116 57.4869 52.06 17.946 19.2243 21.9352 20.2605 103.301 108.798 84.2849 94.2619 78.1393 79.7461 42.4597 38.1799 91.0475 82.6166 95.1568 83.55 30.3573 98.5194 90.8097 54.8198 65.49 61.6188 58.7203 59.0032 23.4706 22.304 21.6823 21.0042 29.535 29.7732 30.2427 28.6655 78.928 73.3145 78.5916 69.16 105.408 95.7073 107.207 93.8532 91.6865 88.6504 91.392 87.2832 113.311 119.137 124.011 110.107 40.637 39.3283 37.7083 40.2573 59.3938 60.0511 62.9187 59.4993 73.2251 83.1872 81.3195 82.7422 19.9986 18.55 21.5839 19.2614 68.8328 65.7882 69.458 67.0465 87.0152 71.8085 99.5121 75.9341 67.1445 93.357 80.7232 96.9489 74.8917 44.8839 31.2872 96.6272 70.3522 53.553 0 58.0788 65.6587 77.0422 48.327 91.5386 77.8844 60.0391 54.8059 20.8051 82.289 59.2278 70.8373 58.7875 111.69 53.9539 95.0381 48.5766 66.9267 25.1029 80.4118 53.9475 24.3297 20.2154 71.8745 57.2638
38.6821 40.1293 41.9474 43.561 39.4369 39.9725 55.3755 54.0311 50.1072 59.5608 58.8926 52.6641 57.1103 63.3576 62.3806 66.2609 64.1107 65.7212 72.4508 69.9579 63.4775 65.9069 59.0199 57.3392 61.17 57.2276 60.2757 60.8056 63.6589 63.3793 54.9304 56.6836 64.7282 65.7577 52.1509 58.7166 59.0152 64.7515 33.2048 31.9105 35.24 33.4343 41.0726 43.2754 40.4671 42.454 46.7816 48.8931 47.3302 53.6353 42.2964 49.9219 52.4916 54.4176 38.9558 35.9944 42.1882 36.4607 22.9344 23.4712 21.6771 28.1088 5.12374 5.70461 2.89526 3.91682 52.7924 61.3656 58.6131 54.8352 50.7629 52.2905 63.897 73.4499 64.5324 75.1011 49.0985 51.3292 44.0421 47.9991 37.661 34.4927 43.4817 76.8082 39.1872 33.0915 31.5796 31.8146 34.0016 35.3851 43.5192 42.2226 39.2759 38.0417 31.9549 28.7568 28.322 31.3455 19.0614 23.0251 22.955 21.0203 45.8185 42.8727 40.6782 40.7898 41.6167 41.1792 43.5029 37.3811 60.9417 60.5401 64.9594 56.7 28.56 30.3485 27.9594 29.3481 4.45135 5.63479 4.27341 4.75934 38.8159 41.2082 41.7175 41.6298 41.9734 41.6436 40.1716 40.883 16.7448 16.8448 18.818 18.6938 25.14 25.8349 35.3565 67.6423 51.8004 43.6925 34.0935 40.9754 62.0552 45.2613 32.0368 30.9686 24.7464 30.3474 58.0788 0 56.9913 12.6575 32.8515 34.3026 63.3478 10.7992 15.4731 38.9223 33.0066 20.0534 25.98 28.1283 48.4372 11.1039 40.9343 13.2964 35.2086 51.3132 39.1447 37.356 40.0235 40.4873 17.6799 45.4564
26.4452 23.3369 22.1495 22.011 28.1651 20.4619 9.71617 10.6906 12.5098 11.975 6.67507 8.49344 9.74171 9.77389 9.3007 10.0927 12.859 12.3589 12.6072 13.6539 15.1535 14.2953 26.0669 24.3822 27.2143 30.6308 21.9184 20.4931 24.978 25.0373 71.2305 76.482 72.8685 79.1524 72.1218 73.8946 80.3456 71.7332 30.9627 30.3314 31.9372 32.8512 34.3735 35.3422 33.1384 31.0485 55.9856 62.6404 56.7122 57.0079 54.2829 59.3322 53.9872 61.6558 73.49 65.5816 66.0336 68.6941 32.149 32.0248 28.7947 28.1319 57.6117 57.2385 61.1822 53.3392 46.1251 53.2021 48.7564 47.9083 71.191 79.2319 23.9028 20.4093 19.2029 17.5333 28.0285 32.4503 105.79 99.4198 58.3818 53.221 40.4486 27.6263 37.9431 18.1076 19.817 20.6781 18.8883 19.6847 57.6057 57.8692 55.573 55.5153 49.5708 46.8249 50.0027 48.1234 42.4999 42.4701 43.7643 43.6947 53.6776 58.2956 61.7936 54.0234 36.2799 36.0107 34.8595 36.8382 70.5995 68.109 71.2122 75.7815 38.1976 34.6936 35.7717 39.4703 50.7689 55.025 54.239 50.034 98.6458 91.8277 94.0836 97.8835 48.0801 55.6677 50.0924 56.4155 39.887 43.8637 41.3732 39.9049 62.2137 80.8922 55.1596 11.2337 3.47912 47.3464 34.3185 71.4073 8.4385 23.2675 60.5305 82.6703 87.6906 84.9021 65.6587 56.9913 0 57.5067 75.3335 84.6463 11.8907 40.0537 43.4686 56.6553 54.4657 70.5269 81.6455 76.9219 60.2323 52.5705 68.6729 53.6383 81.6699 47.1179 91.1023 23.5344 69.8002 72.67 73.0848 8.48872
44.4262 44.814 38.8264 39.0393 35.6216 44.7201 56.11 54.8517 63.6131 62.6849 63.463 63.5099 62.9626 67.4528 63.9006 70.1066 70.0856 71.75 79.2847 74.9436 70.7248 68.0247 53.3299 58.8466 56.5893 55.7799 64.1909 58.2258 61.3824 65.2145 48.7048 45.4944 53.1233 48.6943 47.1202 46.0934 48.5487 45.6927 47.6649 49.5785 49.2409 45.3069 50.418 48.0679 50.2333 55.5687 40.7862 38.8398 42.3314 40.4377 37.8167 38.244 39.7199 40.1567 27.4872 25.0667 28.0793 23.8625 28.4511 29.1617 30.9553 33.4672 17.7864 16.793 16.0818 17.0568 62.5717 74.1093 67.3302 71.7757 37.1977 35.818 64.4519 67.8458 63.7174 69.3167 64.5785 71.3199 41.3994 45.1957 26.983 26.1635 57.0839 83.9997 35.7169 40.284 42.8093 40.4534 41.491 42.5178 47.7473 50.1587 48.9723 52.9457 45.4849 45.0828 42.5622 45.0461 19.1948 19.4319 22.5355 23.3249 33.5531 31.5215 33.2319 33.6942 34.2046 35.3529 35.9511 34.0086 48.7611 45.6642 54.9813 45.8139 45.147 43.8088 39.8325 39.8632 18.0492 18.6039 15.1884 16.0674 40.0172 39.5645 40.3533 39.0772 59.6241 53.793 58.9301 57.2035 20.9754 20.2963 17.9876 20.4038 11.8126 19.7483 23.7679 67.5379 65.0591 40.7453 27.9815 32.4125 62.6351 51.0704 44.798 20.0476 30.1671 40.3158 77.0422 12.6575 57.5067 0 39.932 28.6775 66.3936 22.3913 26.6432 51.1652 19.8 21.3316 30.9569 32.0408 37.447 24.8883 31.3665 27.4222 36.4906 67.0005 38.8566 45.4763 52.6386 55.9135 8.4814 47.6925
74.5088 65.4478 69.0251 68.7695 65.7202 73.5661 76.8233 85.1789 89.8136 82.6021 92.596 79.6364 92.9129 83.7055 91.8348 81.8016 89.0705 94.2144 84.4128 86.334 95.0997 95.751 84.2024 97.2325 89.9873 87.0339 97.8394 82.149 95.9129 98.6418 99.6388 85.9597 89.5197 103.732 96.4385 89.0383 85.6008 94.1861 51.4643 44.3071 49.845 54.4987 47.7484 52.9589 56.9267 59.8822 88.0469 84.0399 80.9746 90.3575 80.7299 82.4844 90.5911 87.2537 65.0192 73.7774 76.0784 64.856 50.884 48.7205 56.4618 50.271 29.4713 31.9346 30.1981 35.3799 51.2141 58.8773 61.0269 59.475 80.8998 76.1397 104.68 95.1262 101.276 89.7081 65.8521 67.4782 43.1699 42.0506 69.42 68.011 50.6532 110.706 66.7447 57.2113 63.5832 64.7512 61.2863 70.7542 36.8901 38.3458 41.1405 36.6768 30.3221 32.9013 33.9202 33.1201 53.0653 56.654 57.8621 51.5025 70.6893 73.8961 71.246 84.1877 74.2512 75.4961 77.8118 70.9034 100.708 101.115 89.4644 85.6675 46.6005 40.2718 46.8536 41.4892 34.6753 36.7961 34.0116 38.2252 29.605 30.8535 33.4784 29.2352 38.4261 40.014 42.3987 42.1711 54.4487 56.2569 49.6419 49.7887 55.3728 31.6645 63.2674 90.7938 73.0522 75.8184 71.0302 64.6207 82.547 61.1107 19.717 55.3136 26.3193 4.74683 48.327 32.8515 75.3335 39.932 0 41.6786 91.5569 43.3955 40.5909 35.2367 65.9021 22.1812 22.1057 10.0007 76.9236 25.8573 65.1868 22.1134 23.5135 52.9916 25.5689 59.1668 25.8911 27.2004 43.3728 70.2
66.6268 74.6037 67.8488 70.7167 63.3567 71.0814 89.5037 87.9784 83.6306 88.8561 85.0708 91.1608 85.3826 89.2757 88.7062 100.633 96.8058 90.0026 102.361 94.5996 102.136 94.9616 78.7132 87.6156 92.8984 81.8179 91.0133 87.0689 86.0658 83.5855 63.4125 68.4197 62.3335 70.555 61.7642 65.9367 61.4674 60.629 66.5542 63.7445 65.6906 61.995 66.7056 72.3137 72.9656 75.8396 58.3873 61.6307 60.4172 64.8045 58.7998 60.4601 57.3355 69.1193 43.9887 44.035 46.7591 47.7045 54.2085 52.172 55.9087 53.4032 31.4119 32.1639 32.3413 34.1291 79.9585 90.429 77.6144 87.1277 46.5278 44.9555 99.6217 92.2658 107.711 98.4285 90.2823 90.4198 14.8363 14.9378 46.4254 55.5896 79.8261 121.068 68.7863 70.8031 64.2965 61.0538 72.2037 71.4049 68.7431 63.14 62.1267 66.0033 56.4136 57.728 53.1617 61.076 51.0603 49.7282 52.387 45.9704 53.7077 56.3193 52.4862 51.8634 67.0813 62.9694 62.6594 62.4385 62.8974 63.7301 70.55 61.3643 59.4929 65.6197 67.6931 66.2888 40.1 33.9898 39.7858 41.4918 16.2535 14.8682 13.3109 15.6735 67.4133 66.9806 71.1256 74.8308 50.984 45.428 51.3632 44.1066 33.5115 9.42899 42.6992 91.2643 91.1977 69.7307 58.0555 37.3756 92.3875 82.8335 50.2816 26.9712 13.2569 38.3367 91.5386 34.3026 84.6463 28.6775 41.6786 0 101.424 40.4182 45.6298 66.8193 43.8037 18.1729 18.3609 30.665 52.8999 39.5439 45.4356 38.1182 17.6763 82.7211 19.1794 63.5797 62.8467 57.3279 18.745 85.4021
37.7489 34.1653 35.1926 37.3119 36.0536 31.2011 18.9998 17.0495 18.1504 20.9298 14.2098 14.1106 13.9747 14.4171 6.95956 7.88586 7.64919 8.72298 2.12025 3.23401 4.53398 6.09589 29.131 33.7439 34.7807 31.4797 28.6248 25.8642 28.8748 27.6803 84.5196 82.4337 84.2758 79.3161 77.0348 79.5849 81.636 85.6947 46.3887 45.3197 42.261 41.4157 38.7447 39.5072 36.712 35.049 73.6751 72.5158 76.3555 71.2061 67.8834 67.0684 60.0686 72.6817 86.665 79.5778 76.5138 70.9923 42.1088 45.1256 46.694 44.7238 67.5054 67.1321 67.4331 70.1799 54.3869 52.1534 52.4538 53.5885 80.6025 80.1481 22.4932 19.9789 15.8561 14.3402 34.1349 36.7556 106.545 107.07 68.3752 59.1139 45.6903 17.0291 43.7994 30.242 31.0453 34.1295 34.7919 34.3034 67.1578 60.5589 65.3963 64.9658 55.0222 60.5008 55.2067 58.7429 53.2554 49.4546 49.8201 50.4103 62.5155 62.8402 61.3189 60.8506 46.5338 51.5363 43.8831 45.1898 82.1529 79.6316 81.3599 84.6182 44.2888 43.2575 46.8454 45.7761 64.7896 62.1392 60.8518 59.5766 99.9934 102.634 109.168 108.277 60.1114 59.5941 63.2104 53.6535 52.742 54.449 51.7568 51.7416 71.6911 91.3914 70.3411 1.77485 12.6971 60.7421 47.3872 84.9959 10.6181 32.4589 70.7187 92.5945 90.2652 88.0836 77.8844 63.3478 11.8907 66.3936 91.5569 101.424 0 56.7054 56.784 71.5365 69.5785 89.4223 100.984 98.3381 73.8322 65.5402 80.7242 69.8515 105.452 49.355 92.681 34.4752 75.3797 79.2106 86.6909 19.6439
32.2166 30.9617 34.4563 32.4372 29.6916 32.8766 46.303 42.2214 43.5037 47.5978 50.0886 49.9464 47.7335 46.0462 48.5146 52.1971 52.8207 50.1381 56.3273 57.3158 60.9337 55.6657 45.6246 51.6449 55.1903 49.4631 51.7621 48.1798 47.954 53.5574 64.3313 66.8905 70.7002 62.6388 61.2088 59.4387 58.1642 58.9822 22.8768 25.2414 25.8311 21.9318 30.4606 30.8954 30.6609 28.6667 52.5943 49.0822 54.3042 54.9237 49.5189 45.9215 51.1859 52.5044 46.3938 39.2982 43.8743 37.9883 13.031 14.3317 13.1611 14.3317 14.6978 11.7666 12.2147 10.3395 41.8036 45.5735 45.7292 52.5642 55.4048 49.5843 55.6387 55.8316 58.2707 63.7255 42.9946 39.7387 61.55 62.0776 34.0744 36.5339 33.8179 71.2186 34.18 22.301 25.4762 25.009 23.1427 25.0725 32.4401 31.7657 35.754 35.3116 24.4042 26.8645 24.3939 21.9313 19.9505 18.4595 19.2859 20.7408 44.5137 41.0124 48.1673 40.0011 37.8249 32.64 35.1795 36.7973 60.3033 67.2132 69.9635 60.562 19.1485 23.0012 18.9545 19.0297 8.53266 7.43824 7.80638 7.15782 54.6715 53.2359 53.9194 52.5972 32.9373 35.889 35.3648 36.9539 13.2124 13.9081 14.0925 15.8144 32.2239 37.5827 35.0781 57.8466 48.4564 42.4308 26.6623 49.3016 47.3121 36.2605 30.1316 45.9729 35.3759 38.6835 60.0391 10.7992 40.0537 22.3913 43.3955 40.4182 56.7054 0 5.61506 34.2634 35.9506 28.409 36.9206 36.5915 49.3385 12.0963 52.7698 17.4946 44.4476 41.5528 50.5595 22.6863 39.3198 37.1076 28.1873 36.6102
30.2804 29.1264 33.7765 30.8874 26.7847 26.6446 40.8298 45.7564 44.6698 47.2766 44.8166 41.1386 49.9679 47.8023 46.8025 50.4827 46.8386 54.0859 52.9602 55.1576 57.4182 57.5183 50.4162 50.02 50.226 55.1457 43.2693 46.6863 47.5083 52.6473 64.567 66.1874 72.1399 69.8312 60.4526 69.7539 67.6671 60.8536 19.3868 18.2703 18.0229 20.0592 22.5646 22.6732 23.5748 22.5434 48.9877 57.1578 51.2842 53.4071 48.0923 50.0002 47.4123 52.8503 52.2602 44.0817 53.4874 46.4256 12.0645 12.034 13.9918 14.3282 16.6765 15.9204 17.5484 13.4668 41.5649 46.7295 38.7568 42.8934 64.5382 60.0652 58.2376 55.2153 54.0962 56.8045 35.4312 39.5932 60.5266 59.6347 39.6047 39.2672 27.293 61.7152 34.8141 20.8853 23.7141 23.802 21.4546 23.6562 26.7033 33.0025 27.5611 30.4189 18.9297 20.3128 21.7615 19.0516 22.297 22.9893 22.4791 20.0547 50.5301 42.2786 52.0979 46.7926 36.8844 35.3462 35.6435 37.4059 68.0073 62.0647 72.8598 61.403 15.1899 15.1582 14.9623 16.538 14.1215 11.0943 11.9919 11.4784 58.686 51.4027 51.7159 52.4673 33.0056 30.7775 31.5026 32.5098 18.5 17.7883 19.8839 18.9983 32.8436 40.1244 41.4055 48.9562 43.2107 48.3477 30.657 49.8761 42.2084 27.1646 30.5031 45.9724 41.7249 40.2131 54.8059 15.4731 43.4686 26.6432 40.5909 45.6298 56.784 5.61506 0 33.7813 40.5428 30.9571 42.3844 40.5734 54.6051 13.4062 51.9104 19.3088 45.839 35.2973 55.0353 16.8005 41.963 34.7427 34.1563 27.7236
55.9912 60.1831 60.8473 63.0332 63.6185 53.6138 66.185 59.3151 71.8975 62.8116 69.4166 62.2885 66.2914 62.4145 66.6587 66.2109 63.4867 68.0983 73.9139 68.9035 70.3662 72.7094 79.514 77.8302 80.5149 72.551 67.1569 69.6255 81.6453 71.4423 96.4848 106.524 101.115 100.3 93.1387 93.6474 88.1677 103.95 23.5686 27.3129 27.2847 27.3508 22.3574 27.0789 25.5957 26.5513 87.2607 90.1246 83.0582 95.082 87.4712 80.6936 91.8795 81.85 82.9114 76.3655 71.5832 76.1393 39.7787 38.9192 48.8317 46.8799 35.0146 33.1862 36.8757 40.4341 21.0603 24.4084 21.4174 23.0913 82.3226 81.1638 83.6999 84.4237 69.1204 80.6657 35.2115 34.2711 78.4287 73.2612 70.0258 67.5543 19.0755 75.5407 70.1023 47.9698 52.7867 50.2401 49.9519 50.7777 5.0122 5.52862 5.52709 6.62353 11.0698 11.9368 12.6652 11.9466 49.4412 52.3952 53.661 58.0686 79.1557 80.6753 83.1108 85.7124 62.464 72.7454 68.6767 69.3757 91.3095 95.2104 101.814 99.1008 19.6627 19.3663 21.1969 23.1691 40.7872 37.2132 41.1216 38.6108 64.7219 62.2507 60.3523 59.1042 6.3789 6.65536 7.2769 7.81346 50.3349 53.384 47.7873 51.0613 67.9352 59.2476 67.5951 71.3908 50.6084 80.0525 63.9121 79.2778 69.5285 34.9382 17.3283 76.0409 47.2375 33.726 20.8051 38.9223 56.6553 51.1652 35.2367 66.8193 71.5365 34.2634 33.7813 0 65.057 50.7195 43.7034 41.59 84.7723 28.6544 90.7855 31.125 50.5918 19.3044 58.0353 42.0362 10.3025 9.10814 51.3469 45.4791
36.4731 32.4802 31.8127 34.0541 34.0663 39.9039 49.2017 47.563 52.6029 51.5205 58.2445 57.6376 60.1168 61.7894 66.0227 62.4667 69.5323 63.4568 70.1419 68.5747 73.3664 71.8516 47.1424 48.2024 47.397 43.2125 44.3679 44.5025 52.8962 50.3325 25.7211 26.772 29.3613 28.8282 22.9319 26.7092 25.9896 28.5805 57.4136 60.5587 56.278 53.7758 65.6255 63.1644 59.0864 58.8062 16.7362 17.1358 21.1916 23.1303 18.4132 19.6631 19.9729 22.7133 10.8665 7.54188 10.971 7.92209 32.4167 32.0217 29.7412 33.4125 32.9707 38.856 35.3581 37.1108 73.645 81.5171 75.7512 85.991 22.3251 17.8219 55.8076 57.7315 65.9036 70.9728 71.0401 75.4348 62.7824 61.159 7.91944 9.20708 67.1159 82.6702 27.5112 46.0037 36.9389 36.9944 39.7419 41.5589 63.0256 67.1152 63.0928 62.5229 55.1735 60.594 52.3258 59.248 18.0237 20.3133 17.6624 18.2466 12.5091 12.1575 13.6815 13.3584 22.1544 25.8234 22.8577 23.5012 28.5934 28.0283 28.8389 31.5957 51.1981 52.0294 50.5346 55.9454 37.1234 32.3539 30.5123 36.5896 54.388 56.8398 53.8163 54.5599 63.3192 72.8608 62.793 65.3727 21.9978 21.787 19.6991 21.486 11.9569 40.4302 2.41986 70.9703 61.7592 23.5518 21.7728 22.7668 58.235 65.722 62.7801 21.0913 48.6323 63.1051 82.289 33.0066 54.4657 19.8 65.9021 43.8037 69.5785 35.9506 40.5428 65.057 0 40.5991 47.0626 52.9989 20.0496 39.4982 15.2169 47.0341 60.2037 70.9825 61.9343 45.3529 79.2045 81.2834 26.4061 51.8902
57.7793 59.7887 59.4668 64.6371 59.3295 63.2329 67.7425 80.091 80.4091 82.2773 79.6401 74.1556 82.2243 81.637 74.5311 83.951 77.4487 84.8061 85.1028 78.4956 91.5675 91.8496 71.8813 78.3 79.1505 80.886 76.5784 78.2289 77.2818 75.2565 69.5509 73.0627 65.8081 65.8419 64.4259 67.6179 69.4575 62.7225 52.8491 51.713 50.0248 47.4488 50.7839 58.9978 52.6431 53.442 64.2632 66.7246 56.5274 67.0554 63.1388 65.2456 58.3584 66.2748 46.873 42.6574 50.1589 44.5409 43.2061 42.3543 39.0493 47.3533 16.3037 16.5563 17.2802 20.0665 64.7633 63.0297 66.5478 74.1984 60.6798 50.0679 90.7818 90.3999 81.2013 90.2428 66.8598 68.7851 27.345 28.8877 52.3774 45.3611 60.8968 98.7326 57.1345 53.4882 49.0585 50.4531 52.3134 59.0159 50.4428 48.4362 47.9279 51.9665 36.9297 40.8739 38.1948 35.8491 36.7031 38.7939 40.107 37.1008 54.4316 58.6488 56.665 56.0932 58.3959 53.3665 55.1403 60.1319 70.9901 67.5494 66.03 66.0903 46.5124 41.8958 47.7762 47.5692 22.8691 20.8058 21.6354 22.0215 19.7514 20.7543 20.6771 21.8512 48.0773 50.38 53.8394 53.9926 40.0727 40.2507 38.7823 36.4219 33.5911 11.4757 43.3218 79.9829 73.653 66.7043 46.3591 49.148 82.5621 67.081 29.7467 36.2599 8.88845 21.3993 59.2278 20.0534 70.5269 21.3316 22.1812 18.1729 89.4223 28.409 30.9571 50.7195 40.5991 0 7.1745 15.378 62.309 21.4326 45.5773 19.5924 15.297 62.1778 17.5154 52.6607 44.9169 43.4789 14.7145 58.0691
62.6848 64.1923 61.8438 69.0116 61.2696 62.6295 86.0158 73.1077 80.3558 84.7354 90.9295 77.5165 80.2286 93.916 84.9479 98.0977 95.1195 97.6642 85.2971 92.2653 100.264 98.5683 80.2056 90.28 76.8215 78.1102 77.2063 82.835 80.849 95.1221 68.1604 74.0922 69.1081 82.0609 66.5406 69.1431 79.4923 68.9356 50.7409 54.8182 59.2601 54.1333 57.3287 62.8852 63.4156 57.0064 71.1157 63.8036 64.8035 77.5311 60.7285 62.62 67.1589 68.3792 46.8342 46.1393 47.8719 52.1403 52.0547 47.5924 53.5196 52.6988 23.4958 26.1657 22.5585 26.0066 65.9829 77.7145 68.0259 69.0763 61.8921 61.2943 93.3919 92.2771 90.7123 100.281 65.7313 73.9151 27.94 25.1437 53.3276 54.8828 66.4562 97.0033 59.3152 65.7355 60.4247 63.8576 57.6934 58.2099 54.4691 53.5426 49.8976 49.9635 41.7831 42.2499 45.151 45.397 50.5838 48.8398 47.7706 50.2484 59.2463 58.3042 64.5943 68.244 58.8067 59.8719 67.4647 65.7479 83.9269 83.4956 72.9995 83.855 47.2557 46.4745 52.0322 55.3824 28.6822 30.4587 28.4469 31.333 15.5252 13.7427 14.6375 14.0986 52.0661 51.0009 50.0935 57.766 45.8527 45.9794 48.8768 48.7505 39.5846 15.321 46.3874 82.2523 80.771 63.8998 53.8217 53.9747 78.2391 65.0597 36.0526 35.8943 4.27878 18.4852 70.8373 25.98 81.6455 30.9569 22.1057 18.3609 100.984 36.9206 42.3844 43.7034 47.0626 7.1745 0 10.7285 67.743 30.0229 54.3294 22.8691 7.57529 62.8562 9.4854 61.4795 45.4755 47.7961 23.6152 64.1714
70.939 67.6527 65.3963 65.9384 68.278 71.2256 78.736 78.555 75.6883 87.649 86.8078 80.6668 85.9374 88.9461 84.7768 91.317 83.6503 87.0314 84.8458 84.1675 91.2073 93.9867 86.3703 87.0864 94.5657 94.2587 84.4653 93.3754 82.8322 89.3892 83.6184 89.1902 85.801 90.7329 83.9835 76.7464 77.9985 88.1613 51.6675 46.2315 53.1611 52.6362 53.1422 55.3202 50.4676 55.6562 78.9371 74.838 76.9251 73.1954 75.0316 71.638 80.0167 69.7061 53.6098 57.9668 59.4469 64.8749 49.19 51.3968 45.8808 47.1608 23.0387 22.6544 26.8048 28.7415 65.5673 65.7135 65.3361 69.7364 77.2598 64.8677 86.4548 103.165 93.6814 92.7538 70.5024 70.2722 34.5507 32.7992 66.4652 62.0024 57.7232 114.476 62.5301 62.7315 59.911 66.1451 64.4768 62.1922 42.3995 41.2679 44.8332 39.8936 36.9914 35.5033 38.4357 35.9115 47.8338 50.0861 53.097 50.3634 68.0955 73.1643 66.3564 66.946 74.5004 70.3253 75.3729 72.8912 85.8629 82.692 82.2625 90.7175 42.3171 49.1829 44.5161 47.7572 28.6447 29.5869 30.6184 29.9641 24.6301 20.9702 23.7532 23.2081 41.0778 44.9963 42.3715 47.8617 49.579 43.3865 43.2539 52.8367 45.5311 22.9446 57.6174 87.103 73.0093 67.2721 65.2664 64.969 82.6733 67.9633 21.8243 48.5813 14.4753 6.27593 58.7875 28.1283 76.9219 32.0408 10.0007 30.665 98.3381 36.5915 40.5734 41.59 52.9989 15.378 10.7285 0 67.4009 24.1623 60.2383 20.7721 12.4774 53.1373 16.5783 57.1873 35.6341 34.378 30.1702 67.4812
41.1343 44.1051 43.9015 40.4637 43.6445 46.7531 58.9124 62.5039 54.3654 55.099 61.2081 67.1211 57.017 62.066 75.4274 75.3073 70.8909 73.2394 79.3044 74.5345 79.8132 68.2695 44.5031 48.8492 50.5295 46.7095 48.3289 52.5504 53.8872 51.3922 11.4826 13.8834 12.3213 13.1309 6.54766 7.15639 9.32838 8.95813 71.4305 64.8235 76.5108 62.8468 79.6599 81.9142 75.3911 68.9489 4.74014 5.12434 5.76415 6.07602 9.66222 9.73408 9.6328 10.8448 16.3419 15.9264 14.3345 14.1616 49.9321 51.5916 44.2985 50.1684 58.1906 60.7597 51.7982 58.2463 103.742 103.798 88.2994 96.817 13.2905 12.3183 62.8715 62.5564 70.3497 68.554 87.0851 81.6619 67.6449 79.0664 13.8023 18.6179 81.8698 86.3956 33.8205 51.7368 50.5122 53.8393 46.2488 51.771 88.1193 89.6939 89.4368 92.5903 68.6121 71.3089 74.2942 70.8448 33.0884 34.8555 31.1049 31.2472 9.71958 11.7059 9.99125 9.51777 27.9984 26.3535 26.3892 31.2165 12.5519 11.7509 12.9204 12.8166 76.3901 71.1114 63.1975 63.8529 48.1634 47.3982 52.2416 47.9709 74.2085 73.6207 69.332 75.8183 94.5098 96.7864 93.5371 93.6013 38.1158 38.5867 40.198 41.4313 26.2731 55.4521 17.6345 77.5298 66.3707 18.8115 32.3801 27.036 65.9507 80.8277 88.3312 32.7157 63.397 86.1591 111.69 48.4372 60.2323 37.447 76.9236 52.8999 73.8322 49.3385 54.6051 84.7723 20.0496 62.309 67.743 67.4009 0 56.1567 18.996 60.6304 73.0072 95.68 75.94 56.2625 99.6191 95.7107 45.3538 56.9918
43.389 48.7934 41.7035 49.2204 46.3662 42.2368 49.7394 50.9789 63.0366 58.6359 52.8964 57.6547 64.074 61.2431 61.2607 61.8485 58.7129 63.3049 71.1498 61.6475 71.3804 70.1495 56.8811 59.2157 59.7032 68.0668 66.7213 60.4493 59.5769 69.425 66.0406 69.1977 67.6483 69.1519 70.1735 67.895 70.8505 70.8416 25.3538 25.3297 26.8387 31.4174 31.3915 32.1412 34.4529 32.7743 58.6423 55.4475 56.4193 60.398 57.8864 63.997 63.9588 58.0332 49.1664 48.9622 46.6966 51.9356 23.1935 26.4019 25.0168 25.2807 9.74656 6.1487 10.1587 8.14631 41.1673 49.6806 40.0879 42.648 67.7583 65.1842 73.7543 67.7035 64.4476 71.2895 47.297 49.2937 49.9661 46.1628 42.5393 43.1294 31.269 86.0761 50.2667 35.2886 33.0578 36.9633 38.8632 35.4504 25.4212 30.6106 28.1023 28.3121 17.6406 19.4238 18.0942 20.6107 27.7765 28.8424 32.4685 31.3811 54.6622 58.3343 51.2862 56.7443 44.737 44.4909 51.627 48.2934 79.312 71.3712 67.456 66.548 20.7641 22.2029 23.6303 22.2623 9.44544 9.05665 9.91422 9.33649 46.8903 42.6222 42.7698 40.9978 31.358 32.3328 28.4206 29.4379 26.7252 27.3536 29.6412 26.1275 33.997 27.7885 44.1696 70.2134 54.6724 61.2301 36.783 59.2542 64.1908 38.7434 23.2744 42.1527 32.5553 23.5595 53.9539 11.1039 52.5705 24.8883 25.8573 39.5439 65.5402 12.0963 13.4062 28.6544 39.4982 21.4326 30.0229 24.1623 56.1567 0 50.3686 3.68383 35.751 36.8832 39.1453 33.5265 30.0337 29.2988 27.1365 47.1739
52.4903 52.4512 53.1632 50.5491 47.6464 53.8541 72.7545 67.3115 71.6901 74.3425 74.6915 75.676 69.5935 79.4479 86.6278 81.1615 85.9538 79.0155 88.9091 79.1845 77.867 87.5755 59.7129 57.0961 58.7753 59.7968 64.5898 67.2348 59.6146 68.18 21.1742 19.7559 21.2623 23.6917 21.2317 22.3575 23.7713 21.0262 71.9573 76.9726 74.8291 71.5105 77.9775 71.7956 78.8453 82.5436 19.456 23.9215 23.1714 24.4266 23.0605 22.9436 24.5428 27.1174 6.44129 7.94102 6.02011 9.4801 44.8138 54.3431 45.9255 55.1328 49.6563 45.73 44.8485 50.447 90.7505 105.116 86.1293 96.8817 8.15017 6.86619 66.0336 67.1262 85.3389 79.3254 89.0478 96.5776 59.1041 59.828 20.6892 23.2907 89.5247 98.7193 38.0477 60.066 53.7483 57.3113 57.3345 53.5854 80.5627 78.7109 73.3933 82.5512 78.3156 73.1791 77.0043 69.282 31.8402 36.8544 35.9137 33.7757 23.1209 23.3873 23.3684 21.9467 35.5578 41.0636 34.4529 37.9741 23.6109 26.2929 22.7752 23.3927 65.7605 63.3697 66.3401 73.1736 45.7081 42.7251 49.4457 45.9129 61.3103 54.0454 56.6823 57.1841 84.3402 88.0072 88.5857 81.4121 38.4105 35.5818 38.7878 39.4244 19.5678 40.9428 13.4678 86.0748 71.7065 33.7133 36.7413 7.31567 78.1753 75.3249 77.8715 17.5364 53.7781 69.6321 95.0381 40.9343 68.6729 31.3665 65.1868 45.4356 80.7242 52.7698 51.9104 90.7855 15.2169 45.5773 54.3294 60.2383 18.996 50.3686 0 60.4724 55.6068 87.695 64.254 68.6961 88.1451 78.9797 30.1943 73.2658
52.1915 44.1556 48.2559 44.3777 49.4933 43.2924 64.464 58.2209 59.4921 65.9319 66.2226 66.0418 66.969 62.8634 67.3935 67.4868 75.0894 76.8499 63.8481 75.8558 68.9972 77.5274 68.0807 61.5165 68.451 74.4292 68.8643 60.5021 74.2361 71.7529 69.5814 70.3637 68.5763 77.115 71.2101 68.3841 66.9306 68.1592 28.1854 32.9456 31.3874 31.823 36.4207 35.9926 33.9093 36.8848 57.9424 64.604 61.8743 62.7157 65.4307 56.3668 58.9569 64.032 51.7165 45.7459 53.6325 54.9894 26.0859 31.1387 30.7829 32.3002 9.81403 7.96608 12.1451 10.9636 46.593 50.692 46.1514 48.0498 63.3603 59.3075 71.3775 79.4488 66.9572 71.5005 44.3204 47.5664 46.6148 43.3268 45.8246 49.0735 40.1405 86.8798 52.7666 39.3658 39.2885 37.8793 40.8535 40.1111 25.8199 26.643 27.6254 29.9137 19.6488 21.88 20.0631 20.2873 35.0032 31.3929 34.1494 31.2304 51.5049 51.7877 59.3429 56.3509 49.3637 53.951 53.3385 50.4189 78.6751 72.3824 72.5236 70.2371 23.6082 26.1282 23.7785 26.039 12.7785 12.5624 13.8591 11.8065 43.3334 42.2022 38.8231 39.4642 34.5006 32.5115 28.9717 30.8663 30.2844 29.1534 32.3557 27.768 33.3816 31.4224 48.0186 62.2973 54.0462 56.8656 43.8591 58.3289 68.4639 43.8234 20.0807 50.1836 28.1829 18.9285 48.5766 13.2964 53.6383 27.4222 22.1134 38.1182 69.8515 17.4946 19.3088 31.125 47.0341 19.5924 22.8691 20.7721 60.6304 3.68383 60.4724 0 29.4247 41.8325 36.8937 35.9037 29.0833 30.0018 26.8835 48.5816
69.7059 75.4801 69.9044 77.4253 72.1139 74.0136 89.8269 82.1049 87.8335 86.8752 81.1957 82.2501 92.8805 93.3715 86.3675 106.272 102.885 97.8059 98.6439 108.965 101.85 103.296 89.4324 92.3604 85.4158 97.2918 97.8113 92.7323 96.3546 88.774 72.571 77.0228 82.9982 88.1081 73.5319 83.8256 71.7196 86.9317 62.5772 57.3932 64.3342 61.6909 69.839 64.6251 70.562 67.2633 70.3577 75.5268 78.1087 82.4543 69.0426 75.4767 68.435 72.1175 58.8444 51.9362 62.1025 60.9975 51.1679 55.1354 60.8898 63.5162 31.2727 29.5044 32.7766 35.2789 70.1314 71.7979 79.7562 70.3941 67.7788 61.8407 108.878 95.169 107.424 101.913 72.7686 73.4682 21.6017 18.8742 66.2324 62.403 67.9921 113.401 69.0144 66.4822 73.5609 70.6543 74.6763 63.2536 58.7524 57.4477 50.8228 51.2873 47.5702 47.0226 43.173 50.4781 54.7579 55.6319 55.45 56.6924 72.327 71.3408 67.1166 74.8539 76.8744 76.7523 72.7648 79.253 75.4596 82.9428 84.9598 80.182 52.4383 55.8005 56.343 57.2379 34.7078 35.1949 38.5478 36.3027 8.91775 9.38084 9.73484 8.05508 55.8462 61.6562 62.9043 61.4727 49.639 52.0042 51.6456 56.8971 44.3794 18.2156 58.1178 92.8887 87.5311 70.1771 57.8781 57.8684 96.4706 69.6449 34.0208 46.237 7.75525 19.7627 66.9267 35.2086 81.6699 36.4906 23.5135 17.6763 105.452 44.4476 45.839 50.5918 60.2037 15.297 7.57529 12.4774 73.0072 35.751 55.6068 29.4247 0 68.9211 3.50285 66.363 48.3363 47.5425 29.7992 74.4624
54.7849 51.1722 52.5091 58.778 53.6603 54.3534 53.3467 51.5528 57.2334 54.4642 54.4056 56.1219 49.7577 55.1751 54.7556 51.8297 52.7692 59.0297 55.0719 55.0466 52.3086 49.7195 70.1584 69.5326 68.6558 67.8328 60.1988 68.9602 70.5535 67.546 106.548 99.9619 112.009 101.634 92.829 92.8628 94.4201 103.096 19.6964 17.9279 19.4003 20.2316 13.5951 15.3891 15.4959 16.8364 86.2022 94.1225 89.6185 81.5657 80.159 81.2693 91.7787 78.4434 86.0457 86.2781 87.6442 84.9869 39.7617 39.4583 45.8474 40.5871 49.76 43.0472 47.82 46.7576 6.15147 8.49958 4.77292 6.46787 98.5957 99.8681 60.6589 65.2948 58.3748 65.2572 14.6581 16.5044 91.3027 81.081 73.9668 76.2372 7.32552 67.1873 64.992 36.5718 43.8712 38.199 39.3526 40.1357 15.6378 15.6334 16.1672 14.6851 22.7842 22.236 24.5013 20.4881 58.9757 52.2636 58.9833 53.1208 75.4929 76.321 84.319 84.4782 63.7016 71.5944 67.826 65.4237 109.456 99.5883 99.7001 97.2118 19.7011 21.251 20.4023 19.5689 44.1053 42.2813 43.4924 41.8729 74.7333 85.5849 82.3435 82.0387 13.5982 14.6722 12.4127 12.6425 54.8274 50.4593 55.8362 53.6657 78.3629 74.185 72.405 50.6035 37.7152 76.125 62.0223 92.3894 47.7738 20.4923 32.4261 83.9137 71.6532 53.4824 25.1029 51.3132 47.1179 67.0005 52.9916 82.7211 49.355 41.5528 35.2973 19.3044 70.9825 62.1778 62.8562 53.1373 95.68 36.8832 87.695 41.8325 68.9211 0 73.0109 34.0264 30.5153 31.4665 68.2444 39.1993
74.0936 78.5167 78.0125 72.8133 79.7146 76.9389 94.493 84.9803 85.4746 85.9161 93.5927 100.113 102.675 104.935 107.985 105.87 110.207 106.658 97.2579 99.3453 105.665 106.03 83.8781 88.8819 87.3365 104.226 103.51 92.0978 100.515 101.784 81.7037 76.0196 73.8069 90.0726 79.7763 74.9588 73.1068 75.2014 59.7158 67.1018 65.0707 70.4427 70.4763 69.3039 72.7751 63.6686 81.8719 82.5049 74.9443 85.003 80.2823 81.2448 74.0745 76.1895 54.7052 53.7805 61.6453 61.6276 57.5892 63.5226 58.8959 65.832 33.7682 36.1334 35.2591 37.0988 73.0789 82.4218 79.3251 73.621 63.6329 67.0534 111.571 110.016 98.9701 106.983 86.356 87.4653 18.9304 16.4008 69.3232 70.4307 68.3204 120.183 70.5949 64.4595 77.6066 67.2253 76.841 71.9985 60.9846 58.6039 57.8089 55.8896 52.1119 47.5387 48.3253 55.051 54.4984 58.4817 61.1879 55.4811 72.6169 69.8432 65.6778 68.321 79.6756 67.0859 79.5039 76.1802 82.3731 81.6284 89.1995 85.0641 63.1923 57.0919 56.1843 55.3229 37.5089 38.7771 41.8152 40.2113 7.98116 6.93948 8.06475 6.0837 59.145 59.5884 57.0688 66.8128 49.807 57.1593 57.1774 58.7809 43.0267 18.0837 61.0303 99.5509 85.6673 74.028 66.8636 59.6406 87.592 70.6268 38.7847 39.7188 9.25178 19.4549 80.4118 39.1447 91.1023 38.8566 25.5689 19.1794 92.681 50.5595 55.0353 58.0353 61.9343 17.5154 9.4854 16.5783 75.94 39.1453 64.254 36.8937 3.50285 73.0109 0 72.7872 45.0491 50.361 26.7779 74.5629
24.4059 20.6833 20.1235 20.9431 22.1698 18.9177 23.9394 24.3727 25.1087 29.8406 24.1695 26.7221 26.0458 27.6099 33.3291 30.1573 30.9619 31.5397 31.0761 33.2591 34.8316 35.4619 36.593 37.1048 35.4911 35.2573 31.419 34.8173 33.8763 37.8971 73.1951 77.6942 66.942 78.8378 63.7345 71.2523 67.3304 63.7996 16.2197 16.0029 13.1972 13.589 19.878 16.6551 17.9404 15.8609 59.7843 59.6421 62.4138 62.6597 53.3119 47.9618 57.2512 48.7043 55.4406 58.0406 55.1754 54.734 14.7023 11.932 14.695 11.8723 39.8918 36.6406 37.926 33.6108 40.0802 39.6565 37.4119 37.5261 65.7399 59.7239 39.5046 37.9435 38.9565 37.6511 25.837 25.8267 77.3814 77.1785 41.2701 43.7843 24.2481 46.4971 28.8299 5.90377 11.3993 10.4686 10.5639 10.9435 32.9515 36.6507 32.9811 36.3726 33.5875 31.5555 32.0959 31.3158 30.2181 24.8202 28.1788 24.7717 47.1858 46.5139 48.5493 51.1489 30.8765 35.6071 36.2856 34.1062 69.8115 70.6509 65.2661 71.1488 18.2484 20.0044 16.5416 16.1064 31.585 31.4022 28.6197 31.3163 74.3868 76.1226 67.4072 69.6973 36.6241 36.2973 36.1863 32.2153 27.5624 26.5556 23.2114 21.993 45.8723 52.3451 48.2599 32.357 21.1285 44.9246 28.993 64.9951 28.4685 13.884 46.5408 67.7839 64.7591 61.0707 53.9475 37.356 23.5344 45.4763 59.1668 63.5797 34.4752 22.6863 16.8005 42.0362 45.3529 52.6607 61.4795 57.1873 56.2625 33.5265 68.6961 35.9037 66.363 34.0264 72.7872 0 46.4306 52.2624 52.071 12.7458
73.2123 69.4064 67.6227 72.7429 64.8908 62.0299 72.1584 68.6475 69.8616 84.6546 80.811 70.3673 83.8681 82.648 80.113 83.4445 72.2419 78.5186 81.689 84.5143 73.5706 87.3399 90.944 89.3984 87.8187 83.7581 81.6331 91.4933 90.1371 90.4505 97.3283 94.5792 111.644 97.2079 99.0414 99.294 107.088 104.295 33.9327 35.6833 37.1128 34.9183 37.1001 35.3905 37.62 37.4237 95.1265 85.5165 84.3975 101.435 92.404 81.6238 96.5836 82.8499 73.0229 75.0318 79.0277 80.8869 50.0038 44.4438 50.2356 55.9109 35.9145 40.7617 42.9144 39.3877 29.0824 29.8843 32.2089 35.5765 100.987 81.8723 91.9458 89.5229 78.583 82.665 43.4248 45.8206 68.6563 60.5827 79.5822 70.6646 29.8842 94.8743 80.0741 57.5247 58.1693 56.0211 53.3949 52.7078 15.6761 14.7014 17.4238 17.4721 17.8929 19.9188 20.7245 19.6309 62.9131 59.5879 54.7035 58.4862 83.1985 87.5679 90.42 90.8223 69.5958 76.5633 73.4365 68.8798 113.17 106.107 108.701 109.798 32.0718 28.0636 30.2882 30.5831 43.6833 42.3343 38.8191 39.5056 61.3262 59.2274 57.3417 60.6034 18.0904 16.7102 17.7146 20.523 58.9411 50.5354 61.6524 58.5534 63.4172 56.7395 73.9203 76.5057 67.146 81.3466 72.1588 81.2447 75.6049 48.2658 10.832 82.4191 52.4415 27.2399 24.3297 40.0235 69.8002 52.6386 25.8911 62.8467 75.3797 39.3198 41.963 10.3025 79.2045 44.9169 45.4755 35.6341 99.6191 30.0337 88.1451 29.0833 48.3363 30.5153 45.0491 46.4306 0 2.66114 55.3968 59.2413
72.8104 69.2267 68.1554 64.6441 62.6857 69.8804 74.9521 71.5074 81.8866 83.2393 77.6763 66.4508 75.7923 73.3332 81.8265 77.4103 71.2071 77.0373 83.3711 71.7594 74.3152 73.5314 84.865 75.575 83.2724 86.334 76.3003 86.8904 81.2872 90.6496 103.476 111.195 101.917 115.688 97.9695 97.6064 110.528 101.494 30.5236 33.0273 36.0602 36.3407 32.1429 35.8827 36.6017 36.8801 93.432 91.5813 86.603 99.4382 93.5719 80.1847 85.0431 94.0642 88.3375 73.7487 84.7621 77.8686 44.842 50.4576 50.7086 47.0674 43.6782 34.6947 45.2926 38.9944 29.3898 27.4922 31.8386 31.87 94.5171 94.0818 89.3092 91.72 80.5808 83.2929 43.6811 44.7509 71.6229 66.0778 79.2065 76.7009 27.3707 85.9385 75.2036 57.4851 53.1237 57.3251 53.251 61.6981 14.8868 13.4124 15.25 13.9316 17.9903 17.7742 20.3693 18.8754 57.1911 55.3846 63.3774 64.0902 85.8179 91.5871 82.9743 91.8512 82.0991 81.8927 75.9776 80.3248 95.6644 96.567 104.66 98.5331 28.9493 29.0616 33.0912 32.9009 43.6635 42.3784 38.284 37.6474 61.9079 53.8426 65.0858 54.3926 16.1836 16.2597 15.597 17.1628 58.175 58.5963 56.6015 50.2924 71.9523 51.1927 77.0548 77.6205 65.7102 87.7708 71.8491 93.9252 80.6181 42.5957 12.8403 78.4285 47.2123 32.8567 20.2154 40.4873 72.67 55.9135 27.2004 57.3279 79.2106 37.1076 34.7427 9.10814 81.2834 43.4789 47.7961 34.378 95.7107 29.2988 78.9797 30.0018 47.5425 31.4665 50.361 52.2624 2.66114 0 58.3157 52.9146
52.1326 54.6828 47.1311 51.546 49.0906 52.0652 63.6178 68.2868 69.597 65.8572 69.0017 72.7437 77.1558 75.6615 77.7871 72.9028 70.3093 85.2167 79.1147 75.5063 80.7381 75.9757 64.2262 59.9594 70.1375 66.2621 74.2555 64.7739 68.2335 77.0417 50.7785 50.3537 50.3757 56.7458 47.5269 54.449 56.9317 49.337 52.4633 51.0908 54.6404 54.5132 61.9699 51.3719 59.0375 57.512 45.6919 50.3025 44.9863 46.0511 42.5541 42.4379 50.5509 46.9587 29.4294 28.9483 31.0852 28.4545 37.1327 40.2292 34.4812 36.5259 17.5509 21.2628 16.7839 18.8271 71.5095 75.2946 67.3122 80.4905 40.1448 36.9732 83.6323 83.0648 79.1752 74.6922 62.7713 75.1801 35.0962 34.1204 37.5658 35.9106 57.0946 102.349 48.4652 51.2706 45.9273 48.4147 52.2814 49.2828 55.6013 52.8174 49.3478 57.2366 48.8183 46.3745 44.0106 42.76 30.3859 32.061 27.751 32.2057 43.0232 43.2006 41.0709 43.8944 49.4654 48.4629 49.4796 47.4944 56.6982 52.5255 59.5293 56.4565 43.5263 47.4537 48.9763 46.2258 21.275 20.0028 22.3164 23.4038 32.9682 31.2343 30.9641 27.8311 53.2297 57.8254 59.2776 58.6931 29.5076 27.8526 25.8966 27.3428 15.3087 11.5144 25.3297 80.7506 63.0386 45.9147 40.5599 32.397 75.2864 58.882 40.6643 21.5103 20.3328 34.7917 71.8745 17.6799 73.0848 8.4814 43.3728 18.745 86.6909 28.1873 34.1563 51.3469 26.4061 14.7145 23.6152 30.1702 45.3538 27.1365 30.1943 26.8835 29.7992 68.2444 26.7779 52.071 55.3968 58.3157 0 64.2223
24.1867 21.7371 19.0322 18.2776 24.2385 18.4832 15.6113 16.1365 18.9813 18.3329 14.5549 14.665 16.6762 18.3262 16.744 21.1423 22.0019 21.3552 22.2649 21.854 24.8686 23.2509 25.9887 31.8457 28.2233 31.161 24.8944 27.3023 29.7622 27.3119 82.027 80.6568 70.9902 82.237 63.7956 75.0909 75.5035 70.1676 25.5323 23.4501 24.1197 22.339 23.3629 22.5623 24.75 20.2844 62.8929 57.5712 56.8725 58.1337 53.2471 56.2525 51.5791 59.2121 65.7798 61.7963 63.5889 57.8321 26.4287 21.6093 23.9914 21.8682 47.6728 46.3497 46.1038 48.0746 44.4898 41.1518 39.3327 39.7885 72.4041 76.9964 30.6996 30.4451 26.0177 27.4794 24.4344 27.7346 86.3422 93.8368 51.6851 45.6193 32.1089 35.0592 30.4694 10.8579 14.7501 12.9898 14.7836 13.2963 45.827 42.8586 45.8972 47.6879 39.8395 38.8314 39.532 43.7881 36.7261 35.9161 38.5232 31.0771 48.0312 55.9494 57.2359 52.875 36.8278 34.6051 38.0055 32.1853 67.6384 76.2412 68.4933 68.2605 28.4401 28.9455 25.8667 27.0711 43.6789 46.4325 38.4471 43.9829 90.1304 82.6862 87.3817 79.976 42.4474 41.021 43.0017 39.7245 37.0737 33.6352 36.9967 33.9173 51.8019 68.0247 53.4635 18.2847 10.3128 49.0847 30.7325 80.5491 17.6833 18.4996 53.4988 68.2213 77.2199 72.126 57.2638 45.4564 8.48872 47.6925 70.2 85.4021 19.6439 36.6102 27.7236 45.4791 51.8902 58.0691 64.1714 67.4812 56.9918 47.1739 73.2658 48.5816 74.4624 39.1993 74.5629 12.7458 59.2413 52.9146 64.2223 0
