7
100
174
0 0.635787 1.22861 1.93394 2.61259 4.08982 17.0069 16.3532 18.3042 21.0241 20.6006 23.8365 25.7054 23.2506 31.1964 30.2407 33.3989 32.7118 36.267 35.3973 33.9344 32.8772 16.4774 16.4998 17.3409 19.6934 17.2476 20.2544 20.0328 22.4022 55.2997 54.5396 58.5621 54.7129 47.5805 50.9393 43.8021 45.929 34.9518 39.2748 36.3156 32.0539 38.8578 38.4423 39.5705 36.9893 35.6168 36.0944 40.816 39.5059 34.815 29.1658 34.0386 35.8951 42.1193 40.3437 40.1055 44.2708 18.7066 18.6748 17.66 19.4325 42.7869 44.0172 45.6081 44.5712 62.2533 60.1509 60.7623 57.5577 49.5392 49.7969 24.5015 27.8016 32.31 33.2242 46.5791 49.9971 87.5715 76.8746 26.1743 26.5357 49.0852 45.3346 9.83603 17.8004 11.2519 13.4218 11.2813 11.7589 62.3295 55.2524 56.2012 59.5864 52.0883 49.5509 47.8057 46.4711 19.8461 20.0641 19.9502 19.5274 33.4513 29.6693 30.3764 32.5816 12.9868 12.4246 14.4818 13.9168 52.7222 53.3376 46.6777 50.0888 39.3134 35.7731 41.1294 42.2915 35.9515 35.9475 34.5517 36.277 83.5579 82.2866 82.9195 82.8237 55.5861 60.084 56.7343 56.5927 21.3112 21.1266 20.9037 20.1281 44.1238 56.8084 36.7559 31.2402 26.5374 22.9184 11.0198 51.0478 26.0688 37.048 60.3868 51.6119 68.5915 72.1659 80.4083 43.11 22.6055 39.0249 74.6669 73.0199 32.4 32.3887 34.0369 59.9375 30.9209 61.6516 71.8877 67.0849 40.9955 48.6676 47.7051 53.0514 69.8802 52.3947 73.7094 20.6095 62.9125 63.0211 46.5655 21.8004
0.635787 0 0.654219 1.41188 3.09578 3.18923 17.3177 17.896 19.0815 17.0409 24.1638 20.2712 24.7334 21.7928 30.6732 28.0864 32.0274 31.5441 34.3614 32.99 31.4613 33.1447 17.2011 18.6462 20.0169 18.1831 18.347 17.2205 18.1117 19.5234 50.833 51.9345 56.6775 50.1559 48.5972 49.2949 51.478 48.6479 40.4936 38.6098 38.046 32.4451 38.9219 43.2798 39.743 37.733 34.6428 34.8161 34.6267 35.5643 29.9556 30.0035 30.5612 36.3828 40.9058 44.1595 39.6093 41.2569 22.235 21.1526 17.2312 19.5728 40.4176 46.7031 45.9006 38.0647 65.4121 66.8707 60.6598 63.1657 57.3306 45.1159 28.5304 28.7873 27.496 29.7008 44.7385 47.2815 77.1296 85.7968 30.066 26.5418 47.7553 42.9469 10.564 18.5176 12.4904 12.1169 11.4099 11.3221 60.5169 60.7008 59.2341 57.1486 49.1065 48.1538 45.6217 45.1961 21.325 20.9479 20.5345 18.8331 29.3095 32.8292 30.9943 30.8096 14.8948 13.6513 13.7807 14.0362 55.6057 52.7353 47.3023 54.8137 38.7409 37.171 38.8928 40.2307 41.1743 36.4057 35.453 35.7255 72.4009 83.0124 86.1318 82.0781 58.672 52.237 52.5684 55.6402 21.7517 21.9906 19.7091 22.0464 44.5941 59.7833 39.5863 31.8893 29.2141 26.3534 12.1788 56.7209 26.2833 35.3031 66.3452 52.5792 66.6859 67.4463 73.6306 40.3958 25.5857 39.3849 74.8503 66.4308 34.8563 34.3372 31.9125 59.8415 33.7635 55.9105 72.4112 63.9332 44.0812 40.9846 51.5493 47.5697 71.0283 59.3883 75.5714 22.4715 61.9614 65.0416 46.7117 21.5094
1.22861 0.654219 0 0.624804 3.36482 3.24517 15.4792 15.4498 18.9355 17.5585 20.5738 23.7208 22.386 21.3288 29.7169 26.1577 27.3969 31.5287 33.1312 34.1463 34.1536 34.9425 15.328 16.9776 19.5844 20.4959 17.3407 19.2369 18.4959 21.381 51.6423 54.4357 58.3201 51.6006 53.3706 47.8136 50.0606 52.4462 36.6541 37.8844 32.1177 33.6871 43.7882 42.319 40.4724 34.8016 39.6661 35.6572 40.8155 38.5958 32.4395 30.974 32.618 33.3784 48.5256 42.7964 41.8104 38.1038 21.7926 20.6973 18.8168 17.2268 46.7748 41.8253 43.481 41.7667 62.1762 67.1231 62.8989 60.747 55.8287 54.4703 26.6267 26.9256 30.8488 33.5202 39.5071 45.6175 92.4845 79.9245 32.0924 28.2223 46.0186 43.4482 10.2909 15.5584 10.9888 11.0083 10.2471 12.4203 57.1881 53.5896 58.9551 56.8928 48.5001 46.6321 52.2196 49.3455 23.2657 20.7976 19.4735 19.8045 31.0565 31.7977 34.023 29.9877 13.3329 12.6706 16.153 15.2721 52.6547 56.4067 51.3336 57.0869 39.8786 36.0513 37.3131 34.6412 37.0277 41.3514 34.3844 37.4128 85.9855 81.3938 71.7452 81.9636 55.9751 54.2561 58.4415 56.6625 21.1411 22.2809 19.9003 21.7927 43.1689 55.6719 39.0741 34.1017 26.4028 27.026 13.8458 58.173 23.1957 36.0386 61.7193 60.1009 60.8335 69.0528 81.1349 41.2977 25.8471 40.9581 69.663 75.4682 36.1429 34.9586 28.6828 66.2362 33.9658 58.1113 69.1553 68.4951 44.3938 45.3577 46.8985 51.3324 78.7439 56.7693 78.7774 21.9083 72.607 73.2792 46.7718 22.8984
1.93394 1.41188 0.624804 0 3.89917 2.34095 14.4063 17.7274 18.2909 16.1378 22.8298 21.1056 20.1836 20.8731 27.3673 29.7709 28.8149 29.1385 35.0073 34.9445 35.3267 35.6288 16.6373 15.7632 16.2127 19.5807 18.2972 17.1242 18.7218 20.7426 60.4011 55.317 59.5979 57.9185 48.1764 47.5179 49.3105 53.5198 35.2139 36.3917 33.9686 36.1059 40.0262 38.2414 37.4757 37.4433 41.9086 41.4529 42.5668 36.365 33.6326 31.0131 33.6538 36.4633 44.2758 40.0659 42.5117 39.8563 21.5136 20.2881 16.478 16.8298 47.9996 41.6146 39.0879 38.1855 61.2008 66.9151 62.9496 57.3718 53.2723 52.6794 27.6765 28.0066 27.1457 31.0594 41.9211 47.7107 77.8817 88.9116 28.4271 26.6782 51.9826 44.9012 12.1053 15.452 12.3157 11.0411 9.9295 10.8064 54.5234 56.236 51.42 51.3574 50.1116 48.4882 44.2904 52.5495 21.1875 22.5243 19.7582 21.673 30.6342 32.1387 31.1934 29.9804 14.6991 14.8531 15.5763 14.8991 57.0259 53.0911 58.0196 55.7327 38.4026 42.2916 40.097 37.8634 42.2222 38.8571 35.4829 36.2908 87.8805 79.1062 82.7548 73.9916 56.1471 52.1788 52.2017 61.6333 23.6346 22.8489 24.2306 23.0269 40.9875 59.3509 37.5062 30.9041 27.372 28.1106 13.1035 53.3015 24.0084 36.753 61.0722 56.1422 69.1977 68.1428 78.6279 42.1229 22.6946 41.0883 69.0071 71.079 33.795 33.9711 33.8839 66.0301 32.8456 57.8664 67.5941 62.6506 41.203 44.0107 55.4554 51.8992 69.0704 58.506 73.1947 21.6922 73.3901 66.5776 47.9249 20.4317
2.61259 3.09578 3.36482 3.89917 0 5.14845 18.8903 19.4195 18.8772 19.6027 25.169 23.545 26.1637 23.8841 31.914 32.5374 31.8061 34.5987 39.2611 38.9156 36.971 39.3766 18.3428 18.9711 21.0204 22.0899 18.7028 22.9313 24.662 25.9971 51.8408 47.9285 51.0443 48.9695 50.6587 49.7173 50.6669 45.9473 40.6517 38.3542 32.7316 31.6299 37.3152 42.2917 37.6874 37.7685 32.8002 36.1719 35.0948 36.0748 32.0665 32.9264 29.5493 32.2744 44.9127 36.206 41.6708 40.1543 18.2553 17.765 14.8388 15.0131 38.583 38.6694 42.9382 40.6592 65.7197 60.162 55.2229 57.328 51.5819 48.4936 30.468 33.0389 34.4097 34.4407 48.8482 49.3416 76.6376 87.9609 26.8912 26.5098 45.7307 47.7167 10.1786 15.6476 10.8937 13.2545 11.7846 12.1657 51.1254 54.0002 59.2461 54.2133 51.0648 51.4653 47.1727 50.2017 17.9053 16.9421 16.8258 16.8778 28.9314 27.2674 29.4162 27.2159 13.8445 10.7273 12.4794 11.2274 48.6598 47.4955 47.431 47.8122 38.4629 38.0051 39.7333 36.4379 38.8291 32.715 35.7317 33.1182 68.8535 76.0941 73.1245 79.3479 58.5833 52.8899 59.4372 53.5773 21.5807 19.6542 20.1932 17.3847 37.6425 58.6947 32.4275 32.622 29.0438 25.2949 8.62054 51.9137 27.708 35.972 57.8623 53.6538 60.264 60.2626 76.0706 38.6208 28.8383 35.2112 65.1318 67.0695 34.9332 29.2578 32.0943 62.8013 31.6508 53.9436 68.6974 63.8154 43.0738 46.3495 48.2067 49.0657 69.5535 58.3752 78.4364 23.76 65.3952 62.6106 43.2319 21.8163
4.08982 3.18923 3.24517 2.34095 5.14845 0 15.0807 17.1456 17.801 17.2347 19.9378 21.8487 21.6853 21.61 24.9455 27.2367 26.1749 28.5895 35.2239 30.9327 35.9846 35.6987 17.1306 17.9428 18.7766 19.2303 19.4915 19.7701 19.1478 22.355 52.6885 59.5963 62.3239 55.7738 49.2676 47.0265 56.4956 57.3255 36.3561 33.6523 31.5237 31.2981 38.2253 38.1596 36.2899 31.7839 38.1522 37.7053 38.7127 37.7566 38.4136 39.3203 35.3284 35.6894 49.7507 47.4305 47.5405 41.6622 19.5065 17.5205 15.8761 14.471 43.3645 39.0417 43.8914 42.7689 59.7712 55.5707 58.1336 62.2065 59.0088 49.6203 28.1899 27.0713 31.4133 28.3647 44.283 45.3645 89.4423 87.7167 31.793 30.4223 42.7072 45.2328 15.0849 13.2676 8.61437 9.66177 7.695 8.93717 50.1555 49.4991 56.7716 51.9398 50.1454 51.0217 46.2465 49.8224 22.7756 20.9192 21.6697 18.7737 38.6499 37.3942 35.7363 37.3265 16.091 17.6555 17.2697 15.4527 50.4723 59.3764 55.1142 55.6418 33.7435 39.4367 35.2524 34.5498 40.2466 40.905 36.7761 35.0161 74.6973 84.404 78.1027 82.5923 56.5556 56.1811 51.4139 52.7122 22.7403 23.373 20.4951 21.4948 44.3531 60.6021 38.2786 29.1985 22.5368 27.8028 15.5216 59.2261 21.8417 30.8406 56.6007 62.3916 61.38 64.1461 70.3141 37.654 20.0948 39.9158 73.1539 68.8237 30.0684 33.0438 27.6729 57.7345 37.4765 63.8975 71.689 72.436 45.102 43.8481 55.8053 51.3551 67.2884 55.9438 73.6053 18.9824 64.196 67.4653 46.1726 18.7297
17.0069 17.3177 15.4792 14.4063 18.8903 15.0807 0 1.3278 2.29132 3.99437 5.65572 5.9826 6.14624 7.082 11.5927 13.3218 13.24 13.5531 18.3607 17.8343 18.1048 16.8101 15.3875 14.1974 15.2797 18.098 11.2573 12.11 13.2635 14.934 62.8751 75.876 66.2017 65.3075 69.1844 69.4985 61.5182 64.896 39.909 35.6421 35.8358 38.2207 43.0937 36.7072 36.0775 40.2406 57.1949 53.1025 56.8867 50.1464 44.8404 48.3364 51.079 51.4339 57.0551 60.8743 57.3314 57.2367 31.7033 31.8814 31.6975 26.366 58.4026 55.0627 50.2166 51.7366 53.9284 59.0843 51.0437 54.7305 65.6791 72.8653 15.129 15.8625 14.3203 15.718 41.6017 41.0139 102.65 96.1701 43.7176 40.3838 44.469 28.9542 26.9085 21.5345 19.8009 17.7867 20.312 17.7142 61.099 60.8946 61.4972 59.7461 51.4682 57.7564 59.5262 50.1308 39.62 40.3049 36.007 32.7682 46.7886 50.2028 46.4749 49.3113 31.7092 28.2459 27.099 26.0643 64.0609 62.346 68.4168 71.2479 46.1139 46.5204 41.7151 42.7963 48.0349 55.7592 50.3661 54.1038 95.7612 102.035 102.011 98.7341 53.6751 62.4096 54.7207 61.1084 35.6557 40.2997 33.4672 37.3333 60.545 68.2942 52.8763 16.8415 12.5785 39.9109 31.9595 73.8652 8.45815 33.1823 66.2314 71.9606 77.1244 85.1549 80.4217 56.0796 10.1823 57.0633 74.6945 80.0001 18.3109 47.565 44.0146 69.7406 46.2961 65.6336 82.1849 87.7441 58.8472 56.3898 60.5161 61.3948 91.2971 57.1716 90.1275 24.8022 75.7652 73.4688 65.0625 14.2675
16.3532 17.896 15.4498 17.7274 19.4195 17.1456 1.3278 0 1.35589 2.53226 6.0923 5.38563 6.07216 5.41275 13.1985 11.1032 13.636 13.4315 19.0967 18.2662 17.2038 18.344 15.6385 16.3839 15.0227 16.9914 9.90077 10.8623 12.1481 13.3702 67.2279 64.6229 68.293 73.0722 57.6107 66.0627 62.0725 67.9333 37.9196 37.7234 36.9218 37.6192 45.7113 38.7964 39.1393 37.6293 49.3143 52.4708 55.4481 50.9499 45.2579 46.3846 50.7281 51.7582 66.3052 60.8211 61.038 64.4536 35.433 33.7881 30.4464 30.5595 58.8344 57.6333 59.7311 57.2356 55.2164 57.4447 53.2969 52.8533 74.5843 61.4196 12.9273 12.3235 12.1581 15.1745 39.3624 39.4108 97.5143 93.1809 48.6183 40.8832 50.1007 28.2842 24.2533 22.1788 22.1843 18.1583 17.7862 17.518 56.1431 56.6813 55.0785 59.4876 55.8838 59.3114 51.7972 53.1177 41.8771 34.291 36.2459 33.2783 50.4009 46.4728 44.1069 49.8792 28.859 30.9518 26.9194 27.2112 63.4923 67.6989 66.9643 65.3764 44.0651 44.423 41.1659 43.9502 53.6639 53.5027 52.3752 53.4249 86.896 93.645 86.8207 100.015 62.536 64.2304 57.9515 64.938 37.1403 34.329 36.7492 37.2682 56.5006 75.176 49.8727 17.4327 15.5775 40.7482 29.5303 68.8481 6.74908 35.0353 66.1737 70.3682 76.2393 86.8613 73.6396 53.3945 11.5029 62.9225 79.3563 85.4546 19.9585 40.5384 39.8957 62.9771 51.9384 75.7585 77.3444 77.6207 59.5325 50.8289 72.959 62.9733 94.515 50.1512 87.5298 26.4664 79.6633 70.1664 64.8707 16.5421
18.3042 19.0815 18.9355 18.2909 18.8772 17.801 2.29132 1.35589 0 1.35211 5.60369 5.53063 5.51901 6.05365 12.1572 12.8242 13.255 13.6701 16.5186 17.6916 17.6167 16.5574 14.032 15.5035 15.9884 16.1555 8.71323 9.5351 10.2927 13.2395 67.9157 68.9783 65.7096 69.4666 61.2529 69.3837 67.9111 60.0798 43.3109 41.4482 39.9326 41.318 43.8403 40.6664 42.6676 37.6343 56.1814 57.8829 55.9824 54.294 50.8322 51.1736 44.1033 47.0321 59.9139 56.062 64.5243 55.2496 35.8696 31.378 32.9463 30.5939 53.6451 61.1287 59.4418 58.1553 57.7369 57.0436 62.5355 58.6738 63.5528 72.2481 11.0641 11.4113 12.2937 12.6762 42.9815 38.9412 93.2234 101.9 47.5961 42.1884 50.4561 24.984 28.5842 22.6881 22.2739 19.414 19.2511 19.58 63.8749 58.9932 61.2334 65.1443 61.2858 61.0137 62.6156 53.1234 41.1176 34.5539 37.2645 34.8035 46.8471 50.5283 47.6923 42.8086 27.3372 30.4799 32.2545 29.1028 65.5359 64.6646 70.9738 59.4815 46.8544 44.4055 46.6863 47.9852 50.9859 49.2983 51.0369 49.7173 102.207 88.7956 89.6189 100.216 67.583 67.0592 58.0192 58.5156 39.0312 37.3184 41.7567 40.8948 57.3081 79.9154 51.3884 16.3252 14.7471 36.2287 30.2375 66.6376 7.08489 37.9314 67.8125 70.5374 86.2141 83.6598 74.0671 54.9183 11.5018 58.0544 78.2656 79.0148 18.0802 46.1157 42.5597 63.3138 56.8976 79.0203 79.1877 86.7488 51.462 53.3982 66.7725 63.0081 95.2451 56.437 84.7552 27.0161 76.1992 71.8941 69.7309 16.9321
21.0241 17.0409 17.5585 16.1378 19.6027 17.2347 3.99437 2.53226 1.35211 0 5.96146 6.45317 5.89068 4.94937 12.2832 10.9471 10.9521 13.0424 18.0478 18.3622 17.8655 17.5576 14.1731 14.2303 14.8617 14.2037 7.9188 9.87543 9.12491 12.0675 73.8855 73.3435 65.8543 71.2884 63.6075 57.4886 58.4516 64.3188 47.3653 40.9629 44.6305 36.4922 46.9224 39.6359 38.6847 42.9905 54.5225 56.067 55.1499 57.1326 49.7611 51.9093 44.2399 45.5855 62.3824 59.3656 61.4977 60.4745 31.7271 30.4669 30.8122 32.496 61.0211 60.4912 55.5189 60.2216 60.6829 57.6349 54.2992 55.1086 74.7915 72.0615 11.4725 10.5361 11.9584 13.6184 41.5255 45.4472 110.923 101.39 43.2432 41.2933 46.9248 26.2255 26.8101 24.0459 23.3029 20.4598 20.5841 22.0171 59.2116 66.4543 59.7212 56.2588 60.4429 64.6482 56.3594 55.4173 36.0218 37.6739 40.4739 34.6511 52.1503 44.4784 44.0359 48.0221 32.6701 30.0435 31.3485 28.1196 62.9082 64.0951 72.0776 70.5822 51.208 48.7364 49.2479 47.3786 57.9703 56.1499 52.8077 51.763 98.8561 95.2382 103.02 100.687 65.1292 64.5137 61.9124 59.2149 38.6663 36.8577 41.7544 39.2781 55.0804 80.0984 58.1865 15.8602 15.0961 41.0733 28.2146 75.4737 7.81613 34.3663 69.9311 69.2518 84.0668 83.5792 78.0707 53.2653 13.5728 62.8114 85.0997 78.7429 19.8002 50.1096 45.1316 66.4314 55.1896 68.12 83.3988 84.8656 54.9784 59.6955 72.1683 64.1067 87.4581 60.767 97.9291 30.1209 76.2879 80.2518 65.4888 18.0087
20.6006 24.1638 20.5738 22.8298 25.169 19.9378 5.65572 6.0923 5.60369 5.96146 0 1.2608 2.39152 3.96731 6.64029 7.34177 8.13238 8.28386 12.9008 12.3853 12.3957 13.0896 20.3554 18.5434 20.9962 22.4919 13.8592 14.5551 18.1805 19.1921 67.0865 77.3472 71.4005 70.5942 74.9743 71.5818 75.4302 74.6115 39.3573 40.6493 40.951 36.7778 36.2275 35.5621 34.6846 34.7717 57.6427 52.5345 56.7943 52.8666 55.2018 54.3956 55.0755 47.7204 65.3664 58.9379 68.4126 60.4922 38.2463 34.1764 30.5935 31.3978 61.2635 59.3325 56.3709 61.1464 60.6495 53.8077 56.9651 56.1778 74.7551 72.9757 14.0444 13.9378 12.9722 13.5957 36.7431 33.9459 100.054 94.8751 51.2551 53.0028 49.72 22.4068 30.3978 24.5629 22.1621 21.564 20.1905 19.2112 64.8146 61.4502 59.2451 55.0316 54.6471 52.8784 55.8067 50.37 42.0489 41.6398 38.0469 43.9361 56.4937 55.7229 56.0284 52.0271 36.623 34.1236 38.2958 34.9203 74.4446 72.8256 74.7763 77.6302 46.0113 41.9521 41.1381 41.6538 51.8107 53.5914 53.226 57.9792 106.026 92.448 100.432 102.193 53.7182 57.0211 52.9301 52.8275 39.2116 40.9988 43.7566 37.0789 61.5496 72.4521 61.5444 11.5243 9.84899 48.3645 37.1846 80.2274 3.23717 28.8646 70.3104 75.0701 85.1855 82.4563 72.5746 61.133 6.43046 56.7983 76.6091 95.4044 14.1455 42.2996 44.1217 58.3889 57.0667 70.973 76.6943 83.0083 61.8558 52.2258 75.5682 62.0311 96.7905 52.8961 84.3461 23.4901 81.1859 67.9536 72.7533 13.9063
23.8365 20.2712 23.7208 21.1056 23.545 21.8487 5.9826 5.38563 5.53063 6.45317 1.2608 0 1.26138 2.53531 6.26233 7.41877 8.20238 7.9224 11.8955 12.6009 11.4674 13.8537 20.6216 18.2853 18.6449 19.0285 13.1488 13.749 14.8838 15.2201 70.6648 81.2836 68.192 74.8507 65.2839 63.6888 68.2205 72.6655 43.6128 42.1227 37.8041 37.2328 40.3985 39.0681 35.2599 40.1926 55.3762 52.5136 63.7758 62.6066 55.6431 57.8613 49.3906 57.6882 71.7766 66.9541 65.9113 65.9067 39.3115 32.4936 36.0924 33.5154 64.1727 65.1714 54.0595 60.8798 57.5094 64.0817 53.0077 57.6332 70.5635 67.1503 14.5002 12.1653 9.68673 12.1523 35.0179 39.9938 94.8773 108.913 50.7895 45.6765 43.3405 23.3777 32.6111 24.7174 23.896 21.8387 23.0682 21.5827 64.0291 61.6133 54.0798 64.8525 54.2332 59.6164 55.4788 56.1762 45.7028 39.492 43.5563 38.3501 57.9853 48.0472 49.4372 48.0354 36.7601 36.9004 36.7756 37.1414 73.0889 69.7189 66.3724 76.2454 43.9128 44.5791 40.1834 39.3521 52.8332 59.5588 51.3035 51.1857 104.819 102.937 90.1151 99.294 63.7972 63.1252 62.8804 64.9297 40.6803 42.2572 44.3414 44.9892 57.3698 83.9494 62.5333 11.1258 11.9334 40.3254 34.6742 79.3697 2.68116 31.4495 72.9476 79.4464 92.852 76.3849 74.7094 53.3821 8.14383 66.7991 89.9578 91.2127 12.641 48.1263 42.7534 61.9296 58.1204 70.6531 85.6996 84.5048 58.204 55.0733 66.5097 62.3741 86.7963 50.4258 98.0145 24.504 77.003 66.7076 66.5567 15.9871
25.7054 24.7334 22.386 20.1836 26.1637 21.6853 6.14624 6.07216 5.51901 5.89068 2.39152 1.26138 0 1.33667 6.85122 6.16334 7.20216 8.13645 11.067 11.5815 13.1405 13.4772 16.8238 20.3878 18.5552 21.9602 12.8236 12.9151 15.7031 16.3403 70.2821 80.3077 81.5428 75.1968 69.1672 65.0826 67.1339 73.6149 43.8468 44.9385 36.6673 42.1965 40.6982 41.2383 36.5943 37.4075 53.8708 54.4958 58.0548 59.571 48.3995 53.2919 54.1517 53.0089 69.2006 69.1592 71.5265 58.7204 35.8196 35.9908 36.4582 35.2686 58.5049 60.2175 55.2322 56.0415 62.8881 57.3241 61.6153 52.0889 80.4784 67.982 12.0523 12.4165 8.66916 11.4176 38.3211 42.3938 105.377 112.748 48.504 47.4962 51.7905 21.9193 30.8611 27.3934 23.5946 25.9882 21.7743 24.7812 56.0103 58.9969 55.6182 56.3877 54.0364 57.5625 57.138 57.7925 45.6834 46.5792 45.4312 39.8171 54.5759 49.8351 49.4522 56.7052 33.2146 31.8794 37.8376 33.2381 64.6789 66.8914 66.4459 71.5806 47.0594 45.7901 46.0646 46.7154 54.7864 54.3218 56.8558 51.8664 108.625 102.109 92.8387 97.8381 62.3373 62.4008 58.9232 64.2609 41.2184 44.1258 39.9299 44.7717 59.7675 80.4777 58.7191 12.1377 12.5852 41.6931 36.9735 77.9281 2.09097 31.2233 72.4952 76.6565 83.5476 85.5158 79.094 60.1478 9.22506 65.2976 86.9338 95.7532 14.3384 48.6181 44.5988 60.7339 59.7234 74.5829 79.3504 81.0742 62.4677 55.8279 72.8063 65.147 91.6594 48.348 101.947 28.466 73.8012 73.0353 75.6631 16.1293
23.2506 21.7928 21.3288 20.8731 23.8841 21.61 7.082 5.41275 6.05365 4.94937 3.96731 2.53531 1.33667 0 6.91163 6.24787 6.22776 6.39985 13.142 11.6623 12.617 12.4609 18.7823 17.6816 20.0798 20.9768 13.8969 13.5266 14.4115 15.759 74.1817 80.1566 75.1257 77.8901 72.9304 71.8462 64.8052 70.1796 47.5378 42.6973 42.0411 42.9461 47.0644 39.5661 40.9173 41.116 61.8307 58.1463 57.9431 59.1577 54.3296 53.194 56.6137 53.7153 62.9875 69.4735 66.6964 64.8672 41.4227 34.8137 34.1046 33.135 64.0526 59.0597 66.8063 57.6254 61.8537 65.879 60.5172 54.4489 77.2446 67.4372 12.0967 11.7429 8.15139 8.58666 41.7935 37.4296 102.312 95.3094 48.6165 47.2975 54.5674 22.8727 30.8293 28.1781 23.8566 23.0188 23.237 24.0381 61.784 68.412 61.5431 65.6857 56.0468 58.548 63.6729 58.0157 45.9104 42.5396 40.8686 42.4759 53.8959 54.1369 50.7191 53.8208 36.206 36.8336 32.4703 35.5645 72.3349 76.7563 65.8225 75.8442 45.0434 50.4904 49.3871 45.9674 61.4112 57.7011 52.3973 58.5523 95.9572 93.5517 101.162 89.6319 64.5188 62.206 59.4649 64.5148 40.6872 46.3713 47.1042 42.5322 68.9917 87.022 55.0721 12.2344 13.1325 46.2529 34.8713 77.9934 1.96543 33.0379 75.6741 75.2145 85.9512 89.3352 81.4955 55.561 9.81986 59.1768 87.3891 83.0615 14.5715 51.7384 47.3028 70.4766 57.2629 79.4989 80.1873 77.2484 61.7788 55.5564 67.4629 68.0907 87.607 58.1701 102.092 28.4333 79.2335 74.8011 65.5086 19.1286
31.1964 30.6732 29.7169 27.3673 31.914 24.9455 11.5927 13.1985 12.1572 12.2832 6.64029 6.26233 6.85122 6.91163 0 1.19761 2.42046 3.5862 5.36604 5.28217 6.19856 6.07898 23.5751 23.2426 25.2247 26.7661 20.7456 20.0172 20.3979 20.0953 84.6062 85.0365 81.0702 83.1551 80.3727 77.957 70.6332 72.8524 46.3041 43.6656 38.7787 40.6646 39.0091 41.2554 38.2695 36.6587 61.4153 61.8038 65.9374 66.7321 55.2612 57.249 62.2232 61.067 70.7161 76.6206 73.644 69.4031 40.7835 41.4682 40.6773 36.8871 69.9883 63.999 66.2337 64.6806 61.823 60.3579 50.616 57.6139 82.7681 82.9225 15.5832 15.8414 10.5027 8.57033 37.6168 33.3713 104.651 100.188 64.1562 57.3543 49.2175 18.3432 39.9289 25.7663 26.5119 27.535 27.5675 27.1121 67.9651 62.7788 59.8998 54.9083 56.0748 62.5325 56.1028 61.969 53.3427 49.7612 51.9362 47.1121 63.984 54.5909 54.5756 56.2679 42.259 40.2511 40.5815 40.2877 75.8826 76.8091 81.322 70.9575 45.106 49.6226 48.6445 49.8687 56.2704 59.4064 55.9922 55.0329 105.918 94.9612 97.2739 93.5921 62.9522 64.0528 57.145 57.4937 51.2448 51.8099 49.4366 45.6397 63.5743 77.7084 61.4159 5.4069 11.1091 52.4557 43.9938 87.7438 4.38976 34.7928 69.6154 81.5545 92.6746 79.2405 68.37 60.6361 9.77171 74.4377 97.6759 90.0318 7.28743 52.9926 43.9599 72.1611 57.3796 74.3241 87.348 91.8941 72.034 59.4063 72.752 63.7728 89.7364 54.8149 90.4768 33.2134 79.3989 75.8295 74.6295 17.0631
30.2407 28.0864 26.1577 29.7709 32.5374 27.2367 13.3218 11.1032 12.8242 10.9471 7.34177 7.41877 6.16334 6.24787 1.19761 0 1.28838 2.61553 5.55981 5.85422 5.85446 6.49703 26.8763 27.1158 27.2805 27.8351 19.657 19.7699 21.5904 18.6777 84.9297 84.5454 74.0087 87.661 73.6984 77.2542 76.2415 76.878 41.593 46.0063 40.2995 44.3967 40.4655 40.8922 42.0883 38.0176 60.7246 61.6122 61.8055 67.7206 56.8944 63.4257 63.0567 54.9083 68.6155 70.999 74.1861 72.9939 45.7269 36.9956 43.8817 41.5804 64.8125 60.2375 69.297 66.5028 55.587 59.5315 55.9542 53.6457 74.6999 75.2939 16.7688 13.173 8.25129 7.84204 37.9882 35.0363 107.88 110.474 53.0947 57.5959 52.6105 18.297 40.9833 29.8737 31.7436 27.1545 28.9205 30.3554 68.9279 59.1086 61.8797 58.9435 59.7486 64.9859 60.1073 57.8262 49.0363 53.1682 45.8238 43.5897 59.9037 63.5702 65.6782 54.2942 44.7675 38.0895 40.1127 39.6393 72.6292 81.3944 79.6531 70.0229 47.4624 52.0012 50.0219 44.4892 59.0674 66.5754 63.1288 59.9679 108.443 105.731 97.7203 96.6465 59.7927 67.9303 61.2221 56.2763 50.2187 52.4649 45.9827 50.279 71.0864 86.5742 63.9015 5.28958 11.6701 52.4284 45.163 78.6818 5.02325 32.9053 72.8823 82.5768 82.2585 82.7884 83.4204 63.8122 10.7792 71.2303 86.9412 99.369 7.19907 53.5896 45.0021 70.9692 67.3876 80.423 96.8895 80.6479 69.0057 64.7079 82.7207 62.4326 88.1249 48.6084 93.2985 30.1634 75.6091 83.0262 78.3246 21.2964
33.3989 32.0274 27.3969 28.8149 31.8061 26.1749 13.24 13.636 13.255 10.9521 8.13238 8.20238 7.20216 6.22776 2.42046 1.28838 0 1.17599 6.24939 5.65575 5.78004 5.7425 22.7829 25.6397 24.6766 25.9078 18.3964 18.3224 19.9993 20.7435 80.2846 76.1144 84.7276 73.2524 80.538 73.3686 81.8141 82.541 45.2952 45.0163 40.0716 37.8807 41.8739 46.1551 45.894 41.0887 68.857 65.6929 70.6481 62.6264 57.2291 62.3108 59.6185 64.2838 75.179 71.0426 69.4733 65.2251 42.0381 45.1827 38.9012 35.6923 70.6122 62.745 67.5416 64.1655 61.7649 56.716 54.6853 57.4597 83.5372 71.6581 14.5083 14.2331 7.87642 6.9485 38.555 35.8764 102.399 120.438 57.6666 58.7248 51.599 15.3927 41.3627 33.3492 32.0705 28.5969 30.7351 31.8957 64.1833 63.2102 59.0901 68.2377 59.8792 56.5984 67.393 58.6456 47.2215 52.3554 45.2025 50.1658 55.2909 61.9898 61.6258 61.9869 43.7578 42.7142 40.7134 40.1613 72.0903 70.2948 71.8643 79.3558 51.9478 54.0567 45.3427 47.842 67.0371 59.0564 59.7202 64.8801 108.936 97.3805 94.9932 104.679 59.7258 62.71 56.8623 60.9346 48.8277 49.8129 47.3422 44.8717 77.5287 79.1469 65.6311 6.10298 13.3295 50.4626 40.319 80.2969 5.51592 31.4119 71.6809 88.9497 93.5674 89.1663 75.7225 58.8521 12.3194 63.292 88.2621 95.2951 8.50036 49.3451 52.2835 72.6791 67.6392 87.243 88.7662 83.2508 73.6304 64.2278 83.8135 65.417 103.448 56.8618 108.272 30.0379 85.7903 81.6858 74.1723 20.2611
32.7118 31.5441 31.5287 29.1385 34.5987 28.5895 13.5531 13.4315 13.6701 13.0424 8.28386 7.9224 8.13645 6.39985 3.5862 2.61553 1.17599 0 7.17177 5.44321 5.12876 5.46372 22.3014 26.1905 23.1381 23.091 19.9785 19.8185 19.7375 18.8047 79.6275 87.574 75.5253 81.1362 78.8359 72.6968 70.1247 81.8964 46.4543 46.0139 46.8214 46.7985 46.7588 41.7492 44.7114 46.5368 63.1765 59.0835 71.0134 68.5841 59.2334 60.4128 59.331 64.5402 73.127 74.6078 72.504 64.3487 43.2231 42.1381 39.3668 41.9902 62.7 66.2786 70.7886 66.7697 59.9047 63.6279 55.9087 63.7545 83.1681 82.9267 15.2072 10.9558 7.00392 5.5466 40.8684 37.9701 111.215 108.928 56.6114 54.817 46.9717 14.9656 38.8644 29.1134 34.6389 32.232 29.7187 33.0406 71.885 63.6115 62.2327 59.7125 61.1814 57.8478 57.2703 57.1427 49.9021 46.3737 54.3056 47.2224 55.0516 54.656 60.8825 56.9535 44.71 42.2277 44.9187 41.208 83.0174 78.1353 70.2873 82.4116 52.7061 53.188 47.7405 52.3962 65.1916 60.4632 56.3034 66.9264 111.635 112.202 112.889 105.576 71.0901 71.2362 59.489 61.3489 48.9957 46.5553 50.3505 44.7235 66.7257 84.9977 69.1378 7.77406 13.757 55.1673 45.4067 89.2056 5.4378 32.7007 76.9614 88.4536 89.3396 83.5088 81.3579 60.6533 14.0468 65.0373 91.1109 105.058 8.86946 57.5799 46.9663 76.835 59.0957 89.8829 99.5816 97.3016 71.6638 60.7067 87.4347 64.367 96.6463 58.5978 104.46 34.4588 83.0896 76.8111 86.3169 23.2751
36.267 34.3614 33.1312 35.0073 39.2611 35.2239 18.3607 19.0967 16.5186 18.0478 12.9008 11.8955 11.067 13.142 5.36604 5.55981 6.24939 7.17177 0 1.35087 2.45882 3.89928 27.4861 29.7377 33.2723 31.3028 26.3278 23.9708 24.7707 23.7454 83.7623 80.2659 90.6055 89.6305 77.6502 84.5891 79.4542 74.4839 45.625 46.4945 38.3976 38.9805 47.3774 41.9235 44.3631 37.5697 65.5106 73.3127 67.4474 65.1872 62.343 64.4015 67.2212 67.5498 76.5204 79.7014 73.9512 80.65 44.859 43.4181 40.0768 44.0578 75.0606 69.6416 74.7663 66.9247 57.3824 61.004 50.932 55.7022 90.2805 86.561 20.3621 18.3217 13.496 11.4462 38.7409 32.7667 103.793 110.031 60.8899 60.0896 51.8266 17.4604 46.4569 32.868 33.3684 34.0468 33.8547 33.9387 60.5201 65.4442 61.5507 64.4936 66.3294 66.7604 66.6273 54.4257 52.3461 53.6879 51.4932 56.8093 66.2377 66.7822 61.3872 68.7376 50.545 46.1338 45.8215 47.5267 88.8898 85.3458 85.8723 90.067 49.6992 50.6183 48.0087 48.7368 64.3403 66.2998 63.7587 56.9599 111.012 108.607 96.7653 110.681 60.4699 58.8296 66.3421 56.3197 57.9828 54.2097 48.2145 49.5291 75.0188 90.8642 64.0792 1.81504 12.1048 52.6995 42.7051 93.1735 9.2793 32.6006 79.7009 97.3329 89.0271 90.0579 70.1602 68.9516 11.4807 73.2191 84.7852 95.7357 2.1866 60.3967 50.5519 71.3663 70.7102 91.1951 91.7484 82.3906 70.4764 72.6127 81.1507 67.3358 95.6114 50.1019 101.593 36.3447 73.1247 79.6306 76.6538 20.122
35.3973 32.99 34.1463 34.9445 38.9156 30.9327 17.8343 18.2662 17.6916 18.3622 12.3853 12.6009 11.5815 11.6623 5.28217 5.85422 5.65575 5.44321 1.35087 0 1.32352 2.47427 27.8678 28.9079 29.6433 32.9235 26.3746 25.5555 25.2865 27.7545 85.1494 90.2554 83.0495 87.9744 77.3787 80.4216 81.96 88.3792 45.73 41.5162 44.483 40.1757 47.6702 44.2901 41.228 40.2861 76.05 70.7631 74.6219 71.198 70.9896 59.6129 68.0236 69.9509 81.5368 73.4934 82.3863 72.2556 42.4114 44.2817 44.0576 43.5314 64.5429 75.0227 71.6602 69.9547 60.4249 52.714 59.9092 54.221 92.9119 91.8171 19.1046 18.1459 12.1591 10.0074 39.7973 35.9701 103.581 121.232 66.56 64.2194 51.1003 15.8659 40.655 33.386 34.4965 31.4708 33.4781 30.12 66.168 66.9528 61.0309 67.3025 60.3818 57.7727 57.8446 67.5533 50.7157 58.3146 59.1143 56.5523 62.017 68.7894 71.1014 68.7804 50.2242 48.985 50.5003 49.4884 89.6112 81.0522 75.6107 83.1588 46.8481 48.3168 46.8288 45.137 69.8478 58.1195 58.3482 59.378 104.304 110.953 116.863 108.269 59.0281 66.7364 59.8498 56.9169 51.1187 50.188 49.9112 48.3735 75.1607 83.3571 73.7808 2.69889 14.4157 58.2919 50.9551 87.6866 9.9547 36.7175 70.477 89.9792 92.4789 97.3697 73.6452 65.6595 13.0898 70.4864 97.3537 107.102 3.28226 60.0815 55.0105 67.2876 61.818 80.2618 89.1944 93.6366 80.4944 67.0318 77.9489 68.4511 98.4342 53.841 102.703 35.5109 86.3711 76.7147 79.3527 24.407
33.9344 31.4613 34.1536 35.3267 36.971 35.9846 18.1048 17.2038 17.6167 17.8655 12.3957 11.4674 13.1405 12.617 6.19856 5.85446 5.78004 5.12876 2.45882 1.32352 0 1.26495 32.4184 30.3419 27.8126 31.3723 23.3913 24.693 22.5408 26.2146 91.383 83.3126 86.9197 79.2001 83.2206 76.0533 88.0684 79.856 45.5716 45.6404 45.0737 41.8953 49.4139 43.9497 40.1065 43.3948 67.5411 73.2929 66.7405 69.8156 63.3847 71.1869 58.4485 64.6869 85.29 84.0911 83.8589 81.5603 51.1803 42.2302 49.1777 44.33 66.4682 68.8828 63.959 72.4412 58.9641 56.8962 59.0095 59.0598 88.4892 89.4189 17.5087 18.1171 11.4843 10.4194 35.0834 36.5185 114.186 110.67 70.236 58.4727 54.0421 14.146 48.4499 33.6442 35.895 37.0115 32.1642 35.3137 59.0234 61.6936 67.6006 60.7536 61.2496 59.8747 67.6387 57.6645 57.2097 57.1003 51.3592 57.2958 67.509 58.9135 68.8227 62.0506 52.2317 46.0916 43.7984 47.7727 87.9547 86.1608 86.5571 90.2843 48.3575 52.3433 49.7557 51.6072 61.6404 66.4918 69.8007 67.875 101.136 100.812 114.287 112.34 62.871 70.2265 63.1326 57.5183 54.7486 52.8497 50.7537 53.5718 69.7724 97.1281 78.2662 4.58915 14.025 61.1105 47.2119 89.7243 9.87079 37.8166 79.4719 82.5231 88.6413 96.1214 70.0792 74.2639 14.8542 71.3021 93.8491 99.7393 4.63308 56.5524 57.004 65.7494 70.0771 82.4846 101.123 96.2357 80.6862 69.9754 76.9032 65.1568 94.8455 57.6966 109.515 32.3316 87.921 76.8935 75.1216 22.194
32.8772 33.1447 34.9425 35.6288 39.3766 35.6987 16.8101 18.344 16.5574 17.5576 13.0896 13.8537 13.4772 12.4609 6.07898 6.49703 5.7425 5.46372 3.89928 2.47427 1.26495 0 26.8479 29.802 31.9114 30.6466 23.1487 23.1426 26.1646 25.4458 83.5164 86.3975 87.4635 90.494 84.2917 88.9022 72.8261 75.8731 44.6428 51.0704 44.3103 41.5706 48.742 43.9796 42.1718 40.7382 64.0131 70.5846 69.0179 66.0202 62.3974 68.7676 63.4837 60.1355 73.252 84.5961 77.509 78.9165 44.7901 48.6429 41.8332 46.0665 71.3894 70.3819 74.8795 66.0369 65.7881 56.4387 52.2904 61.3881 82.8061 91.4582 18.0039 16.4003 10.9171 9.26369 36.7378 41.1101 112.837 110.497 64.2756 58.0324 47.1761 12.8564 43.5778 36.0807 34.4599 31.6657 36.3534 33.2102 70.0646 68.9648 62.7284 59.3155 70.3865 70.4081 66.1952 59.2994 51.0751 52.8346 59.1482 57.4761 60.9333 69.8186 65.5236 58.4036 45.7236 44.4525 48.8812 50.354 82.7695 77.9717 89.0339 87.4171 49.5192 53.0907 48.8922 50.2942 73.161 61.7511 68.1144 68.2287 108.037 103.651 110.167 98.1951 66.4517 65.0727 70.047 62.7875 57.952 57.5993 54.7574 53.2522 71.2488 84.0578 73.0885 4.99929 14.9158 52.3804 48.7345 91.6489 10.8563 35.4912 73.2762 85.9023 89.1239 97.925 82.9926 71.2991 14.3713 72.3253 101.5 108.63 5.86495 52.9194 50.4288 75.3079 71.6393 86.6942 91.9276 95.2278 72.979 67.0179 80.299 73.825 100.162 54.6454 114.964 39.4911 82.3301 77.5005 76.3242 24.5701
16.4774 17.2011 15.328 16.6373 18.3428 17.1306 15.3875 15.6385 14.032 14.1731 20.3554 20.6216 16.8238 18.7823 23.5751 26.8763 22.7829 22.3014 27.4861 27.8678 32.4184 26.8479 0 1.36906 2.76894 3.90444 5.307 5.95846 6.15465 6.96458 61.9106 52.867 56.9669 53.8962 47.87 52.2018 50.6332 53.5269 48.9451 51.4468 48.5272 49.1099 52.4558 54.7889 54.4068 54.05 42.6213 41.0755 42.133 44.5584 34.3312 36.8691 33.8876 37.3049 58.1775 47.0833 57.6027 52.8918 39.3955 33.1382 30.9492 35.7388 64.9586 59.4768 62.7546 57.309 78.6485 76.5492 71.2427 65.8442 62.4684 52.1629 14.9034 16.755 18.5366 23.5762 54.0561 57.7764 98.7004 102.828 39.5438 38.6807 57.934 35.3227 17.8893 28.4299 27.8305 27.8635 23.1595 25.6917 76.3937 65.3173 74.3141 65.0695 59.2884 64.3043 58.5756 58.4841 36.3383 35.3083 33.1437 37.9257 38.3263 37.5106 39.2505 36.4201 19.7721 19.9394 21.0799 19.9673 51.8555 53.7499 58.6231 49.9975 54.7842 48.6087 55.7082 56.0069 54.3602 53.4315 57.7942 58.2634 93.1011 85.5431 97.9657 95.1431 72.1582 76.1398 74.5535 69.5863 40.5061 37.3466 33.1465 36.5635 49.6596 69.5182 44.0299 28.3145 30.4849 25.7722 26.142 64.612 22.1741 42.3577 81.3844 63.3378 74.588 84.7031 83.221 54.8334 25.2116 56.6833 92.5331 81.5069 29.6271 44.733 49.6857 79.9065 46.9032 74.6704 86.1686 91.8743 46.5153 54.5062 53.4397 60.042 91.0281 65.2131 94.9032 38.0745 85.4646 83.4661 60.8381 27.8933
16.4998 18.6462 16.9776 15.7632 18.9711 17.9428 14.1974 16.3839 15.5035 14.2303 18.5434 18.2853 20.3878 17.6816 23.2426 27.1158 25.6397 26.1905 29.7377 28.9079 30.3419 29.802 1.36906 0 1.35849 2.55211 5.37398 5.47154 5.10724 5.50616 57.6698 58.2433 56.3084 59.6142 47.8376 52.2179 53.6168 48.5044 49.7945 55.3472 48.0605 49.9763 53.9586 56.5932 56.3592 46.3694 44.3471 43.7523 42.7196 37.5944 34.9943 39.1823 37.5656 38.3787 54.3583 55.8403 54.2334 48.1734 40.407 40.6303 33.103 35.6362 57.4754 59.3333 62.1352 54.1122 78.3807 69.537 71.8002 75.0063 60.228 51.6553 13.2443 15.7403 20.5901 24.7559 55.6258 58.1546 90.5785 91.1905 35.0103 36.5178 61.8283 37.7793 19.7686 31.7917 26.3076 26.9122 25.5855 26.3186 71.1249 77.1359 71.7371 74.103 71.0461 71.1626 63.0327 59.1745 35.9151 32.9338 38.1031 33.6636 40.0392 40.5911 40.8903 39.9183 21.2911 21.2327 23.5068 19.5726 56.0248 51.9207 58.2812 56.1832 50.6559 50.839 51.431 55.9637 60.6192 51.6674 56.5255 51.5318 89.0979 91.7075 88.4016 87.7615 67.9125 67.6233 75.2153 70.4453 41.6268 36.1279 41.5952 34.1186 49.366 78.6308 50.2692 30.8089 30.8678 26.9037 26.7046 71.171 20.5684 50.5707 75.7627 69.4317 87.682 85.2387 86.2375 51.3511 28.7219 52.9152 84.714 84.2503 30.0983 45.2028 47.319 81.5974 44.8791 79.845 84.3233 90.8989 50.4053 59.5001 64.4728 71.7096 82.0895 60.012 101.063 34.5922 89.5553 83.8861 69.2708 31.8488
17.3409 20.0169 19.5844 16.2127 21.0204 18.7766 15.2797 15.0227 15.9884 14.8617 20.9962 18.6449 18.5552 20.0798 25.2247 27.2805 24.6766 23.1381 33.2723 29.6433 27.8126 31.9114 2.76894 1.35849 0 1.20198 5.84489 5.65535 5.69713 5.2193 54.4264 55.7815 53.9566 56.5463 55.0273 47.2186 54.3932 47.0697 49.1397 47.6357 52.6609 53.6827 51.499 54.9854 51.1566 47.3552 41.5718 42.0655 42.9961 37.3204 36.4481 34.5448 37.5609 35.1809 57.0272 56.1455 57.3768 50.155 39.963 34.6948 38.8832 35.5759 60.7638 60.2748 63.4773 64.0573 68.8419 72.746 73.4446 77.5665 56.7149 56.6385 12.0221 15.688 18.0501 21.6095 56.1078 52.7918 109.287 92.3869 42.6962 37.6635 58.7155 34.6973 21.1388 32.889 30.2109 30.9992 27.9713 25.4111 78.0959 71.621 65.008 68.3657 69.8351 63.9695 67.4623 66.2716 37.6192 37.5657 35.6799 33.1229 34.9429 38.1497 40.778 40.364 24.0601 21.1227 23.795 21.3794 54.2427 53.1818 51.8775 52.8699 57.232 53.0549 50.8744 49.9402 54.5456 61.7297 51.7803 50.3432 105.362 89.5092 96.1263 93.7846 78.432 72.2182 76.0438 72.8331 40.8255 43.1997 41.9815 42.4886 51.8188 70.2986 43.9424 33.1991 27.6056 30.4592 24.8214 68.7554 20.1091 45.3392 85.5994 71.357 87.9505 91.9342 85.4714 62.3018 25.1341 52.168 87.3268 82.7821 32.2904 51.0884 46.0822 81.1779 43.6027 74.3544 89.8594 92.8369 48.3464 67.223 60.6668 63.0587 87.9488 74.1902 102.359 37.8274 82.2511 89.3583 70.1438 28.1084
19.6934 18.1831 20.4959 19.5807 22.0899 19.2303 18.098 16.9914 16.1555 14.2037 22.4919 19.0285 21.9602 20.9768 26.7661 27.8351 25.9078 23.091 31.3028 32.9235 31.3723 30.6466 3.90444 2.55211 1.20198 0 6.69496 5.60717 5.6295 4.93167 56.9308 53.9344 55.5048 58.9256 54.4265 49.9768 53.1162 52.5859 53.9973 51.3764 52.1412 49.2854 57.9086 51.8619 51.4491 55.3379 43.57 42.993 45.9573 40.3799 38.5069 33.7584 35.1817 36.7328 59.6492 48.9661 57.4726 54.2597 39.4155 38.5128 35.3221 38.1349 67.399 65.6689 63.3946 56.3531 67.8709 77.2165 72.6806 70.7106 57.1713 61.0931 12.4403 16.1912 18.4099 23.9076 51.2999 58.6632 96.1388 101.39 43.4615 39.4681 57.9401 33.3948 23.4582 35.2836 29.592 27.3965 27.6022 29.684 71.0349 69.7256 66.1579 71.4119 65.6302 62.8337 62.7722 69.1777 38.5327 40.77 41.0587 40.6567 40.1086 35.0046 40.3727 41.4076 23.5216 22.3172 25.0292 22.6133 57.3888 49.5856 59.3474 50.7311 60.3843 56.6224 54.7657 51.4969 56.0461 63.375 59.5397 56.7468 93.2294 97.0469 99.8378 91.9602 78.4939 76.1141 74.3736 74.4202 40.655 40.0279 41.5984 37.7336 53.8614 78.527 50.1177 31.2762 28.4015 29.0716 28.4955 70.8149 20.8568 46.7279 80.2403 74.206 82.3359 91.757 89.3936 57.1513 29.188 55.6878 85.1607 78.3808 32.7742 56.0905 47.1851 71.7363 45.6901 74.5408 80.4379 80.2056 43.342 67.5903 60.1975 63.9435 93.8618 72.6652 102.42 37.8166 92.1656 83.9792 69.2164 31.1817
17.2476 18.347 17.3407 18.2972 18.7028 19.4915 11.2573 9.90077 8.71323 7.9188 13.8592 13.1488 12.8236 13.8969 20.7456 19.657 18.3964 19.9785 26.3278 26.3746 23.3913 23.1487 5.307 5.37398 5.84489 6.69496 0 1.2794 2.60113 3.59671 66.6709 57.9247 66.0112 59.8333 62.4635 54.684 61.5218 56.7774 50.2854 45.8595 44.0565 42.4053 49.6408 45.3599 44.7661 49.0741 45.6386 51.2696 43.6841 44.9863 44.3162 38.3954 40.1331 40.2055 56.5173 60.9529 59.2262 60.1528 34.9642 35.0315 33.5799 36.3472 58.8398 57.0104 55.9393 55.9543 74.6571 71.8237 70.8165 62.6785 62.9126 65.3208 9.00365 11.3603 14.6031 17.0668 45.5123 48.6236 107.742 97.2812 41.5784 42.1832 57.4694 29.2788 23.8584 30.3816 26.979 26.2509 24.3117 22.5607 75.075 69.1541 72.0908 69.0074 63.9706 65.6274 61.607 62.2678 40.1275 37.6747 36.2521 36.1232 41.0341 43.5436 41.2454 41.629 28.4157 24.5788 25.9354 22.89 61.7415 59.7141 63.5969 62.5069 51.1722 51.893 52.7374 53.5848 61.7544 55.9088 51.3741 55.4034 96.676 89.3237 95.6221 93.6669 69.4015 69.9219 72.0035 70.7535 42.165 36.943 37.7478 35.304 62.9897 78.0984 48.8277 25.7421 24.9586 32.6908 26.292 63.539 16.2788 42.6324 79.8127 74.708 76.8309 90.0358 77.4788 52.6748 21.8111 56.9393 88.3574 78.5301 28.8052 50.4388 42.8575 70.2264 51.7734 82.9587 79.0042 87.5397 48.2542 59.99 59.7907 69.136 93.6197 57.9406 94.0872 32.9087 82.845 88.3058 63.3997 23.8507
20.2544 17.2205 19.2369 17.1242 22.9313 19.7701 12.11 10.8623 9.5351 9.87543 14.5551 13.749 12.9151 13.5266 20.0172 19.7699 18.3224 19.8185 23.9708 25.5555 24.693 23.1426 5.95846 5.47154 5.65535 5.60717 1.2794 0 1.26166 2.46516 61.9153 61.4514 57.2465 68.4717 60.9287 54.6778 58.6162 51.9923 47.7412 49.1429 52.4236 50.7228 56.9822 48.4528 50.4769 52.9171 50.3622 46.1024 48.2619 45.8569 38.8208 37.6657 43.0628 43.4547 56.8073 61.3295 54.5055 53.8705 41.9557 39.547 34.651 36.4671 59.6381 63.3193 55.9142 58.7657 71.1747 72.8013 67.1268 75.3423 62.16 60.3168 7.83241 9.70085 14.8749 17.2252 51.0595 52.7456 113.197 92.9123 39.236 39.7507 64.1827 29.064 24.2708 28.3309 28.7045 27.9726 26.9782 28.3983 76.1973 71.6357 68.7934 65.9965 59.5705 69.8313 68.0819 64.5399 37.4349 41.8696 38.12 36.3459 39.822 41.0857 39.9686 41.3598 28.7758 23.7485 24.7772 23.2819 63.7547 60.5342 54.4001 59.3423 50.4885 48.2134 50.3196 49.9982 58.6417 52.6839 55.7181 53.1369 104.062 88.9715 92.6952 100.878 64.4654 75.2998 70.8766 63.0083 37.6073 43.7165 38.3756 36.0326 59.7301 72.7743 50.9842 26.7872 25.744 30.424 29.9854 76.4968 15.9947 47.4418 74.2543 66.3077 88.2984 81.1139 82.077 58.2379 24.4223 60.3868 95.0104 87.182 25.1007 51.2795 46.5855 78.0667 48.5918 73.4643 90.2444 78.8425 50.773 57.8625 61.943 69.6107 83.0531 65.7267 90.9081 34.8772 90.3754 87.1269 74.0042 24.3371
20.0328 18.1117 18.4959 18.7218 24.662 19.1478 13.2635 12.1481 10.2927 9.12491 18.1805 14.8838 15.7031 14.4115 20.3979 21.5904 19.9993 19.7375 24.7707 25.2865 22.5408 26.1646 6.15465 5.10724 5.69713 5.6295 2.60113 1.26166 0 1.25325 60.544 62.7357 58.8526 68.4726 60.1621 53.6412 55.7501 53.2363 50.189 47.4905 54.3986 44.9492 53.3329 55.8778 47.4509 45.6664 45.7102 50.9799 51.4174 48.8271 38.2275 38.1862 42.0906 39.5167 61.9577 58.5255 63.0155 60.428 41.1271 37.5515 38.5397 35.2457 70.4165 61.2777 59.3864 63.1389 72.2363 72.3992 68.4799 63.7375 58.7711 67.9016 8.24023 9.19158 13.171 17.5771 47.0596 48.6512 111.449 112.981 41.2032 42.2752 55.6397 30.5781 27.148 30.0142 29.3171 29.3692 27.3716 25.24 66.2966 68.0808 65.0743 68.1326 65.9234 69.2728 70.3787 68.7566 44.1182 37.9933 38.4199 36.4938 42.7099 45.3421 46.1303 43.1682 27.6349 27.3552 27.2337 26.3865 53.7518 58.03 54.0874 54.8294 57.9058 58.063 52.0487 53.4537 57.1207 61.3588 53.9107 56.5086 90.9047 90.1982 92.0436 105.117 74.2996 76.3279 74.4408 71.0118 45.2427 42.0985 41.7926 39.4358 59.9189 77.0796 48.2942 25.5028 24.4309 32.7549 29.4912 70.9783 17.7105 47.5341 72.8098 68.9223 79.8872 80.6044 96.9462 63.7866 21.8991 63.9554 84.8677 79.931 25.0158 51.8309 46.4906 76.6802 49.1792 71.3899 77.7365 87.1021 49.4747 61.1268 61.5087 65.8556 89.3014 68.011 87.5688 38.232 84.5927 87.2048 64.1153 27.8103
22.4022 19.5234 21.381 20.7426 25.9971 22.355 14.934 13.3702 13.2395 12.0675 19.1921 15.2201 16.3403 15.759 20.0953 18.6777 20.7435 18.8047 23.7454 27.7545 26.2146 25.4458 6.96458 5.50616 5.2193 4.93167 3.59671 2.46516 1.25325 0 65.0365 62.7656 68.3834 67.8305 60.9627 52.0553 61.8431 61.6773 53.4122 53.6428 46.0616 45.5478 55.6291 55.0301 54.7472 55.5694 50.2406 46.8996 46.9398 48.9156 41.8963 39.3877 45.3278 40.9962 58.0736 56.6966 59.7959 59.1258 36.7793 38.2329 37.8971 40.7679 61.8198 63.746 69.297 67.2758 73.7293 73.8155 64.0753 75.0919 67.7295 68.093 7.15522 9.59527 14.5375 18.5107 48.3424 56.2473 106.071 113.063 44.6563 40.537 58.2759 29.8434 27.213 35.2418 28.3546 32.5718 28.708 29.3552 79.4406 69.5062 67.1679 67.1684 64.4768 67.0554 64.1175 62.1018 44.8989 45.28 44.3961 44.5249 40.551 45.0567 40.1347 43.2337 28.6648 24.708 25.5194 27.8991 63.1093 60.4793 64.0298 64.1795 50.9512 53.6724 52.1765 50.894 57.0449 53.6041 62.404 53.7723 109.986 95.5306 96.1552 94.0906 70.7128 66.7125 70.6149 71.0331 46.1366 45.3301 46.026 39.5222 60.2852 88.385 54.9945 23.9225 28.332 30.9081 29.625 73.2143 16.3003 47.5049 81.1908 74.7086 86.6913 85.4307 93.8598 66.9738 25.258 59.9923 95.7443 83.9323 28.1424 56.3481 55.2748 75.6989 53.6854 79.6621 79.4822 97.6786 55.9981 62.8443 68.8738 73.5873 98.9273 66.3978 100.5 41.2112 92.9497 88.0731 73.7051 30.6673
55.2997 50.833 51.6423 60.4011 51.8408 52.6885 62.8751 67.2279 67.9157 73.8855 67.0865 70.6648 70.2821 74.1817 84.6062 84.9297 80.2846 79.6275 83.7623 85.1494 91.383 83.5164 61.9106 57.6698 54.4264 56.9308 66.6709 61.9153 60.544 65.0365 0 1.19616 2.36407 3.94805 5.44868 5.79099 5.66882 6.0447 81.2551 89.5565 82.4627 83.2357 85.8658 92.901 82.3093 82.0962 15.9272 15.7304 15.4613 15.8729 23.588 20.7082 20.8147 23.1406 22.3364 25.802 22.2727 23.9536 64.8932 62.3003 55.4088 57.5637 66.4449 71.2306 57.1404 58.4354 117.225 109.874 98.6001 100.66 11.9279 12.7721 74.4374 67.9356 70.8286 82.5809 94.1838 98.603 69.7007 76.3182 24.6123 26.8904 98.7301 86.334 47.6517 66.4521 67.0953 64.6727 63.269 61.2292 93.4357 93.1011 91.8395 98.9668 92.2545 84.0073 77.6992 95.0302 48.8138 45.7944 47.4133 47.4621 20.7411 23.9078 22.8505 21.0509 43.3793 42.6983 37.9067 42.3941 6.16231 6.19325 6.70177 7.71622 81.2504 74.5741 80.7785 79.1064 60.5327 68.1081 66.169 63.5284 82.8155 78.0095 77.6374 78.2284 102.896 107.35 92.6886 104.932 53.3098 48.127 46.0736 52.8117 34.5861 56.263 28.7359 78.1482 83.2845 29.3247 42.7872 24.8185 81.2256 87.4206 90.221 36.6599 70.7533 81.8075 125.128 58.8529 71.348 45.2672 93.1983 65.5233 81.9891 56.8412 71.0655 108.078 26.6181 70.2018 72.0338 78.0196 12.4194 68.991 21.6223 78.6932 80.1963 108.443 82.9895 75.2463 97.6388 105.438 47.3169 73.8241
54.5396 51.9345 54.4357 55.317 47.9285 59.5963 75.876 64.6229 68.9783 73.3435 77.3472 81.2836 80.3077 80.1566 85.0365 84.5454 76.1144 87.574 80.2659 90.2554 83.3126 86.3975 52.867 58.2433 55.7815 53.9344 57.9247 61.4514 62.7357 62.7656 1.19616 0 1.23729 2.4514 5.92136 5.10708 5.61168 5.43327 85.0855 80.3043 87.369 83.2132 87.8743 95.1299 83.1846 89.5105 16.8778 16.564 16.8688 15.8839 20.3563 23.5146 22.4258 22.2838 24.0359 26.2953 22.2482 23.2738 56.3005 68.4213 62.3725 63.4431 61.5598 61.7859 59.9637 67.8148 113.035 104.429 109.918 104.901 13.3101 15.2548 63.2198 70.344 73.6334 73.6849 97.0331 100.835 68.645 75.5681 30.3022 32.6999 92.5853 100.929 43.3746 70.2919 62.5146 59.0025 60.8413 58.9771 95.1414 95.2512 90.5478 105.785 85.7956 83.2286 90.1939 83.8794 44.4425 51.7611 49.9364 48.7048 24.5598 21.7029 23.6202 25.3133 39.8577 38.9662 42.5429 40.1859 5.10215 5.64809 5.38971 5.83455 87.8355 81.0187 80.2907 77.1059 63.2162 69.5396 62.0452 65.0446 78.0747 74.6928 78.6496 76.1495 94.7707 108.183 90.3835 103.398 51.8375 51.3161 45.3673 54.3033 36.21 58.277 30.1386 80.4159 83.0591 32.5853 41.0783 28.2302 83.7942 88.1614 84.5858 37.1353 71.1475 80.4483 124.379 57.7569 80.5348 45.2234 92.0661 63.3119 91.0437 58.4689 68.4523 92.0455 29.9847 67.4196 69.2959 79.2624 13.2203 75.3278 19.5635 72.876 77.9304 109.822 84.35 78.3199 97.87 100.407 58.1556 71.8886
58.5621 56.6775 58.3201 59.5979 51.0443 62.3239 66.2017 68.293 65.7096 65.8543 71.4005 68.192 81.5428 75.1257 81.0702 74.0087 84.7276 75.5253 90.6055 83.0495 86.9197 87.4635 56.9669 56.3084 53.9566 55.5048 66.0112 57.2465 58.8526 68.3834 2.36407 1.23729 0 1.17848 6.18987 5.67235 5.64894 5.28554 77.5366 91.0726 77.0024 87.3985 89.7244 81.534 95.1606 82.1158 15.7243 17.0166 16.9758 16.4367 20.1459 22.322 20.2188 20.0962 25.5279 24.5291 20.8254 22.0655 56.0418 65.9522 54.7794 64.2797 69.7522 69.978 62.7161 61.0375 107.897 104.128 103.729 108.2 16.1241 14.114 73.1599 74.4818 84.7815 74.5528 99.8574 96.6071 72.5344 83.9165 29.5286 33.1593 89.3649 93.6823 46.2709 74.2781 67.3255 61.8645 62.6671 57.673 99.1009 107.433 100.917 100.238 94.2237 97.2061 82.6231 89.5401 48.1601 48.3439 49.0001 49.9456 24.2909 21.9268 23.6167 23.7893 37.1706 43.6636 43.8426 40.2775 3.63242 4.49906 4.05882 5.1528 89.2361 76.3439 87.2542 84.1108 62.1992 64.4567 65.943 61.7508 73.0387 82.404 74.7233 81.2932 94.8702 102.464 104.852 102.06 49.6637 55.2895 54.1617 46.8146 39.4023 61.6481 26.3806 88.4744 80.7451 32.4924 45.5427 27.4169 82.758 85.3069 103.569 41.2611 78.7165 83.3961 118.031 66.4646 79.7108 45.6145 100.143 67.9355 95.8744 64.0747 67.4895 106.806 28.9913 72.8079 70.5846 77.2884 13.3029 74.7502 20.8705 76.1233 75.0739 103.975 82.6337 67.1488 98.4889 95.4148 51.657 73.5813
54.7129 50.1559 51.6006 57.9185 48.9695 55.7738 65.3075 73.0722 69.4666 71.2884 70.5942 74.8507 75.1968 77.8901 83.1551 87.661 73.2524 81.1362 89.6305 87.9744 79.2001 90.494 53.8962 59.6142 56.5463 58.9256 59.8333 68.4717 68.4726 67.8305 3.94805 2.4514 1.17848 0 6.7639 6.48512 5.69206 5.49796 83.4147 92.473 88.3859 88.5844 96.3847 92.1117 85.9976 86.4279 18.1747 18.4212 15.8355 16.5566 24.4922 22.9254 22.1377 23.5041 24.2275 29.8965 22.9472 24.4476 56.7374 69.0757 64.5178 65.258 63.0701 69.2835 62.8811 67.6549 117.145 121.87 102.301 115.749 15.1356 18.1388 71.1322 77.3202 82.7595 84.7908 106.059 102.321 74.7249 71.4256 27.8343 33.4307 94.8224 93.552 47.6759 61.8382 65.3049 64.3839 65.2899 69.0009 96.8816 93.132 100.216 92.8463 83.9488 89.3618 88.8464 89.8902 46.8802 48.282 46.5066 44.575 23.9527 22.6225 25.1404 25.4732 44.6581 42.8421 40.9483 38.9663 2.9455 3.94716 3.80326 4.74352 86.0063 86.1643 89.2424 83.9087 63.6992 64.0409 60.5704 67.9218 83.2581 80.4128 73.4817 78.5864 91.9567 96.0192 91.9557 97.9852 51.1632 54.1102 55.4353 57.357 42.5465 69.447 32.1265 93.6405 82.3254 32.4102 44.6865 27.199 73.698 95.695 100.287 39.842 80.1888 81.1645 115.082 58.9393 81.9011 48.9182 90.6329 66.406 89.0334 61.4095 62.8577 107.42 32.285 65.5069 82.6962 79.6859 14.3026 69.1102 21.4068 82.9842 82.6205 100.489 85.3058 66.4328 110.273 113.318 60.8821 81.1184
47.5805 48.5972 53.3706 48.1764 50.6587 49.2676 69.1844 57.6107 61.2529 63.6075 74.9743 65.2839 69.1672 72.9304 80.3727 73.6984 80.538 78.8359 77.6502 77.3787 83.2206 84.2917 47.87 47.8376 55.0273 54.4265 62.4635 60.9287 60.1621 60.9627 5.44868 5.92136 6.18987 6.7639 0 1.24851 2.54709 4.08893 76.9401 79.2021 78.2083 75.2886 76.5191 87.932 82.8342 77.772 11.0896 10.7967 11.736 10.0425 16.269 17.2676 16.9767 15.8232 22.0752 21.6063 20.3088 20.8636 57.6185 56.2298 51.5505 50.7612 62.8943 67.7333 53.1473 60.1136 93.6602 96.3758 100.483 93.5649 14.4264 12.7166 69.8677 63.3264 70.2652 79.5782 97.9667 95.3635 73.4921 70.0828 24.3941 23.8653 95.2654 92.5087 40.175 65.2254 61.653 60.2887 58.1465 55.8677 83.248 100.199 84.4594 98.2012 82.6983 90.5308 81.3498 74.8034 39.4936 39.4011 38.7861 37.7428 15.6383 19.0362 16.0723 18.6033 32.0219 37.5171 31.0825 33.3984 5.39961 5.00611 5.82673 5.97426 71.1406 82.5414 69.8647 82.3649 59.902 56.8016 53.9658 62.4173 83.3928 80.2116 67.757 69.8825 87.3505 91.2876 85.8497 101.381 48.9932 46.6993 49.1267 49.1987 37.0103 58.9618 25.2818 77.9309 72.5508 22.8477 43.1755 25.6013 73.2507 84.0028 92.94 37.9375 73.2633 86.384 122.183 59.8568 79.1052 40.8859 93.0558 65.3195 88.5726 64.1792 61.9344 86.8948 26.2311 69.1037 77.9334 81.8003 7.45382 66.6986 21.016 66.9158 74.2673 94.0929 71.1188 63.5148 89.8365 96.3337 51.6462 69.6921
50.9393 49.2949 47.8136 47.5179 49.7173 47.0265 69.4985 66.0627 69.3837 57.4886 71.5818 63.6888 65.0826 71.8462 77.957 77.2542 73.3686 72.6968 84.5891 80.4216 76.0533 88.9022 52.2018 52.2179 47.2186 49.9768 54.684 54.6778 53.6412 52.0553 5.79099 5.10708 5.67235 6.48512 1.24851 0 1.37053 2.75818 73.8853 74.8534 71.9175 72.1342 90.5983 82.9158 86.715 83.277 11.3668 10.2156 10.2618 10.0704 17.1919 14.7254 16.1779 15.9898 21.0716 22.5428 18.0547 19.3409 52.2257 62.9546 49.9096 62.3052 66.5365 62.9574 59.6877 60.4348 110.712 108.687 93.2248 112.1 14.4507 12.8633 69.1136 62.948 65.7836 69.6087 84.6762 101.604 75.2101 73.4262 25.0065 23.1348 86.9556 81.3122 34.9355 64.9603 63.414 59.3767 62.1553 63.0567 89.2879 89.7208 89.3123 84.1604 88.4188 77.3477 83.8071 77.2433 38.5082 46.2639 41.8777 41.7157 16.8834 18.3025 16.9741 17.5205 35.2337 38.8858 33.9127 33.2596 3.92716 3.76181 5.2845 4.8077 71.3884 84.0104 70.1506 71.008 64.0373 56.7802 54.2981 63.4821 72.3404 71.3722 74.5388 69.4045 93.61 102.299 87.0608 94.4129 47.6712 42.7461 47.6234 44.4933 38.8409 58.6061 23.7051 87.4701 72.3004 25.7348 43.3797 29.0715 66.5734 78.2699 88.1816 35.8952 77.1152 77.9512 118.854 61.348 68.8561 47.1484 94.7556 64.5486 78.9902 61.161 66.7765 96.0444 27.1524 66.6053 68.3965 73.0549 7.21926 70.8018 20.4303 68.8369 70.066 93.5804 76.0434 65.1595 90.2337 99.1639 52.5457 72.4479
43.8021 51.478 50.0606 49.3105 50.6669 56.4956 61.5182 62.0725 67.9111 58.4516 75.4302 68.2205 67.1339 64.8052 70.6332 76.2415 81.8141 70.1247 79.4542 81.96 88.0684 72.8261 50.6332 53.6168 54.3932 53.1162 61.5218 58.6162 55.7501 61.8431 5.66882 5.61168 5.64894 5.69206 2.54709 1.37053 0 1.36833 79.5732 84.8114 73.6551 83.8669 85.9729 80.6718 77.0106 87.5158 12.5841 11.8679 11.3439 10.7445 16.2012 16.1274 16.893 17.3888 23.8338 23.5735 22.9353 21.2639 56.8042 58.5017 54.5098 54.5697 64.3428 58.995 60.6836 65.3012 108.986 108.15 106.339 97.8334 15.4375 14.8648 70.8528 61.4173 78.2024 67.9132 97.1809 91.2591 79.3954 79.8462 23.685 23.6512 93.4681 93.3481 35.224 64.8057 57.3547 54.8119 63.1392 55.5496 97.5312 90.5047 92.2295 96.3907 91.2161 92.8467 83.5062 79.4499 38.6911 39.459 38.3686 40.0301 18.4282 19.7289 16.2604 19.2024 35.6114 34.801 36.8001 37.8478 3.17121 2.77672 3.87796 3.28608 82.5976 74.323 72.2392 83.23 62.9649 55.435 56.0512 62.491 74.731 82.98 84.2936 74.3528 103.883 88.1763 94.9605 96.3182 44.4166 45.5593 47.3718 43.2952 34.6064 66.5154 28.0362 79.6507 70.7194 26.9838 36.7408 25.8682 68.1332 80.3126 94.9449 35.5066 77.4997 81.3894 119.452 57.6794 76.1093 47.1065 95.431 65.4526 82.1339 65.4486 70.0741 88.4554 25.6959 62.3285 73.8024 85.873 8.91109 68.0159 23.2857 65.3056 82.7809 99.8303 87.5495 66.4599 108.6 95.1469 52.4913 65.2056
45.929 48.6479 52.4462 53.5198 45.9473 57.3255 64.896 67.9333 60.0798 64.3188 74.6115 72.6655 73.6149 70.1796 72.8524 76.878 82.541 81.8964 74.4839 88.3792 79.856 75.8731 53.5269 48.5044 47.0697 52.5859 56.7774 51.9923 53.2363 61.6773 6.0447 5.43327 5.28554 5.49796 4.08893 2.75818 1.36833 0 77.526 78.7786 73.0629 80.7855 78.9334 89.1494 89.1053 81.3559 13.2224 10.7504 10.2613 10.5986 15.9035 16.8638 17.1428 17.8765 25.9475 26.8144 24.4627 23.2192 61.058 63.7755 52.5842 62.2203 60.0113 58.9495 65.0864 66.3556 102.39 108.066 109.205 96.4131 17.6735 17.4919 67.1635 60.7123 66.5233 68.0795 86.3776 95.3445 77.3603 78.2268 22.961 26.8567 91.9047 78.8654 42.0445 63.72 57.355 64.7396 60.4629 55.4481 88.0011 92.7566 94.3808 102.134 90.9367 79.4493 79.0859 87.502 43.4167 43.2253 42.342 44.6728 19.5851 19.7166 19.6234 17.4244 37.5655 34.2321 35.7342 37.5694 2.33658 1.61042 3.09973 2.52272 86.0315 72.546 71.6499 87.0453 60.6809 58.5371 55.3554 57.3177 73.3701 86.9483 86.819 76.7752 99.0797 103.068 95.4452 101.298 49.8233 50.2792 45.7597 48.9723 37.883 66.0874 27.8405 84.5509 76.1068 23.4244 39.4967 28.6521 66.1495 81.0404 85.2365 37.3382 72.5883 82.2818 125.792 53.2903 77.775 44.9567 95.2238 61.1761 87.3522 60.9236 62.6559 100.46 26.3303 67.2325 73.2148 79.7038 10.11 70.2976 21.3404 72.8523 82.837 96.2236 84.6443 73.2779 97.2634 99.222 54.8359 76.0809
34.9518 40.4936 36.6541 35.2139 40.6517 36.3561 39.909 37.9196 43.3109 47.3653 39.3573 43.6128 43.8468 47.5378 46.3041 41.593 45.2952 46.4543 45.625 45.73 45.5716 44.6428 48.9451 49.7945 49.1397 53.9973 50.2854 47.7412 50.189 53.4122 81.2551 85.0855 77.5366 83.4147 76.9401 73.8853 79.5732 77.526 0 1.32701 2.71148 4.16915 5.69926 5.83419 5.73246 6.70682 65.5471 71.7902 74.0079 69.1693 62.3348 70.9509 68.8774 62.7708 65.6508 59.5732 65.2832 60.9412 24.8877 19.746 27.1851 25.0916 37.5566 33.792 35.5974 32.4435 25.051 23.8895 22.4203 24.9351 83.6101 79.5275 50.4784 53.3557 47.5788 48.7396 17.357 19.2548 80.8732 80.8069 58.8113 51.8156 11.1144 61.7552 48.6833 21.4295 28.6931 26.7304 27.6208 24.7354 19.9462 20.0532 17.9701 19.2849 16.2024 16.68 16.2062 15.9105 37.0006 37.7235 38.4815 37.6564 58.1899 60.397 63.6817 62.1128 53.3836 48.0506 50.7688 52.001 85.8162 82.2782 91.6953 90.1255 4.88093 4.53276 4.96806 3.70016 27.9387 31.2113 27.2993 31.5181 66.9346 68.8426 63.4937 63.0472 21.2012 18.1172 17.0083 19.7078 35.214 32.727 31.0821 30.5613 57.4839 54.527 56.7197 39.0112 35.3645 55.6079 40.7946 78.0616 42.09 13.7298 32.0688 64.882 60.5224 49.384 36.6227 32.8409 35.8017 45.5988 46.2348 60.6661 47.5451 24.6305 17.0996 22.5353 54.4866 51.2256 54.1476 47.8734 67.6377 26.0558 74.115 30.9567 57.1887 16.9149 66.4377 17.4182 35.6921 29.2871 52.7349 28.143
39.2748 38.6098 37.8844 36.3917 38.3542 33.6523 35.6421 37.7234 41.4482 40.9629 40.6493 42.1227 44.9385 42.6973 43.6656 46.0063 45.0163 46.0139 46.4945 41.5162 45.6404 51.0704 51.4468 55.3472 47.6357 51.3764 45.8595 49.1429 47.4905 53.6428 89.5565 80.3043 91.0726 92.473 79.2021 74.8534 84.8114 78.7786 1.32701 0 1.25652 2.55556 5.53229 5.401 5.47166 6.23064 68.2699 66.2786 63.342 71.0263 58.7359 62.9483 70.8563 64.0394 68.0234 59.4319 71.3463 64.1874 24.4528 19.5426 25.0174 23.8588 37.2258 32.2826 31.2626 31.384 25.8009 26.6165 23.8349 23.9008 83.4707 70.7458 55.3127 55.4516 47.0968 52.365 19.0381 21.8333 77.6827 80.118 61.1153 55.6815 12.1134 62.8346 43.7706 18.5037 27.4226 23.5082 28.2367 23.2658 22.0432 21.7864 18.015 20.7875 17.1224 17.1726 17.8087 16.9098 35.2234 34.8658 40.4141 36.8217 66.5154 56.7559 67.5734 64.1903 46.3896 48.1193 52.3688 50.7361 90.7323 77.6585 78.1276 84.5839 5.30636 5.53649 5.51423 4.33273 31.4114 28.7288 31.9612 28.7746 73.6435 69.6906 69.2312 63.2287 20.4528 18.9857 20.595 18.4379 33.5389 31.3706 37.0606 32.5722 55.9348 56.0656 53.1048 43.1179 33.4588 60.0066 37.5162 80.0161 40.9611 11.6774 31.4065 62.0442 52.7208 49.9861 41.2602 32.9214 36.0144 43.2704 47.4953 66.6874 44.8429 25.4357 16.7367 26.0964 52.9076 46.5849 49.3455 49.3935 72.0471 25.5673 71.8892 30.3926 62.7952 19.3199 66.9131 13.4492 37.8831 36.3341 51.4837 23.2433
36.3156 38.046 32.1177 33.9686 32.7316 31.5237 35.8358 36.9218 39.9326 44.6305 40.951 37.8041 36.6673 42.0411 38.7787 40.2995 40.0716 46.8214 38.3976 44.483 45.0737 44.3103 48.5272 48.0605 52.6609 52.1412 44.0565 52.4236 54.3986 46.0616 82.4627 87.369 77.0024 88.3859 78.2083 71.9175 73.6551 73.0629 2.71148 1.25652 0 1.22831 6.22493 5.23109 5.78454 5.89501 71.5844 70.6931 74.1421 68.5852 58.0315 63.2317 60.0236 61.5372 65.8336 62.4471 65.1168 60.4646 20.7673 18.381 25.1658 22.9375 37.4631 30.6848 37.2279 30.8736 25.9463 25.1474 25.3657 26.5016 80.4228 71.7737 52.416 51.5257 44.6479 53.5549 17.3282 20.5683 76.0125 81.5608 59.9245 53.3688 13.5907 53.1363 45.2958 18.6115 26.0664 23.6268 24.5359 24.6515 21.0493 21.6967 19.7241 20.2656 19.3953 18.195 19.8579 19.5702 33.8653 38.8854 35.8301 39.6829 59.6277 57.3773 59.6149 55.4219 44.8758 41.892 42.9402 46.87 87.3707 86.1248 77.85 77.92 6.8342 6.43474 6.13769 5.28329 30.5676 30.4696 27.8238 27.9686 65.3857 76.2115 71.5597 63.1183 19.8466 22.2134 21.4846 19.7166 34.4406 30.5229 34.0167 35.2335 56.6239 52.9553 62.1669 44.6284 31.6018 62.7947 37.8236 75.6359 37.3378 10.7661 33.3102 63.4177 58.0796 44.5262 39.1034 33.4956 30.4445 49.4697 55.0336 63.7697 43.9805 25.1407 19.1235 28.3125 59.7904 49.3739 59.6547 46.2948 70.6606 25.5478 68.4362 33.3898 67.0543 18.9661 70.2733 14.1296 35.4141 34.2109 50.3533 21.7217
32.0539 32.4451 33.6871 36.1059 31.6299 31.2981 38.2207 37.6192 41.318 36.4922 36.7778 37.2328 42.1965 42.9461 40.6646 44.3967 37.8807 46.7985 38.9805 40.1757 41.8953 41.5706 49.1099 49.9763 53.6827 49.2854 42.4053 50.7228 44.9492 45.5478 83.2357 83.2132 87.3985 88.5844 75.2886 72.1342 83.8669 80.7855 4.16915 2.55556 1.22831 0 6.43901 5.3992 5.77663 5.17922 66.368 73.5921 70.3655 68.0618 56.2921 61.0674 61.1108 66.9544 62.4105 62.9252 68.3067 61.0152 21.8295 19.8977 21.5367 19.4436 33.1854 33.7367 32.8337 31.9215 28.2736 26.5849 22.8361 25.6535 71.3746 76.0968 52.0894 52.8193 46.7177 48.2809 18.2433 17.6023 81.2034 84.2779 51.3746 53.07 12.5922 52.7517 40.5857 16.8393 22.4057 23.063 22.0504 23.6696 22.3429 24.0906 20.9532 20.1284 20.7075 21.568 21.0001 19.1207 38.8895 31.6685 37.4914 34.6829 62.5045 53.5497 65.5399 57.1166 46.5964 47.9309 47.7529 46.3821 86.998 78.9761 77.5961 79.4877 8.243 7.54972 6.54203 6.01276 28.8095 31.6062 30.1383 27.7548 75.3634 70.096 69.0504 74.71 25.3095 24.2328 21.6323 24.4264 30.3362 33.0003 31.0403 29.2009 54.2036 62.0696 60.1098 42.8287 30.0435 52.3212 38.4132 68.7945 38.5831 11.6265 39.4075 65.4987 59.6338 46.0273 38.9586 37.9667 29.7945 44.4623 51.2925 69.4254 38.1555 25.5412 16.9681 26.7994 52.4113 49.053 58.9733 57.0202 67.548 30.9021 69.385 32.5187 65.5034 21.847 67.9978 12.8103 37.3508 33.8025 47.7308 23.3317
38.8578 38.9219 43.7882 40.0262 37.3152 38.2253 43.0937 45.7113 43.8403 46.9224 36.2275 40.3985 40.6982 47.0644 39.0091 40.4655 41.8739 46.7588 47.3774 47.6702 49.4139 48.742 52.4558 53.9586 51.499 57.9086 49.6408 56.9822 53.3329 55.6291 85.8658 87.8743 89.7244 96.3847 76.5191 90.5983 85.9729 78.9334 5.69926 5.53229 6.22493 6.43901 0 1.23001 2.30863 3.6279 79.4739 72.3076 78.1768 81.4948 74.5745 70.239 67.9672 68.5885 73.5479 64.8674 66.0959 74.3292 30.5583 25.4879 30.7769 26.8742 39.1186 36.2562 39.9222 34.4859 18.6906 21.9036 17.5831 20.3439 75.2288 73.6615 49.3878 52.5781 49.0047 51.1141 13.5533 15.1288 80.6392 87.7123 60.9778 64.0707 6.80935 57.7452 53.35 22.5293 27.4477 26.2104 32.7471 29.2318 21.1876 20.3752 19.6184 19.5517 18.1424 20.933 17.3879 18.0963 38.5203 43.1989 42.6261 41.9037 71.9747 67.7011 65.2005 72.6385 55.1929 48.4098 51.5017 48.8387 80.1841 79.9262 85.8236 79.5993 10.1189 8.54381 10.4783 7.93897 33.7267 33.9312 38.2746 36.4163 80.6915 68.02 74.5443 76.9321 18.8878 19.1704 18.5697 17.0825 42.4625 34.1518 40.1919 35.3894 56.2488 60.1703 60.5294 42.1572 32.1675 65.3749 48.0273 77.0734 46.25 9.72619 37.1493 76.5949 62.1603 49.1915 35.9656 36.8392 31.0284 51.2277 46.877 76.5189 38.7366 27.7382 25.518 25.6639 64.0488 56.5626 56.4483 58.5164 70.7099 29.6676 72.6893 34.8662 66.4801 14.6633 74.6311 19.0764 32.5435 35.1507 53.6769 25.6222
38.4423 43.2798 42.319 38.2414 42.2917 38.1596 36.7072 38.7964 40.6664 39.6359 35.5621 39.0681 41.2383 39.5661 41.2554 40.8922 46.1551 41.7492 41.9235 44.2901 43.9497 43.9796 54.7889 56.5932 54.9854 51.8619 45.3599 48.4528 55.8778 55.0301 92.901 95.1299 81.534 92.1117 87.932 82.9158 80.6718 89.1494 5.83419 5.401 5.23109 5.3992 1.23001 0 1.29762 2.76283 79.2213 70.8121 78.5865 75.4777 66.9134 65.7802 74.9517 70.6929 74.3803 64.674 72.0789 72.922 30.0321 25.8994 29.6281 24.4478 37.9008 38.8495 43.3066 35.1771 21.7382 21.0018 18.1212 22.6172 89.3554 81.9592 55.5929 49.5713 53.8551 54.224 12.8544 13.4912 91.6752 87.9991 58.5923 62.1341 7.39567 62.0025 45.68 23.8191 25.5354 26.0431 30.3552 29.9208 21.9738 22.0071 20.7364 17.9405 21.6576 18.9296 18.0184 19.7584 44.9832 45.0168 39.0773 43.774 65.0986 69.0916 60.5426 62.2681 47.3248 47.9573 51.3644 49.4626 82.9521 83.8177 90.0639 95.3092 10.4032 9.25741 10.8853 8.50661 37.6018 36.83 37.9153 32.4113 72.971 75.6988 74.1688 74.4187 21.9064 19.1032 17.9575 19.4649 42.0154 34.4984 37.1688 35.0451 56.1091 60.4113 61.0741 41.5737 28.089 56.1983 45.1205 75.8353 43.2398 10.004 34.2679 70.3099 57.6472 46.8696 35.9088 38.8111 29.1646 52.6749 55.9975 76.7338 42.0388 29.7114 22.7998 24.5397 64.394 53.7387 65.2925 50.5855 82.8675 34.3246 76.3607 37.1804 66.7455 13.8821 65.3992 17.4642 39.1316 32.3102 50.9658 25.9302
39.5705 39.743 40.4724 37.4757 37.6874 36.2899 36.0775 39.1393 42.6676 38.6847 34.6846 35.2599 36.5943 40.9173 38.2695 42.0883 45.894 44.7114 44.3631 41.228 40.1065 42.1718 54.4068 56.3592 51.1566 51.4491 44.7661 50.4769 47.4509 54.7472 82.3093 83.1846 95.1606 85.9976 82.8342 86.715 77.0106 89.1053 5.73246 5.47166 5.78454 5.77663 2.30863 1.29762 0 1.3506 78.6845 76.8158 80.0676 69.8616 68.8806 72.7681 63.8785 74.2617 63.6735 65.768 63.9601 67.9396 29.4196 22.8034 30.7196 23.6871 39.5459 37.1528 38.181 38.9684 23.2013 21.856 20.0684 23.8775 83.3101 80.1392 53.7458 49.5206 45.0982 50.9593 11.0482 15.4487 91.0146 81.7041 60.2669 57.0745 8.82675 59.0241 47.2463 24.357 27.4935 26.5448 28.8774 27.5096 22.4334 21.3878 22.814 20.3312 20.4465 22.2699 20.9797 19.3696 44.5251 39.1828 38.5932 39.8511 60.0739 69.6741 65.8373 66.3186 46.115 50.723 51.67 54.4425 80.7463 87.5249 87.8749 89.823 11.4828 9.60251 10.9352 9.77466 36.4457 32.9964 32.6057 31.9248 82.0737 77.6836 81.4877 67.2478 19.4897 20.369 18.4642 21.7646 34.4009 37.2819 41.4516 34.1626 61.2227 64.7076 57.5833 36.7021 31.8596 67.4715 45.7151 71.5083 42.4049 8.5055 37.7079 66.1913 65.9032 56.8225 40.4684 42.2562 28.4233 49.1236 49.4841 69.8871 41.5682 31.9403 25.404 29.1923 57.3176 58.7391 54.3739 55.9996 80.3027 35.272 82.1047 35.6972 70.4272 16.3373 73.2217 17.4784 40.8894 35.1973 59.8703 21.9862
36.9893 37.733 34.8016 37.4433 37.7685 31.7839 40.2406 37.6293 37.6343 42.9905 34.7717 40.1926 37.4075 41.116 36.6587 38.0176 41.0887 46.5368 37.5697 40.2861 43.3948 40.7382 54.05 46.3694 47.3552 55.3379 49.0741 52.9171 45.6664 55.5694 82.0962 89.5105 82.1158 86.4279 77.772 83.277 87.5158 81.3559 6.70682 6.23064 5.89501 5.17922 3.6279 2.76283 1.3506 0 67.1248 69.6943 73.1871 71.4002 63.5961 64.6634 74.4815 70.4063 70.0907 69.6151 74.4061 63.2716 28.036 26.4508 27.403 27.7145 37.2084 39.287 41.1972 36.3864 21.6721 23.8925 19.601 23.8769 87.384 83.7667 49.4621 50.9623 50.9938 49.4559 12.678 14.1943 84.6078 88.2025 55.8585 60.1405 10.9923 54.4444 43.9552 19.8436 25.6972 24.0957 28.6074 25.8101 23.1246 20.9698 23.3202 23.7249 24.0793 21.1707 20.9069 23.4888 37.4695 36.3965 45.3671 39.4866 62.4912 64.3972 65.8777 58.6733 47.0088 52.9161 53.0393 49.8624 82.2697 83.8054 81.2293 82.5616 11.3241 10.7443 11.0192 9.32868 37.0698 37.0509 39.1237 34.2497 81.3548 81.5092 75.8104 75.4698 20.7171 23.3239 20.0522 23.5348 36.5458 32.9889 36.4814 38.9221 57.2313 57.2167 66.5855 37.8381 30.3846 65.2763 43.4136 71.0556 40.7522 7.93188 36.5166 76.305 64.9393 53.8017 38.0785 37.5122 31.2351 48.96 59.2832 71.341 40.5147 31.8036 24.4103 27.7908 64.0926 52.0186 59.4687 56.5529 68.2499 33.5108 71.9257 33.8034 62.83 17.6652 73.4696 14.3868 41.4993 35.0476 61.2637 20.3173
35.6168 34.6428 39.6661 41.9086 32.8002 38.1522 57.1949 49.3143 56.1814 54.5225 57.6427 55.3762 53.8708 61.8307 61.4153 60.7246 68.857 63.1765 65.5106 76.05 67.5411 64.0131 42.6213 44.3471 41.5718 43.57 45.6386 50.3622 45.7102 50.2406 15.9272 16.8778 15.7243 18.1747 11.0896 11.3668 12.5841 13.2224 65.5471 68.2699 71.5844 66.368 79.4739 79.2213 78.6845 67.1248 0 1.35487 2.38498 3.49101 5.7842 5.69359 6.45465 6.07064 19.6559 19.9194 17.5846 14.8938 43.3182 44.2941 45.1175 46.7696 49.7396 54.5316 51.1138 57.1027 88.9357 97.253 83.2889 94.7288 18.111 16.6343 58.3944 59.0602 60.8213 68.5435 85.8154 88.7835 69.0243 80.528 11.7717 15.6852 84.4882 77.8478 25.5295 55.4641 43.6423 43.7549 47.7961 43.0918 88.4019 86.8906 78.3567 87.4914 68.5216 76.8617 68.25 74.8849 29.6944 32.1972 31.5101 28.5899 6.80598 6.68363 6.2255 6.8991 24.7429 23.8025 25.7958 22.4321 14.7466 14.3336 15.9706 15.1264 71.4528 74.1236 63.6129 67.6532 52.099 46.2113 45.29 53.3356 72.2056 73.8375 72.8077 73.4217 93.1356 82.1297 87.3184 88.7694 37.2347 34.455 31.8249 36.9867 30.8855 51.6214 17.8593 65.534 64.3618 13.3568 29.7467 29.8345 58.7657 76.2326 82.3406 36.4811 67.8627 71.7369 96.5898 45.1143 67.2676 41.5629 86.4127 53.6016 74.6158 49.0023 56.9608 93.197 16.4931 60.1229 73.5664 79.5492 4.74121 65.0468 19.9216 65.2623 65.7928 79.2415 71.4291 60.543 91.3908 91.2546 46.6236 59.6499
36.0944 34.8161 35.6572 41.4529 36.1719 37.7053 53.1025 52.4708 57.8829 56.067 52.5345 52.5136 54.4958 58.1463 61.8038 61.6122 65.6929 59.0835 73.3127 70.7631 73.2929 70.5846 41.0755 43.7523 42.0655 42.993 51.2696 46.1024 50.9799 46.8996 15.7304 16.564 17.0166 18.4212 10.7967 10.2156 11.8679 10.7504 71.7902 66.2786 70.6931 73.5921 72.3076 70.8121 76.8158 69.6943 1.35487 0 1.29859 2.64275 5.00897 4.86939 6.01077 5.47671 20.7945 20.2042 17.3293 16.9289 41.4646 46.0016 41.1479 42.1064 51.9279 51.8753 53.6705 47.9878 102.46 104.415 92.4936 99.5903 18.1908 17.5601 51.6587 55.2634 60.085 65.8756 84.7312 87.447 75.7517 69.1608 13.0796 14.4444 78.7465 70.601 28.5413 49.1635 49.3584 51.6351 50.0842 49.4509 85.6224 80.2306 87.3386 85.6695 70.2549 73.4284 76.6079 74.2626 30.3419 35.9101 31.2054 34.4622 7.76408 8.77932 6.42292 6.68763 24.9598 25.5814 22.6486 24.807 15.6278 13.367 14.651 15.3605 68.4041 63.5057 64.6502 74.3351 49.8441 56.3691 48.8616 55.221 71.3298 76.3778 71.6445 80.6866 84.1468 93.6685 83.4248 79.0372 38.3746 38.3528 34.8249 39.1506 29.6684 58.1608 17.1469 72.9641 70.1235 13.3472 28.0266 29.8602 55.801 66.0906 83.6943 36.3241 66.9968 80.8324 101.648 54.2814 67.7545 38.9186 89.2234 61.4438 72.3768 50.7841 49.0756 85.7859 19.7389 56.4764 68.0623 77.0529 4.45732 56.4379 21.4767 59.3893 80.6393 91.8814 71.6625 52.4234 89.2706 96.3998 46.4277 57.3472
40.816 34.6267 40.8155 42.5668 35.0948 38.7127 56.8867 55.4481 55.9824 55.1499 56.7943 63.7758 58.0548 57.9431 65.9374 61.8055 70.6481 71.0134 67.4474 74.6219 66.7405 69.0179 42.133 42.7196 42.9961 45.9573 43.6841 48.2619 51.4174 46.9398 15.4613 16.8688 16.9758 15.8355 11.736 10.2618 11.3439 10.2613 74.0079 63.342 74.1421 70.3655 78.1768 78.5865 80.0676 73.1871 2.38498 1.29859 0 1.31858 5.68747 5.37071 5.9318 5.02233 22.6722 22.6029 18.1361 19.652 44.8752 53.0504 43.0754 50.7234 56.8352 57.3705 50.0191 56.0711 85.7241 97.3891 92.7596 89.2041 19.8688 16.4699 50.453 61.035 67.3161 58.3824 83.449 83.7289 70.9897 75.4374 16.2062 15.4651 75.4348 74.8626 27.8417 55.7438 49.1482 46.8401 43.7276 48.2294 89.5475 89.0047 88.371 84.2644 68.6803 78.3684 71.8628 68.945 32.7529 34.8934 30.1186 33.0387 8.77494 9.69951 7.00961 7.46859 24.9294 27.2587 24.4862 23.4978 15.0677 13.523 13.1069 14.6325 71.358 65.2602 69.7401 64.1106 51.4147 54.4829 54.9242 47.5478 78.7315 75.8295 70.3911 72.2517 86.326 87.5789 89.3782 92.4608 34.414 37.5029 40.4145 35.2447 29.3182 56.258 20.7152 71.6995 70.8466 14.0605 31.5438 32.6692 58.1525 78.5084 88.1172 34.6426 62.1017 82.988 112.411 47.6176 63.755 45.2456 80.9867 56.6519 77.0471 54.7151 59.7731 81.6195 21.422 63.0697 71.7424 72.4213 5.94815 64.8106 23.7488 59.6522 71.866 90.1903 78.6811 52.5694 94.6008 98.3749 43.6051 58.1152
39.5059 35.5643 38.5958 36.365 36.0748 37.7566 50.1464 50.9499 54.294 57.1326 52.8666 62.6066 59.571 59.1577 66.7321 67.7206 62.6264 68.5841 65.1872 71.198 69.8156 66.0202 44.5584 37.5944 37.3204 40.3799 44.9863 45.8569 48.8271 48.9156 15.8729 15.8839 16.4367 16.5566 10.0425 10.0704 10.7445 10.5986 69.1693 71.0263 68.5852 68.0618 81.4948 75.4777 69.8616 71.4002 3.49101 2.64275 1.31858 0 7.08982 6.54797 5.34517 5.34754 21.1436 20.4064 19.8771 18.4159 47.9068 49.0555 50.0143 49.2629 59.7374 60.6866 54.7176 58.4852 98.7875 102.961 98.935 95.1523 20.2567 18.2266 52.6985 57.4128 62.0434 66.2662 86.276 81.2772 77.0584 80.6825 17.2549 16.2092 76.135 78.6803 25.3164 57.7882 45.643 46.1023 43.332 45.6242 90.5212 94.3662 76.5322 78.0856 83.9336 75.4237 75.1533 75.4917 31.0846 36.3708 31.4878 31.2678 9.75372 9.14213 7.80165 9.42727 23.8798 25.7512 24.5273 23.7692 12.5978 13.3902 14.5042 11.7851 69.1093 67.1996 67.1245 65.4335 51.5916 53.6766 50.4691 51.807 77.1268 79.3865 80.4772 77.1352 93.3951 88.7642 93.4579 81.0169 38.5589 37.834 35.9696 41.8541 34.9303 59.7579 19.4987 73.7135 62.924 13.1721 32.1578 27.9892 58.5775 66.6475 82.8245 37.9364 64.5286 74.0791 99.6313 47.0781 67.7171 40.0429 79.9043 63.5998 73.9797 50.0156 60.5548 81.8128 20.9928 60.6415 70.449 72.7855 6.7879 64.9199 22.5149 59.2756 82.0596 97.546 81.9377 53.7952 96.579 99.3899 45.2119 64.0273
34.815 29.9556 32.4395 33.6326 32.0665 38.4136 44.8404 45.2579 50.8322 49.7611 55.2018 55.6431 48.3995 54.3296 55.2612 56.8944 57.2291 59.2334 62.343 70.9896 63.3847 62.3974 34.3312 34.9943 36.4481 38.5069 44.3162 38.8208 38.2275 41.8963 23.588 20.3563 20.1459 24.4922 16.269 17.1919 16.2012 15.9035 62.3348 58.7359 58.0315 56.2921 74.5745 66.9134 68.8806 63.5961 5.7842 5.00897 5.68747 7.08982 0 1.19986 2.49678 3.61347 21.5623 18.4696 18.2346 18.1663 39.6035 43.9074 41.8576 43.895 55.4919 49.2787 44.3196 54.3203 95.0578 89.7418 91.3773 94.8323 21.2052 20.443 45.0605 48.1315 53.2271 58.3698 72.7802 71.4957 69.7363 73.1021 11.2702 11.489 70.9306 72.3602 19.9745 47.7388 40.1866 39.3589 43.2524 45.0397 74.1271 72.4373 78.9719 84.6119 72.9904 73.7334 71.9755 63.8458 26.7925 30.3869 26.1178 25.9223 4.14751 3.83596 2.79302 3.10573 20.172 18.0839 19.2385 18.7634 19.8694 18.9462 22.227 17.6999 69.0783 66.1704 61.9398 66.5934 48.1267 47.8802 42.9083 44.9034 70.8869 69.2073 77.3504 69.6583 85.9695 84.3188 84.4784 80.7442 30.911 30.4683 30.7523 30.4164 26.7466 57.0882 17.7734 65.446 54.9979 8.9078 21.7853 32.0135 58.4168 70.1093 73.4923 34.1085 67.5058 69.6472 101.601 41.7082 52.8548 37.2683 85.3896 56.8985 63.9755 46.7076 53.1495 83.8993 17.7604 62.2813 62.5787 75.7035 9.34251 59.0517 23.7974 59.8048 65.198 78.6539 76.3825 47.4179 93.5136 91.3707 47.8015 55.2286
29.1658 30.0035 30.974 31.0131 32.9264 39.3203 48.3364 46.3846 51.1736 51.9093 54.3956 57.8613 53.2919 53.194 57.249 63.4257 62.3108 60.4128 64.4015 59.6129 71.1869 68.7676 36.8691 39.1823 34.5448 33.7584 38.3954 37.6657 38.1862 39.3877 20.7082 23.5146 22.322 22.9254 17.2676 14.7254 16.1274 16.8638 70.9509 62.9483 63.2317 61.0674 70.239 65.7802 72.7681 64.6634 5.69359 4.86939 5.37071 6.54797 1.19986 0 1.22799 2.77809 23.1066 22.4892 20.8885 18.2042 43.2356 42.3626 40.8466 45.913 49.0895 56.6384 47.3533 50.047 83.3997 93.5587 89.2405 95.7358 22.8744 22.5907 46.8153 49.7313 56.9907 57.6988 68.6763 82.1593 76.802 77.7651 12.8273 13.3767 71.4453 67.7303 20.2197 43.9712 45.8194 41.4971 38.6714 42.71 80.3827 83.8993 84.4842 73.8606 70.158 68.1944 73.4123 74.7629 29.9718 29.8733 25.4671 27.4853 4.9222 5.47116 3.95072 4.03773 17.4579 18.4738 16.8483 21.2653 17.8425 17.6681 20.9386 17.6521 67.1076 69.1115 69.2782 57.6858 49.8334 47.5497 43.5356 49.6994 70.7724 76.8831 81.6198 77.3048 85.6583 83.7269 85.6457 87.077 32.7663 35.1394 31.5249 31.7947 32.2119 53.8496 18.2577 64.7657 62.0432 7.99189 25.8428 35.1987 54.9763 61.767 79.5368 36.7353 60.7866 81.7999 94.3346 48.2527 58.5987 42.1379 88.6759 65.1341 71.1622 48.2932 50.8464 84.3685 19.2229 59.7957 67.7592 74.9377 9.60692 54.0119 23.8143 58.1493 66.1825 80.601 74.637 46.8717 82.202 94.4241 46.9235 55.184
34.0386 30.5612 32.618 33.6538 29.5493 35.3284 51.079 50.7281 44.1033 44.2399 55.0755 49.3906 54.1517 56.6137 62.2232 63.0567 59.6185 59.331 67.2212 68.0236 58.4485 63.4837 33.8876 37.5656 37.5609 35.1817 40.1331 43.0628 42.0906 45.3278 20.8147 22.4258 20.2188 22.1377 16.9767 16.1779 16.893 17.1428 68.8774 70.8563 60.0236 61.1108 67.9672 74.9517 63.8785 74.4815 6.45465 6.01077 5.9318 5.34517 2.49678 1.22799 0 1.24191 25.8179 21.9845 22.1477 21.7876 44.7651 46.1664 41.851 39.2884 58.3741 54.5972 50.3107 50.6248 86.1161 100.256 91.0427 94.915 22.9125 23.0698 49.7683 49.2976 59.4946 56.6984 76.7578 80.1676 79.9231 76.0004 11.9388 12.8163 76.8673 69.6203 20.3999 44.1802 45.9362 47.5682 44.57 40.802 86.0425 80.5479 83.0365 76.3474 78.9887 67.725 67.5918 76.464 29.5796 32.0076 28.3999 28.2862 5.93398 7.14963 5.49894 5.09646 18.9315 20.8811 18.1209 21.3067 18.884 17.5865 20.9938 17.9087 61.9644 71.1791 59.4604 70.1082 45.2684 48.1018 46.4604 54.1395 80.1849 69.9462 81.1072 75.1876 80.8162 88.0801 73.9749 89.6877 32.3416 33.7175 36.3102 35.894 34.1236 59.2174 19.7954 66.1818 57.7834 8.55289 26.3089 32.4433 55.7882 65.6659 86.9402 39.1144 71.3047 76.0603 108.346 53.3274 58.0379 40.0908 87.1786 64.7121 60.7729 48.6279 48.8359 88.0381 21.072 58.9255 72.6555 81.0738 10.8112 64.4692 25.8168 65.2088 79.5171 83.021 79.0321 47.9427 83.7285 83.0166 47.8117 52.6581
35.8951 36.3828 33.3784 36.4633 32.2744 35.6894 51.4339 51.7582 47.0321 45.5855 47.7204 57.6882 53.0089 53.7153 61.067 54.9083 64.2838 64.5402 67.5498 69.9509 64.6869 60.1355 37.3049 38.3787 35.1809 36.7328 40.2055 43.4547 39.5167 40.9962 23.1406 22.2838 20.0962 23.5041 15.8232 15.9898 17.3888 17.8765 62.7708 64.0394 61.5372 66.9544 68.5885 70.6929 74.2617 70.4063 6.07064 5.47671 5.02233 5.34754 3.61347 2.77809 1.24191 0 22.7141 24.2019 21.035 20.2281 45.1761 41.7323 38.897 43.909 54.5607 58.1829 54.9284 58.1955 97.7822 86.8077 90.8256 95.5925 24.8967 24.9432 44.3263 46.5129 50.5269 60.2311 82.797 81.3999 72.6565 81.8313 15.417 14.8321 75.8524 73.6303 23.1222 51.7568 46.1474 42.6258 39.197 43.2586 74.4408 90.8444 86.4642 80.0495 71.6571 71.7821 79.3408 70.1455 33.7723 32.8109 32.4084 32.5403 8.26826 7.88467 7.28774 6.44008 18.7358 20.732 17.9006 19.925 20.3149 16.7323 20.7706 17.5059 59.3275 69.0324 63.4246 72.0515 48.7973 46.7943 46.8288 46.9196 81.6141 74.0688 75.911 82.3341 88.9325 80.2997 81.4249 88.8916 32.0858 33.4951 37.8245 34.5194 31.544 54.3916 20.599 65.9609 57.9037 9.67863 26.7647 37.0721 54.2976 69.341 89.8287 44.3635 65.1682 74.4368 95.3475 51.6696 57.8331 37.8757 83.5965 65.948 72.943 49.1219 48.6345 83.3225 18.9904 64.0612 76.7145 71.0238 10.776 57.533 29.7888 69.4457 81.1558 90.3886 79.178 57.1504 97.284 87.1 49.1284 58.7404
42.1193 40.9058 48.5256 44.2758 44.9127 49.7507 57.0551 66.3052 59.9139 62.3824 65.3664 71.7766 69.2006 62.9875 70.7161 68.6155 75.179 73.127 76.5204 81.5368 85.29 73.252 58.1775 54.3583 57.0272 59.6492 56.5173 56.8073 61.9577 58.0736 22.3364 24.0359 25.5279 24.2275 22.0752 21.0716 23.8338 25.9475 65.6508 68.0234 65.8336 62.4105 73.5479 74.3803 63.6735 70.0907 19.6559 20.7945 22.6722 21.1436 21.5623 23.1066 25.8179 22.7141 0 2.38205 2.35209 3.314 41.2996 40.916 38.7429 43.6117 42.8324 40.0632 41.5441 38.0681 84.4609 98.0718 79.9576 81.9588 11.9136 10.8102 62.2344 66.5071 66.495 68.7051 77.5595 87.219 51.4126 58.4935 14.8862 18.2741 81.9521 93.1866 38.7237 54.6265 44.61 47.042 49.6687 47.2229 76.3543 78.6787 68.1825 73.4818 68.0067 67.9951 65.7213 66.9615 26.0778 30.247 26.9792 29.882 16.3591 19.7572 20.2858 20.0399 30.186 34.2146 35.6355 31.7954 28.344 26.6795 27.1004 27.4837 56.7005 62.6408 63.9929 64.9072 43.0752 45.0739 38.0576 39.5125 51.5697 50.9896 59.6156 58.509 77.5696 84.564 82.5456 74.2523 29.6714 30.3786 29.8929 30.0401 13.923 37.0798 7.96951 74.0161 67.4623 27.3845 32.6854 10.2438 73.6988 64.6207 68.7332 15.8904 48.0898 58.4082 97.1989 34.6564 72.1625 23.4981 66.5795 42.2731 77.8529 39.9781 46.2421 84.2994 9.9975 44.1499 51.4887 55.6834 15.5302 49.9721 6.52227 56.1051 57.9733 80.2846 55.9473 51.4766 86.5356 88.5971 29.1548 69.2286
40.3437 44.1595 42.7964 40.0659 36.206 47.4305 60.8743 60.8211 56.062 59.3656 58.9379 66.9541 69.1592 69.4735 76.6206 70.999 71.0426 74.6078 79.7014 73.4934 84.0911 84.5961 47.0833 55.8403 56.1455 48.9661 60.9529 61.3295 58.5255 56.6966 25.802 26.2953 24.5291 29.8965 21.6063 22.5428 23.5735 26.8144 59.5732 59.4319 62.4471 62.9252 64.8674 64.674 65.768 69.6151 19.9194 20.2042 22.6029 20.4064 18.4696 22.4892 21.9845 24.2019 2.38205 0 3.59327 2.57225 36.7918 44.2736 39.7663 44.5983 42.3573 40.9145 35.4398 40.4161 91.4592 91.0125 90.5037 87.4707 13.2335 11.1345 60.1038 72.325 63.5673 74.708 83.5762 80.0357 52.8735 52.9462 13.295 15.3271 67.0564 81.9898 33.9571 46.4859 50.4062 47.2397 47.5179 45.0605 67.2728 75.8871 75.0914 77.2797 64.8165 67.8357 66.4346 65.0637 26.2832 27.9481 27.0039 26.9992 14.8276 15.7572 17.8017 19.0853 29.3585 32.5788 32.7343 29.2322 26.6192 24.4823 25.4597 28.978 64.0383 57.5093 57.945 64.0025 41.1349 36.9246 38.9595 37.3157 50.972 51.5488 52.0022 56.7477 82.499 72.6841 73.3328 71.5833 26.7662 29.2666 27.6972 29.0272 13.4669 36.1154 5.2732 79.8338 66.438 24.8663 29.8383 13.1543 63.7737 68.0583 61.8299 16.7898 47.9997 67.8791 93.8113 38.637 60.826 22.0875 71.0495 41.0356 72.3777 44.3318 48.5441 76.6038 7.65321 42.7051 46.237 63.0262 16.5902 50.8036 9.15349 45.6215 52.547 83.6032 60.9305 58.0681 75.0206 72.1522 30.8358 63.3063
40.1055 39.6093 41.8104 42.5117 41.6708 47.5405 57.3314 61.038 64.5243 61.4977 68.4126 65.9113 71.5265 66.6964 73.644 74.1861 69.4733 72.504 73.9512 82.3863 83.8589 77.509 57.6027 54.2334 57.3768 57.4726 59.2262 54.5055 63.0155 59.7959 22.2727 22.2482 20.8254 22.9472 20.3088 18.0547 22.9353 24.4627 65.2832 71.3463 65.1168 68.3067 66.0959 72.0789 63.9601 74.4061 17.5846 17.3293 18.1361 19.8771 18.2346 20.8885 22.1477 21.035 2.35209 3.59327 0 2.72957 41.8822 46.2467 38.9509 43.4719 45.4367 45.2039 42.2025 42.9817 91.9436 97.0298 87.6488 91.3668 9.99216 8.00095 70.5296 67.7297 68.6157 68.9021 82.2912 78.201 55.8387 52.5419 13.8522 18.618 82.57 93.7956 34.1376 48.1018 49.8338 54.6987 46.9923 47.0702 82.1365 85.7964 74.1373 76.9697 64.7368 63.1163 70.7688 73.1651 29.363 29.0247 27.31 29.2706 15.4077 16.0702 15.5098 17.6533 29.0433 33.6282 34.4972 31.8723 25.0954 24.8417 25.7262 26.4424 62.0929 68.8181 60.0215 66.4114 44.0707 39.0617 40.7137 39.7731 61.5855 60.048 55.5502 60.7091 80.0989 73.318 84.2055 77.625 35.0237 36.1983 30.6774 29.8853 16.9119 42.8474 7.68967 83.5706 69.6988 24.5606 32.5578 12.0962 73.8193 67.4086 66.1777 20.1736 49.423 66.461 102.194 37.713 73.8766 25.9119 75.3974 44.6945 73.5004 46.1089 48.1338 80.4892 11.2069 50.4121 50.3446 58.8276 13.2812 49.7906 6.03929 47.7218 59.572 82.2622 60.0151 62.1608 79.388 79.4268 32.4001 63.7873
44.2708 41.2569 38.1038 39.8563 40.1543 41.6622 57.2367 64.4536 55.2496 60.4745 60.4922 65.9067 58.7204 64.8672 69.4031 72.9939 65.2251 64.3487 80.65 72.2556 81.5603 78.9165 52.8918 48.1734 50.155 54.2597 60.1528 53.8705 60.428 59.1258 23.9536 23.2738 22.0655 24.4476 20.8636 19.3409 21.2639 23.2192 60.9412 64.1874 60.4646 61.0152 74.3292 72.922 67.9396 63.2716 14.8938 16.9289 19.652 18.4159 18.1663 18.2042 21.7876 20.2281 3.314 2.57225 2.72957 0 37.9265 46.172 44.0739 41.9764 40.9947 41.8604 39.9784 44.639 91.6255 89.4701 91.4956 84.6414 11.7969 10.4279 61.8552 72.6236 72.1639 67.8137 83.5408 81.7933 58.1479 62.2182 11.7946 15.319 82.1157 77.0804 34.1327 47.5375 44.2576 49.1142 46.6389 48.8428 76.9449 74.4495 78.2304 73.0311 63.1803 64.5461 68.659 66.802 26.5776 29.4066 23.8995 28.1147 13.3008 13.8487 14.779 16.2353 26.7544 28.2497 27.7182 28.9691 26.8373 24.244 24.6125 26.1613 56.1997 58.9817 55.0442 65.6336 41.3034 43.0304 37.188 42.7134 62.003 62.1864 53.8334 61.3437 75.7486 85.7227 75.0529 85.5463 29.6295 31.3874 30.1409 28.1318 14.5227 37.8432 6.05634 74.5201 68.8636 27.157 27.4654 13.8344 66.7041 76.3059 66.0071 18.0999 52.0692 66.3765 96.6392 38.3978 60.419 24.0774 70.1568 42.7349 83.2557 41.7445 50.7259 77.4862 8.04598 50.478 52.4716 59.2791 15.6481 44.8322 8.4254 52.0813 54.1333 87.3049 58.1642 54.8064 87.8538 87.5706 33.3326 60.5801
18.7066 22.235 21.7926 21.5136 18.2553 19.5065 31.7033 35.433 35.8696 31.7271 38.2463 39.3115 35.8196 41.4227 40.7835 45.7269 42.0381 43.2231 44.859 42.4114 51.1803 44.7901 39.3955 40.407 39.963 39.4155 34.9642 41.9557 41.1271 36.7793 64.8932 56.3005 56.0418 56.7374 57.6185 52.2257 56.8042 61.058 24.8877 24.4528 20.7673 21.8295 30.5583 30.0321 29.4196 28.036 43.3182 41.4646 44.8752 47.9068 39.6035 43.2356 44.7651 45.1761 41.2996 36.7918 41.8822 37.9265 0 2.31115 2.69956 3.49478 26.1315 25.5247 22.6713 23.4013 49.6743 49.8864 43.9364 50.8614 52.0523 56.1831 40.6834 44.0626 43.0064 45.9544 39.0761 38.4515 64.5502 68.3055 35.2718 27.8365 33.7086 61.5531 24.524 13.2029 11.2866 12.1155 12.465 12.5378 42.8391 40.7017 41.231 39.9084 30.8874 30.374 33.0629 28.9093 15.1189 13.8532 14.3172 14.9228 41.1196 34.3542 37.4491 40.7652 25.1449 27.0276 27.862 26.6171 60.9603 57.6172 60.1521 64.3005 22.8396 21.1206 21.0832 24.5967 20.7231 17.5926 17.8707 17.4571 64.505 60.1853 67.1326 54.7966 38.7191 37.7366 39.5525 42.5356 10.3731 9.97436 11.1199 11.0537 33.5251 42.1901 35.115 46.9268 35.8225 39.2568 18.1973 55.9876 36.3595 27.816 44.2022 50.5148 53.4038 50.2384 59.663 21.1527 33.4603 29.243 50.7817 51.1949 43.0561 12.0925 11.4894 45.7494 34.0157 37.261 48.6778 43.6705 50.1566 25.3334 53.2695 30.0689 58.1753 39.4664 54.6236 13.8993 50.9384 51.4655 38.3315 22.3375
18.6748 21.1526 20.6973 20.2881 17.765 17.5205 31.8814 33.7881 31.378 30.4669 34.1764 32.4936 35.9908 34.8137 41.4682 36.9956 45.1827 42.1381 43.4181 44.2817 42.2302 48.6429 33.1382 40.6303 34.6948 38.5128 35.0315 39.547 37.5515 38.2329 62.3003 68.4213 65.9522 69.0757 56.2298 62.9546 58.5017 63.7755 19.746 19.5426 18.381 19.8977 25.4879 25.8994 22.8034 26.4508 44.2941 46.0016 53.0504 49.0555 43.9074 42.3626 46.1664 41.7323 40.916 44.2736 46.2467 46.172 2.31115 0 3.49777 2.68665 27.3394 23.9693 24.8191 23.086 48.3703 46.7546 46.7218 45.9836 60.2674 54 41.5927 43.0245 44.301 45.6515 32.3909 35.9313 66.7426 74.2052 36.06 32.1031 35.7593 60.0266 26.8608 9.98338 11.4412 10.8346 12.8419 12.9424 36.5898 36.3601 34.9542 40.0999 32.1743 33.1518 30.518 28.8998 16.7374 16.89 18.4934 17.2981 43.0275 38.7589 45.0778 43.6248 28.7257 26.1085 27.1907 28.2922 58.9123 58.5159 62.8098 64.4242 19.6098 23.008 20.9318 22.18 19.9395 21.4802 21.4533 18.1736 67.7312 62.4168 64.8654 59.0824 38.0581 42.6164 34.7249 38.4341 12.6394 12.6817 13.1899 11.6474 38.7661 49.5908 40.4622 43.8551 30.4268 39.2036 18.8005 54.5352 37.4387 26.334 42.7214 52.3274 47.1204 50.0626 61.0023 24.1876 29.9364 27.7778 57.2756 55.1655 42.7576 12.9121 11.4107 44.9456 37.4755 41.0164 53.1894 48.0173 53.6166 23.3151 56.0421 31.4612 55.4658 38.127 65.6551 12.474 48.2782 49.9681 38.5586 23.0491
17.66 17.2312 18.8168 16.478 14.8388 15.8761 31.6975 30.4464 32.9463 30.8122 30.5935 36.0924 36.4582 34.1046 40.6773 43.8817 38.9012 39.3668 40.0768 44.0576 49.1777 41.8332 30.9492 33.103 38.8832 35.3221 33.5799 34.651 38.5397 37.8971 55.4088 62.3725 54.7794 64.5178 51.5505 49.9096 54.5098 52.5842 27.1851 25.0174 25.1658 21.5367 30.7769 29.6281 30.7196 27.403 45.1175 41.1479 43.0754 50.0143 41.8576 40.8466 41.851 38.897 38.7429 39.7663 38.9509 44.0739 2.69956 3.49777 0 2.55965 28.9532 26.3881 26.5248 25.3196 51.7484 49.1481 48.4102 47.7159 56.0242 49.7446 38.3312 42.4467 41.7051 42.4446 38.5563 41.7585 68.6325 73.9712 33.0703 30.2274 39.428 62.4784 19.9852 12.4788 11.0515 11.4381 10.0742 10.7357 42.1341 39.7885 36.8989 37.2741 36.3733 37.1954 31.9943 31.9557 14.1257 11.5758 13.6647 12.8829 39.0287 39.5618 36.905 39.4445 22.0088 21.6728 26.0812 25.2894 54.5232 62.5935 59.4523 60.1747 24.7353 24.6173 22.4375 24.3863 20.8002 21.0683 20.6786 21.4221 61.048 58.4854 67.229 56.7679 43.791 43.8932 39.4256 45.2279 12.0359 10.1763 10.1986 9.49996 35.0401 41.8935 32.883 39.0882 33.8818 32.7735 16.7192 46.5904 33.2487 31.617 41.3408 44.2931 48.0319 53.935 62.1119 23.6389 33.8938 27.9898 50.9428 55.2684 45.4646 14.5625 13.6192 42.622 30.3457 45.2278 51.3705 51.5839 43.476 28.186 44.3435 31.7945 60.5821 42.1981 66.4187 15.0841 48.9004 52.9059 37.0835 21.4481
19.4325 19.5728 17.2268 16.8298 15.0131 14.471 26.366 30.5595 30.5939 32.496 31.3978 33.5154 35.2686 33.135 36.8871 41.5804 35.6923 41.9902 44.0578 43.5314 44.33 46.0665 35.7388 35.6362 35.5759 38.1349 36.3472 36.4671 35.2457 40.7679 57.5637 63.4431 64.2797 65.258 50.7612 62.3052 54.5697 62.2203 25.0916 23.8588 22.9375 19.4436 26.8742 24.4478 23.6871 27.7145 46.7696 42.1064 50.7234 49.2629 43.895 45.913 39.2884 43.909 43.6117 44.5983 43.4719 41.9764 3.49478 2.68665 2.55965 0 31.1224 28.1885 24.9608 24.6723 51.9838 51.4575 47.0268 45.6487 58.6566 48.5883 42.603 46.0206 40.1301 40.9845 34.8891 39.9036 76.505 76.925 37.0092 31.6172 30.9436 54.8615 21.4134 8.78384 8.51502 9.05513 10.5132 10.3519 35.9594 37.6865 38.5796 37.3265 32.7822 32.8297 29.4995 31.2766 15.2612 16.3272 15.7037 15.2201 40.867 37.2379 39.3903 35.7413 25.427 22.6067 26.2736 24.2699 59.1884 63.9078 65.6058 59.9231 24.859 25.1082 21.1642 24.5653 21.7269 21.736 24.4471 20.6166 64.3745 63.8507 65.5393 57.93 41.4476 44.0178 40.7458 44.7768 13.0407 11.571 12.3566 13.6829 34.7382 43.7528 33.5362 36.8512 33.362 35.1948 16.3654 55.6948 36.2988 27.4674 44.4585 48.1529 55.2812 54.7269 60.6483 27.0019 27.2549 33.6488 55.3715 52.1717 37.7929 14.1938 14.526 47.0084 34.8766 40.9261 56.4963 53.9835 52.4985 30.2539 52.5225 32.4676 61.1552 42.9405 66.496 11.1871 50.265 48.0832 36.8022 21.1362
42.7869 40.4176 46.7748 47.9996 38.583 43.3645 58.4026 58.8344 53.6451 61.0211 61.2635 64.1727 58.5049 64.0526 69.9883 64.8125 70.6122 62.7 75.0606 64.5429 66.4682 71.3894 64.9586 57.4754 60.7638 67.399 58.8398 59.6381 70.4165 61.8198 66.4449 61.5598 69.7522 63.0701 62.8943 66.5365 64.3428 60.0113 37.5566 37.2258 37.4631 33.1854 39.1186 37.9008 39.5459 37.2084 49.7396 51.9279 56.8352 59.7374 55.4919 49.0895 58.3741 54.5607 42.8324 42.3573 45.4367 40.9947 26.1315 27.3394 28.9532 31.1224 0 2.54513 2.28623 3.41683 51.472 54.3755 52.9172 56.0236 48.7228 47.2367 70.1245 70.5532 67.4564 79.7763 50.2151 51.6982 47.7128 46.682 41.0726 36.5562 43.2743 90.837 45.5766 36.3905 40.167 40.8658 39.06 36.0811 37.1263 35.4079 40.3765 39.6877 25.827 26.4667 28.092 27.6961 24.868 26.1352 27.7705 26.8941 50.8552 42.8376 48.3343 51.4021 48.0616 43.3421 48.4139 48.7978 67.0612 65.9338 66.7571 70.3446 29.9736 33.9154 29.4745 30.9704 5.70413 6.62258 7.31332 7.17267 40.0646 36.623 39.8533 33.4325 38.5958 38.1497 43.4795 38.4173 22.7714 25.4727 26.2936 22.92 28.7839 21.395 35.7756 66.0162 62.8529 46.2814 40.007 49.6706 60.932 45.5381 30.1064 38.4759 21.8849 26.2878 57.7503 4.71996 57.0251 14.8154 28.3296 30.4003 65.6193 15.1242 18.2288 41.6443 34.4272 16.3875 21.868 21.507 56.77 9.71742 45.5572 10.4526 30.54 46.2191 30.9726 35.4318 41.7124 39.7037 16.2519 46.9185
44.0172 46.7031 41.8253 41.6146 38.6694 39.0417 55.0627 57.6333 61.1287 60.4912 59.3325 65.1714 60.2175 59.0597 63.999 60.2375 62.745 66.2786 69.6416 75.0227 68.8828 70.3819 59.4768 59.3333 60.2748 65.6689 57.0104 63.3193 61.2777 63.746 71.2306 61.7859 69.978 69.2835 67.7333 62.9574 58.995 58.9495 33.792 32.2826 30.6848 33.7367 36.2562 38.8495 37.1528 39.287 54.5316 51.8753 57.3705 60.6866 49.2787 56.6384 54.5972 58.1829 40.0632 40.9145 45.2039 41.8604 25.5247 23.9693 26.3881 28.1885 2.54513 0 3.8101 2.4232 47.6839 56.6023 55.2412 49.1212 60.3216 54.3484 72.0529 63.0566 69.6703 71.7572 49.2459 53.3025 49.5999 46.6825 42.0116 42.51 42.0638 78.9117 45.0209 32.5233 38.9841 37.4849 39.6627 34.4197 37.5575 36.9623 34.1362 32.667 25.1041 25.8692 26.8707 23.9846 27.1008 25.2675 25.867 27.8999 52.0016 50.6057 51.1193 50.2079 45.6667 42.2804 48.1018 49.2292 72.5682 60.6697 73.0243 70.58 27.9787 28.611 28.5476 30.6318 5.16022 5.6549 5.89437 6.2417 39.5015 40.4756 36.6665 39.9127 36.8732 37.3083 39.2777 36.5732 21.184 22.5023 22.1713 22.2832 26.8065 23.8437 39.3549 61.261 52.2882 48.3267 38.4676 47.1062 56.094 46.5954 27.5324 38.7307 23.6253 23.7191 57.8446 6.45516 60.6973 17.4406 27.1122 33.2779 68.4546 11.5776 14.8309 36.6454 38.8976 16.9899 24.4697 26.4018 57.3231 6.15895 48.1275 7.3811 28.6231 50.1122 32.659 31.7963 37.6925 34.8287 20.4747 50.6207
45.6081 45.9006 43.481 39.0879 42.9382 43.8914 50.2166 59.7311 59.4418 55.5189 56.3709 54.0595 55.2322 66.8063 66.2337 69.297 67.5416 70.7886 74.7663 71.6602 63.959 74.8795 62.7546 62.1352 63.4773 63.3946 55.9393 55.9142 59.3864 69.297 57.1404 59.9637 62.7161 62.8811 53.1473 59.6877 60.6836 65.0864 35.5974 31.2626 37.2279 32.8337 39.9222 43.3066 38.181 41.1972 51.1138 53.6705 50.0191 54.7176 44.3196 47.3533 50.3107 54.9284 41.5441 35.4398 42.2025 39.9784 22.6713 24.8191 26.5248 24.9608 2.28623 3.8101 0 2.64018 58.1495 58.9424 58.173 51.3075 49.6181 50.3237 68.8878 66.0335 62.6133 77.2683 53.6138 58.4961 48.9716 40.7575 35.267 34.5647 42.7346 88.5839 38.6334 33.7535 39.2474 36.401 35.7408 36.2932 35.8911 35.4393 40.6119 37.685 29.2654 31.5351 25.5845 27.7425 22.4947 24.5001 22.8297 22.5995 41.7938 47.5013 43.1692 45.201 44.6712 42.4388 45.0056 43.529 63.3087 58.8492 65.0213 60.8462 27.2995 33.2702 30.8237 28.819 3.74331 4.4597 4.66266 5.62758 35.4228 41.99 35.7631 35.5288 44.8179 45.3182 42.8528 38.7159 22.0834 18.6839 20.1066 23.6989 27.5583 24.1666 37.4252 62.7495 58.5865 45.4912 36.5039 45.3857 66.731 41.5347 33.828 37.3446 25.3927 28.9727 63.5306 2.55331 56.8572 13.9808 30.6929 35.4426 68.4957 13.2211 16.9906 37.2188 35.3399 18.2641 23.6415 24.9462 51.6829 10.1652 40.5195 12.0801 33.3769 50.8793 31.8839 35.4793 43.1928 44.7641 17.1355 48.5446
44.5712 38.0647 41.7667 38.1855 40.6592 42.7689 51.7366 57.2356 58.1553 60.2216 61.1464 60.8798 56.0415 57.6254 64.6806 66.5028 64.1655 66.7697 66.9247 69.9547 72.4412 66.0369 57.309 54.1122 64.0573 56.3531 55.9543 58.7657 63.1389 67.2758 58.4354 67.8148 61.0375 67.6549 60.1136 60.4348 65.3012 66.3556 32.4435 31.384 30.8736 31.9215 34.4859 35.1771 38.9684 36.3864 57.1027 47.9878 56.0711 58.4852 54.3203 50.047 50.6248 58.1955 38.0681 40.4161 42.9817 44.639 23.4013 23.086 25.3196 24.6723 3.41683 2.4232 2.64018 0 53.0805 49.6763 56.0294 49.4183 50.1443 54.6796 60.3946 67.7264 69.6342 75.5882 51.8155 50.0564 49.2334 50.2715 42.354 35.5528 37.9524 74.2721 38.9775 34.2192 33.8078 31.553 34.152 33.0633 37.24 37.9203 36.4619 38.9148 23.642 29.2969 25.8875 26.2106 22.6378 21.9615 25.1983 24.2595 43.2545 42.3083 48.4204 47.9594 44.1817 38.7334 43.669 42.0785 65.1248 62.8772 64.5763 62.2695 27.3056 26.607 25.7662 27.1171 2.24927 3.16949 3.74308 3.71591 37.616 42.5332 42.1664 41.1837 37.4933 38.1141 41.2587 40.5239 20.1707 20.1179 20.9915 21.5457 30.3549 24.3491 33.5309 64.2879 55.2986 49.1091 31.4122 44.2646 56.8483 45.0879 27.466 41.5643 28.2371 27.6198 58.9617 4.36182 53.2173 17.221 32.7794 32.2867 64.1202 11.226 14.4896 33.8902 34.8774 20.4805 25.028 27.573 53.8981 8.26367 42.6545 9.17485 30.7438 43.73 37.329 31.9315 40.2223 37.0367 18.6975 45.4256
62.2533 65.4121 62.1762 61.2008 65.7197 59.7712 53.9284 55.2164 57.7369 60.6829 60.6495 57.5094 62.8881 61.8537 61.823 55.587 61.7649 59.9047 57.3824 60.4249 58.9641 65.7881 78.6485 78.3807 68.8419 67.8709 74.6571 71.1747 72.2363 73.7293 117.225 113.035 107.897 117.145 93.6602 110.712 108.986 102.39 25.051 25.8009 25.9463 28.2736 18.6906 21.7382 23.2013 21.6721 88.9357 102.46 85.7241 98.7875 95.0578 83.3997 86.1161 97.7822 84.4609 91.4592 91.9436 91.6255 49.6743 48.3703 51.7484 51.9838 51.472 47.6839 58.1495 53.0805 0 2.30463 2.76662 3.33795 107.897 92.3503 77.5476 72.9235 73.4919 67.4935 19.9481 21.1868 90.5878 87.1977 79.1269 84.0547 12.5791 72.7636 65.2073 47.3283 52.8944 49.3287 50.026 53.0778 16.6386 18.9548 19.752 18.4023 25.7758 24.7392 29.3611 24.9421 58.7277 59.2788 56.0669 67.2179 94.1173 89.3594 82.252 86.2217 69.055 76.2914 80.029 78.4487 103.072 113.372 114.272 106.415 26.8919 23.415 26.7572 23.7206 48.3775 47.9413 49.2941 45.8102 77.6908 85.3622 86.3716 88.2771 15.5481 15.1635 13.6675 15.0631 63.052 52.5514 53.2297 59.3673 76.3182 81.7686 84.6913 58.3518 50.4022 89.9459 62.4186 97.662 62.8527 26.8982 40.0287 97.4269 68.5278 54.6145 19.7382 52.1359 48.9456 67.6863 53.5428 78.0539 52.5643 49.4241 42.6302 22.317 84.1158 58.7271 69.2146 63.8951 100.515 42.0181 103.236 49.9734 80.1801 5.98216 79.8183 39.236 28.5369 27.4693 65.4162 39.3944
60.1509 66.8707 67.1231 66.9151 60.162 55.5707 59.0843 57.4447 57.0436 57.6349 53.8077 64.0817 57.3241 65.879 60.3579 59.5315 56.716 63.6279 61.004 52.714 56.8962 56.4387 76.5492 69.537 72.746 77.2165 71.8237 72.8013 72.3992 73.8155 109.874 104.429 104.128 121.87 96.3758 108.687 108.15 108.066 23.8895 26.6165 25.1474 26.5849 21.9036 21.0018 21.856 23.8925 97.253 104.415 97.3891 102.961 89.7418 93.5587 100.256 86.8077 98.0718 91.0125 97.0298 89.4701 49.8864 46.7546 49.1481 51.4575 54.3755 56.6023 58.9424 49.6763 2.30463 0 3.62873 2.57274 95.3624 105.362 77.3965 67.7618 66.7658 73.2693 21.1182 22.1051 89.6244 85.8842 82.7772 82.7443 16.4688 69.8192 73.8604 48.4805 55.7234 50.8268 46.7477 54.0461 22.5001 19.5218 21.307 20.5366 27.9758 27.253 26.4313 26.0106 67.2433 66.2753 63.9044 69.742 81.2804 88.5667 95.7915 90.819 77.5599 68.996 78.7154 80.3944 114.931 108.76 115.078 107.955 26.0582 27.9132 29.1342 25.4017 48.5023 54.9173 58.1426 53.8121 86.7397 91.4457 81.872 90.0815 18.6537 17.8459 16.4407 16.6223 65.9046 62.0958 61.9112 64.1851 84.7674 83.7822 86.1275 51.3973 47.4953 86.4873 71.8169 105.568 57.8859 25.6341 37.1493 97.3093 79.6775 61.7362 18.0656 62.2617 45.6192 64.2904 58.2363 89.2565 52.8476 49.1119 46.0693 22.4883 79.5382 61.5941 75.6108 61.2065 98.7366 49.3181 92.5197 50.2225 71.7877 8.03587 80.3595 43.0895 32.582 32.5169 76.1879 43.8848
60.7623 60.6598 62.8989 62.9496 55.2229 58.1336 51.0437 53.2969 62.5355 54.2992 56.9651 53.0077 61.6153 60.5172 50.616 55.9542 54.6853 55.9087 50.932 59.9092 59.0095 52.2904 71.2427 71.8002 73.4446 72.6806 70.8165 67.1268 68.4799 64.0753 98.6001 109.918 103.729 102.301 100.483 93.2248 106.339 109.205 22.4203 23.8349 25.3657 22.8361 17.5831 18.1212 20.0684 19.601 83.2889 92.4936 92.7596 98.935 91.3773 89.2405 91.0427 90.8256 79.9576 90.5037 87.6488 91.4956 43.9364 46.7218 48.4102 47.0268 52.9172 55.2412 58.173 56.0294 2.76662 3.62873 0 2.52012 107.202 102.97 74.8404 68.4892 59.2803 63.5811 17.2289 18.502 91.7054 98.5172 73.8025 69.7211 12.4649 62.6102 65.5997 42.7854 46.4298 50.7788 50.3338 43.6766 20.2422 19.5461 18.5703 18.2635 26.8192 23.5129 25.3276 25.0669 57.2706 57.5516 65.2012 55.9153 88.6598 83.8766 86.5669 87.2762 69.7025 63.8566 74.8732 65.592 106.931 100.625 96.2504 100.184 27.0085 26.3452 24.5818 23.5092 50.5458 46.5554 55.8565 54.6033 88.9675 79.1296 86.8164 83.273 15.9734 16.3455 16.4509 14.9935 51.5452 54.0263 57.5544 55.5875 81.5826 73.1141 75.6365 49.6806 45.7123 79.7554 57.0141 102.18 58.5726 21.961 37.583 90.5882 73.655 56.5262 21.4731 53.5228 50.7061 66.7494 54.5148 85.9885 51.3944 42.4594 37.8897 21.5853 73.4796 58.967 73.8702 57.3942 93.048 46.8525 98.5829 50.4024 68.8175 4.53836 82.5781 36.3721 31.4226 29.2789 71.3117 43.7162
57.5577 63.1657 60.747 57.3718 57.328 62.2065 54.7305 52.8533 58.6738 55.1086 56.1778 57.6332 52.0889 54.4489 57.6139 53.6457 57.4597 63.7545 55.7022 54.221 59.0598 61.3881 65.8442 75.0063 77.5665 70.7106 62.6785 75.3423 63.7375 75.0919 100.66 104.901 108.2 115.749 93.5649 112.1 97.8334 96.4131 24.9351 23.9008 26.5016 25.6535 20.3439 22.6172 23.8775 23.8769 94.7288 99.5903 89.2041 95.1523 94.8323 95.7358 94.915 95.5925 81.9588 87.4707 91.3668 84.6414 50.8614 45.9836 47.7159 45.6487 56.0236 49.1212 51.3075 49.4183 3.33795 2.57274 2.52012 0 95.9398 96.3584 66.3533 63.5633 59.5063 62.5553 18.871 17.1368 99.2261 99.872 84.3302 78.8759 14.7592 74.772 74.2481 46.206 49.8702 47.185 46.491 51.9512 22.9916 19.5319 21.7025 19.0973 32.06 29.5051 28.2595 29.9005 61.4461 64.7859 61.6741 61.9315 94.3924 92.9897 92.986 90.7014 72.9858 66.0871 78.1747 72.4406 115.349 115.821 117.16 115.107 29.4714 24.7682 26.579 28.7649 57.2896 48.3168 56.0165 51.6331 88.3279 84.4466 90.848 84.5914 18.427 17.0611 18.0582 18.0457 58.6508 58.7028 63.9483 55.3086 74.2821 75.7982 80.6023 49.1516 47.6145 85.0949 71.2749 100.557 56.715 24.0107 38.217 97.9838 67.375 54.1636 22.6758 56.0606 44.5614 68.1213 56.5752 86.2118 54.9082 49.1351 39.8246 26.6976 74.5267 72.728 77.6689 65.7916 91.3885 47.1713 94.02 53.1794 82.6514 7.3935 73.7341 41.3687 33.716 34.5933 78.8692 46.2644
49.5392 57.3306 55.8287 53.2723 51.5819 59.0088 65.6791 74.5843 63.5528 74.7915 74.7551 70.5635 80.4784 77.2446 82.7681 74.6999 83.5372 83.1681 90.2805 92.9119 88.4892 82.8061 62.4684 60.228 56.7149 57.1713 62.9126 62.16 58.7711 67.7295 11.9279 13.3101 16.1241 15.1356 14.4264 14.4507 15.4375 17.6735 83.6101 83.4707 80.4228 71.3746 75.2288 89.3554 83.3101 87.384 18.111 18.1908 19.8688 20.2567 21.2052 22.8744 22.9125 24.8967 11.9136 13.2335 9.99216 11.7969 52.0523 60.2674 56.0242 58.6566 48.7228 60.3216 49.6181 50.1443 107.897 95.3624 107.202 95.9398 0 2.42957 77.8431 69.7148 85.8205 84.287 96.0621 90.3765 62.1756 60.0912 21.5356 24.4625 86.5868 99.1046 43.578 67.9083 64.7089 57.1975 62.9572 61.7589 90.3833 83.8454 95.8725 85.7248 70.9657 75.5748 81.4146 75.4731 37.6128 44.1828 40.4194 38.6933 22.9425 23.7485 19.9207 20.2076 40.9617 41.9651 35.9223 37.6538 15.9279 18.35 16.9598 17.3295 73.3873 69.7618 74.0939 72.5837 57.5705 56.6834 53.1898 49.9383 68.3465 67.7661 57.172 69.4494 84.4832 96.7599 98.2773 86.8059 41.1426 39.8972 41.1151 40.4538 28.3833 51.5556 18.717 83.3136 79.6065 34.2788 41.4433 14.0922 82.3345 82.6921 85.8344 24.5355 61.7996 80.0858 108.284 51.3428 78.3985 38.8618 74.3152 50.8475 87.4257 55.7188 58.0439 97.1781 22.8006 58.2851 56.8893 64.1338 15.6049 59.301 8.37496 61.1603 61.323 88.8898 64.5753 68.1724 83.9134 91.3639 43.7465 78.8278
49.7969 45.1159 54.4703 52.6794 48.4936 49.6203 72.8653 61.4196 72.2481 72.0615 72.9757 67.1503 67.982 67.4372 82.9225 75.2939 71.6581 82.9267 86.561 91.8171 89.4189 91.4582 52.1629 51.6553 56.6385 61.0931 65.3208 60.3168 67.9016 68.093 12.7721 15.2548 14.114 18.1388 12.7166 12.8633 14.8648 17.4919 79.5275 70.7458 71.7737 76.0968 73.6615 81.9592 80.1392 83.7667 16.6343 17.5601 16.4699 18.2266 20.443 22.5907 23.0698 24.9432 10.8102 11.1345 8.00095 10.4279 56.1831 54 49.7446 48.5883 47.2367 54.3484 50.3237 54.6796 92.3503 105.362 102.97 96.3584 2.42957 0 66.8205 73.3085 80.9262 83.9045 81.7271 91.7267 57.77 56.5902 20.604 23.8095 93.3868 89.9548 41.9704 55.5493 51.2 57.4533 53.5642 57.4934 88.3389 91.3226 92.1665 79.7079 68.9745 82.3622 77.2598 80.3113 38.4218 41.3448 33.8586 38.5536 17.4804 20.6202 19.6801 19.9538 33.6246 38.0577 38.9483 37.759 17.0977 16.2951 19.7295 19.8516 74.6125 80.4731 67.6373 68.4512 51.183 52.0264 45.3881 55.4016 68.2434 58.3511 58.934 68.0629 81.2231 97.3296 85.495 86.0149 41.0756 37.9058 38.2509 40.6927 22.5453 45.1916 15.1975 90.8254 82.2226 26.6683 38.1385 12.835 69.6691 87.6178 77.2979 22.2838 62.4562 67.2155 99.7084 48.137 75.2537 32.4405 79.5062 51.6923 90.2838 52.2889 62.1414 85.0989 18.8615 59.503 54.8701 74.1825 11.4307 61.0451 7.76297 65.3634 70.1185 89.2357 66.1959 60.2489 82.3071 99.5956 36.1033 70.6921
24.5015 28.5304 26.6267 27.6765 30.468 28.1899 15.129 12.9273 11.0641 11.4725 14.0444 14.5002 12.0523 12.0967 15.5832 16.7688 14.5083 15.2072 20.3621 19.1046 17.5087 18.0039 14.9034 13.2443 12.0221 12.4403 9.00365 7.83241 8.24023 7.15522 74.4374 63.2198 73.1599 71.1322 69.8677 69.1136 70.8528 67.1635 50.4784 55.3127 52.416 52.0894 49.3878 55.5929 53.7458 49.4621 58.3944 51.6587 50.453 52.6985 45.0605 46.8153 49.7683 44.3263 62.2344 60.1038 70.5296 61.8552 40.6834 41.5927 38.3312 42.603 70.1245 72.0529 68.8878 60.3946 77.5476 77.3965 74.8404 66.3533 77.8431 66.8205 0 2.42546 8.67754 9.4449 47.1865 53.4849 118.157 108.618 47.3201 45.8584 66.0207 21.5099 31.2709 31.7323 32.6447 30.508 34.2439 30.6362 71.2142 80.4795 65.554 71.5315 75.1188 75.1021 62.9519 64.7168 48.7979 42.473 42.3978 47.6718 55.021 49.9889 47.1061 48.6401 32.4797 35.1772 34.6346 30.4641 70.7717 62.143 60.9041 60.0658 61.1166 54.7885 53.8834 59.6532 58.8983 64.5358 59.9069 59.2238 99.5015 101.796 98.6419 107.31 78.5841 78.5496 67.2869 75.9763 43.9413 49.4132 47.2022 43.9606 61.8284 79.9729 61.1897 22.6663 26.1579 43.357 37.8255 85.505 12.2376 47.5832 89.1509 78.2849 94.3447 100.676 87.6654 70.3492 22.3642 61.8724 93.3823 103.562 22.7338 57.4706 52.4723 78.5438 52.1913 91.935 88.6721 101.744 64.0445 73.3192 77.9352 70.6396 94.8087 59.5795 111.575 40.7545 92.2756 80.8378 73.0617 28.2768
27.8016 28.7873 26.9256 28.0066 33.0389 27.0713 15.8625 12.3235 11.4113 10.5361 13.9378 12.1653 12.4165 11.7429 15.8414 13.173 14.2331 10.9558 18.3217 18.1459 18.1171 16.4003 16.755 15.7403 15.688 16.1912 11.3603 9.70085 9.19158 9.59527 67.9356 70.344 74.4818 77.3202 63.3264 62.948 61.4173 60.7123 53.3557 55.4516 51.5257 52.8193 52.5781 49.5713 49.5206 50.9623 59.0602 55.2634 61.035 57.4128 48.1315 49.7313 49.2976 46.5129 66.5071 72.325 67.7297 72.6236 44.0626 43.0245 42.4467 46.0206 70.5532 63.0566 66.0335 67.7264 72.9235 67.7618 68.4892 63.5633 69.7148 73.3085 2.42546 0 6.00716 8.25181 45.3803 52.9004 103.172 100.84 49.3267 53.5794 60.8993 19.6206 30.952 34.3412 36.5227 30.0711 35.5698 33.6998 74.7816 69.6433 66.6599 74.3612 63.6876 66.8191 69.3788 69.6383 47.9418 46.2739 45.9205 43.4235 52.6149 54.7964 55.7525 51.2438 34.8157 38.6114 32.9516 36.8937 65.377 62.8926 68.8752 63.5977 57.0753 54.4921 53.0766 51.95 63.796 63.2167 65.4686 64.8269 99.6615 103.677 100.415 114.228 80.5336 74.1498 73.5082 75.9569 52.9291 51.2381 53.1478 44.5962 74.0277 94.558 57.7532 20.4705 22.6911 39.6301 36.8446 80.7486 12.2098 47.5938 89.9783 79.4594 88.1196 89.8049 86.1687 66.0811 23.3576 69.1865 98.3326 96.7396 20.108 51.9732 50.2624 75.1349 60.9829 87.7174 102.43 102.873 63.9822 76.3778 68.7633 72.7186 106.398 67.8728 109.072 39.5027 95.3171 95.0006 73.3569 26.8078
32.31 27.496 30.8488 27.1457 34.4097 31.4133 14.3203 12.1581 12.2937 11.9584 12.9722 9.68673 8.66916 8.15139 10.5027 8.25129 7.87642 7.00392 13.496 12.1591 11.4843 10.9171 18.5366 20.5901 18.0501 18.4099 14.6031 14.8749 13.171 14.5375 70.8286 73.6334 84.7815 82.7595 70.2652 65.7836 78.2024 66.5233 47.5788 47.0968 44.6479 46.7177 49.0047 53.8551 45.0982 50.9938 60.8213 60.085 67.3161 62.0434 53.2271 56.9907 59.4946 50.5269 66.495 63.5673 68.6157 72.1639 43.0064 44.301 41.7051 40.1301 67.4564 69.6703 62.6133 69.6342 73.4919 66.7658 59.2803 59.5063 85.8205 80.9262 8.67754 6.00716 0 2.34743 48.2713 49.0642 105.952 117.622 52.5956 52.9494 62.2083 14.2173 40.1776 32.1678 35.9986 36.1037 31.1236 29.2279 77.7302 64.0663 73.956 63.5067 72.5675 69.2834 68.3596 67.9927 53.4449 55.0936 46.49 53.7067 54.189 52.8342 57.86 56.2028 38.5827 37.6024 41.0183 37.9363 79.2904 72.8617 72.6285 70.8708 56.479 58.9267 58.7107 53.7533 64.7423 65.1812 58.8211 58.9217 104.791 104.733 98.4443 98.1688 76.2398 66.0797 73.6308 64.0197 48.2832 47.2357 46.4615 51.3365 70.037 96.7174 63.6702 13.6976 20.1555 43.6476 44.2388 83.9331 8.63621 38.9068 87.6442 84.2045 99.3126 86.2885 83.7184 70.5532 18.6493 76.5375 101.68 94.9641 14.0198 56.6398 54.6287 81.4291 57.7873 87.512 88.4667 90.661 70.3132 68.4074 74.8353 70.4894 102.913 55.635 108.04 39.7474 80.0745 86.4984 84.4063 24.2236
33.2242 29.7008 33.5202 31.0594 34.4407 28.3647 15.718 15.1745 12.6762 13.6184 13.5957 12.1523 11.4176 8.58666 8.57033 7.84204 6.9485 5.5466 11.4462 10.0074 10.4194 9.26369 23.5762 24.7559 21.6095 23.9076 17.0668 17.2252 17.5771 18.5107 82.5809 73.6849 74.5528 84.7908 79.5782 69.6087 67.9132 68.0795 48.7396 52.365 53.5549 48.2809 51.1141 54.224 50.9593 49.4559 68.5435 65.8756 58.3824 66.2662 58.3698 57.6988 56.6984 60.2311 68.7051 74.708 68.9021 67.8137 45.9544 45.6515 42.4446 40.9845 79.7763 71.7572 77.2683 75.5882 67.4935 73.2693 63.5811 62.5553 84.287 83.9045 9.4449 8.25181 2.34743 0 45.6411 44.4763 126.763 104.383 57.1833 53.4553 61.8755 12.6961 36.3559 36.0926 37.5827 31.9656 32.8971 35.6019 71.1519 66.7211 63.1144 76.5848 75.3747 63.9674 65.8108 72.0947 52.2514 52.5508 47.5513 50.6566 55.8883 53.4651 58.8833 64.0709 44.086 45.4415 43.6212 42.7347 78.9984 80.6598 80.7413 77.4536 52.0052 53.8978 58.9176 52.7964 67.3166 69.456 64.611 65.1399 110.94 112.376 98.5215 109.88 63.6798 76.792 65.6915 75.456 49.8024 55.4341 55.1026 53.4581 75.0707 92.3904 67.3597 12.3909 18.3958 47.007 46.2359 88.739 9.05875 44.3043 78.6581 78.7682 89.4467 101.235 77.2147 75.3049 19.0245 78.5583 96.6068 107.643 12.9627 62.7673 56.8482 70.7464 71.0413 84.7851 95.3885 96.4809 74.902 68.1003 84.379 81.5126 105.411 66.5895 99.2784 39.4657 82.0135 82.5051 81.1234 25.9097
46.5791 44.7385 39.5071 41.9211 48.8482 44.283 41.6017 39.3624 42.9815 41.5255 36.7431 35.0179 38.3211 41.7935 37.6168 37.9882 38.555 40.8684 38.7409 39.7973 35.0834 36.7378 54.0561 55.6258 56.1078 51.2999 45.5123 51.0595 47.0596 48.3424 94.1838 97.0331 99.8574 106.059 97.9667 84.6762 97.1809 86.3776 17.357 19.0381 17.3282 18.2433 13.5533 12.8544 11.0482 12.678 85.8154 84.7312 83.449 86.276 72.7802 68.6763 76.7578 82.797 77.5595 83.5762 82.2912 83.5408 39.0761 32.3909 38.5563 34.8891 50.2151 49.2459 53.6138 51.8155 19.9481 21.1182 17.2289 18.871 96.0621 81.7271 47.1865 45.3803 48.2713 45.6411 0 2.38701 98.558 86.8907 71.6589 61.7686 15.039 53.2544 57.2678 28.4184 33.7235 32.7352 34.0255 35.0041 32.4789 27.4183 28.9408 30.1009 32.6868 29.5192 29.851 30.6642 55.7223 45.5154 47.7091 52.6003 80.1101 77.5404 79.2837 77.4376 60.2201 60.2575 60.5228 61.7716 90.5587 94.3769 96.7364 101.281 20.8444 24.2811 22.3765 19.5434 50.3259 42.7555 43.2987 45.4353 87.0639 90.6158 86.7367 84.4262 27.8846 26.327 28.8 28.038 47.6464 48.5382 45.1177 45.1131 68.3322 73.5319 65.8272 33.0229 27.4329 72.2836 49.4102 86.7604 40.6176 8.20221 49.4378 86.5346 74.0332 69.3229 40.7201 50.8972 26.1034 58.7659 61.2135 90.4631 30.5477 41.4471 34.0019 36.8336 76.2032 68.5069 76.4573 61.2469 89.3008 45.8104 81.5854 46.4295 71.7494 16.6004 75.7615 23.1217 49.6167 41.6246 61.6624 24.9054
49.9971 47.2815 45.6175 47.7107 49.3416 45.3645 41.0139 39.4108 38.9412 45.4472 33.9459 39.9938 42.3938 37.4296 33.3713 35.0363 35.8764 37.9701 32.7667 35.9701 36.5185 41.1101 57.7764 58.1546 52.7918 58.6632 48.6236 52.7456 48.6512 56.2473 98.603 100.835 96.6071 102.321 95.3635 101.604 91.2591 95.3445 19.2548 21.8333 20.5683 17.6023 15.1288 13.4912 15.4487 14.1943 88.7835 87.447 83.7289 81.2772 71.4957 82.1593 80.1676 81.3999 87.219 80.0357 78.201 81.7933 38.4515 35.9313 41.7585 39.9036 51.6982 53.3025 58.4961 50.0564 21.1868 22.1051 18.502 17.1368 90.3765 91.7267 53.4849 52.9004 49.0642 44.4763 2.38701 0 107.695 96.0338 67.5739 67.1072 17.2246 52.5733 58.1117 27.5569 33.1672 34.7193 37.7441 34.4124 32.6737 33.2763 31.8075 32.5964 35.0413 32.9563 34.549 34.2187 58.3602 56.4886 49.7371 54.6073 82.8582 79.3714 83.0857 72.2841 64.8943 59.9222 58.6407 64.56 99.9966 104.381 91.7822 102.82 23.7422 25.4963 26.9758 25.147 49.815 48.8694 48.9242 47.8935 81.8946 85.601 89.7556 91.8394 27.4992 27.3819 26.5096 26.613 46.1863 48.4743 52.4635 52.2995 72.9188 72.5329 74.6549 37.0917 24.7507 63.4433 49.3958 84.9608 39.5077 9.55661 48.5864 82.2863 76.9288 69.5823 38.1219 50.0047 27.5255 60.6961 65.9482 81.318 34.8877 42.1689 36.2363 34.0683 76.893 64.2146 72.3644 70.813 84.0262 46.5353 96.5024 49.6645 73.0697 16.4611 89.5627 24.7328 46.5072 44.1669 73.7098 26.577
87.5715 77.1296 92.4845 77.8817 76.6376 89.4423 102.65 97.5143 93.2234 110.923 100.054 94.8773 105.377 102.312 104.651 107.88 102.399 111.215 103.793 103.581 114.186 112.837 98.7004 90.5785 109.287 96.1388 107.742 113.197 111.449 106.071 69.7007 68.645 72.5344 74.7249 73.4921 75.2101 79.3954 77.3603 80.8732 77.6827 76.0125 81.2034 80.6392 91.6752 91.0146 84.6078 69.0243 75.7517 70.9897 77.0584 69.7363 76.802 79.9231 72.6565 51.4126 52.8735 55.8387 58.1479 64.5502 66.7426 68.6325 76.505 47.7128 49.5999 48.9716 49.2334 90.5878 89.6244 91.7054 99.2261 62.1756 57.77 118.157 103.172 105.952 126.763 98.558 107.695 0 2.3128 65.8586 64.0685 92.0049 134.316 75.0138 89.4726 82.4431 80.4262 78.008 82.9521 69.9116 77.253 76.5176 69.3222 65.0382 66.7091 65.9454 63.3928 62.1379 66.9674 59.1439 64.1568 74.874 67.0758 71.9176 78.9674 82.9418 86.0779 87.4364 86.328 76.7487 77.7346 79.5572 73.0751 71.7142 72.8265 68.998 78.0254 53.7123 50.0918 54.3865 53.6749 11.562 12.5495 11.3253 11.5903 85.8972 81.1435 80.1896 84.7315 63.0061 62.7435 61.6195 61.2747 47.7342 25.6616 59.5742 106.383 111.775 87.0605 77.8933 48.246 101.218 85.0741 56.0214 39.4367 21.9254 39.6636 99.7547 47.2067 111.348 39.275 39.3717 15.4375 104.539 59.4805 69.0681 71.3749 62.6311 28.2966 25.3887 35.9565 79.596 50.8609 59.5269 45.3504 18.8222 82.6284 19.4518 82.9962 63.4463 68.1819 33.2881 102.255
76.8746 85.7968 79.9245 88.9116 87.9609 87.7167 96.1701 93.1809 101.9 101.39 94.8751 108.913 112.748 95.3094 100.188 110.474 120.438 108.928 110.031 121.232 110.67 110.497 102.828 91.1905 92.3869 101.39 97.2812 92.9123 112.981 113.063 76.3182 75.5681 83.9165 71.4256 70.0828 73.4262 79.8462 78.2268 80.8069 80.118 81.5608 84.2779 87.7123 87.9991 81.7041 88.2025 80.528 69.1608 75.4374 80.6825 73.1021 77.7651 76.0004 81.8313 58.4935 52.9462 52.5419 62.2182 68.3055 74.2052 73.9712 76.925 46.682 46.6825 40.7575 50.2715 87.1977 85.8842 98.5172 99.872 60.0912 56.5902 108.618 100.84 117.622 104.383 86.8907 96.0338 2.3128 0 70.099 69.6376 89.0919 123.098 72.1696 73.6326 78.1865 81.3242 72.4749 87.684 73.2606 79.6743 67.6206 69.932 60.7581 66.8891 65.6805 68.0962 57.9292 59.1042 68.1246 64.9397 75.2763 75.2189 65.7504 66.8628 84.0366 85.7358 85.4692 75.9139 75.986 85.0959 76.2566 88.0969 77.8157 68.2591 78.8584 76.6621 51.8534 45.0954 50.0195 54.9465 8.94336 10.0792 9.04158 9.71573 79.441 78.4615 70.9038 76.5127 57.3769 63.175 64.9526 64.0985 43.7685 23.4568 52.9304 106.622 99.4395 87.2332 78.2037 49.5643 113.334 81.5626 56.5669 42.3751 17.9533 40.6318 91.0085 48.378 98.1764 44.9872 40.5979 16.0555 105.003 61.0664 63.5637 76.4893 56.4549 29.3643 22.0246 29.7826 72.5463 50.2714 55.1163 45.68 17.445 87.9539 16.8759 77.933 68.2757 61.6027 34.7209 94.3583
26.1743 30.066 32.0924 28.4271 26.8912 31.793 43.7176 48.6183 47.5961 43.2432 51.2551 50.7895 48.504 48.6165 64.1562 53.0947 57.6666 56.6114 60.8899 66.56 70.236 64.2756 39.5438 35.0103 42.6962 43.4615 41.5784 39.236 41.2032 44.6563 24.6123 30.3022 29.5286 27.8343 24.3941 25.0065 23.685 22.961 58.8113 61.1153 59.9245 51.3746 60.9778 58.5923 60.2669 55.8585 11.7717 13.0796 16.2062 17.2549 11.2702 12.8273 11.9388 15.417 14.8862 13.295 13.8522 11.7946 35.2718 36.06 33.0703 37.0092 41.0726 42.0116 35.267 42.354 79.1269 82.7772 73.8025 84.3302 21.5356 20.604 47.3201 49.3267 52.5956 57.1833 71.6589 67.5739 65.8586 70.099 0 2.65455 65.5302 74.2448 19.2299 37.7504 34.4662 34.8669 35.1532 37.1261 74.8458 70.1835 66.8905 66.7934 58.2537 58.0264 60.4237 61.1134 17.3061 18.0711 19.5433 17.766 6.67043 6.33305 8.04903 7.90533 18.0274 17.4004 16.4034 18.2174 27.8101 24.9201 27.7256 24.8589 57.3934 59.3322 51.9824 59.5625 35.3078 37.743 34.027 36.4038 67.4518 69.1413 63.7517 57.3091 70.6682 67.6901 69.3926 76.1067 24.0426 23.788 24.3711 23.3224 18.1634 48.3677 8.3673 58.5059 56.2655 15.2552 18.2607 24.7813 54.3368 54.6804 62.0797 30.2218 58.2528 61.1017 89.8238 36.9615 59.0507 28.0559 76.5846 48.0704 69.5157 39.6169 39.3595 72.9778 7.28378 51.8977 51.7893 68.8438 14.828 42.5596 22.4567 47.7642 59.4301 75.4394 59.332 47.9017 73.7919 71.9039 31.932 44.738
26.5357 26.5418 28.2223 26.6782 26.5098 30.4223 40.3838 40.8832 42.1884 41.2933 53.0028 45.6765 47.4962 47.2975 57.3543 57.5959 58.7248 54.817 60.0896 64.2194 58.4727 58.0324 38.6807 36.5178 37.6635 39.4681 42.1832 39.7507 42.2752 40.537 26.8904 32.6999 33.1593 33.4307 23.8653 23.1348 23.6512 26.8567 51.8156 55.6815 53.3688 53.07 64.0707 62.1341 57.0745 60.1405 15.6852 14.4444 15.4651 16.2092 11.489 13.3767 12.8163 14.8321 18.2741 15.3271 18.618 15.319 27.8365 32.1031 30.2274 31.6172 36.5562 42.51 34.5647 35.5528 84.0547 82.7443 69.7211 78.8759 24.4625 23.8095 45.8584 53.5794 52.9494 53.4553 61.7686 67.1072 64.0685 69.6376 2.65455 0 68.0866 67.0401 16.5303 35.1916 34.0918 34.9038 33.6936 31.8731 72.5217 74.9546 67.8183 68.7743 64.3377 56.5024 53.721 61.9758 17.8987 18.8913 15.1862 18.3758 7.57872 7.54287 9.36007 8.25864 15.7322 16.7146 14.2464 15.9831 31.4949 27.6038 31.7308 30.2746 52.8007 51.8962 51.8984 49.7923 40.0186 33.7584 33.1272 38.4532 59.5671 70.7255 58.5374 68.5414 70.5478 77.1526 67.5107 63.461 23.1751 20.1805 19.423 21.9538 20.9307 49.1128 11.198 64.9056 54.5249 11.9352 15.712 26.9085 52.5149 62.4757 62.717 33.4401 57.2453 69.8165 98.1749 37.8494 54.8697 28.4999 69.2165 47.8673 65.0666 36.9778 42.293 76.0128 8.12822 50.9067 51.1741 65.6458 16.809 48.6513 23.633 49.8914 60.6088 74.4954 62.2406 39.2028 82.0065 72.2719 38.5264 49.0478
49.0852 47.7553 46.0186 51.9826 45.7307 42.7072 44.469 50.1007 50.4561 46.9248 49.72 43.3405 51.7905 54.5674 49.2175 52.6105 51.599 46.9717 51.8266 51.1003 54.0421 47.1761 57.934 61.8283 58.7155 57.9401 57.4694 64.1827 55.6397 58.2759 98.7301 92.5853 89.3649 94.8224 95.2654 86.9556 93.4681 91.9047 11.1144 12.1134 13.5907 12.5922 6.80935 7.39567 8.82675 10.9923 84.4882 78.7465 75.4348 76.135 70.9306 71.4453 76.8673 75.8524 81.9521 67.0564 82.57 82.1157 33.7086 35.7593 39.428 30.9436 43.2743 42.0638 42.7346 37.9524 12.5791 16.4688 12.4649 14.7592 86.5868 93.3868 66.0207 60.8993 62.2083 61.8755 15.039 17.2246 92.0049 89.0919 65.5302 68.0866 0 65.1602 55.9305 31.6849 38.6281 38.8184 33.9044 33.4342 16.2396 13.615 15.9265 14.8795 19.5403 16.8912 17.2488 18.6566 51.1686 43.7249 48.8799 46.0686 76.672 73.4408 72.6304 76.207 62.1288 61.4516 60.7276 59.0791 89.1477 90.0308 86.6744 90.675 13.1049 12.0724 15.2459 12.799 40.744 36.8448 36.1248 39.2987 82.9563 69.6389 79.9625 79.4412 14.605 14.689 14.0887 14.0013 45.3039 48.3566 46.0724 45.8693 68.8692 68.0225 68.8529 42.135 38.7297 63.9846 55.9808 82.9478 46.3518 16.0239 32.0461 83.1811 67.8563 54.9562 27.1633 43.7838 37.8833 61.0574 51.0886 67.6544 43.5665 33.4326 28.5725 20.505 68.336 59.1013 55.6618 53.9743 80.2237 34.402 83.1775 34.2394 66.9381 7.26667 66.4813 24.8255 28.5067 31.1874 58.4048 30.16
45.3346 42.9469 43.4482 44.9012 47.7167 45.2328 28.9542 28.2842 24.984 26.2255 22.4068 23.3777 21.9193 22.8727 18.3432 18.297 15.3927 14.9656 17.4604 15.8659 14.146 12.8564 35.3227 37.7793 34.6973 33.3948 29.2788 29.064 30.5781 29.8434 86.334 100.929 93.6823 93.552 92.5087 81.3122 93.3481 78.8654 61.7552 62.8346 53.1363 52.7517 57.7452 62.0025 59.0241 54.4444 77.8478 70.601 74.8626 78.6803 72.3602 67.7303 69.6203 73.6303 93.1866 81.9898 93.7956 77.0804 61.5531 60.0266 62.4784 54.8615 90.837 78.9117 88.5839 74.2721 72.7636 69.8192 62.6102 74.772 99.1046 89.9548 21.5099 19.6206 14.2173 12.6961 53.2544 52.5733 134.316 123.098 74.2448 67.0401 65.1602 0 57.4606 45.7135 45.2655 43.4544 42.6598 45.5644 71.395 70.7227 71.718 84.0742 78.9164 84.2494 73.0001 82.948 62.6559 66.1012 63.7827 70.4093 80.0828 70.9925 69.6081 66.7794 52.1804 59.9247 60.8373 51.7823 84.1382 91.7088 89.6634 80.2564 64.2702 61.6994 57.9149 68.9105 79.3658 82.254 82.1776 82.7416 123.201 115.446 118.045 110.666 76.779 79.7172 77.4175 76.7663 71.5104 59.2417 59.095 71.0268 91.3518 107.906 76.1411 16.8203 30.4371 64.0793 53.3139 97.0799 20.0847 50.1086 99.1129 106.708 107.017 102.57 94.3787 88.7954 27.0846 86.003 106.478 103.353 18.8613 65.5889 67.1775 89.1373 74.8611 100.285 101.829 96.392 82.7147 88.5721 93.9381 92.5258 106.633 65.3191 113.12 51.1998 96.3652 88.777 99.184 36.6856
9.83603 10.564 10.2909 12.1053 10.1786 15.0849 26.9085 24.2533 28.5842 26.8101 30.3978 32.6111 30.8611 30.8293 39.9289 40.9833 41.3627 38.8644 46.4569 40.655 48.4499 43.5778 17.8893 19.7686 21.1388 23.4582 23.8584 24.2708 27.148 27.213 47.6517 43.3746 46.2709 47.6759 40.175 34.9355 35.224 42.0445 48.6833 43.7706 45.2958 40.5857 53.35 45.68 47.2463 43.9552 25.5295 28.5413 27.8417 25.3164 19.9745 20.2197 20.3999 23.1222 38.7237 33.9571 34.1376 34.1327 24.524 26.8608 19.9852 21.4134 45.5766 45.0209 38.6334 38.9775 65.2073 73.8604 65.5997 74.2481 43.578 41.9704 31.2709 30.952 40.1776 36.3559 57.2678 58.1117 75.0138 72.1696 19.2299 16.5303 55.9305 57.4606 0 23.8443 21.0295 20.3402 19.6507 22.517 66.5979 64.9647 66.8026 67.1491 58.0248 61.444 58.1377 53.2374 17.8358 18.4378 18.5603 17.6571 23.5219 22.2566 21.9018 20.0938 3.58211 2.17688 3.74133 2.61206 41.2947 39.8066 43.5953 42.7653 41.9334 50.9857 43.4139 45.8639 40.4155 35.5495 36.1986 35.4307 82.281 75.4567 68.1474 72.8491 65.2006 70.908 69.6112 63.6681 19.3054 19.5076 20.2264 18.8612 36.2297 56.4496 25.8733 44.2523 40.3954 15.4021 7.21832 47.5424 36.0887 49.0584 60.9786 49.1919 62.8315 70.4431 82.5613 38.469 32.1719 38.5895 77.5717 60.0384 47.3722 35.5775 34.9984 73.255 23.6896 59.6273 66.7152 66.3271 32.7125 44.8982 43.9102 48.9824 72.8014 68.9468 80.4355 29.2453 69.1293 69.419 44.7092 31.9253
17.8004 18.5176 15.5584 15.452 15.6476 13.2676 21.5345 22.1788 22.6881 24.0459 24.5629 24.7174 27.3934 28.1781 25.7663 29.8737 33.3492 29.1134 32.868 33.386 33.6442 36.0807 28.4299 31.7917 32.889 35.2836 30.3816 28.3309 30.0142 35.2418 66.4521 70.2919 74.2781 61.8382 65.2254 64.9603 64.8057 63.72 21.4295 18.5037 18.6115 16.8393 22.5293 23.8191 24.357 19.8436 55.4641 49.1635 55.7438 57.7882 47.7388 43.9712 44.1802 51.7568 54.6265 46.4859 48.1018 47.5375 13.2029 9.98338 12.4788 8.78384 36.3905 32.5233 33.7535 34.2192 47.3283 48.4805 42.7854 46.206 67.9083 55.5493 31.7323 34.3412 32.1678 36.0926 28.4184 27.5569 89.4726 73.6326 37.7504 35.1916 31.6849 45.7135 23.8443 0 5.31874 4.45305 5.31236 5.65476 43.2796 38.8706 41.8044 38.6249 34.3652 35.3507 34.9703 34.2721 23.0861 22.5431 26.6568 25.4097 42.1292 47.7448 49.6224 48.6423 28.6913 28.8713 26.8037 29.4299 67.7621 67.7208 72.2856 64.8021 22.6363 21.5697 21.4428 21.0286 31.0928 33.3301 29.5408 31.05 71.8954 70.3287 69.9602 73.6841 44.402 40.795 38.8993 41.7372 22.5074 22.1434 23.4656 22.1233 48.3064 62.4318 42.2066 30.4818 18.8673 39.0331 23.105 62.8598 24.3933 20.2985 50.6191 57.0116 60.5574 64.2595 58.7708 33.2017 17.9957 38.7635 58.3294 68.424 31.284 23.4629 19.4669 42.0903 42.1165 57.2726 57.7919 64.022 52.9414 36.5727 64.0707 41.3822 65.4993 34.5591 74.3467 5.61168 55.8739 56.0644 44.8289 11.412
11.2519 12.4904 10.9888 12.3157 10.8937 8.61437 19.8009 22.1843 22.2739 23.3029 22.1621 23.896 23.5946 23.8566 26.5119 31.7436 32.0705 34.6389 33.3684 34.4965 35.895 34.4599 27.8305 26.3076 30.2109 29.592 26.979 28.7045 29.3171 28.3546 67.0953 62.5146 67.3255 65.3049 61.653 63.414 57.3547 57.355 28.6931 27.4226 26.0664 22.4057 27.4477 25.5354 27.4935 25.6972 43.6423 49.3584 49.1482 45.643 40.1866 45.8194 45.9362 46.1474 44.61 50.4062 49.8338 44.2576 11.2866 11.4412 11.0515 8.51502 40.167 38.9841 39.2474 33.8078 52.8944 55.7234 46.4298 49.8702 64.7089 51.2 32.6447 36.5227 35.9986 37.5827 33.7235 33.1672 82.4431 78.1865 34.4662 34.0918 38.6281 45.2655 21.0295 5.31874 0 0.931146 0.960098 1.40239 48.1044 46.818 39.9814 42.0166 39.7736 36.6144 38.65 38.7719 20.1246 20.8969 20.0776 19.9939 43.168 37.3367 42.2055 42.7072 24.4047 22.9154 22.2786 24.9142 64.8599 58.0779 62.5386 63.5032 29.2494 27.0881 26.0408 29.2369 29.6365 29.3347 30.9868 28.9856 68.2369 71.7178 80.5013 76.0461 46.7758 44.7538 40.3271 44.8515 20.3723 18.6423 18.9334 17.5883 42.2448 61.8899 38.5989 31.4829 23.5256 33.147 17.8762 55.9582 24.9265 25.4156 54.8117 58.0154 60.7575 56.5674 59.8344 32.8826 19.7337 42.26 59.6002 59.2745 34.6829 21.7639 22.0693 49.0319 37.1972 56.0564 54.5108 59.6265 54.6264 37.4689 51.5593 37.2228 67.6347 46.1075 76.9809 9.56781 59.4565 55.2037 49.3069 13.2822
13.4218 12.1169 11.0083 11.0411 13.2545 9.66177 17.7867 18.1583 19.414 20.4598 21.564 21.8387 25.9882 23.0188 27.535 27.1545 28.5969 32.232 34.0468 31.4708 37.0115 31.6657 27.8635 26.9122 30.9992 27.3965 26.2509 27.9726 29.3692 32.5718 64.6727 59.0025 61.8645 64.3839 60.2887 59.3767 54.8119 64.7396 26.7304 23.5082 23.6268 23.063 26.2104 26.0431 26.5448 24.0957 43.7549 51.6351 46.8401 46.1023 39.3589 41.4971 47.5682 42.6258 47.042 47.2397 54.6987 49.1142 12.1155 10.8346 11.4381 9.05513 40.8658 37.4849 36.401 31.553 49.3287 50.8268 50.7788 47.185 57.1975 57.4533 30.508 30.0711 36.1037 31.9656 32.7352 34.7193 80.4262 81.3242 34.8669 34.9038 38.8184 43.4544 20.3402 4.45305 0.931146 0 1.37043 1.08795 47.279 42.2525 41.0511 40.6634 37.2395 39.9416 37.2531 34.2701 21.4804 23.2071 23.7426 22.9943 42.847 40.3704 41.0423 41.3458 25.3178 21.7039 24.1491 22.4557 63.5849 62.0809 59.6832 55.7046 24.3059 25.7223 26.1049 28.0121 29.567 34.9449 32.5605 29.5803 74.9391 77.0486 73.9718 76.5547 43.2896 42.2259 39.868 42.6075 20.2605 18.6503 18.7572 20.7978 41.1895 61.2296 40.5857 30.0987 20.9165 33.0381 19.3478 58.5168 23.4866 26.3283 47.3552 62.1907 56.1572 64.9447 57.2053 38.1217 21.5773 39.2608 69.5825 65.3432 30.8888 22.2163 21.2308 49.7778 38.5054 49.8627 55.1027 62.7892 46.1971 35.7665 50.606 41.8067 64.9316 45.0144 64.8693 10.8299 53.6796 56.9073 46.6799 14.2291
11.2813 11.4099 10.2471 9.9295 11.7846 7.695 20.312 17.7862 19.2511 20.5841 20.1905 23.0682 21.7743 23.237 27.5675 28.9205 30.7351 29.7187 33.8547 33.4781 32.1642 36.3534 23.1595 25.5855 27.9713 27.6022 24.3117 26.9782 27.3716 28.708 63.269 60.8413 62.6671 65.2899 58.1465 62.1553 63.1392 60.4629 27.6208 28.2367 24.5359 22.0504 32.7471 30.3552 28.8774 28.6074 47.7961 50.0842 43.7276 43.332 43.2524 38.6714 44.57 39.197 49.6687 47.5179 46.9923 46.6389 12.465 12.8419 10.0742 10.5132 39.06 39.6627 35.7408 34.152 50.026 46.7477 50.3338 46.491 62.9572 53.5642 34.2439 35.5698 31.1236 32.8971 34.0255 37.7441 78.008 72.4749 35.1532 33.6936 33.9044 42.6598 19.6507 5.31236 0.960098 1.37043 0 1.04771 47.1206 42.4838 42.2113 44.5827 43.1201 43.143 40.5759 41.615 19.7628 20.0566 22.0738 22.1245 36.5575 37.1443 41.2922 35.8191 21.3545 21.5971 22.2369 21.9762 66.1599 57.7393 58.7904 61.1028 26.9773 28.7356 26.6297 28.9278 30.9971 31.8636 33.9482 34.2061 80.491 74.8289 80.3773 71.5175 46.5375 43.5938 42.0576 45.5712 21.5477 18.4498 21.5832 20.394 43.3746 62.3141 40.1216 30.1516 20.9645 32.8999 16.7295 57.2332 25.8703 26.2845 52.6545 52.9565 68.5322 58.4998 68.5956 33.2968 21.0244 41.7456 61.0906 69.6961 34.6263 25.4139 21.7605 49.0651 35.4129 54.3546 56.8836 63.3861 52.8073 35.6373 56.9923 37.4456 61.7889 46.9387 64.6484 10.3209 60.2445 58.0007 49.4579 13.8819
11.7589 11.3221 12.4203 10.8064 12.1657 8.93717 17.7142 17.518 19.58 22.0171 19.2112 21.5827 24.7812 24.0381 27.1121 30.3554 31.8957 33.0406 33.9387 30.12 35.3137 33.2102 25.6917 26.3186 25.4111 29.684 22.5607 28.3983 25.24 29.3552 61.2292 58.9771 57.673 69.0009 55.8677 63.0567 55.5496 55.4481 24.7354 23.2658 24.6515 23.6696 29.2318 29.9208 27.5096 25.8101 43.0918 49.4509 48.2294 45.6242 45.0397 42.71 40.802 43.2586 47.2229 45.0605 47.0702 48.8428 12.5378 12.9424 10.7357 10.3519 36.0811 34.4197 36.2932 33.0633 53.0778 54.0461 43.6766 51.9512 61.7589 57.4934 30.6362 33.6998 29.2279 35.6019 35.0041 34.4124 82.9521 87.684 37.1261 31.8731 33.4342 45.5644 22.517 5.65476 1.40239 1.08795 1.04771 0 47.9207 49.3784 43.4484 42.31 39.9513 36.1611 38.1003 38.9016 20.8797 21.0583 24.4821 19.5978 42.1598 42.5988 44.7578 40.7166 23.5448 24.8939 23.602 25.1341 58.5939 54.7735 67.3337 64.843 30.1581 29.8361 26.4426 25.649 34.1296 29.8791 34.3498 29.0016 79.082 75.2943 71.0636 80.5423 47.278 49.9493 45.033 41.2861 21.3481 18.5168 19.3073 20.7108 41.3077 62.3903 44.295 30.2736 21.9735 37.3244 18.6684 62.6896 24.9633 26.073 58.0597 57.5571 58.099 57.7471 68.7618 35.7377 18.49 43.3658 68.1607 65.0143 29.9292 25.4346 24.4228 53.9553 40.7292 51.0426 65.4669 62.9175 53.9705 34.7101 56.9474 37.1426 74.4855 42.4216 65.9594 11.6997 60.4125 55.771 44.911 13.618
62.3295 60.5169 57.1881 54.5234 51.1254 50.1555 61.099 56.1431 63.8749 59.2116 64.8146 64.0291 56.0103 61.784 67.9651 68.9279 64.1833 71.885 60.5201 66.168 59.0234 70.0646 76.3937 71.1249 78.0959 71.0349 75.075 76.1973 66.2966 79.4406 93.4357 95.1414 99.1009 96.8816 83.248 89.2879 97.5312 88.0011 19.9462 22.0432 21.0493 22.3429 21.1876 21.9738 22.4334 23.1246 88.4019 85.6224 89.5475 90.5212 74.1271 80.3827 86.0425 74.4408 76.3543 67.2728 82.1365 76.9449 42.8391 36.5898 42.1341 35.9594 37.1263 37.5575 35.8911 37.24 16.6386 22.5001 20.2422 22.9916 90.3833 88.3389 71.2142 74.7816 77.7302 71.1519 32.4789 32.6737 69.9116 73.2606 74.8458 72.5217 16.2396 71.395 66.5979 43.2796 48.1044 47.279 47.1206 47.9207 0 1.02752 0.904564 1.38338 10.3637 8.75237 10.0916 9.21811 48.2164 46.0946 55.7435 55.0782 73.6377 72.8078 71.8011 74.7577 68.5991 61.5576 67.6442 64.3297 96.0136 93.6187 94.613 93.3553 15.6616 15.4963 17.3615 17.7745 37.8049 35.7024 33.84 38.9874 61.1509 63.0354 70.4608 67.8408 2.93588 4.31712 3.12651 4.37928 49.9735 50.5132 52.3769 51.5881 61.7824 55.2553 69.4643 56.0187 49.9613 82.3543 52.7853 77.5514 56.2863 27.7619 18.7239 66.7679 56.2408 34.7512 22.0982 35.9659 49.5298 48.1079 34.5131 60.5811 60.4909 35.4355 32.0806 4.56736 73.0059 47.3812 54.4859 41.0125 87.1625 28.384 83.8372 30.3768 55.8469 15.2031 53.3558 33.4095 15.9155 14.1587 53.7607 43.6429
55.2524 60.7008 53.5896 56.236 54.0002 49.4991 60.8946 56.6813 58.9932 66.4543 61.4502 61.6133 58.9969 68.412 62.7788 59.1086 63.2102 63.6115 65.4442 66.9528 61.6936 68.9648 65.3173 77.1359 71.621 69.7256 69.1541 71.6357 68.0808 69.5062 93.1011 95.2512 107.433 93.132 100.199 89.7208 90.5047 92.7566 20.0532 21.7864 21.6967 24.0906 20.3752 22.0071 21.3878 20.9698 86.8906 80.2306 89.0047 94.3662 72.4373 83.8993 80.5479 90.8444 78.6787 75.8871 85.7964 74.4495 40.7017 36.3601 39.7885 37.6865 35.4079 36.9623 35.4393 37.9203 18.9548 19.5218 19.5461 19.5319 83.8454 91.3226 80.4795 69.6433 64.0663 66.7211 27.4183 33.2763 77.253 79.6743 70.1835 74.9546 13.615 70.7227 64.9647 38.8706 46.818 42.2525 42.4838 49.3784 1.02752 0 1.44586 1.09549 9.96108 9.3174 11.878 9.71701 56.871 51.5996 54.8159 49.1488 76.5107 82.224 73.6352 81.784 65.3295 65.5244 73.0491 69.839 102.427 101.516 108.482 105.913 17.564 17.9358 17.8189 17.2471 37.8406 39.1704 37.9673 36.9503 71.5911 69.1263 70.8249 59.0365 2.21369 3.28547 2.16104 3.24136 51.3665 47.0415 49.3241 47.4484 68.9575 60.035 68.7726 56.3965 53.5154 78.7124 57.9043 91.0444 64.0416 30.1983 18.1443 73.3867 59.4508 41.9486 21.9869 44.6228 51.6603 51.4741 35.4339 70.3478 57.8176 32.3821 28.1849 5.31521 70.8662 52.6289 48.9407 46.6447 93.9275 31.5693 82.2402 26.9505 54.3421 16.4636 61.389 32.2035 16.1036 13.0802 54.3922 45.7049
56.2012 59.2341 58.9551 51.42 59.2461 56.7716 61.4972 55.0785 61.2334 59.7212 59.2451 54.0798 55.6182 61.5431 59.8998 61.8797 59.0901 62.2327 61.5507 61.0309 67.6006 62.7284 74.3141 71.7371 65.008 66.1579 72.0908 68.7934 65.0743 67.1679 91.8395 90.5478 100.917 100.216 84.4594 89.3123 92.2295 94.3808 17.9701 18.015 19.7241 20.9532 19.6184 20.7364 22.814 23.3202 78.3567 87.3386 88.371 76.5322 78.9719 84.4842 83.0365 86.4642 68.1825 75.0914 74.1373 78.2304 41.231 34.9542 36.8989 38.5796 40.3765 34.1362 40.6119 36.4619 19.752 21.307 18.5703 21.7025 95.8725 92.1665 65.554 66.6599 73.956 63.1144 28.9408 31.8075 76.5176 67.6206 66.8905 67.8183 15.9265 71.718 66.8026 41.8044 39.9814 41.0511 42.2113 43.4484 0.904564 1.44586 0 0.984851 10.0745 8.81065 9.94518 9.34038 46.1959 49.5038 55.1203 53.9754 74.2744 82.0462 73.6448 76.0731 59.3915 63.4091 68.342 58.5234 97.6337 92.934 105.013 87.8335 15.6096 15.8577 18.6531 17.0156 37.9712 35.7942 37.4811 35.8547 61.0932 66.4576 69.3778 63.221 2.81189 4.07662 3.28542 3.97521 49.5356 48.2069 42.7154 47.4532 68.2391 57.992 64.6712 58.1583 54.4627 78.1018 57.6388 77.6487 61.0236 31.2568 21.1169 68.3245 49.872 39.7963 20.4799 37.5993 47.6701 54.0012 36.6074 63.0591 55.915 32.3312 26.6303 5.20238 72.1217 43.2003 48.8062 40.6405 89.553 29.2777 79.8762 30.3722 60.0717 17.2965 59.1929 35.0207 15.8194 13.6603 53.5624 41.3589
59.5864 57.1486 56.8928 51.3574 54.2133 51.9398 59.7461 59.4876 65.1443 56.2588 55.0316 64.8525 56.3877 65.6857 54.9083 58.9435 68.2377 59.7125 64.4936 67.3025 60.7536 59.3155 65.0695 74.103 68.3657 71.4119 69.0074 65.9965 68.1326 67.1684 98.9668 105.785 100.238 92.8463 98.2012 84.1604 96.3907 102.134 19.2849 20.7875 20.2656 20.1284 19.5517 17.9405 20.3312 23.7249 87.4914 85.6695 84.2644 78.0856 84.6119 73.8606 76.3474 80.0495 73.4818 77.2797 76.9697 73.0311 39.9084 40.0999 37.2741 37.3265 39.6877 32.667 37.685 38.9148 18.4023 20.5366 18.2635 19.0973 85.7248 79.7079 71.5315 74.3612 63.5067 76.5848 30.1009 32.5964 69.3222 69.932 66.7934 68.7743 14.8795 84.0742 67.1491 38.6249 42.0166 40.6634 44.5827 42.31 1.38338 1.09549 0.984851 0 11.4509 8.99891 10.492 8.9059 52.9105 51.3047 47.6605 53.8469 78.5379 68.3983 74.4401 75.3145 70.3829 63.9139 66.3995 67.0667 91.6582 92.1581 100.701 98.7283 17.5958 15.8475 18.5327 16.2366 35.2826 36.6981 35.624 34.631 71.6253 69.0614 61.7117 61.4902 2.08985 3.14584 2.20398 3.22849 51.4296 42.5459 49.4286 49.5499 57.3156 59.3699 75.2206 60.8583 50.4002 77.7679 60.5731 80.0143 59.6047 26.3509 18.4108 73.1465 50.5623 39.0909 22.0576 43.9726 50.6976 51.0533 40.5802 66.9093 62.0563 30.4187 26.6735 5.8128 61.6428 51.137 48.9308 47.3986 82.1143 30.0084 78.1896 26.5405 55.464 15.8628 62.7364 34.3489 17.4458 15.6108 55.248 43.903
52.0883 49.1065 48.5001 50.1116 51.0648 50.1454 51.4682 55.8838 61.2858 60.4429 54.6471 54.2332 54.0364 56.0468 56.0748 59.7486 59.8792 61.1814 66.3294 60.3818 61.2496 70.3865 59.2884 71.0461 69.8351 65.6302 63.9706 59.5705 65.9234 64.4768 92.2545 85.7956 94.2237 83.9488 82.6983 88.4188 91.2161 90.9367 16.2024 17.1224 19.3953 20.7075 18.1424 21.6576 20.4465 24.0793 68.5216 70.2549 68.6803 83.9336 72.9904 70.158 78.9887 71.6571 68.0067 64.8165 64.7368 63.1803 30.8874 32.1743 36.3733 32.7822 25.827 25.1041 29.2654 23.642 25.7758 27.9758 26.8192 32.06 70.9657 68.9745 75.1188 63.6876 72.5675 75.3747 32.6868 35.0413 65.0382 60.7581 58.2537 64.3377 19.5403 78.9164 58.0248 34.3652 39.7736 37.2395 43.1201 39.9513 10.3637 9.96108 10.0745 11.4509 0 0.941433 1.02772 1.33905 44.6192 43.1876 41.266 38.9443 68.8534 70.8152 65.5997 68.7401 55.7547 57.1264 57.3737 52.2847 84.0117 92.6796 90.9481 83.2979 11.756 12.8489 14.6542 13.998 28.4428 25.9497 26.0497 25.8273 59.0268 58.5474 56.1046 51.4562 11.4689 14.2932 12.08 14.4644 35.2174 34.7368 40.0272 41.6971 57.6283 51.3363 57.3357 54.896 53.6438 62.2465 47.1076 67.608 56.3515 31.0696 15.3173 67.7018 42.8068 31.4197 29.5663 28.442 48.9964 43.3705 28.8046 56.1801 63.0612 21.6106 19.973 10.9672 54.4169 38.5716 41.1669 33.4818 74.5724 17.1034 72.4446 17.7005 48.4244 24.203 48.3392 31.4589 20.2301 18.9855 42.223 42.2829
49.5509 48.1538 46.6321 48.4882 51.4653 51.0217 57.7564 59.3114 61.0137 64.6482 52.8784 59.6164 57.5625 58.548 62.5325 64.9859 56.5984 57.8478 66.7604 57.7727 59.8747 70.4081 64.3043 71.1626 63.9695 62.8337 65.6274 69.8313 69.2728 67.0554 84.0073 83.2286 97.2061 89.3618 90.5308 77.3477 92.8467 79.4493 16.68 17.1726 18.195 21.568 20.933 18.9296 22.2699 21.1707 76.8617 73.4284 78.3684 75.4237 73.7334 68.1944 67.725 71.7821 67.9951 67.8357 63.1163 64.5461 30.374 33.1518 37.1954 32.8297 26.4667 25.8692 31.5351 29.2969 24.7392 27.253 23.5129 29.5051 75.5748 82.3622 75.1021 66.8191 69.2834 63.9674 29.5192 32.9563 66.7091 66.8891 58.0264 56.5024 16.8912 84.2494 61.444 35.3507 36.6144 39.9416 43.143 36.1611 8.75237 9.3174 8.81065 8.99891 0.941433 0 1.53306 0.958328 46.8611 42.9591 44.1197 45.3399 63.0067 67.8445 65.9111 68.7518 58.2542 54.6101 64.6773 55.6586 90.7053 86.5476 82.5276 80.8485 12.8657 11.8542 14.0361 12.493 28.2829 25.2712 25.3598 24.7713 53.3597 53.9606 56.7832 61.1843 12.4457 12.8559 11.7303 11.8603 38.7947 38.8699 42.3638 41.0717 50.2597 49.3585 62.3012 64.0253 50.5165 67.4612 50.9682 79.6445 63.1177 26.738 16.1417 60.0549 47.4061 33.7827 33.2623 29.4377 48.8032 45.0792 33.4107 61.1507 66.3489 25.5678 22.2304 11.114 64.3221 41.3765 45.6267 36.4642 84.0463 19.9567 79.1388 18.9105 52.0784 22.3327 52.3099 27.9485 16.8898 17.5671 42.6491 40.9231
47.8057 45.6217 52.2196 44.2904 47.1727 46.2465 59.5262 51.7972 62.6156 56.3594 55.8067 55.4788 57.138 63.6729 56.1028 60.1073 67.393 57.2703 66.6273 57.8446 67.6387 66.1952 58.5756 63.0327 67.4623 62.7722 61.607 68.0819 70.3787 64.1175 77.6992 90.1939 82.6231 88.8464 81.3498 83.8071 83.5062 79.0859 16.2062 17.8087 19.8579 21.0001 17.3879 18.0184 20.9797 20.9069 68.25 76.6079 71.8628 75.1533 71.9755 73.4123 67.5918 79.3408 65.7213 66.4346 70.7688 68.659 33.0629 30.518 31.9943 29.4995 28.092 26.8707 25.5845 25.8875 29.3611 26.4313 25.3276 28.2595 81.4146 77.2598 62.9519 69.3788 68.3596 65.8108 29.851 34.549 65.9454 65.6805 60.4237 53.721 17.2488 73.0001 58.1377 34.9703 38.65 37.2531 40.5759 38.1003 10.0916 11.878 9.94518 10.492 1.02772 1.53306 0 0.937018 40.2001 40.4714 41.3752 45.2203 67.841 65.6767 61.4031 63.1789 53.5536 55.1226 55.1538 62.5854 96.0794 78.2154 90.4713 87.7225 10.9509 12.5359 14.0674 12.2342 23.8211 25.5351 27.2854 26.7885 62.2811 53.4991 54.394 51.5908 12.3513 13.0771 13.7532 14.2251 34.6617 38.6561 41.4143 39.746 50.6295 43.4258 54.6019 57.7052 48.4066 67.6765 46.9972 69.5157 63.2169 30.69 17.3848 61.5154 43.6509 34.5446 31.6609 31.3116 47.4509 38.9994 34.5671 54.8464 59.0195 21.5341 19.2112 13.3288 62.4279 37.3468 44.8195 33.7934 71.2544 19.4121 77.6533 20.4637 50.8605 22.5796 49.5074 27.571 18.8194 18.9694 43.1332 38.5316
46.4711 45.1961 49.3455 52.5495 50.2017 49.8224 50.1308 53.1177 53.1234 55.4173 50.37 56.1762 57.7925 58.0157 61.969 57.8262 58.6456 57.1427 54.4257 67.5533 57.6645 59.2994 58.4841 59.1745 66.2716 69.1777 62.2678 64.5399 68.7566 62.1018 95.0302 83.8794 89.5401 89.8902 74.8034 77.2433 79.4499 87.502 15.9105 16.9098 19.5702 19.1207 18.0963 19.7584 19.3696 23.4888 74.8849 74.2626 68.945 75.4917 63.8458 74.7629 76.464 70.1455 66.9615 65.0637 73.1651 66.802 28.9093 28.8998 31.9557 31.2766 27.6961 23.9846 27.7425 26.2106 24.9421 26.0106 25.0669 29.9005 75.4731 80.3113 64.7168 69.6383 67.9927 72.0947 30.6642 34.2187 63.3928 68.0962 61.1134 61.9758 18.6566 82.948 53.2374 34.2721 38.7719 34.2701 41.615 38.9016 9.21811 9.71701 9.34038 8.9059 1.33905 0.958328 0.937018 0 44.0181 45.685 40.5108 45.4012 66.534 69.6947 73.7233 67.1793 58.3039 61.7973 58.5655 56.0411 83.0242 87.4505 83.9605 91.5151 10.7336 11.5136 12.3257 12.0415 28.0312 27.031 28.1959 23.7794 59.4083 58.2936 55.696 52.3968 11.6664 12.9166 11.0898 11.7576 34.8518 41.0596 40.0162 36.7087 57.0323 45.8434 59.6094 63.712 51.7078 65.8999 44.1758 65.5381 56.5558 27.2887 17.963 70.5983 50.2397 31.3009 29.0264 31.9342 49.0749 39.5862 36.1651 60.0845 59.9416 22.5345 21.0276 12.7877 63.713 40.964 39.9871 33.1804 72.9872 18.126 75.4174 20.7665 46.9008 21.3515 50.0253 29.7599 18.5794 18.6272 46.1893 42.2709
19.8461 21.325 23.2657 21.1875 17.9053 22.7756 39.62 41.8771 41.1176 36.0218 42.0489 45.7028 45.6834 45.9104 53.3427 49.0363 47.2215 49.9021 52.3461 50.7157 57.2097 51.0751 36.3383 35.9151 37.6192 38.5327 40.1275 37.4349 44.1182 44.8989 48.8138 44.4425 48.1601 46.8802 39.4936 38.5082 38.6911 43.4167 37.0006 35.2234 33.8653 38.8895 38.5203 44.9832 44.5251 37.4695 29.6944 30.3419 32.7529 31.0846 26.7925 29.9718 29.5796 33.7723 26.0778 26.2832 29.363 26.5776 15.1189 16.7374 14.1257 15.2612 24.868 27.1008 22.4947 22.6378 58.7277 67.2433 57.2706 61.4461 37.6128 38.4218 48.7979 47.9418 53.4449 52.2514 55.7223 58.3602 62.1379 57.9292 17.3061 17.8987 51.1686 62.6559 17.8358 23.0861 20.1246 21.4804 19.7628 20.8797 48.2164 56.871 46.1959 52.9105 44.6192 46.8611 40.2001 44.0181 0 0.916758 1.08586 1.40512 24.5066 26.7347 25.5075 24.8457 18.4503 18.1344 17.7688 19.7537 48.0038 41.806 48.8767 49.8261 37.8778 35.2567 37.6206 35.5932 23.3416 21.4619 22.1117 19.7726 55.1222 59.182 59.2486 53.4824 57.5466 49.1813 51.619 52.7389 3.99367 4.96908 3.22093 3.9123 21.3317 36.4261 22.4174 49.99 42.164 24.5422 11.4162 37.3123 42.9412 39.0591 55.6032 34.2476 43.5523 56.1174 79.7102 19.7686 40.213 18.4843 57.4509 51.2679 55.085 20.2322 21.8958 52.5909 20.1565 41.192 44.4108 46.9328 36.5313 27.006 34.5511 30.8789 57.8099 53.6857 50.6934 25.1851 64.0811 60.8386 30.11 32.0422
20.0641 20.9479 20.7976 22.5243 16.9421 20.9192 40.3049 34.291 34.5539 37.6739 41.6398 39.492 46.5792 42.5396 49.7612 53.1682 52.3554 46.3737 53.6879 58.3146 57.1003 52.8346 35.3083 32.9338 37.5657 40.77 37.6747 41.8696 37.9933 45.28 45.7944 51.7611 48.3439 48.282 39.4011 46.2639 39.459 43.2253 37.7235 34.8658 38.8854 31.6685 43.1989 45.0168 39.1828 36.3965 32.1972 35.9101 34.8934 36.3708 30.3869 29.8733 32.0076 32.8109 30.247 27.9481 29.0247 29.4066 13.8532 16.89 11.5758 16.3272 26.1352 25.2675 24.5001 21.9615 59.2788 66.2753 57.5516 64.7859 44.1828 41.3448 42.473 46.2739 55.0936 52.5508 45.5154 56.4886 66.9674 59.1042 18.0711 18.8913 43.7249 66.1012 18.4378 22.5431 20.8969 23.2071 20.0566 21.0583 46.0946 51.5996 49.5038 51.3047 43.1876 42.9591 40.4714 45.685 0.916758 0 1.49847 1.09636 23.9317 23.4743 28.9745 24.7705 16.573 19.9173 19.6799 20.3855 48.9305 46.0973 43.4623 43.2539 34.5795 34.1968 34.7854 37.1739 23.3672 21 18.3823 19.8213 64.6706 56.2512 54.0218 59.2943 47.5398 52.3737 47.9436 47.8388 3.89721 4.10333 2.72565 3.52015 20.7473 38.6366 24.0669 54.6073 41.5409 26.5937 10.3324 40.2963 44.6698 44.6702 54.5013 36.1733 44.0834 48.9037 68.4396 21.3188 44.8934 20.6885 59.3414 46.2345 49.6087 17.6329 22.475 49.8728 20.6358 37.5874 44.5456 48.8879 36.3538 29.2704 33.0691 29.7363 50.7152 55.8149 53.3885 26.2048 58.0448 58.8634 27.2477 37.5149
19.9502 20.5345 19.4735 19.7582 16.8258 21.6697 36.007 36.2459 37.2645 40.4739 38.0469 43.5563 45.4312 40.8686 51.9362 45.8238 45.2025 54.3056 51.4932 59.1143 51.3592 59.1482 33.1437 38.1031 35.6799 41.0587 36.2521 38.12 38.4199 44.3961 47.4133 49.9364 49.0001 46.5066 38.7861 41.8777 38.3686 42.342 38.4815 40.4141 35.8301 37.4914 42.6261 39.0773 38.5932 45.3671 31.5101 31.2054 30.1186 31.4878 26.1178 25.4671 28.3999 32.4084 26.9792 27.0039 27.31 23.8995 14.3172 18.4934 13.6647 15.7037 27.7705 25.867 22.8297 25.1983 56.0669 63.9044 65.2012 61.6741 40.4194 33.8586 42.3978 45.9205 46.49 47.5513 47.7091 49.7371 59.1439 68.1246 19.5433 15.1862 48.8799 63.7827 18.5603 26.6568 20.0776 23.7426 22.0738 24.4821 55.7435 54.8159 55.1203 47.6605 41.266 44.1197 41.3752 40.5108 1.08586 1.49847 0 0.941928 23.6782 25.1699 24.9125 25.6882 18.2571 18.6248 19.8426 18.8774 49.5264 40.7301 47.2963 46.2703 38.4973 40.2016 37.9415 39.152 22.2193 21.6871 22.4663 21.4427 56.5349 63.3538 55.637 63.0601 50.9323 51.3937 54.7689 56.4228 4.8373 5.83564 4.00072 5.313 20.4524 43.0948 19.7322 48.4301 40.7557 24.1377 11.0893 41.9594 46.5542 42.7097 53.4659 35.6665 50.1418 51.8361 68.6573 23.3119 38.4882 18.6902 57.1739 48.8543 52.4464 17.7673 20.6405 51.0795 17.7751 41.6155 43.4701 48.8181 31.4401 29.8354 34.2416 35.2565 57.292 53.3334 56.7511 25.3108 57.9393 59.0228 29.7874 37.2295
19.5274 18.8331 19.8045 21.673 16.8778 18.7737 32.7682 33.2783 34.8035 34.6511 43.9361 38.3501 39.8171 42.4759 47.1121 43.5897 50.1658 47.2224 56.8093 56.5523 57.2958 57.4761 37.9257 33.6636 33.1229 40.6567 36.1232 36.3459 36.4938 44.5249 47.4621 48.7048 49.9456 44.575 37.7428 41.7157 40.0301 44.6728 37.6564 36.8217 39.6829 34.6829 41.9037 43.774 39.8511 39.4866 28.5899 34.4622 33.0387 31.2678 25.9223 27.4853 28.2862 32.5403 29.882 26.9992 29.2706 28.1147 14.9228 17.2981 12.8829 15.2201 26.8941 27.8999 22.5995 24.2595 67.2179 69.742 55.9153 61.9315 38.6933 38.5536 47.6718 43.4235 53.7067 50.6566 52.6003 54.6073 64.1568 64.9397 17.766 18.3758 46.0686 70.4093 17.6571 25.4097 19.9939 22.9943 22.1245 19.5978 55.0782 49.1488 53.9754 53.8469 38.9443 45.3399 45.2203 45.4012 1.40512 1.09636 0.941928 0 22.9142 23.229 28.2297 26.3865 18.3576 15.8503 19.5037 19.8362 46.3813 44.5562 49.0291 48.1777 35.6919 34.8693 38.33 34.2942 22.8695 23.8148 20.319 19.624 63.5969 60.9656 63.9969 58.4327 47.8535 49.6523 53.6551 53.0646 4.73738 5.42563 3.50928 4.37319 20.83 38.9532 23.6499 53.208 43.58 23.3584 10.4878 38.957 42.4837 44.4891 48.8666 39.481 48.4475 52.5627 76.673 21.9518 40.6056 19.2608 57.9599 50.3551 52.8903 19.5036 20.5776 50.9503 17.4798 36.8593 47.8143 50.5496 35.7544 32.58 32.1504 35.2884 56.7666 54.0093 56.4697 28.6838 57.5747 62.505 28.2224 32.3915
33.4513 29.3095 31.0565 30.6342 28.9314 38.6499 46.7886 50.4009 46.8471 52.1503 56.4937 57.9853 54.5759 53.8959 63.984 59.9037 55.2909 55.0516 66.2377 62.017 67.509 60.9333 38.3263 40.0392 34.9429 40.1086 41.0341 39.822 42.7099 40.551 20.7411 24.5598 24.2909 23.9527 15.6383 16.8834 18.4282 19.5851 58.1899 66.5154 59.6277 62.5045 71.9747 65.0986 60.0739 62.4912 6.80598 7.76408 8.77494 9.75372 4.14751 4.9222 5.93398 8.26826 16.3591 14.8276 15.4077 13.3008 41.1196 43.0275 39.0287 40.867 50.8552 52.0016 41.7938 43.2545 94.1173 81.2804 88.6598 94.3924 22.9425 17.4804 55.021 52.6149 54.189 55.8883 80.1101 82.8582 74.874 75.2763 6.67043 7.57872 76.672 80.0828 23.5219 42.1292 43.168 42.847 36.5575 42.1598 73.6377 76.5107 74.2744 78.5379 68.8534 63.0067 67.841 66.534 24.5066 23.9317 23.6782 22.9142 0 0.938703 0.981925 1.3147 17.7948 18.6098 16.6773 20.0117 21.839 20.9483 20.2643 20.2792 61.0701 55.7617 60.8402 60.991 47.9049 48.7428 40.328 47.0819 69.7345 73.4485 66.0265 72.1185 84.5152 71.2731 75.6843 70.8738 30.2909 30.5223 27.2163 30.3045 26.7878 52.3098 12.4532 65.4972 59.0061 10.4257 23.6211 25.6276 59.7528 59.5763 81.8295 36.4102 60.8104 66.7389 88.2438 40.5602 55.325 35.3944 77.6949 54.8679 62.7387 44.591 50.0166 78.0825 12.3492 54.0672 58.7268 66.1458 9.52595 54.7548 22.4576 50.7055 64.8441 75.4839 65.6539 45.9934 79.5035 76.3775 37.5927 58.2253
29.6693 32.8292 31.7977 32.1387 27.2674 37.3942 50.2028 46.4728 50.5283 44.4784 55.7229 48.0472 49.8351 54.1369 54.5909 63.5702 61.9898 54.656 66.7822 68.7894 58.9135 69.8186 37.5106 40.5911 38.1497 35.0046 43.5436 41.0857 45.3421 45.0567 23.9078 21.7029 21.9268 22.6225 19.0362 18.3025 19.7289 19.7166 60.397 56.7559 57.3773 53.5497 67.7011 69.0916 69.6741 64.3972 6.68363 8.77932 9.69951 9.14213 3.83596 5.47116 7.14963 7.88467 19.7572 15.7572 16.0702 13.8487 34.3542 38.7589 39.5618 37.2379 42.8376 50.6057 47.5013 42.3083 89.3594 88.5667 83.8766 92.9897 23.7485 20.6202 49.9889 54.7964 52.8342 53.4651 77.5404 79.3714 67.0758 75.2189 6.33305 7.54287 73.4408 70.9925 22.2566 47.7448 37.3367 40.3704 37.1443 42.5988 72.8078 82.224 82.0462 68.3983 70.8152 67.8445 65.6767 69.6947 26.7347 23.4743 25.1699 23.229 0.938703 0 1.37121 0.968802 15.693 19.7246 17.4327 18.3212 20.9881 20.23 20.958 19.9054 59.4817 55.2374 53.487 54.0819 40.7953 48.91 42.9474 42.9105 67.2563 67.0975 74.7428 70.2484 72.7003 80.3721 84.4329 75.3669 28.8819 32.2239 30.3154 29.659 23.0139 53.3221 13.1322 60.0453 60.1416 10.7864 23.5198 28.6128 59.736 68.5585 73.3799 31.0699 57.4655 79.4698 87.9753 38.62 58.2594 33.0613 82.6431 54.1363 72.0538 45.1009 42.7977 71.6124 13.8977 55.17 56.9463 73.0147 10.5324 53.0196 20.4387 57.7555 68.5719 72.8544 76.3985 53.7345 85.4961 85.0807 43.9982 48.6015
30.3764 30.9943 34.023 31.1934 29.4162 35.7363 46.4749 44.1069 47.6923 44.0359 56.0284 49.4372 49.4522 50.7191 54.5756 65.6782 61.6258 60.8825 61.3872 71.1014 68.8227 65.5236 39.2505 40.8903 40.778 40.3727 41.2454 39.9686 46.1303 40.1347 22.8505 23.6202 23.6167 25.1404 16.0723 16.9741 16.2604 19.6234 63.6817 67.5734 59.6149 65.5399 65.2005 60.5426 65.8373 65.8777 6.2255 6.42292 7.00961 7.80165 2.79302 3.95072 5.49894 7.28774 20.2858 17.8017 15.5098 14.779 37.4491 45.0778 36.905 39.3903 48.3343 51.1193 43.1692 48.4204 82.252 95.7915 86.5669 92.986 19.9207 19.6801 47.1061 55.7525 57.86 58.8833 79.2837 83.0857 71.9176 65.7504 8.04903 9.36007 72.6304 69.6081 21.9018 49.6224 42.2055 41.0423 41.2922 44.7578 71.8011 73.6352 73.6448 74.4401 65.5997 65.9111 61.4031 73.7233 25.5075 28.9745 24.9125 28.2297 0.981925 1.37121 0 0.980497 19.9035 19.3493 17.9569 20.3041 18.7845 20.0314 21.8735 19.8819 59.0748 65.3293 62.2481 67.2462 41.0384 44.4722 43.37 44.091 74.7859 73.2204 74.2011 64.9385 81.0375 74.1138 76.8771 81.2728 29.9477 31.5483 27.1611 27.7989 28.4613 47.2401 14.4801 61.5637 62.9195 9.78744 24.6198 26.4782 58.1471 62.1044 74.7719 37.162 65.3069 80.1196 92.5911 46.4874 57.8113 31.5077 78.217 52.6362 70.973 44.8958 49.3341 73.7241 13.7215 51.7178 68.5439 74.8313 9.98301 57.595 22.9096 59.3705 70.8259 76.0173 72.3924 48.4598 89.5494 88.9731 44.5309 56.2382
32.5816 30.8096 29.9877 29.9804 27.2159 37.3265 49.3113 49.8792 42.8086 48.0221 52.0271 48.0354 56.7052 53.8208 56.2679 54.2942 61.9869 56.9535 68.7376 68.7804 62.0506 58.4036 36.4201 39.9183 40.364 41.4076 41.629 41.3598 43.1682 43.2337 21.0509 25.3133 23.7893 25.4732 18.6033 17.5205 19.2024 17.4244 62.1128 64.1903 55.4219 57.1166 72.6385 62.2681 66.3186 58.6733 6.8991 6.68763 7.46859 9.42727 3.10573 4.03773 5.09646 6.44008 20.0399 19.0853 17.6533 16.2353 40.7652 43.6248 39.4445 35.7413 51.4021 50.2079 45.201 47.9594 86.2217 90.819 87.2762 90.7014 20.2076 19.9538 48.6401 51.2438 56.2028 64.0709 77.4376 72.2841 78.9674 66.8628 7.90533 8.25864 76.207 66.7794 20.0938 48.6423 42.7072 41.3458 35.8191 40.7166 74.7577 81.784 76.0731 75.3145 68.7401 68.7518 63.1789 67.1793 24.8457 24.7705 25.6882 26.3865 1.3147 0.968802 0.980497 0 18.4382 18.1363 17.2592 18.2218 22.6531 20.7922 24.231 21.0233 54.7665 57.5128 64.3836 65.8169 44.9523 41.509 42.2108 42.572 74.9987 72.6866 71.1432 66.195 81.3017 85.045 83.1055 78.4591 27.4129 27.5149 31.5303 31.4786 24.0153 55.6019 15.5353 62.6224 55.0464 8.78564 22.721 26.7131 54.4073 59.2663 79.3584 33.5654 67.1171 66.7626 99.0734 45.6175 54.389 37.1979 84.4665 52.1614 63.9081 45.9425 46.1896 72.2176 12.9372 60.5307 63.4955 65.1819 10.2188 49.1402 23.7018 58.3918 71.9021 77.8572 65.111 53.6241 83.1146 87.9939 42.0407 55.9922
12.9868 14.8948 13.3329 14.6991 13.8445 16.091 31.7092 28.859 27.3372 32.6701 36.623 36.7601 33.2146 36.206 42.259 44.7675 43.7578 44.71 50.545 50.2242 52.2317 45.7236 19.7721 21.2911 24.0601 23.5216 28.4157 28.7758 27.6349 28.6648 43.3793 39.8577 37.1706 44.6581 32.0219 35.2337 35.6114 37.5655 53.3836 46.3896 44.8758 46.5964 55.1929 47.3248 46.115 47.0088 24.7429 24.9598 24.9294 23.8798 20.172 17.4579 18.9315 18.7358 30.186 29.3585 29.0433 26.7544 25.1449 28.7257 22.0088 25.427 48.0616 45.6667 44.6712 44.1817 69.055 77.5599 69.7025 72.9858 40.9617 33.6246 32.4797 34.8157 38.5827 44.086 60.2201 64.8943 82.9418 84.0366 18.0274 15.7322 62.1288 52.1804 3.58211 28.6913 24.4047 25.3178 21.3545 23.5448 68.5991 65.3295 59.3915 70.3829 55.7547 58.2542 53.5536 58.3039 18.4503 16.573 18.2571 18.3576 17.7948 15.693 19.9035 18.4382 0 1.09999 0.947615 1.27909 38.2134 38.2196 35.8115 35.2553 52.3641 46.3332 47.1843 47.9669 38.6292 39.7483 40.0968 35.67 71.3556 74.9797 74.8549 75.6289 69.8726 66.5574 68.0959 60.3561 22.3039 22.8161 20.9474 22.6788 32.3496 55.3317 23.6834 46.3774 37.362 11.9459 8.79349 46.1265 35.3955 45.2267 65.6031 41.2017 61.8841 74.7073 83.066 38.8257 34.4324 34.8285 68.5131 57.7771 49.8378 35.6387 36.1348 71.3342 24.2292 61.6155 68.2771 70.3966 28.7306 43.0377 39.0986 49.2243 71.9021 67.1586 66.4923 37.5488 68.0644 70.2345 46.5447 31.9106
12.4246 13.6513 12.6706 14.8531 10.7273 17.6555 28.2459 30.9518 30.4799 30.0435 34.1236 36.9004 31.8794 36.8336 40.2511 38.0895 42.7142 42.2277 46.1338 48.985 46.0916 44.4525 19.9394 21.2327 21.1227 22.3172 24.5788 23.7485 27.3552 24.708 42.6983 38.9662 43.6636 42.8421 37.5171 38.8858 34.801 34.2321 48.0506 48.1193 41.892 47.9309 48.4098 47.9573 50.723 52.9161 23.8025 25.5814 27.2587 25.7512 18.0839 18.4738 20.8811 20.732 34.2146 32.5788 33.6282 28.2497 27.0276 26.1085 21.6728 22.6067 43.3421 42.2804 42.4388 38.7334 76.2914 68.996 63.8566 66.0871 41.9651 38.0577 35.1772 38.6114 37.6024 45.4415 60.2575 59.9222 86.0779 85.7358 17.4004 16.7146 61.4516 59.9247 2.17688 28.8713 22.9154 21.7039 21.5971 24.8939 61.5576 65.5244 63.4091 63.9139 57.1264 54.6101 55.1226 61.7973 18.1344 19.9173 18.6248 15.8503 18.6098 19.7246 19.3493 18.1363 1.09999 0 1.39581 0.958224 40.6165 41.5769 39.6175 37.8844 46.2836 52.4165 50.4117 45.206 39.543 41.9039 38.6927 38.0358 81.2027 69.5557 76.4712 74.9467 66.9565 72.2171 59.9678 65.3358 19.6058 23.4874 19.5531 20.1009 34.4387 55.9221 23.7497 49.266 42.6346 11.1832 7.85681 46.981 34.2285 49.3856 73.0815 44.2228 59.2169 69.5317 89.2135 37.2391 39.0998 37.197 75.5962 64.0194 42.9817 35.7191 37.2725 63.4798 22.1859 62.6594 63.7506 74.0205 26.9765 51.7721 36.007 48.8516 68.6771 64.6974 78.7648 30.8398 76.1419 76.8067 47.1905 34.3496
14.4818 13.7807 16.153 15.5763 12.4794 17.2697 27.099 26.9194 32.2545 31.3485 38.2958 36.7756 37.8376 32.4703 40.5815 40.1127 40.7134 44.9187 45.8215 50.5003 43.7984 48.8812 21.0799 23.5068 23.795 25.0292 25.9354 24.7772 27.2337 25.5194 37.9067 42.5429 43.8426 40.9483 31.0825 33.9127 36.8001 35.7342 50.7688 52.3688 42.9402 47.7529 51.5017 51.3644 51.67 53.0393 25.7958 22.6486 24.4862 24.5273 19.2385 16.8483 18.1209 17.9006 35.6355 32.7343 34.4972 27.7182 27.862 27.1907 26.0812 26.2736 48.4139 48.1018 45.0056 43.669 80.029 78.7154 74.8732 78.1747 35.9223 38.9483 34.6346 32.9516 41.0183 43.6212 60.5228 58.6407 87.4364 85.4692 16.4034 14.2464 60.7276 60.8373 3.74133 26.8037 22.2786 24.1491 22.2369 23.602 67.6442 73.0491 68.342 66.3995 57.3737 64.6773 55.1538 58.5655 17.7688 19.6799 19.8426 19.5037 16.6773 17.4327 17.9569 17.2592 0.947615 1.39581 0 0.958308 41.3035 34.9155 41.4216 34.5387 48.1427 48.8036 51.2444 44.0068 38.4482 43.5951 39.8064 43.5893 72.1733 82.4198 76.5128 74.1907 62.6685 63.6912 61.3322 63.5339 21.7104 23.3495 23.4451 23.5371 36.0204 59.4219 23.6589 42.5857 37.1933 11.3783 9.42188 43.1587 38.9307 53.605 67.9034 41.8411 69.8735 70.6053 81.499 43.9193 40.7312 37.2698 74.9596 61.9907 49.977 34.6076 36.2292 70.746 24.6681 57.9367 67.9806 63.4921 29.8489 49.2535 34.6641 55.2099 73.3596 66.8792 71.3116 35.0388 82.8529 78.9384 48.0405 37.2596
13.9168 14.0362 15.2721 14.8991 11.2274 15.4527 26.0643 27.2112 29.1028 28.1196 34.9203 37.1414 33.2381 35.5645 40.2877 39.6393 40.1613 41.208 47.5267 49.4884 47.7727 50.354 19.9673 19.5726 21.3794 22.6133 22.89 23.2819 26.3865 27.8991 42.3941 40.1859 40.2775 38.9663 33.3984 33.2596 37.8478 37.5694 52.001 50.7361 46.87 46.3821 48.8387 49.4626 54.4425 49.8624 22.4321 24.807 23.4978 23.7692 18.7634 21.2653 21.3067 19.925 31.7954 29.2322 31.8723 28.9691 26.6171 28.2922 25.2894 24.2699 48.7978 49.2292 43.529 42.0785 78.4487 80.3944 65.592 72.4406 37.6538 37.759 30.4641 36.8937 37.9363 42.7347 61.7716 64.56 86.328 75.9139 18.2174 15.9831 59.0791 51.7823 2.61206 29.4299 24.9142 22.4557 21.9762 25.1341 64.3297 69.839 58.5234 67.0667 52.2847 55.6586 62.5854 56.0411 19.7537 20.3855 18.8774 19.8362 20.0117 18.3212 20.3041 18.2218 1.27909 0.958224 0.958308 0 36.6234 36.6715 39.2813 39.5767 50.3591 48.2614 43.1525 50.0927 41.638 38.3158 40.7799 42.2052 82.5084 74.9131 78.3411 68.8536 68.6962 67.8441 70.4352 61.051 24.5276 23.4918 21.4291 20.454 37.4146 57.9078 28.6932 48.138 40.4624 10.5984 9.70806 45.5271 33.4222 47.2118 64.3034 51.0604 71.041 67.1405 87.5343 36.8241 39.4271 39.7629 69.8959 68.4499 50.9035 38.8959 41.2643 71.0916 22.9882 58.6049 60.5584 71.3966 29.1218 50.413 35.4709 50.1317 77.4932 68.985 76.0846 30.9081 68.7545 82.7576 49.1988 37.8101
52.7222 55.6057 52.6547 57.0259 48.6598 50.4723 64.0609 63.4923 65.5359 62.9082 74.4446 73.0889 64.6789 72.3349 75.8826 72.6292 72.0903 83.0174 88.8898 89.6112 87.9547 82.7695 51.8555 56.0248 54.2427 57.3888 61.7415 63.7547 53.7518 63.1093 6.16231 5.10215 3.63242 2.9455 5.39961 3.92716 3.17121 2.33658 85.8162 90.7323 87.3707 86.998 80.1841 82.9521 80.7463 82.2697 14.7466 15.6278 15.0677 12.5978 19.8694 17.8425 18.884 20.3149 28.344 26.6192 25.0954 26.8373 60.9603 58.9123 54.5232 59.1884 67.0612 72.5682 63.3087 65.1248 103.072 114.931 106.931 115.349 15.9279 17.0977 70.7717 65.377 79.2904 78.9984 90.5587 99.9966 76.7487 75.986 27.8101 31.4949 89.1477 84.1382 41.2947 67.7621 64.8599 63.5849 66.1599 58.5939 96.0136 102.427 97.6337 91.6582 84.0117 90.7053 96.0794 83.0242 48.0038 48.9305 49.5264 46.3813 21.839 20.9881 18.7845 22.6531 38.2134 40.6165 41.3035 36.6234 0 1.06896 1.05498 1.44658 85.3003 84.4313 77.8462 80.449 66.091 64.9331 59.7372 60.2877 88.6986 77.8195 77.9787 84.2613 101.131 108.697 94.6607 101.903 46.4138 52.6309 46.5248 47.3311 39.5445 67.2751 29.3037 84.5096 84.8574 30.3221 47.1197 31.6837 68.7335 85.3465 97.3228 38.2446 80.2745 84.2386 113.672 55.6199 79.2198 52.181 91.2239 71.2443 79.1565 69.528 61.3166 105.742 29.142 64.7874 82.8529 77.0476 11.9537 74.0854 24.1242 76.1642 86.4066 102.656 88.4563 71.8183 103.888 97.8839 60.8451 75.3942
53.3376 52.7353 56.4067 53.0911 47.4955 59.3764 62.346 67.6989 64.6646 64.0951 72.8256 69.7189 66.8914 76.7563 76.8091 81.3944 70.2948 78.1353 85.3458 81.0522 86.1608 77.9717 53.7499 51.9207 53.1818 49.5856 59.7141 60.5342 58.03 60.4793 6.19325 5.64809 4.49906 3.94716 5.00611 3.76181 2.77672 1.61042 82.2782 77.6585 86.1248 78.9761 79.9262 83.8177 87.5249 83.8054 14.3336 13.367 13.523 13.3902 18.9462 17.6681 17.5865 16.7323 26.6795 24.4823 24.8417 24.244 57.6172 58.5159 62.5935 63.9078 65.9338 60.6697 58.8492 62.8772 113.372 108.76 100.625 115.821 18.35 16.2951 62.143 62.8926 72.8617 80.6598 94.3769 104.381 77.7346 85.0959 24.9201 27.6038 90.0308 91.7088 39.8066 67.7208 58.0779 62.0809 57.7393 54.7735 93.6187 101.516 92.934 92.1581 92.6796 86.5476 78.2154 87.4505 41.806 46.0973 40.7301 44.5562 20.9483 20.23 20.0314 20.7922 38.2196 41.5769 34.9155 36.6715 1.06896 0 1.34418 1.03185 73.4551 83.291 83.8778 80.2955 60.5369 62.3731 66.9459 57.2272 83.6908 86.6078 76.1699 83.9854 104.046 103.51 95.9673 93.2621 48.3403 51.4674 49.3371 52.0159 39.2579 65.0446 30.7615 82.1353 82.9822 28.607 45.3758 27.2503 66.8049 91.2348 92.8902 38.1515 79.5258 80.8624 115.211 54.6719 72.1758 49.532 103.006 70.8506 90.9806 66.2377 69.9234 99.4191 31.4994 71.4792 84.0032 84.5323 11.448 74.8139 22.5268 73.0498 85.1472 90.9552 88.9183 68.6781 100.528 105.479 59.2158 73.9906
46.6777 47.3023 51.3336 58.0196 47.431 55.1142 68.4168 66.9643 70.9738 72.0776 74.7763 66.3724 66.4459 65.8225 81.322 79.6531 71.8643 70.2873 85.8723 75.6107 86.5571 89.0339 58.6231 58.2812 51.8775 59.3474 63.5969 54.4001 54.0874 64.0298 6.70177 5.38971 4.05882 3.80326 5.82673 5.2845 3.87796 3.09973 91.6953 78.1276 77.85 77.5961 85.8236 90.0639 87.8749 81.2293 15.9706 14.651 13.1069 14.5042 22.227 20.9386 20.9938 20.7706 27.1004 25.4597 25.7262 24.6125 60.1521 62.8098 59.4523 65.6058 66.7571 73.0243 65.0213 64.5763 114.272 115.078 96.2504 117.16 16.9598 19.7295 60.9041 68.8752 72.6285 80.7413 96.7364 91.7822 79.5572 76.2566 27.7256 31.7308 86.6744 89.6634 43.5953 72.2856 62.5386 59.6832 58.7904 67.3337 94.613 108.482 105.013 100.701 90.9481 82.5276 90.4713 83.9605 48.8767 43.4623 47.2963 49.0291 20.2643 20.958 21.8735 24.231 35.8115 39.6175 41.4216 39.2813 1.05498 1.34418 0 1.05607 80.4293 89.444 75.6679 83.8597 59.3244 71.6166 60.9789 68.0332 78.1698 89.1705 87.5385 78.3181 91.6748 100.826 106.487 91.4562 47.4506 47.7293 46.7851 47.1111 42.4703 64.2391 31.9383 83.4098 79.4411 25.8844 45.7 33.4532 72.6351 89.9745 101.001 38.9295 71.2709 88.6909 119.975 66.4203 70.9359 46.6101 95.2633 69.9631 77.3035 66.8173 64.7323 93.3049 28.0798 78.7606 72.1019 80.3511 12.4555 70.3266 25.4606 79.3063 77.7403 100.953 76.8703 73.5965 104.028 113.241 61.8372 75.8345
50.0888 54.8137 57.0869 55.7327 47.8122 55.6418 71.2479 65.3764 59.4815 70.5822 77.6302 76.2454 71.5806 75.8442 70.9575 70.0229 79.3558 82.4116 90.067 83.1588 90.2843 87.4171 49.9975 56.1832 52.8699 50.7311 62.5069 59.3423 54.8294 64.1795 7.71622 5.83455 5.1528 4.74352 5.97426 4.8077 3.28608 2.52272 90.1255 84.5839 77.92 79.4877 79.5993 95.3092 89.823 82.5616 15.1264 15.3605 14.6325 11.7851 17.6999 17.6521 17.9087 17.5059 27.4837 28.978 26.4424 26.1613 64.3005 64.4242 60.1747 59.9231 70.3446 70.58 60.8462 62.2695 106.415 107.955 100.184 115.107 17.3295 19.8516 60.0658 63.5977 70.8708 77.4536 101.281 102.82 73.0751 88.0969 24.8589 30.2746 90.675 80.2564 42.7653 64.8021 63.5032 55.7046 61.1028 64.843 93.3553 105.913 87.8335 98.7283 83.2979 80.8485 87.7225 91.5151 49.8261 43.2539 46.2703 48.1777 20.2792 19.9054 19.8819 21.0233 35.2553 37.8844 34.5387 39.5767 1.44658 1.03185 1.05607 0 84.8173 86.0028 84.2433 88.4263 60.7922 60.2878 63.8563 70.0842 88.2057 82.0359 80.7531 89.0918 92.3464 107.506 102.95 108.373 53.0135 51.803 49.3095 51.5463 43.7807 69.6597 26.5049 76.6559 79.9333 29.249 46.1831 31.8313 70.9712 84.1002 91.8821 42.9228 68.6954 96.2018 114.119 67.4024 75.8415 52.2614 97.4044 72.1499 80.0044 63.648 66.0012 99.2777 32.2472 74.2325 82.4734 81.6712 11.7559 74.2459 23.7412 69.7508 74.6067 93.7706 88.6662 73.0492 97.8367 107.304 59.5644 78.1075
39.3134 38.7409 39.8786 38.4026 38.4629 33.7435 46.1139 44.0651 46.8544 51.208 46.0113 43.9128 47.0594 45.0434 45.106 47.4624 51.9478 52.7061 49.6992 46.8481 48.3575 49.5192 54.7842 50.6559 57.232 60.3843 51.1722 50.4885 57.9058 50.9512 81.2504 87.8355 89.2361 86.0063 71.1406 71.3884 82.5976 86.0315 4.88093 5.30636 6.8342 8.243 10.1189 10.4032 11.4828 11.3241 71.4528 68.4041 71.358 69.1093 69.0783 67.1076 61.9644 59.3275 56.7005 64.0383 62.0929 56.1997 22.8396 19.6098 24.7353 24.859 29.9736 27.9787 27.2995 27.3056 26.8919 26.0582 27.0085 29.4714 73.3873 74.6125 61.1166 57.0753 56.479 52.0052 20.8444 23.7422 71.7142 77.8157 57.3934 52.8007 13.1049 64.2702 41.9334 22.6363 29.2494 24.3059 26.9773 30.1581 15.6616 17.564 15.6096 17.5958 11.756 12.8657 10.9509 10.7336 37.8778 34.5795 38.4973 35.6919 61.0701 59.4817 59.0748 54.7665 52.3641 46.2836 48.1427 50.3591 85.3003 73.4551 80.4293 84.8173 0 1.01537 1.08732 1.3404 24.1468 27.1588 24.4866 27.3594 64.842 64.4286 60.4188 63.6656 16.6594 18.2072 18.9968 18.9046 30.5685 32.2624 30.8049 29.4183 49.1483 54.4865 59.7163 43.2662 36.7433 62.0078 36.3504 71.5293 45.8427 16.8371 29.2781 68.2264 51.638 40.2808 37.3776 30.7467 34.9163 41.9297 40.5087 60.7769 47.2268 19.8886 15.4458 20.7931 51.3656 43.071 50.7798 41.0053 75.9138 19.9608 70.4873 25.4787 58.7407 20.335 55.2809 17.2 28.0063 28.6362 46.9317 30.8337
35.7731 37.171 36.0513 42.2916 38.0051 39.4367 46.5204 44.423 44.4055 48.7364 41.9521 44.5791 45.7901 50.4904 49.6226 52.0012 54.0567 53.188 50.6183 48.3168 52.3433 53.0907 48.6087 50.839 53.0549 56.6224 51.893 48.2134 58.063 53.6724 74.5741 81.0187 76.3439 86.1643 82.5414 84.0104 74.323 72.546 4.53276 5.53649 6.43474 7.54972 8.54381 9.25741 9.60251 10.7443 74.1236 63.5057 65.2602 67.1996 66.1704 69.1115 71.1791 69.0324 62.6408 57.5093 68.8181 58.9817 21.1206 23.008 24.6173 25.1082 33.9154 28.611 33.2702 26.607 23.415 27.9132 26.3452 24.7682 69.7618 80.4731 54.7885 54.4921 58.9267 53.8978 24.2811 25.4963 72.8265 68.2591 59.3322 51.8962 12.0724 61.6994 50.9857 21.5697 27.0881 25.7223 28.7356 29.8361 15.4963 17.9358 15.8577 15.8475 12.8489 11.8542 12.5359 11.5136 35.2567 34.1968 40.2016 34.8693 55.7617 55.2374 65.3293 57.5128 46.3332 52.4165 48.8036 48.2614 84.4313 83.291 89.444 86.0028 1.01537 0 1.43999 1.08116 24.6519 23.816 26.3426 24.9001 65.5121 64.3249 59.9605 63.4365 17.3774 19.5241 15.9353 16.8346 32.014 33.7839 33.5031 30.7606 56.6331 48.5086 57.3832 44.8056 35.4513 63.9668 43.0637 64.1892 48.0445 17.7167 29.8708 69.1106 48.2765 40.9719 36.5762 33.3581 35.4698 39.343 44.6015 56.5239 48.2081 19.9819 17.0083 21.62 51.4853 48.6182 53.9014 43.9407 68.8585 22.1526 73.4541 26.7199 57.3982 21.1674 55.3453 17.1402 32.0399 28.3321 46.1952 31.5828
41.1294 38.8928 37.3131 40.097 39.7333 35.2524 41.7151 41.1659 46.6863 49.2479 41.1381 40.1834 46.0646 49.3871 48.6445 50.0219 45.3427 47.7405 48.0087 46.8288 49.7557 48.8922 55.7082 51.431 50.8744 54.7657 52.7374 50.3196 52.0487 52.1765 80.7785 80.2907 87.2542 89.2424 69.8647 70.1506 72.2392 71.6499 4.96806 5.51423 6.13769 6.54203 10.4783 10.8853 10.9352 11.0192 63.6129 64.6502 69.7401 67.1245 61.9398 69.2782 59.4604 63.4246 63.9929 57.945 60.0215 55.0442 21.0832 20.9318 22.4375 21.1642 29.4745 28.5476 30.8237 25.7662 26.7572 29.1342 24.5818 26.579 74.0939 67.6373 53.8834 53.0766 58.7107 58.9176 22.3765 26.9758 68.998 78.8584 51.9824 51.8984 15.2459 57.9149 43.4139 21.4428 26.0408 26.1049 26.6297 26.4426 17.3615 17.8189 18.6531 18.5327 14.6542 14.0361 14.0674 12.3257 37.6206 34.7854 37.9415 38.33 60.8402 53.487 62.2481 64.3836 47.1843 50.4117 51.2444 43.1525 77.8462 83.8778 75.6679 84.2433 1.08732 1.43999 0 0.913379 25.0888 24.4331 25.8723 24.4175 62.438 66.2938 62.3545 66.3113 19.8039 18.2099 19.5947 20.648 29.467 28.4166 34.1891 28.7466 51.4732 50.3723 53.9069 50.5263 34.4331 61.6628 39.9576 70.6783 49.7113 17.3293 31.0799 65.5926 50.254 42.5255 35.3966 30.5118 33.3032 38.3407 47.6625 57.427 44.6898 20.3637 14.3397 24.4074 51.0151 46.9177 49.2346 47.9175 76.2218 24.2748 66.8456 26.8887 58.2817 21.6782 60.5729 16.0727 34.4012 27.6728 49.8264 29.4679
42.2915 40.2307 34.6412 37.8634 36.4379 34.5498 42.7963 43.9502 47.9852 47.3786 41.6538 39.3521 46.7154 45.9674 49.8687 44.4892 47.842 52.3962 48.7368 45.137 51.6072 50.2942 56.0069 55.9637 49.9402 51.4969 53.5848 49.9982 53.4537 50.894 79.1064 77.1059 84.1108 83.9087 82.3649 71.008 83.23 87.0453 3.70016 4.33273 5.28329 6.01276 7.93897 8.50661 9.77466 9.32868 67.6532 74.3351 64.1106 65.4335 66.5934 57.6858 70.1082 72.0515 64.9072 64.0025 66.4114 65.6336 24.5967 22.18 24.3863 24.5653 30.9704 30.6318 28.819 27.1171 23.7206 25.4017 23.5092 28.7649 72.5837 68.4512 59.6532 51.95 53.7533 52.7964 19.5434 25.147 78.0254 76.6621 59.5625 49.7923 12.799 68.9105 45.8639 21.0286 29.2369 28.0121 28.9278 25.649 17.7745 17.2471 17.0156 16.2366 13.998 12.493 12.2342 12.0415 35.5932 37.1739 39.152 34.2942 60.991 54.0819 67.2462 65.8169 47.9669 45.206 44.0068 50.0927 80.449 80.2955 83.8597 88.4263 1.3404 1.08116 0.913379 0 26.5305 24.1085 25.9902 26.5354 65.7874 58.8154 62.4474 59.8908 18.9385 18.8261 17.3968 17.0636 34.9494 28.7256 33.2483 32.0486 54.3255 53.8584 59.9374 49.786 38.524 58.2802 42.2014 66.3057 43.6832 15.5872 30.8268 63.6097 56.9892 42.7216 35.6533 33.3347 39.7607 44.6877 44.1602 66.9551 45.157 22.3194 16.2447 20.9096 56.4435 49.5863 48.0987 48.5357 71.3909 25.3095 64.2959 26.6465 53.9309 20.2198 56.552 18.7261 29.864 32.8921 48.554 30.2573
35.9515 41.1743 37.0277 42.2222 38.8291 40.2466 48.0349 53.6639 50.9859 57.9703 51.8107 52.8332 54.7864 61.4112 56.2704 59.0674 67.0371 65.1916 64.3403 69.8478 61.6404 73.161 54.3602 60.6192 54.5456 56.0461 61.7544 58.6417 57.1207 57.0449 60.5327 63.2162 62.1992 63.6992 59.902 64.0373 62.9649 60.6809 27.9387 31.4114 30.5676 28.8095 33.7267 37.6018 36.4457 37.0698 52.099 49.8441 51.4147 51.5916 48.1267 49.8334 45.2684 48.7973 43.0752 41.1349 44.0707 41.3034 20.7231 19.9395 20.8002 21.7269 5.70413 5.16022 3.74331 2.24927 48.3775 48.5023 50.5458 57.2896 57.5705 51.183 58.8983 63.796 64.7423 67.3166 50.3259 49.815 53.7123 51.8534 35.3078 40.0186 40.744 79.3658 40.4155 31.0928 29.6365 29.567 30.9971 34.1296 37.8049 37.8406 37.9712 35.2826 28.4428 28.2829 23.8211 28.0312 23.3416 23.3672 22.2193 22.8695 47.9049 40.7953 41.0384 44.9523 38.6292 39.543 38.4482 41.638 66.091 60.5369 59.3244 60.7922 24.1468 24.6519 25.0888 26.5305 0 1.04177 1.02336 1.42613 40.851 38.7978 38.1311 45.5083 36.2637 36.9243 36.1979 42.8735 17.343 17.2882 17.7376 18.7198 28.7363 26.0343 33.8425 59.1192 53.4421 46.6546 31.073 46.025 62.7463 42.3692 29.3915 35.5178 28.2523 34.0708 54.8493 3.76632 47.5808 15.655 33.2454 35.6029 62.9716 8.76202 12.743 39.4559 37.0163 22.1026 26.9208 30.7428 54.4471 9.70726 44.6604 11.6704 34.3359 49.9904 40.1915 28.0453 41.0379 38.0438 22.3263 43.9692
35.9475 36.4057 41.3514 38.8571 32.715 40.905 55.7592 53.5027 49.2983 56.1499 53.5914 59.5588 54.3218 57.7011 59.4064 66.5754 59.0564 60.4632 66.2998 58.1195 66.4918 61.7511 53.4315 51.6674 61.7297 63.375 55.9088 52.6839 61.3588 53.6041 68.1081 69.5396 64.4567 64.0409 56.8016 56.7802 55.435 58.5371 31.2113 28.7288 30.4696 31.6062 33.9312 36.83 32.9964 37.0509 46.2113 56.3691 54.4829 53.6766 47.8802 47.5497 48.1018 46.7943 45.0739 36.9246 39.0617 43.0304 17.5926 21.4802 21.0683 21.736 6.62258 5.6549 4.4597 3.16949 47.9413 54.9173 46.5554 48.3168 56.6834 52.0264 64.5358 63.2167 65.1812 69.456 42.7555 48.8694 50.0918 45.0954 37.743 33.7584 36.8448 82.254 35.5495 33.3301 29.3347 34.9449 31.8636 29.8791 35.7024 39.1704 35.7942 36.6981 25.9497 25.2712 25.5351 27.031 21.4619 21 21.6871 23.8148 48.7428 48.91 44.4722 41.509 39.7483 41.9039 43.5951 38.3158 64.9331 62.3731 71.6166 60.2878 27.1588 23.816 24.4331 24.1085 1.04177 0 1.45632 0.987292 43.8359 41.5355 38.8375 42.2241 40.0637 38.0525 35.7182 38.7953 16.225 17.9791 18.8569 19.6994 26.9753 29.8805 37.3474 63.3189 48.5746 48.9745 34.9041 43.467 60.3448 42.2692 31.4009 41.5269 32.6949 29.0504 56.875 4.70348 49.9374 19.1235 35.6811 35.28 63.998 6.80697 11.2623 37.316 32.2201 20.8115 32.038 30.9848 48.1905 9.39033 49.9531 12.6153 36.7112 42.5301 43.4063 29.7937 40.9122 39.6083 22.5679 38.7563
34.5517 35.453 34.3844 35.4829 35.7317 36.7761 50.3661 52.3752 51.0369 52.8077 53.226 51.3035 56.8558 52.3973 55.9922 63.1288 59.7202 56.3034 63.7587 58.3482 69.8007 68.1144 57.7942 56.5255 51.7803 59.5397 51.3741 55.7181 53.9107 62.404 66.169 62.0452 65.943 60.5704 53.9658 54.2981 56.0512 55.3554 27.2993 31.9612 27.8238 30.1383 38.2746 37.9153 32.6057 39.1237 45.29 48.8616 54.9242 50.4691 42.9083 43.5356 46.4604 46.8288 38.0576 38.9595 40.7137 37.188 17.8707 21.4533 20.6786 24.4471 7.31332 5.89437 4.66266 3.74308 49.2941 58.1426 55.8565 56.0165 53.1898 45.3881 59.9069 65.4686 58.8211 64.611 43.2987 48.9242 54.3865 50.0195 34.027 33.1272 36.1248 82.1776 36.1986 29.5408 30.9868 32.5605 33.9482 34.3498 33.84 37.9673 37.4811 35.624 26.0497 25.3598 27.2854 28.1959 22.1117 18.3823 22.4663 20.319 40.328 42.9474 43.37 42.2108 40.0968 38.6927 39.8064 40.7799 59.7372 66.9459 60.9789 63.8563 24.4866 26.3426 25.8723 25.9902 1.02336 1.45632 0 1.04144 45.6824 40.8174 42.0692 40.2209 38.5292 37.1085 39.2348 36.7566 17.2232 17.1523 18.2996 18.1533 28.9587 25.565 31.2924 57.0485 50.8436 43.6435 29.5009 45.4777 60.7126 43.1962 28.499 35.0497 29.5213 29.0932 62.0148 4.24598 55.9422 15.0781 33.2594 34.3737 66.4169 8.32706 12.253 36.6449 31.5381 22.8972 27.8431 33.2722 55.178 9.51073 48.8398 11.542 34.1482 42.0608 37.5041 33.4314 43.0442 44.4358 21.5247 40.3491
36.277 35.7255 37.4128 36.2908 33.1182 35.0161 54.1038 53.4249 49.7173 51.763 57.9792 51.1857 51.8664 58.5523 55.0329 59.9679 64.8801 66.9264 56.9599 59.378 67.875 68.2287 58.2634 51.5318 50.3432 56.7468 55.4034 53.1369 56.5086 53.7723 63.5284 65.0446 61.7508 67.9218 62.4173 63.4821 62.491 57.3177 31.5181 28.7746 27.9686 27.7548 36.4163 32.4113 31.9248 34.2497 53.3356 55.221 47.5478 51.807 44.9034 49.6994 54.1395 46.9196 39.5125 37.3157 39.7731 42.7134 17.4571 18.1736 21.4221 20.6166 7.17267 6.2417 5.62758 3.71591 45.8102 53.8121 54.6033 51.6331 49.9383 55.4016 59.2238 64.8269 58.9217 65.1399 45.4353 47.8935 53.6749 54.9465 36.4038 38.4532 39.2987 82.7416 35.4307 31.05 28.9856 29.5803 34.2061 29.0016 38.9874 36.9503 35.8547 34.631 25.8273 24.7713 26.7885 23.7794 19.7726 19.8213 21.4427 19.624 47.0819 42.9105 44.091 42.572 35.67 38.0358 43.5893 42.2052 60.2877 57.2272 68.0332 70.0842 27.3594 24.9001 24.4175 26.5354 1.42613 0.987292 1.04144 0 45.8117 45.0244 46.2209 43.6054 36.4636 36.4085 39.7763 40.2033 16.2385 18.4505 19.1284 18.5214 26.6269 27.6056 35.5025 57.2787 52.6816 42.9374 31.1088 48.0087 59.8873 37.1163 34.1017 37.8339 30.1325 31.4686 55.0394 5.61229 52.5949 15.8989 34.1015 37.9375 66.1468 6.76342 12.4271 39.7952 33.2763 22.7936 28.4855 32.1242 51.7835 9.00784 44.3268 11.3918 35.2373 43.3191 41.2784 31.7953 38.6296 41.2805 22.0735 40.2056
83.5579 72.4009 85.9855 87.8805 68.8535 74.6973 95.7612 86.896 102.207 98.8561 106.026 104.819 108.625 95.9572 105.918 108.443 108.936 111.635 111.012 104.304 101.136 108.037 93.1011 89.0979 105.362 93.2294 96.676 104.062 90.9047 109.986 82.8155 78.0747 73.0387 83.2581 83.3928 72.3404 74.731 73.3701 66.9346 73.6435 65.3857 75.3634 80.6915 72.971 82.0737 81.3548 72.2056 71.3298 78.7315 77.1268 70.8869 70.7724 80.1849 81.6141 51.5697 50.972 61.5855 62.003 64.505 67.7312 61.048 64.3745 40.0646 39.5015 35.4228 37.616 77.6908 86.7397 88.9675 88.3279 68.3465 68.2434 99.5015 99.6615 104.791 110.94 87.0639 81.8946 11.562 8.94336 67.4518 59.5671 82.9563 123.201 82.281 71.8954 68.2369 74.9391 80.491 79.082 61.1509 71.5911 61.0932 71.6253 59.0268 53.3597 62.2811 59.4083 55.1222 64.6706 56.5349 63.5969 69.7345 67.2563 74.7859 74.9987 71.3556 81.2027 72.1733 82.5084 88.6986 83.6908 78.1698 88.2057 64.842 65.5121 62.438 65.7874 40.851 43.8359 45.6824 45.8117 0 1.00246 1.01277 1.34134 71.7011 67.3006 73.6306 62.3491 58.7089 53.8857 51.8195 59.9499 44.7467 21.3448 53.2118 100.036 96.1707 72.3947 63.234 50.1669 108.307 85.1817 51.6482 40.1637 13.6055 26.8607 77.7396 37.3439 92.4684 39.6894 30.0316 14.8316 108.75 46.5286 56.5342 68.8205 58.7694 23.6485 14.267 22.9534 71.2778 44.8531 56.5772 39.674 9.27118 72.9066 7.66832 80.3614 59.002 59.5514 30.8144 88.3649
82.2866 83.0124 81.3938 79.1062 76.0941 84.404 102.035 93.645 88.7956 95.2382 92.448 102.937 102.109 93.5517 94.9612 105.731 97.3805 112.202 108.607 110.953 100.812 103.651 85.5431 91.7075 89.5092 97.0469 89.3237 88.9715 90.1982 95.5306 78.0095 74.6928 82.404 80.4128 80.2116 71.3722 82.98 86.9483 68.8426 69.6906 76.2115 70.096 68.02 75.6988 77.6836 81.5092 73.8375 76.3778 75.8295 79.3865 69.2073 76.8831 69.9462 74.0688 50.9896 51.5488 60.048 62.1864 60.1853 62.4168 58.4854 63.8507 36.623 40.4756 41.99 42.5332 85.3622 91.4457 79.1296 84.4466 67.7661 58.3511 101.796 103.677 104.733 112.376 90.6158 85.601 12.5495 10.0792 69.1413 70.7255 69.6389 115.446 75.4567 70.3287 71.7178 77.0486 74.8289 75.2943 63.0354 69.1263 66.4576 69.0614 58.5474 53.9606 53.4991 58.2936 59.182 56.2512 63.3538 60.9656 73.4485 67.0975 73.2204 72.6866 74.9797 69.5557 82.4198 74.9131 77.8195 86.6078 89.1705 82.0359 64.4286 64.3249 66.2938 58.8154 38.7978 41.5355 40.8174 45.0244 1.00246 0 1.53753 0.95767 67.6817 61.6003 63.1703 61.8409 61.6475 60.9766 56.8394 52.1851 49.2631 19.4174 57.5894 95.5085 87.7488 78.1082 74.1254 47.6803 96.169 76.6127 49.0761 41.8427 11.8019 28.1591 85.1972 38.8873 84.5846 38.2313 28.0974 16.6831 105.32 46.6383 55.6749 63.632 61.1845 20.5089 15.2117 21.4041 69.5155 39.0463 60.8172 42.0263 9.74975 72.5049 6.0103 70.2105 60.0978 55.0876 29.1326 87.5689
82.9195 86.1318 71.7452 82.7548 73.1245 78.1027 102.011 86.8207 89.6189 103.02 100.432 90.1151 92.8387 101.162 97.2739 97.7203 94.9932 112.889 96.7653 116.863 114.287 110.167 97.9657 88.4016 96.1263 99.8378 95.6221 92.6952 92.0436 96.1552 77.6374 78.6496 74.7233 73.4817 67.757 74.5388 84.2936 86.819 63.4937 69.2312 71.5597 69.0504 74.5443 74.1688 81.4877 75.8104 72.8077 71.6445 70.3911 80.4772 77.3504 81.6198 81.1072 75.911 59.6156 52.0022 55.5502 53.8334 67.1326 64.8654 67.229 65.5393 39.8533 36.6665 35.7631 42.1664 86.3716 81.872 86.8164 90.848 57.172 58.934 98.6419 100.415 98.4443 98.5215 86.7367 89.7556 11.3253 9.04158 63.7517 58.5374 79.9625 118.045 68.1474 69.9602 80.5013 73.9718 80.3773 71.0636 70.4608 70.8249 69.3778 61.7117 56.1046 56.7832 54.394 55.696 59.2486 54.0218 55.637 63.9969 66.0265 74.7428 74.2011 71.1432 74.8549 76.4712 76.5128 78.3411 77.9787 76.1699 87.5385 80.7531 60.4188 59.9605 62.3545 62.4474 38.1311 38.8375 42.0692 46.2209 1.01277 1.53753 0 0.976001 68.7094 68.1911 74.2867 72.6484 59.4304 56.1064 53.7062 61.9225 40.8647 17.9912 60.6377 115.034 91.2716 76.5792 69.5857 53.8548 92.2364 75.2848 49.2042 36.0762 12.3224 30.1375 76.756 39.7038 93.844 38.3592 32.4221 13.2478 100.113 50.094 59.7524 63.3507 61.2441 19.2331 13.7971 22.6912 72.5218 43.7859 57.8324 35.4401 8.87256 84.3771 7.93466 67.7365 51.8917 59.7068 30.6666 91.8656
82.8237 82.0781 81.9636 73.9916 79.3479 82.5923 98.7341 100.015 100.216 100.687 102.193 99.294 97.8381 89.6319 93.5921 96.6465 104.679 105.576 110.681 108.269 112.34 98.1951 95.1431 87.7615 93.7846 91.9602 93.6669 100.878 105.117 94.0906 78.2284 76.1495 81.2932 78.5864 69.8825 69.4045 74.3528 76.7752 63.0472 63.2287 63.1183 74.71 76.9321 74.4187 67.2478 75.4698 73.4217 80.6866 72.2517 77.1352 69.6583 77.3048 75.1876 82.3341 58.509 56.7477 60.7091 61.3437 54.7966 59.0824 56.7679 57.93 33.4325 39.9127 35.5288 41.1837 88.2771 90.0815 83.273 84.5914 69.4494 68.0629 107.31 114.228 98.1688 109.88 84.4262 91.8394 11.5903 9.71573 57.3091 68.5414 79.4412 110.666 72.8491 73.6841 76.0461 76.5547 71.5175 80.5423 67.8408 59.0365 63.221 61.4902 51.4562 61.1843 51.5908 52.3968 53.4824 59.2943 63.0601 58.4327 72.1185 70.2484 64.9385 66.195 75.6289 74.9467 74.1907 68.8536 84.2613 83.9854 78.3181 89.0918 63.6656 63.4365 66.3113 59.8908 45.5083 42.2241 40.2209 43.6054 1.34134 0.95767 0.976001 0 71.5295 71.064 67.3712 74.3009 58.2505 52.5029 59.6164 53.9831 40.3977 17.4931 55.0318 112.357 99.8889 76.1421 65.1206 47.444 103.654 85.1499 50.33 36.8884 12.2134 26.8116 79.095 38.5891 101.861 39.4901 31.5224 13.5714 97.1212 50.6873 57.1691 58.8373 55.3025 19.3602 15.4451 23.3888 68.5171 39.4342 57.1509 35.4303 9.40434 75.6866 6.02852 67.1142 61.6599 53.6941 28.234 77.5077
55.5861 58.672 55.9751 56.1471 58.5833 56.5556 53.6751 62.536 67.583 65.1292 53.7182 63.7972 62.3373 64.5188 62.9522 59.7927 59.7258 71.0901 60.4699 59.0281 62.871 66.4517 72.1582 67.9125 78.432 78.4939 69.4015 64.4654 74.2996 70.7128 102.896 94.7707 94.8702 91.9567 87.3505 93.61 103.883 99.0797 21.2012 20.4528 19.8466 25.3095 18.8878 21.9064 19.4897 20.7171 93.1356 84.1468 86.326 93.3951 85.9695 85.6583 80.8162 88.9325 77.5696 82.499 80.0989 75.7486 38.7191 38.0581 43.791 41.4476 38.5958 36.8732 44.8179 37.4933 15.5481 18.6537 15.9734 18.427 84.4832 81.2231 78.5841 80.5336 76.2398 63.6798 27.8846 27.4992 85.8972 79.441 70.6682 70.5478 14.605 76.779 65.2006 44.402 46.7758 43.2896 46.5375 47.278 2.93588 2.21369 2.81189 2.08985 11.4689 12.4457 12.3513 11.6664 57.5466 47.5398 50.9323 47.8535 84.5152 72.7003 81.0375 81.3017 69.8726 66.9565 62.6685 68.6962 101.131 104.046 91.6748 92.3464 16.6594 17.3774 19.8039 18.9385 36.2637 40.0637 38.5292 36.4636 71.7011 67.6817 68.7094 71.5295 0 1.08049 1.00657 1.47 52.3458 46.7679 46.0856 52.9757 69.5132 56.6931 65.6546 59.9936 55.7419 78.6423 56.5906 81.62 62.015 27.5719 21.9748 79.211 61.4832 43.0871 20.9173 38.826 50.3387 56.5235 40.3432 63.6982 62.8148 37.665 32.1419 6.90722 66.0609 47.0321 48.2741 42.0379 81.8323 27.9693 92.1302 30.2777 63.4453 13.4488 65.9815 33.1321 18.2978 15.3453 59.224 42.9099
60.084 52.237 54.2561 52.1788 52.8899 56.1811 62.4096 64.2304 67.0592 64.5137 57.0211 63.1252 62.4008 62.206 64.0528 67.9303 62.71 71.2362 58.8296 66.7364 70.2265 65.0727 76.1398 67.6233 72.2182 76.1141 69.9219 75.2998 76.3279 66.7125 107.35 108.183 102.464 96.0192 91.2876 102.299 88.1763 103.068 18.1172 18.9857 22.2134 24.2328 19.1704 19.1032 20.369 23.3239 82.1297 93.6685 87.5789 88.7642 84.3188 83.7269 88.0801 80.2997 84.564 72.6841 73.318 85.7227 37.7366 42.6164 43.8932 44.0178 38.1497 37.3083 45.3182 38.1141 15.1635 17.8459 16.3455 17.0611 96.7599 97.3296 78.5496 74.1498 66.0797 76.792 26.327 27.3819 81.1435 78.4615 67.6901 77.1526 14.689 79.7172 70.908 40.795 44.7538 42.2259 43.5938 49.9493 4.31712 3.28547 4.07662 3.14584 14.2932 12.8559 13.0771 12.9166 49.1813 52.3737 51.3937 49.6523 71.2731 80.3721 74.1138 85.045 66.5574 72.2171 63.6912 67.8441 108.697 103.51 100.826 107.506 18.2072 19.5241 18.2099 18.8261 36.9243 38.0525 37.1085 36.4085 67.3006 61.6003 68.1911 71.064 1.08049 0 1.5343 1.09945 50.5421 47.8342 48.3394 53.4981 69.2859 55.8512 70.2183 62.4591 47.6737 78.8277 60.813 83.4511 62.055 30.0913 21.692 81.6717 56.6648 37.7809 17.6319 41.1817 56.7389 55.2546 37.3847 66.7211 56.0029 34.0591 32.4108 7.63655 68.0328 47.0864 56.7555 44.8739 83.0365 33.1433 87.2072 31.1167 53.9285 13.544 59.3841 37.9286 18.686 15.0674 56.3331 46.2621
56.7343 52.5684 58.4415 52.2017 59.4372 51.4139 54.7207 57.9515 58.0192 61.9124 52.9301 62.8804 58.9232 59.4649 57.145 61.2221 56.8623 59.489 66.3421 59.8498 63.1326 70.047 74.5535 75.2153 76.0438 74.3736 72.0035 70.8766 74.4408 70.6149 92.6886 90.3835 104.852 91.9557 85.8497 87.0608 94.9605 95.4452 17.0083 20.595 21.4846 21.6323 18.5697 17.9575 18.4642 20.0522 87.3184 83.4248 89.3782 93.4579 84.4784 85.6457 73.9749 81.4249 82.5456 73.3328 84.2055 75.0529 39.5525 34.7249 39.4256 40.7458 43.4795 39.2777 42.8528 41.2587 13.6675 16.4407 16.4509 18.0582 98.2773 85.495 67.2869 73.5082 73.6308 65.6915 28.8 26.5096 80.1896 70.9038 69.3926 67.5107 14.0887 77.4175 69.6112 38.8993 40.3271 39.868 42.0576 45.033 3.12651 2.16104 3.28542 2.20398 12.08 11.7303 13.7532 11.0898 51.619 47.9436 54.7689 53.6551 75.6843 84.4329 76.8771 83.1055 68.0959 59.9678 61.3322 70.4352 94.6607 95.9673 106.487 102.95 18.9968 15.9353 19.5947 17.3968 36.1979 35.7182 39.2348 39.7763 73.6306 63.1703 74.2867 67.3712 1.00657 1.5343 0 1.08467 46.9005 51.9194 51.2452 51.2679 66.6247 55.4099 76.7672 55.9333 51.5482 80.8766 55.0629 90.6288 55.2438 27.7643 21.2436 81.7755 51.5588 40.3931 21.4453 43.8756 54.8958 57.3186 41.8187 71.1275 56.6819 35.7568 31.7622 6.67953 74.189 52.6434 48.4125 41.294 90.4777 28.4791 89.6358 29.8901 59.1379 15.0439 64.895 31.4992 18.2568 15.7605 57.1717 40.0713
56.5927 55.6402 56.6625 61.6333 53.5773 52.7122 61.1084 64.938 58.5156 59.2149 52.8275 64.9297 64.2609 64.5148 57.4937 56.2763 60.9346 61.3489 56.3197 56.9169 57.5183 62.7875 69.5863 70.4453 72.8331 74.4202 70.7535 63.0083 71.0118 71.0331 104.932 103.398 102.06 97.9852 101.381 94.4129 96.3182 101.298 19.7078 18.4379 19.7166 24.4264 17.0825 19.4649 21.7646 23.5348 88.7694 79.0372 92.4608 81.0169 80.7442 87.077 89.6877 88.8916 74.2523 71.5833 77.625 85.5463 42.5356 38.4341 45.2279 44.7768 38.4173 36.5732 38.7159 40.5239 15.0631 16.6223 14.9935 18.0457 86.8059 86.0149 75.9763 75.9569 64.0197 75.456 28.038 26.613 84.7315 76.5127 76.1067 63.461 14.0013 76.7663 63.6681 41.7372 44.8515 42.6075 45.5712 41.2861 4.37928 3.24136 3.97521 3.22849 14.4644 11.8603 14.2251 11.7576 52.7389 47.8388 56.4228 53.0646 70.8738 75.3669 81.2728 78.4591 60.3561 65.3358 63.5339 61.051 101.903 93.2621 91.4562 108.373 18.9046 16.8346 20.648 17.0636 42.8735 38.7953 36.7566 40.2033 62.3491 61.8409 72.6484 74.3009 1.47 1.09945 1.08467 0 52.996 52.9702 46.2383 44.32 65.4054 55.7456 65.7104 57.1351 48.2419 80.6869 63.3597 85.3113 66.1506 29.4683 22.6449 78.239 63.3631 43.2218 18.864 42.7452 47.9623 54.4386 42.8357 75.8296 57.9001 34.832 33.1235 7.30112 68.8015 54.3189 55.0667 42.1139 89.7177 29.0099 81.7218 35.1392 61.7932 13.6736 63.0002 34.211 17.0027 15.9479 58.6876 47.1357
21.3112 21.7517 21.1411 23.6346 21.5807 22.7403 35.6557 37.1403 39.0312 38.6663 39.2116 40.6803 41.2184 40.6872 51.2448 50.2187 48.8277 48.9957 57.9828 51.1187 54.7486 57.952 40.5061 41.6268 40.8255 40.655 42.165 37.6073 45.2427 46.1366 53.3098 51.8375 49.6637 51.1632 48.9932 47.6712 44.4166 49.8233 35.214 33.5389 34.4406 30.3362 42.4625 42.0154 34.4009 36.5458 37.2347 38.3746 34.414 38.5589 30.911 32.7663 32.3416 32.0858 29.6714 26.7662 35.0237 29.6295 10.3731 12.6394 12.0359 13.0407 22.7714 21.184 22.0834 20.1707 63.052 65.9046 51.5452 58.6508 41.1426 41.0756 43.9413 52.9291 48.2832 49.8024 47.6464 46.1863 63.0061 57.3769 24.0426 23.1751 45.3039 71.5104 19.3054 22.5074 20.3723 20.2605 21.5477 21.3481 49.9735 51.3665 49.5356 51.4296 35.2174 38.7947 34.6617 34.8518 3.99367 3.89721 4.8373 4.73738 30.2909 28.8819 29.9477 27.4129 22.3039 19.6058 21.7104 24.5276 46.4138 48.3403 47.4506 53.0135 30.5685 32.014 29.467 34.9494 17.343 16.225 17.2232 16.2385 58.7089 61.6475 59.4304 58.2505 52.3458 50.5421 46.9005 52.996 0 1.05893 0.997167 1.28433 24.4075 41.6466 22.7545 50.9826 46.4717 32.6315 12.5679 40.3947 47.2872 40.2538 44.8026 39.3529 42.8146 44.3252 63.6508 19.4572 42.0738 19.1294 53.2937 45.3188 52.0237 14.621 18.5706 48.4841 21.1571 33.2198 45.1343 43.0775 36.002 26.621 36.3134 32.1879 50.7585 54.5948 53.876 27.8288 55.0844 58.2243 29.9815 35.9164
21.1266 21.9906 22.2809 22.8489 19.6542 23.373 40.2997 34.329 37.3184 36.8577 40.9988 42.2572 44.1258 46.3713 51.8099 52.4649 49.8129 46.5553 54.2097 50.188 52.8497 57.5993 37.3466 36.1279 43.1997 40.0279 36.943 43.7165 42.0985 45.3301 48.127 51.3161 55.2895 54.1102 46.6993 42.7461 45.5593 50.2792 32.727 31.3706 30.5229 33.0003 34.1518 34.4984 37.2819 32.9889 34.455 38.3528 37.5029 37.834 30.4683 35.1394 33.7175 33.4951 30.3786 29.2666 36.1983 31.3874 9.97436 12.6817 10.1763 11.571 25.4727 22.5023 18.6839 20.1179 52.5514 62.0958 54.0263 58.7028 39.8972 37.9058 49.4132 51.2381 47.2357 55.4341 48.5382 48.4743 62.7435 63.175 23.788 20.1805 48.3566 59.2417 19.5076 22.1434 18.6423 18.6503 18.4498 18.5168 50.5132 47.0415 48.2069 42.5459 34.7368 38.8699 38.6561 41.0596 4.96908 4.10333 5.83564 5.42563 30.5223 32.2239 31.5483 27.5149 22.8161 23.4874 23.3495 23.4918 52.6309 51.4674 47.7293 51.803 32.2624 33.7839 28.4166 28.7256 17.2882 17.9791 17.1523 18.4505 53.8857 60.9766 56.1064 52.5029 46.7679 47.8342 51.9194 52.9702 1.05893 0 1.43066 0.9159 25.0035 41.8468 27.2729 47.6832 40.7055 33.1142 12.9145 45.2144 42.4486 37.7064 46.7139 34.8765 43.7187 52.8802 70.3688 18.3701 37.2367 18.6226 51.2438 50.7018 53.3879 14.5816 17.8405 52.8266 23.6124 36.1377 46.5487 44.8887 41.6939 23.9443 38.9107 26.5551 55.3972 48.8888 57.3342 23.583 53.7818 57.326 25.8847 31.2161
20.9037 19.7091 19.9003 24.2306 20.1932 20.4951 33.4672 36.7492 41.7567 41.7544 43.7566 44.3414 39.9299 47.1042 49.4366 45.9827 47.3422 50.3505 48.2145 49.9112 50.7537 54.7574 33.1465 41.5952 41.9815 41.5984 37.7478 38.3756 41.7926 46.026 46.0736 45.3673 54.1617 55.4353 49.1267 47.6234 47.3718 45.7597 31.0821 37.0606 34.0167 31.0403 40.1919 37.1688 41.4516 36.4814 31.8249 34.8249 40.4145 35.9696 30.7523 31.5249 36.3102 37.8245 29.8929 27.6972 30.6774 30.1409 11.1199 13.1899 10.1986 12.3566 26.2936 22.1713 20.1066 20.9915 53.2297 61.9112 57.5544 63.9483 41.1151 38.2509 47.2022 53.1478 46.4615 55.1026 45.1177 52.4635 61.6195 64.9526 24.3711 19.423 46.0724 59.095 20.2264 23.4656 18.9334 18.7572 21.5832 19.3073 52.3769 49.3241 42.7154 49.4286 40.0272 42.3638 41.4143 40.0162 3.22093 2.72565 4.00072 3.50928 27.2163 30.3154 27.1611 31.5303 20.9474 19.5531 23.4451 21.4291 46.5248 49.3371 46.7851 49.3095 30.8049 33.5031 34.1891 33.2483 17.7376 18.8569 18.2996 19.1284 51.8195 56.8394 53.7062 59.6164 46.0856 48.3394 51.2452 46.2383 0.997167 1.43066 0 0.99756 21.4839 40.9659 24.0812 47.5318 42.9172 28.0434 13.9345 36.8352 48.7436 42.8845 50.9021 37.3652 41.7764 48.0142 76.2349 20.5815 37.4206 18.2673 58.1509 45.3187 57.1731 14.8316 19.4466 52.4963 20.2349 35.532 48.7462 45.0372 36.364 29.3103 35.3938 28.2759 49.9109 51.2424 50.9371 26.2765 60.4402 56.2089 31.3014 32.253
20.1281 22.0464 21.7927 23.0269 17.3847 21.4948 37.3333 37.2682 40.8948 39.2781 37.0789 44.9892 44.7717 42.5322 45.6397 50.279 44.8717 44.7235 49.5291 48.3735 53.5718 53.2522 36.5635 34.1186 42.4886 37.7336 35.304 36.0326 39.4358 39.5222 52.8117 54.3033 46.8146 57.357 49.1987 44.4933 43.2952 48.9723 30.5613 32.5722 35.2335 29.2009 35.3894 35.0451 34.1626 38.9221 36.9867 39.1506 35.2447 41.8541 30.4164 31.7947 35.894 34.5194 30.0401 29.0272 29.8853 28.1318 11.0537 11.6474 9.49996 13.6829 22.92 22.2832 23.6989 21.5457 59.3673 64.1851 55.5875 55.3086 40.4538 40.6927 43.9606 44.5962 51.3365 53.4581 45.1131 52.2995 61.2747 64.0985 23.3224 21.9538 45.8693 71.0268 18.8612 22.1233 17.5883 20.7978 20.394 20.7108 51.5881 47.4484 47.4532 49.5499 41.6971 41.0717 39.746 36.7087 3.9123 3.52015 5.313 4.37319 30.3045 29.659 27.7989 31.4786 22.6788 20.1009 23.5371 20.454 47.3311 52.0159 47.1111 51.5463 29.4183 30.7606 28.7466 32.0486 18.7198 19.6994 18.1533 18.5214 59.9499 52.1851 61.9225 53.9831 52.9757 53.4981 51.2679 44.32 1.28433 0.9159 0.99756 0 22.6817 36.1988 24.2621 55.0702 39.6344 29.8088 13.4945 38.358 45.5062 38.6836 47.6895 41.2639 50.0375 50.3273 69.1559 17.5457 36.0747 20.9061 57.7154 44.6401 49.8539 13.8712 16.072 54.9004 24.9007 37.2695 44.1424 46.2486 38.8465 26.9796 38.4324 33.0047 55.1942 54.4107 51.831 25.7351 54.6357 59.2252 31.6821 34.9439
44.1238 44.5941 43.1689 40.9875 37.6425 44.3531 60.545 56.5006 57.3081 55.0804 61.5496 57.3698 59.7675 68.9917 63.5743 71.0864 77.5287 66.7257 75.0188 75.1607 69.7724 71.2488 49.6596 49.366 51.8188 53.8614 62.9897 59.7301 59.9189 60.2852 34.5861 36.21 39.4023 42.5465 37.0103 38.8409 34.6064 37.883 57.4839 55.9348 56.6239 54.2036 56.2488 56.1091 61.2227 57.2313 30.8855 29.6684 29.3182 34.9303 26.7466 32.2119 34.1236 31.544 13.923 13.4669 16.9119 14.5227 33.5251 38.7661 35.0401 34.7382 28.7839 26.8065 27.5583 30.3549 76.3182 84.7674 81.5826 74.2821 28.3833 22.5453 61.8284 74.0277 70.037 75.0707 68.3322 72.9188 47.7342 43.7685 18.1634 20.9307 68.8692 91.3518 36.2297 48.3064 42.2448 41.1895 43.3746 41.3077 61.7824 68.9575 68.2391 57.3156 57.6283 50.2597 50.6295 57.0323 21.3317 20.7473 20.4524 20.83 26.7878 23.0139 28.4613 24.0153 32.3496 34.4387 36.0204 37.4146 39.5445 39.2579 42.4703 43.7807 49.1483 56.6331 51.4732 54.3255 28.7363 26.9753 28.9587 26.6269 44.7467 49.2631 40.8647 40.3977 69.5132 69.2859 66.6247 65.4054 24.4075 25.0035 21.4839 22.6817 0 25.7973 12.618 78.3667 66.4852 32.3318 29.269 19.0654 68.537 67.0691 59.0917 13.23 35.4345 50.0793 81.8105 24.5183 57.0923 11.1685 53.7272 32.5384 82.2112 32.8166 38.7612 70.4482 11.9944 31.1919 37.7937 47.4012 26.7166 37.1697 20.327 40.1187 39.8181 70.7647 47.3245 46.886 68.9972 60.643 16.5618 55.9312
56.8084 59.7833 55.6719 59.3509 58.6947 60.6021 68.2942 75.176 79.9154 80.0984 72.4521 83.9494 80.4777 87.022 77.7084 86.5742 79.1469 84.9977 90.8642 83.3571 97.1281 84.0578 69.5182 78.6308 70.2986 78.527 78.0984 72.7743 77.0796 88.385 56.263 58.277 61.6481 69.447 58.9618 58.6061 66.5154 66.0874 54.527 56.0656 52.9553 62.0696 60.1703 60.4113 64.7076 57.2167 51.6214 58.1608 56.258 59.7579 57.0882 53.8496 59.2174 54.3916 37.0798 36.1154 42.8474 37.8432 42.1901 49.5908 41.8935 43.7528 21.395 23.8437 24.1666 24.3491 81.7686 83.7822 73.1141 75.7982 51.5556 45.1916 79.9729 94.558 96.7174 92.3904 73.5319 72.5329 25.6616 23.4568 48.3677 49.1128 68.0225 107.906 56.4496 62.4318 61.8899 61.2296 62.3141 62.3903 55.2553 60.035 57.992 59.3699 51.3363 49.3585 43.4258 45.8434 36.4261 38.6366 43.0948 38.9532 52.3098 53.3221 47.2401 55.6019 55.3317 55.9221 59.4219 57.9078 67.2751 65.0446 64.2391 69.6597 54.4865 48.5086 50.3723 53.8584 26.0343 29.8805 25.565 27.6056 21.3448 19.4174 17.9912 17.4931 56.6931 55.8512 55.4099 55.7456 41.6466 41.8468 40.9659 36.1988 25.7973 0 35.7155 80.5085 74.4246 52.9086 52.4016 35.9285 89.1664 71.9284 43.5921 22.8728 10.9236 32.6445 82.1873 25.0145 77.214 18.2304 31.8082 8.49426 87.7926 34.6147 40.3774 52.1184 36.8715 10.1838 13.1849 25.3355 54.6927 30.3013 38.5415 30.5629 18.0238 69.3672 19.8854 61.1775 59.4734 59.1146 11.5535 65.5864
36.7559 39.5863 39.0741 37.5062 32.4275 38.2786 52.8763 49.8727 51.3884 58.1865 61.5444 62.5333 58.7191 55.0721 61.4159 63.9015 65.6311 69.1378 64.0792 73.7808 78.2662 73.0885 44.0299 50.2692 43.9424 50.1177 48.8277 50.9842 48.2942 54.9945 28.7359 30.1386 26.3806 32.1265 25.2818 23.7051 28.0362 27.8405 56.7197 53.1048 62.1669 60.1098 60.5294 61.0741 57.5833 66.5855 17.8593 17.1469 20.7152 19.4987 17.7734 18.2577 19.7954 20.599 7.96951 5.2732 7.68967 6.05634 35.115 40.4622 32.883 33.5362 35.7756 39.3549 37.4252 33.5309 84.6913 86.1275 75.6365 80.6023 18.717 15.1975 61.1897 57.7532 63.6702 67.3597 65.8272 74.6549 59.5742 52.9304 8.3673 11.198 68.8529 76.1411 25.8733 42.2066 38.5989 40.5857 40.1216 44.295 69.4643 68.7726 64.6712 75.2206 57.3357 62.3012 54.6019 59.6094 22.4174 24.0669 19.7322 23.6499 12.4532 13.1322 14.4801 15.5353 23.6834 23.7497 23.6589 28.6932 29.3037 30.7615 31.9383 26.5049 59.7163 57.3832 53.9069 59.9374 33.8425 37.3474 31.2924 35.5025 53.2118 57.5894 60.6377 55.0318 65.6546 70.2183 76.7672 65.7104 22.7545 27.2729 24.0812 24.2621 12.618 35.7155 0 63.7687 67.6887 24.5935 24.0727 19.1166 55.716 66.8876 61.118 19.744 44.6648 64.5471 94.7422 33.9116 63.0806 23.5595 71.8236 44.0654 77.0144 37.3223 43.419 76.8747 2.48737 44.4095 50.1819 52.1018 18.2539 41.2001 13.5954 44.4268 59.7899 71.0199 60.869 47.547 75.7489 75.0421 28.0199 58.7945
31.2402 31.8893 34.1017 30.9041 32.622 29.1985 16.8415 17.4327 16.3252 15.8602 11.5243 11.1258 12.1377 12.2344 5.4069 5.28958 6.10298 7.77406 1.81504 2.69889 4.58915 4.99929 28.3145 30.8089 33.1991 31.2762 25.7421 26.7872 25.5028 23.9225 78.1482 80.4159 88.4744 93.6405 77.9309 87.4701 79.6507 84.5509 39.0112 43.1179 44.6284 42.8287 42.1572 41.5737 36.7021 37.8381 65.534 72.9641 71.6995 73.7135 65.446 64.7657 66.1818 65.9609 74.0161 79.8338 83.5706 74.5201 46.9268 43.8551 39.0882 36.8512 66.0162 61.261 62.7495 64.2879 58.3518 51.3973 49.6806 49.1516 83.3136 90.8254 22.6663 20.4705 13.6976 12.3909 33.0229 37.0917 106.383 106.622 58.5059 64.9056 42.135 16.8203 44.2523 30.4818 31.4829 30.0987 30.1516 30.2736 56.0187 56.3965 58.1583 60.8583 54.896 64.0253 57.7052 63.712 49.99 54.6073 48.4301 53.208 65.4972 60.0453 61.5637 62.6224 46.3774 49.266 42.5857 48.138 84.5096 82.1353 83.4098 76.6559 43.2662 44.8056 50.5263 49.786 59.1192 63.3189 57.0485 57.2787 100.036 95.5085 115.034 112.357 59.9936 62.4591 55.9333 57.1351 50.9826 47.6832 47.5318 55.0702 78.3667 80.5085 63.7687 0 9.83233 55.9673 44.3666 89.6555 9.53601 32.5766 70.2319 80.8284 101.774 80.5829 73.0765 68.0485 10.261 64.4619 89.006 104.126 1.87343 55.4139 55.3157 71.5654 62.8036 79.162 85.694 97.9094 72.3782 61.6436 78.0001 74.6787 101.022 48.5351 109.03 29.5552 72.0127 72.3674 73.973 20.7832
26.5374 29.2141 26.4028 27.372 29.0438 22.5368 12.5785 15.5775 14.7471 15.0961 9.84899 11.9334 12.5852 13.1325 11.1091 11.6701 13.3295 13.757 12.1048 14.4157 14.025 14.9158 30.4849 30.8678 27.6056 28.4015 24.9586 25.744 24.4309 28.332 83.2845 83.0591 80.7451 82.3254 72.5508 72.3004 70.7194 76.1068 35.3645 33.4588 31.6018 30.0435 32.1675 28.089 31.8596 30.3846 64.3618 70.1235 70.8466 62.924 54.9979 62.0432 57.7834 57.9037 67.4623 66.438 69.6988 68.8636 35.8225 30.4268 33.8818 33.362 62.8529 52.2882 58.5865 55.2986 50.4022 47.4953 45.7123 47.6145 79.6065 82.2226 26.1579 22.6911 20.1555 18.3958 27.4329 24.7507 111.775 99.4395 56.2655 54.5249 38.7297 30.4371 40.3954 18.8673 23.5256 20.9165 20.9645 21.9735 49.9613 53.5154 54.4627 50.4002 53.6438 50.5165 48.4066 51.7078 42.164 41.5409 40.7557 43.58 59.0061 60.1416 62.9195 55.0464 37.362 42.6346 37.1933 40.4624 84.8574 82.9822 79.4411 79.9333 36.7433 35.4513 34.4331 38.524 53.4421 48.5746 50.8436 52.6816 96.1707 87.7488 91.2716 99.8889 55.7419 47.6737 51.5482 48.2419 46.4717 40.7055 42.9172 39.6344 66.4852 74.4246 67.6887 9.83233 0 56.1948 38.5702 83.765 11.441 21.5682 60.4344 82.7963 85.2906 84.2197 70.5138 53.1817 3.51779 57.36 73.4586 94.3545 11.6215 39.8725 39.5237 51.196 64.9333 69.5126 86.1368 71.2283 75.3138 51.6086 74.1716 52.8582 93.2341 40.6872 94.0919 21.778 62.1123 60.887 70.23 9.86458
22.9184 26.3534 27.026 28.1106 25.2949 27.8028 39.9109 40.7482 36.2287 41.0733 48.3645 40.3254 41.6931 46.2529 52.4557 52.4284 50.4626 55.1673 52.6995 58.2919 61.1105 52.3804 25.7722 26.9037 30.4592 29.0716 32.6908 30.424 32.7549 30.9081 29.3247 32.5853 32.4924 32.4102 22.8477 25.7348 26.9838 23.4244 55.6079 60.0066 62.7947 52.3212 65.3749 56.1983 67.4715 65.2763 13.3568 13.3472 14.0605 13.1721 8.9078 7.99189 8.55289 9.67863 27.3845 24.8663 24.5606 27.157 39.2568 39.2036 32.7735 35.1948 46.2814 48.3267 45.4912 49.1091 89.9459 86.4873 79.7554 85.0949 34.2788 26.6683 43.357 39.6301 43.6476 47.007 72.2836 63.4433 87.0605 87.2332 15.2552 11.9352 63.9846 64.0793 15.4021 39.0331 33.147 33.0381 32.8999 37.3244 82.3543 78.7124 78.1018 77.7679 62.2465 67.4612 67.6765 65.8999 24.5422 26.5937 24.1377 23.3584 10.4257 10.7864 9.78744 8.78564 11.9459 11.1832 11.3783 10.5984 30.3221 28.607 25.8844 29.249 62.0078 63.9668 61.6628 58.2802 46.6546 48.9745 43.6435 42.9374 72.3947 78.1082 76.5792 76.1421 78.6423 78.8277 80.8766 80.6869 32.6315 33.1142 28.0434 29.8088 32.3318 52.9086 24.5935 55.9673 56.1948 0 19.3538 38.4372 48.954 63.1489 81.9836 43.5283 65.272 80.5343 100.57 48.1241 51.7993 37.5709 83.7748 66.9425 60.0467 43.4152 42.3477 72.6357 20.4397 63.3586 63.5285 68.0515 19.0448 53.3305 29.5156 53.6506 71.8837 76.8404 71.722 44.1276 80.4963 86.721 46.3779 42.9132
11.0198 12.1788 13.8458 13.1035 8.62054 15.5216 31.9595 29.5303 30.2375 28.2146 37.1846 34.6742 36.9735 34.8713 43.9938 45.163 40.319 45.4067 42.7051 50.9551 47.2119 48.7345 26.142 26.7046 24.8214 28.4955 26.292 29.9854 29.4912 29.625 42.7872 41.0783 45.5427 44.6865 43.1755 43.3797 36.7408 39.4967 40.7946 37.5162 37.8236 38.4132 48.0273 45.1205 45.7151 43.4136 29.7467 28.0266 31.5438 32.1578 21.7853 25.8428 26.3089 26.7647 32.6854 29.8383 32.5578 27.4654 18.1973 18.8005 16.7192 16.3654 40.007 38.4676 36.5039 31.4122 62.4186 71.8169 57.0141 71.2749 41.4433 38.1385 37.8255 36.8446 44.2388 46.2359 49.4102 49.3958 77.8933 78.2037 18.2607 15.712 55.9808 53.3139 7.21832 23.105 17.8762 19.3478 16.7295 18.6684 52.7853 57.9043 57.6388 60.5731 47.1076 50.9682 46.9972 44.1758 11.4162 10.3324 11.0893 10.4878 23.6211 23.5198 24.6198 22.721 8.79349 7.85681 9.42188 9.70806 47.1197 45.3758 45.7 46.1831 36.3504 43.0637 39.9576 42.2014 31.073 34.9041 29.5009 31.1088 63.234 74.1254 69.5857 65.1206 56.5906 60.813 55.0629 63.3597 12.5679 12.9145 13.9345 13.4945 29.269 52.4016 24.0727 44.3666 38.5702 19.3538 0 43.8479 34.9206 42.7728 61.2226 45.8689 61.3006 61.4491 76.8227 34.7716 35.1745 30.3413 69.9019 58.881 46.251 29.8683 27.5379 62.7645 22.3204 46.312 57.5519 61.9533 34.9527 41.8126 41.6455 42.4774 68.1909 58.4283 61.3617 30.1131 61.7502 61.3299 36.49 32.6759
51.0478 56.7209 58.173 53.3015 51.9137 59.2261 73.8652 68.8481 66.6376 75.4737 80.2274 79.3697 77.9281 77.9934 87.7438 78.6818 80.2969 89.2056 93.1735 87.6866 89.7243 91.6489 64.612 71.171 68.7554 70.8149 63.539 76.4968 70.9783 73.2143 24.8185 28.2302 27.4169 27.199 25.6013 29.0715 25.8682 28.6521 78.0616 80.0161 75.6359 68.7945 77.0734 75.8353 71.5083 71.0556 29.8345 29.8602 32.6692 27.9892 32.0135 35.1987 32.4433 37.0721 10.2438 13.1543 12.0962 13.8344 55.9876 54.5352 46.5904 55.6948 49.6706 47.1062 45.3857 44.2646 97.662 105.568 102.18 100.557 14.0922 12.835 85.505 80.7486 83.9331 88.739 86.7604 84.9608 48.246 49.5643 24.7813 26.9085 82.9478 97.0799 47.5424 62.8598 55.9582 58.5168 57.2332 62.6896 77.5514 91.0444 77.6487 80.0143 67.608 79.6445 69.5157 65.5381 37.3123 40.2963 41.9594 38.957 25.6276 28.6128 26.4782 26.7131 46.1265 46.981 43.1587 45.5271 31.6837 27.2503 33.4532 31.8313 71.5293 64.1892 70.6783 66.3057 46.025 43.467 45.4777 48.0087 50.1669 47.6803 53.8548 47.444 81.62 83.4511 90.6288 85.3113 40.3947 45.2144 36.8352 38.358 19.0654 35.9285 19.1166 89.6555 83.765 38.4372 43.8479 0 83.8963 79.1519 78.5362 11.8351 47.8015 70.7505 100.973 39.6413 71.7899 31.3722 74.1711 38.3687 97.5044 48.1355 55.7445 87.4045 22.0058 47.8095 47.455 59.6269 23.8364 52.0107 6.89273 50.441 57.6093 86.4017 50.605 70.3041 80.5323 93.9016 29.07 77.3117
26.0688 26.2833 23.1957 24.0084 27.708 21.8417 8.45815 6.74908 7.08489 7.81613 3.23717 2.68116 2.09097 1.96543 4.38976 5.02325 5.51592 5.4378 9.2793 9.9547 9.87079 10.8563 22.1741 20.5684 20.1091 20.8568 16.2788 15.9947 17.7105 16.3003 81.2256 83.7942 82.758 73.698 73.2507 66.5734 68.1332 66.1495 42.09 40.9611 37.3378 38.5831 46.25 43.2398 42.4049 40.7522 58.7657 55.801 58.1525 58.5775 58.4168 54.9763 55.7882 54.2976 73.6988 63.7737 73.8193 66.7041 36.3595 37.4387 33.2487 36.2988 60.932 56.094 66.731 56.8483 62.8527 57.8859 58.5726 56.715 82.3345 69.6691 12.2376 12.2098 8.63621 9.05875 40.6176 39.5077 101.218 113.334 54.3368 52.5149 46.3518 20.0847 36.0887 24.3933 24.9265 23.4866 25.8703 24.9633 56.2863 64.0416 61.0236 59.6047 56.3515 63.1177 63.2169 56.5558 42.9412 44.6698 46.5542 42.4837 59.7528 59.736 58.1471 54.4073 35.3955 34.2285 38.9307 33.4222 68.7335 66.8049 72.6351 70.9712 45.8427 48.0445 49.7113 43.6832 62.7463 60.3448 60.7126 59.8873 108.307 96.169 92.2364 103.654 62.015 62.055 55.2438 66.1506 47.2872 42.4486 48.7436 45.5062 68.537 89.1664 55.716 9.53601 11.441 48.954 34.9206 83.8963 0 34.8778 77.2547 84.7827 86.5828 85.2634 84.054 57.5964 8.69234 60.3609 85.0318 94.2779 12.1555 53.0741 50.7096 63.87 64.0028 83.5193 81.128 82.2169 66.9069 57.7481 73.0895 66.6302 86.4264 50.0077 106.372 30.759 71.0082 72.8176 66.7055 19.1876
37.048 35.3031 36.0386 36.753 35.972 30.8406 33.1823 35.0353 37.9314 34.3663 28.8646 31.4495 31.2233 33.0379 34.7928 32.9053 31.4119 32.7007 32.6006 36.7175 37.8166 35.4912 42.3577 50.5707 45.3392 46.7279 42.6324 47.4418 47.5341 47.5049 87.4206 88.1614 85.3069 95.695 84.0028 78.2699 80.3126 81.0404 13.7298 11.6774 10.7661 11.6265 9.72619 10.004 8.5055 7.93188 76.2326 66.0906 78.5084 66.6475 70.1093 61.767 65.6659 69.341 64.6207 68.0583 67.4086 76.3059 27.816 26.334 31.617 27.4674 45.5381 46.5954 41.5347 45.0879 26.8982 25.6341 21.961 24.0107 82.6921 87.6178 47.5832 47.5938 38.9068 44.3043 8.20221 9.55661 85.0741 81.5626 54.6804 62.4757 16.0239 50.1086 49.0584 20.2985 25.4156 26.3283 26.2845 26.073 27.7619 30.1983 31.2568 26.3509 31.0696 26.738 30.69 27.2887 39.0591 44.6702 42.7097 44.4891 59.5763 68.5585 62.1044 59.2663 45.2267 49.3856 53.605 47.2118 85.3465 91.2348 89.9745 84.1002 16.8371 17.7167 17.3293 15.5872 42.3692 42.2692 43.1962 37.1163 85.1817 76.6127 75.2848 85.1499 27.5719 30.0913 27.7643 29.4683 40.2538 37.7064 42.8845 38.6836 67.0691 71.9284 66.8876 32.5766 21.5682 63.1489 42.7728 79.1519 34.8778 0 42.4215 83.3823 71.4662 56.1531 41.3871 47.0979 23.2914 55.7908 56.778 80.0626 31.6814 33.5828 26.7239 37.9613 55.5257 62.1627 66.4629 61.515 68.2549 38.1011 78.8652 45.4805 72.0912 21.0913 77.725 16.1605 48.0278 40.457 67.5434 16.5031
60.3868 66.3452 61.7193 61.0722 57.8623 56.6007 66.2314 66.1737 67.8125 69.9311 70.3104 72.9476 72.4952 75.6741 69.6154 72.8823 71.6809 76.9614 79.7009 70.477 79.4719 73.2762 81.3844 75.7627 85.5994 80.2403 79.8127 74.2543 72.8098 81.1908 90.221 84.5858 103.569 100.287 92.94 88.1816 94.9449 85.2365 32.0688 31.4065 33.3102 39.4075 37.1493 34.2679 37.7079 36.5166 82.3406 83.6943 88.1172 82.8245 73.4923 79.5368 86.9402 89.8287 68.7332 61.8299 66.1777 66.0071 44.2022 42.7214 41.3408 44.4585 30.1064 27.5324 33.828 27.466 40.0287 37.1493 37.583 38.217 85.8344 77.2979 89.1509 89.9783 87.6442 78.6581 49.4378 48.5864 56.0214 56.5669 62.0797 62.717 32.0461 99.1129 60.9786 50.6191 54.8117 47.3552 52.6545 58.0597 18.7239 18.1443 21.1169 18.4108 15.3173 16.1417 17.3848 17.963 55.6032 54.5013 53.4659 48.8666 81.8295 73.3799 74.7719 79.3584 65.6031 73.0815 67.9034 64.3034 97.3228 92.8902 101.001 91.8821 29.2781 29.8708 31.0799 30.8268 29.3915 31.4009 28.499 34.1017 51.6482 49.0761 49.2042 50.33 21.9748 21.692 21.2436 22.6449 44.8026 46.7139 50.9021 47.6895 59.0917 43.5921 61.118 70.2319 60.4344 81.9836 61.2226 78.5362 77.2547 42.4215 0 67.173 38.692 18.4804 30.1254 35.7541 63.9633 45.9252 17.6986 47.8267 73.2922 29.4558 30.9746 16.123 69.544 30.9848 30.6132 26.5359 89.4226 19.9426 70.1395 17.9982 37.7198 33.8833 39.5925 48.7539 9.91193 13.1849 47.0314 53.725
51.6119 52.5792 60.1009 56.1422 53.6538 62.3916 71.9606 70.3682 70.5374 69.2518 75.0701 79.4464 76.6565 75.2145 81.5545 82.5768 88.9497 88.4536 97.3329 89.9792 82.5231 85.9023 63.3378 69.4317 71.357 74.206 74.708 66.3077 68.9223 74.7086 36.6599 37.1353 41.2611 39.842 37.9375 35.8952 35.5066 37.3382 64.882 62.0442 63.4177 65.4987 76.5949 70.3099 66.1913 76.305 36.4811 36.3241 34.6426 37.9364 34.1085 36.7353 39.1144 44.3635 15.8904 16.7898 20.1736 18.0999 50.5148 52.3274 44.2931 48.1529 38.4759 38.7307 37.3446 41.5643 97.4269 97.3093 90.5882 97.9838 24.5355 22.2838 78.2849 79.4594 84.2045 78.7682 86.5346 82.2863 39.4367 42.3751 30.2218 33.4401 83.1811 106.708 49.1919 57.0116 58.0154 62.1907 52.9565 57.5571 66.7679 73.3867 68.3245 73.1465 67.7018 60.0549 61.5154 70.5983 34.2476 36.1733 35.6665 39.481 36.4102 31.0699 37.162 33.5654 41.2017 44.2228 41.8411 51.0604 38.2446 38.1515 38.9295 42.9228 68.2264 69.1106 65.5926 63.6097 35.5178 41.5269 35.0497 37.8339 40.1637 41.8427 36.0762 36.8884 79.211 81.6717 81.7755 78.239 39.3529 34.8765 37.3652 41.2639 13.23 22.8728 19.744 80.8284 82.7963 43.5283 45.8689 11.8351 84.7827 83.3823 67.173 0 34.6731 59.1284 89.7664 37.1638 74.6965 21.5273 59.3722 25.1298 82.3701 39.7487 48.0703 77.8757 22.3883 32.5554 38.1834 50.8317 33.1429 46.6245 17.5828 49.8055 41.1365 80.6465 46.1972 67.7197 75.4933 71.7505 20.0709 65.9854
68.5915 66.6859 60.8335 69.1977 60.264 61.38 77.1244 76.2393 86.2141 84.0668 85.1855 92.852 83.5476 85.9512 92.6746 82.2585 93.5674 89.3396 89.0271 92.4789 88.6413 89.1239 74.588 87.682 87.9505 82.3359 76.8309 88.2984 79.8872 86.6913 70.7533 71.1475 78.7165 80.1888 73.2633 77.1152 77.4997 72.5883 60.5224 52.7208 58.0796 59.6338 62.1603 57.6472 65.9032 64.9393 67.8627 66.9968 62.1017 64.5286 67.5058 60.7866 71.3047 65.1682 48.0898 47.9997 49.423 52.0692 53.4038 47.1204 48.0319 55.2812 21.8849 23.6253 25.3927 28.2371 68.5278 79.6775 73.655 67.375 61.7996 62.4562 94.3447 88.1196 99.3126 89.4467 74.0332 76.9288 21.9254 17.9533 58.2528 57.2453 67.8563 107.017 62.8315 60.5574 60.7575 56.1572 68.5322 58.099 56.2408 59.4508 49.872 50.5623 42.8068 47.4061 43.6509 50.2397 43.5523 44.0834 50.1418 48.4475 60.8104 57.4655 65.3069 67.1171 61.8841 59.2169 69.8735 71.041 80.2745 79.5258 71.2709 68.6954 51.638 48.2765 50.254 56.9892 28.2523 32.6949 29.5213 30.1325 13.6055 11.8019 12.3224 12.2134 61.4832 56.6648 51.5588 63.3631 42.8146 43.7187 41.7764 50.0375 35.4345 10.9236 44.6648 101.774 85.2906 65.272 61.3006 47.8015 86.5828 71.4662 38.692 34.6731 0 22.0625 75.617 27.5488 84.1035 27.6333 27.5398 13.8403 90.2537 38.0922 38.3334 55.1085 48.0674 9.47001 3.73968 15.1012 58.9331 28.5906 47.5258 27.0493 6.62544 67.9205 10.5437 63.7931 48.2499 54.3513 18.2045 71.1305
72.1659 67.4463 69.0528 68.1428 60.2626 64.1461 85.1549 86.8613 83.6598 83.5792 82.4563 76.3849 85.5158 89.3352 79.2405 82.7884 89.1663 83.5088 90.0579 97.3697 96.1214 97.925 84.7031 85.2387 91.9342 91.757 90.0358 81.1139 80.6044 85.4307 81.8075 80.4483 83.3961 81.1645 86.384 77.9512 81.3894 82.2818 49.384 49.9861 44.5262 46.0273 49.1915 46.8696 56.8225 53.8017 71.7369 80.8324 82.988 74.0791 69.6472 81.7999 76.0603 74.4368 58.4082 67.8791 66.461 66.3765 50.2384 50.0626 53.935 54.7269 26.2878 23.7191 28.9727 27.6198 54.6145 61.7362 56.5262 54.1636 80.0858 67.2155 100.676 89.8049 86.2885 101.235 69.3229 69.5823 39.6636 40.6318 61.1017 69.8165 54.9562 102.57 70.4431 64.2595 56.5674 64.9447 58.4998 57.7471 34.7512 41.9486 39.7963 39.0909 31.4197 33.7827 34.5446 31.3009 56.1174 48.9037 51.8361 52.5627 66.7389 79.4698 80.1196 66.7626 74.7073 69.5317 70.6053 67.1405 84.2386 80.8624 88.6909 96.2018 40.2808 40.9719 42.5255 42.7216 34.0708 29.0504 29.0932 31.4686 26.8607 28.1591 30.1375 26.8116 43.0871 37.7809 40.3931 43.2218 44.3252 52.8802 48.0142 50.3273 50.0793 32.6445 64.5471 80.5829 84.2197 80.5343 61.4491 70.7505 85.2634 56.1531 18.4804 59.1284 22.0625 0 49.9957 32.8322 77.6316 35.495 4.83145 37.2667 86.7907 34.6204 37.9502 37.4729 61.7236 18.1628 15.864 6.12945 83.1406 24.6666 68.7025 20.2148 17.2528 55.5262 22.3398 58.56 28.3885 32.9855 35.4121 67.1837
80.4083 73.6306 81.1349 78.6279 76.0706 70.3141 80.4217 73.6396 74.0671 78.0707 72.5746 74.7094 79.094 81.4955 68.37 83.4204 75.7225 81.3579 70.1602 73.6452 70.0792 82.9926 83.221 86.2375 85.4714 89.3936 77.4788 82.077 96.9462 93.8598 125.128 124.379 118.031 115.082 122.183 118.854 119.452 125.792 36.6227 41.2602 39.1034 38.9586 35.9656 35.9088 40.4684 38.0785 96.5898 101.648 112.411 99.6313 101.601 94.3346 108.346 95.3475 97.1989 93.8113 102.194 96.6392 59.663 61.0023 62.1119 60.6483 57.7503 57.8446 63.5306 58.9617 19.7382 18.0656 21.4731 22.6758 108.284 99.7084 87.6654 86.1687 83.7184 77.2147 40.7201 38.1219 99.7547 91.0085 89.8238 98.1749 27.1633 94.3787 82.5613 58.7708 59.8344 57.2053 68.5956 68.7618 22.0982 21.9869 20.4799 22.0576 29.5663 33.2623 31.6609 29.0264 79.7102 68.4396 68.6573 76.673 88.2438 87.9753 92.5911 99.0734 83.066 89.2135 81.499 87.5343 113.672 115.211 119.975 114.119 37.3776 36.5762 35.3966 35.6533 54.8493 56.875 62.0148 55.0394 77.7396 85.1972 76.756 79.095 20.9173 17.6319 21.4453 18.864 63.6508 70.3688 76.2349 69.1559 81.8105 82.1873 94.7422 73.0765 70.5138 100.57 76.8227 100.973 84.054 41.3871 30.1254 89.7664 75.617 49.9957 0 61.2722 67.3957 69.1253 52.4624 79.0302 66.0961 54.3551 54.2033 20.322 90.4468 66.167 72.4405 56.738 117.137 46.3112 108.327 47.9031 77.5512 23.4399 71.9626 51.8148 21.7647 19.343 82.5282 60.6706
43.11 40.3958 41.2977 42.1229 38.6208 37.654 56.0796 53.3945 54.9183 53.2653 61.133 53.3821 60.1478 55.561 60.6361 63.8122 58.8521 60.6533 68.9516 65.6595 74.2639 71.2991 54.8334 51.3511 62.3018 57.1513 52.6748 58.2379 63.7866 66.9738 58.8529 57.7569 66.4646 58.9393 59.8568 61.348 57.6794 53.2903 32.8409 32.9214 33.4956 37.9667 36.8392 38.8111 42.2562 37.5122 45.1143 54.2814 47.6176 47.0781 41.7082 48.2527 53.3274 51.6696 34.6564 38.637 37.713 38.3978 21.1527 24.1876 23.6389 27.0019 4.71996 6.45516 2.55331 4.36182 52.1359 62.2617 53.5228 56.0606 51.3428 48.137 70.3492 66.0811 70.5532 75.3049 50.8972 50.0047 47.2067 48.378 36.9615 37.8494 43.7838 88.7954 38.469 33.2017 32.8826 38.1217 33.2968 35.7377 35.9659 44.6228 37.5993 43.9726 28.442 29.4377 31.3116 31.9342 19.7686 21.3188 23.3119 21.9518 40.5602 38.62 46.4874 45.6175 38.8257 37.2391 43.9193 36.8241 55.6199 54.6719 66.4203 67.4024 30.7467 33.3581 30.5118 33.3347 3.76632 4.70348 4.24598 5.61229 37.3439 38.8873 39.7038 38.5891 38.826 41.1817 43.8756 42.7452 19.4572 18.3701 20.5815 17.5457 24.5183 25.0145 33.9116 68.0485 53.1817 48.1241 34.7716 39.6413 57.5964 47.0979 35.7541 37.1638 27.5488 32.8322 61.2722 0 54.8162 12.9055 33.2795 29.8707 71.1087 11.1473 16.7712 43.2618 30.6303 17.5425 27.76 29.8691 49.0336 13.55 43.1878 14.2769 31.1659 48.435 36.2432 32.9638 44.5435 39.4522 17.6059 49.7703
22.6055 25.5857 25.8471 22.6946 28.8383 20.0948 10.1823 11.5029 11.5018 13.5728 6.43046 8.14383 9.22506 9.81986 9.77171 10.7792 12.3194 14.0468 11.4807 13.0898 14.8542 14.3713 25.2116 28.7219 25.1341 29.188 21.8111 24.4223 21.8991 25.258 71.348 80.5348 79.7108 81.9011 79.1052 68.8561 76.1093 77.775 35.8017 36.0144 30.4445 29.7945 31.0284 29.1646 28.4233 31.2351 67.2676 67.7545 63.755 67.7171 52.8548 58.5987 58.0379 57.8331 72.1625 60.826 73.8766 60.419 33.4603 29.9364 33.8938 27.2549 57.0251 60.6973 56.8572 53.2173 48.9456 45.6192 50.7061 44.5614 78.3985 75.2537 22.3642 23.3576 18.6493 19.0245 26.1034 27.5255 111.348 98.1764 59.0507 54.8697 37.8833 27.0846 32.1719 17.9957 19.7337 21.5773 21.0244 18.49 49.5298 51.6603 47.6701 50.6976 48.9964 48.8032 47.4509 49.0749 40.213 44.8934 38.4882 40.6056 55.325 58.2594 57.8113 54.389 34.4324 39.0998 40.7312 39.4271 79.2198 72.1758 70.9359 75.8415 34.9163 35.4698 33.3032 39.7607 47.5808 49.9374 55.9422 52.5949 92.4684 84.5846 93.844 101.861 50.3387 56.7389 54.8958 47.9623 42.0738 37.2367 37.4206 36.0747 57.0923 77.214 63.0806 10.261 3.51779 51.7993 35.1745 71.7899 8.69234 23.2914 63.9633 74.6965 84.1035 77.6316 67.3957 54.8162 0 64.0316 86.8774 81.3756 13.4901 47.3372 41.8222 58.6844 58.7389 70.3762 83.2194 75.9696 69.3719 50.7301 67.8881 52.2687 89.9314 44.8256 92.5306 22.9745 66.1218 60.5494 66.2296 8.46215
39.0249 39.3849 40.9581 41.0883 35.2112 39.9158 57.0633 62.9225 58.0544 62.8114 56.7983 66.7991 65.2976 59.1768 74.4377 71.2303 63.292 65.0373 73.2191 70.4864 71.3021 72.3253 56.6833 52.9152 52.168 55.6878 56.9393 60.3868 63.9554 59.9923 45.2672 45.2234 45.6145 48.9182 40.8859 47.1484 47.1065 44.9567 45.5988 43.2704 49.4697 44.4623 51.2277 52.6749 49.1236 48.96 41.5629 38.9186 45.2456 40.0429 37.2683 42.1379 40.0908 37.8757 23.4981 22.0875 25.9119 24.0774 29.243 27.7778 27.9898 33.6488 14.8154 17.4406 13.9808 17.221 67.6863 64.2904 66.7494 68.1213 38.8618 32.4405 61.8724 69.1865 76.5375 78.5583 58.7659 60.6961 39.275 44.9872 28.0559 28.4999 61.0574 86.003 38.5895 38.7635 42.26 39.2608 41.7456 43.3658 48.1079 51.4741 54.0012 51.0533 43.3705 45.0792 38.9994 39.5862 18.4843 20.6885 18.6902 19.2608 35.3944 33.0613 31.5077 37.1979 34.8285 37.197 37.2698 39.7629 52.181 49.532 46.6101 52.2614 41.9297 39.343 38.3407 44.6877 15.655 19.1235 15.0781 15.8989 39.6894 38.2313 38.3592 39.4901 56.5235 55.2546 57.3186 54.4386 19.1294 18.6226 18.2673 20.9061 11.1685 18.2304 23.5595 64.4619 57.36 37.5709 30.3413 31.3722 60.3609 55.7908 45.9252 21.5273 27.6333 35.495 69.1253 12.9055 64.0316 0 39.8291 26.1453 67.4786 23.9167 27.5907 56.8676 22.5807 21.2928 30.8071 38.2861 39.1166 26.9457 31.6784 24.1209 33.8349 66.2132 40.9676 38.5554 56.782 53.5193 8.92765 51.185
74.6669 74.8503 69.663 69.0071 65.1318 73.1539 74.6945 79.3563 78.2656 85.0997 76.6091 89.9578 86.9338 87.3891 97.6759 86.9412 88.2621 91.1109 84.7852 97.3537 93.8491 101.5 92.5331 84.714 87.3268 85.1607 88.3574 95.0104 84.8677 95.7443 93.1983 92.0661 100.143 90.6329 93.0558 94.7556 95.431 95.2238 46.2348 47.4953 55.0336 51.2925 46.877 55.9975 49.4841 59.2832 86.4127 89.2234 80.9867 79.9043 85.3896 88.6759 87.1786 83.5965 66.5795 71.0495 75.3974 70.1568 50.7817 57.2756 50.9428 55.3715 28.3296 27.1122 30.6929 32.7794 53.5428 58.2363 54.5148 56.5752 74.3152 79.5062 93.3823 98.3326 101.68 96.6068 61.2135 65.9482 39.3717 40.5979 76.5846 69.2165 51.0886 106.478 77.5717 58.3294 59.6002 69.5825 61.0906 68.1607 34.5131 35.4339 36.6074 40.5802 28.8046 33.4107 34.5671 36.1651 57.4509 59.3414 57.1739 57.9599 77.6949 82.6431 78.217 84.4665 68.5131 75.5962 74.9596 69.8959 91.2239 103.006 95.2633 97.4044 40.5087 44.6015 47.6625 44.1602 33.2454 35.6811 33.2594 34.1015 30.0316 28.0974 32.4221 31.5224 40.3432 37.3847 41.8187 42.8357 53.2937 51.2438 58.1509 57.7154 53.7272 31.8082 71.8236 89.006 73.4586 83.7748 69.9019 74.1711 85.0318 56.778 17.6986 59.3722 27.5398 4.83145 52.4624 33.2795 86.8774 39.8291 0 38.2057 87.2952 42.439 44.549 32.9653 66.6451 23.498 20.1541 10.1958 80.6327 28.012 72.5648 25.8142 24.9234 55.4017 25.072 52.7404 23.7293 25.9009 38.6372 71.7999
73.0199 66.4308 75.4682 71.079 67.0695 68.8237 80.0001 85.4546 79.0148 78.7429 95.4044 91.2127 95.7532 83.0615 90.0318 99.369 95.2951 105.058 95.7357 107.102 99.7393 108.63 81.5069 84.2503 82.7821 78.3808 78.5301 87.182 79.931 83.9323 65.5233 63.3119 67.9355 66.406 65.3195 64.5486 65.4526 61.1761 60.6661 66.6874 63.7697 69.4254 76.5189 76.7338 69.8871 71.341 53.6016 61.4438 56.6519 63.5998 56.8985 65.1341 64.7121 65.948 42.2731 41.0356 44.6945 42.7349 51.1949 55.1655 55.2684 52.1717 30.4003 33.2779 35.4426 32.2867 78.0539 89.2565 85.9885 86.2118 50.8475 51.6923 103.562 96.7396 94.9641 107.643 90.4631 81.318 15.4375 16.0555 48.0704 47.8673 67.6544 103.353 60.0384 68.424 59.2745 65.3432 69.6961 65.0143 60.5811 70.3478 63.0591 66.9093 56.1801 61.1507 54.8464 60.0845 51.2679 46.2345 48.8543 50.3551 54.8679 54.1363 52.6362 52.1614 57.7771 64.0194 61.9907 68.4499 71.2443 70.8506 69.9631 72.1499 60.7769 56.5239 57.427 66.9551 35.6029 35.28 34.3737 37.9375 14.8316 16.6831 13.2478 13.5714 63.6982 66.7211 71.1275 75.8296 45.3188 50.7018 45.3187 44.6401 32.5384 8.49426 44.0654 104.126 94.3545 66.9425 58.881 38.3687 94.2779 80.0626 47.8267 25.1298 13.8403 37.2667 79.0302 29.8707 81.3756 26.1453 38.2057 0 100.566 43.7549 53.3736 61.332 47.6374 19.8625 18.8308 26.771 60.0909 42.9639 45.2189 35.7417 19.4947 74.9069 16.8402 66.339 64.743 68.1873 16.924 76.3692
32.4 34.8563 36.1429 33.795 34.9332 30.0684 18.3109 19.9585 18.0802 19.8002 14.1455 12.641 14.3384 14.5715 7.28743 7.19907 8.50036 8.86946 2.1866 3.28226 4.63308 5.86495 29.6271 30.0983 32.2904 32.7742 28.8052 25.1007 25.0158 28.1424 81.9891 91.0437 95.8744 89.0334 88.5726 78.9902 82.1339 87.3522 47.5451 44.8429 43.9805 38.1555 38.7366 42.0388 41.5682 40.5147 74.6158 72.3768 77.0471 73.9797 63.9755 71.1622 60.7729 72.943 77.8529 72.3777 73.5004 83.2557 43.0561 42.7576 45.4646 37.7929 65.6193 68.4546 68.4957 64.1202 52.5643 52.8476 51.3944 54.9082 87.4257 90.2838 22.7338 20.108 14.0198 12.9627 30.5477 34.8877 104.539 105.003 69.5157 65.0666 43.5665 18.8613 47.3722 31.284 34.6829 30.8888 34.6263 29.9292 60.4909 57.8176 55.915 62.0563 63.0612 66.3489 59.0195 59.9416 55.085 49.6087 52.4464 52.8903 62.7387 72.0538 70.973 63.9081 49.8378 42.9817 49.977 50.9035 79.1565 90.9806 77.3035 80.0044 47.2268 48.2081 44.6898 45.157 62.9716 63.998 66.4169 66.1468 108.75 105.32 100.113 97.1212 62.8148 56.0029 56.6819 57.9001 52.0237 53.3879 57.1731 49.8539 82.2112 87.7926 77.0144 1.87343 11.6215 60.0467 46.251 97.5044 12.1555 31.6814 73.2922 82.3701 90.2537 86.7907 66.0961 71.1087 13.4901 67.4786 87.2952 100.566 0 55.9056 55.3776 68.0849 67.8595 93.7887 86.2054 87.2312 83.1593 64.3614 89.0964 70.0157 102.794 49.8204 112.809 30.3268 77.6357 71.9587 88.3841 20.567
32.3887 34.3372 34.9586 33.9711 29.2578 33.0438 47.565 40.5384 46.1157 50.1096 42.2996 48.1263 48.6181 51.7384 52.9926 53.5896 49.3451 57.5799 60.3967 60.0815 56.5524 52.9194 44.733 45.2028 51.0884 56.0905 50.4388 51.2795 51.8309 56.3481 56.8412 58.4689 64.0747 61.4095 64.1792 61.161 65.4486 60.9236 24.6305 25.4357 25.1407 25.5412 27.7382 29.7114 31.9403 31.8036 49.0023 50.7841 54.7151 50.0156 46.7076 48.2932 48.6279 49.1219 39.9781 44.3318 46.1089 41.7445 12.0925 12.9121 14.5625 14.1938 15.1242 11.5776 13.2211 11.226 49.4241 49.1119 42.4594 49.1351 55.7188 52.2889 57.4706 51.9732 56.6398 62.7673 41.4471 42.1689 59.4805 61.0664 39.6169 36.9778 33.4326 65.5889 35.5775 23.4629 21.7639 22.2163 25.4139 25.4346 35.4355 32.3821 32.3312 30.4187 21.6106 25.5678 21.5341 22.5345 20.2322 17.6329 17.7673 19.5036 44.591 45.1009 44.8958 45.9425 35.6387 35.7191 34.6076 38.8959 69.528 66.2377 66.8173 63.648 19.8886 19.9819 20.3637 22.3194 8.76202 6.80697 8.32706 6.76342 46.5286 46.6383 50.094 50.6873 37.665 34.0591 35.7568 34.832 14.621 14.5816 14.8316 13.8712 32.8166 34.6147 37.3223 55.4139 39.8725 43.4152 29.8683 48.1355 53.0741 33.5828 29.4558 39.7487 38.0922 34.6204 54.3551 11.1473 47.3372 23.9167 42.439 43.7549 55.9056 0 5.13865 36.6623 31.5268 27.2346 37.8792 39.2904 48.3086 11.8293 49.5816 14.9661 45.8672 37.1698 46.9701 22.0413 39.8626 40.0763 26.1576 35.6395
34.0369 31.9125 28.6828 33.8839 32.0943 27.6729 44.0146 39.8957 42.5597 45.1316 44.1217 42.7534 44.5988 47.3028 43.9599 45.0021 52.2835 46.9663 50.5519 55.0105 57.004 50.4288 49.6857 47.319 46.0822 47.1851 42.8575 46.5855 46.4906 55.2748 71.0655 68.4523 67.4895 62.8577 61.9344 66.7765 70.0741 62.6559 17.0996 16.7367 19.1235 16.9681 25.518 22.7998 25.404 24.4103 56.9608 49.0756 59.7731 60.5548 53.1495 50.8464 48.8359 48.6345 46.2421 48.5441 48.1338 50.7259 11.4894 11.4107 13.6192 14.526 18.2288 14.8309 16.9906 14.4896 42.6302 46.0693 37.8897 39.8246 58.0439 62.1414 52.4723 50.2624 54.6287 56.8482 34.0019 36.2363 69.0681 63.5637 39.3595 42.293 28.5725 67.1775 34.9984 19.4669 22.0693 21.2308 21.7605 24.4228 32.0806 28.1849 26.6303 26.6735 19.973 22.2304 19.2112 21.0276 21.8958 22.475 20.6405 20.5776 50.0166 42.7977 49.3341 46.1896 36.1348 37.2725 36.2292 41.2643 61.3166 69.9234 64.7323 66.0012 15.4458 17.0083 14.3397 16.2447 12.743 11.2623 12.253 12.4271 56.5342 55.6749 59.7524 57.1691 32.1419 32.4108 31.7622 33.1235 18.5706 17.8405 19.4466 16.072 38.7612 40.3774 43.419 55.3157 39.5237 42.3477 27.5379 55.7445 50.7096 26.7239 30.9746 48.0703 38.3334 37.9502 54.2033 16.7712 41.8222 27.5907 44.549 53.3736 55.3776 5.13865 0 32.2744 41.8148 36.1982 39.3012 38.4207 51.0358 13.5045 54.6949 16.4933 48.242 34.8726 52.9821 18.84 40.8317 38.3786 35.137 30.6564
59.9375 59.8415 66.2362 66.0301 62.8013 57.7345 69.7406 62.9771 63.3138 66.4314 58.3889 61.9296 60.7339 70.4766 72.1611 70.9692 72.6791 76.835 71.3663 67.2876 65.7494 75.3079 79.9065 81.5974 81.1779 71.7363 70.2264 78.0667 76.6802 75.6989 108.078 92.0455 106.806 107.42 86.8948 96.0444 88.4554 100.46 22.5353 26.0964 28.3125 26.7994 25.6639 24.5397 29.1923 27.7908 93.197 85.7859 81.6195 81.8128 83.8993 84.3685 88.0381 83.3225 84.2994 76.6038 80.4892 77.4862 45.7494 44.9456 42.622 47.0084 41.6443 36.6454 37.2188 33.8902 22.317 22.4883 21.5853 26.6976 97.1781 85.0989 78.5438 75.1349 81.4291 70.7464 36.8336 34.0683 71.3749 76.4893 72.9778 76.0128 20.505 89.1373 73.255 42.0903 49.0319 49.7778 49.0651 53.9553 4.56736 5.31521 5.20238 5.8128 10.9672 11.114 13.3288 12.7877 52.5909 49.8728 51.0795 50.9503 78.0825 71.6124 73.7241 72.2176 71.3342 63.4798 70.746 71.0916 105.742 99.4191 93.3049 99.2777 20.7931 21.62 24.4074 20.9096 39.4559 37.316 36.6449 39.7952 68.8205 63.632 63.3507 58.8373 6.90722 7.63655 6.67953 7.30112 48.4841 52.8266 52.4963 54.9004 70.4482 52.1184 76.8747 71.5654 51.196 72.6357 62.7645 87.4045 63.87 37.9613 16.123 77.8757 55.1085 37.4729 20.322 43.2618 58.6844 56.8676 32.9653 61.332 68.0849 36.6623 32.2744 0 71.6088 48.9896 43.9639 41.0051 85.1745 26.4024 79.4185 27.4507 48.4396 21.5944 57.3618 39.0715 11.4285 8.44474 54.8638 46.9066
30.9209 33.7635 33.9658 32.8456 31.6508 37.4765 46.2961 51.9384 56.8976 55.1896 57.0667 58.1204 59.7234 57.2629 57.3796 67.3876 67.6392 59.0957 70.7102 61.818 70.0771 71.6393 46.9032 44.8791 43.6027 45.6901 51.7734 48.5918 49.1792 53.6854 26.6181 29.9847 28.9913 32.285 26.2311 27.1524 25.6959 26.3303 54.4866 52.9076 59.7904 52.4113 64.0488 64.394 57.3176 64.0926 16.4931 19.7389 21.422 20.9928 17.7604 19.2229 21.072 18.9904 9.9975 7.65321 11.2069 8.04598 34.0157 37.4755 30.3457 34.8766 34.4272 38.8976 35.3399 34.8774 84.1158 79.5382 73.4796 74.5267 22.8006 18.8615 52.1913 60.9829 57.7873 71.0413 76.2032 76.893 62.6311 56.4549 7.28378 8.12822 68.336 74.8611 23.6896 42.1165 37.1972 38.5054 35.4129 40.7292 73.0059 70.8662 72.1217 61.6428 54.4169 64.3221 62.4279 63.713 20.1565 20.6358 17.7751 17.4798 12.3492 13.8977 13.7215 12.9372 24.2292 22.1859 24.6681 22.9882 29.142 31.4994 28.0798 32.2472 51.3656 51.4853 51.0151 56.4435 37.0163 32.2201 31.5381 33.2763 58.7694 61.1845 61.2441 55.3025 66.0609 68.0328 74.189 68.8015 21.1571 23.6124 20.2349 24.9007 11.9944 36.8715 2.48737 62.8036 64.9333 20.4397 22.3204 22.0058 64.0028 55.5257 69.544 22.3883 48.0674 61.7236 90.4468 30.6303 58.7389 22.5807 66.6451 47.6374 67.8595 31.5268 41.8148 71.6088 0 39.9641 47.3584 57.7346 17.1946 42.9635 15.5234 41.7612 50.0985 79.2013 59.9893 46.4884 70.0131 66.8714 26.1381 48.8875
61.6516 55.9105 58.1113 57.8664 53.9436 63.8975 65.6336 75.7585 79.0203 68.12 70.973 70.6531 74.5829 79.4989 74.3241 80.423 87.243 89.8829 91.1951 80.2618 82.4846 86.6942 74.6704 79.845 74.3544 74.5408 82.9587 73.4643 71.3899 79.6621 70.2018 67.4196 72.8079 65.5069 69.1037 66.6053 62.3285 67.2325 51.2256 46.5849 49.3739 49.053 56.5626 53.7387 58.7391 52.0186 60.1229 56.4764 63.0697 60.6415 62.2813 59.7957 58.9255 64.0612 44.1499 42.7051 50.4121 50.478 37.261 41.0164 45.2278 40.9261 16.3875 16.9899 18.2641 20.4805 58.7271 61.5941 58.967 72.728 58.2851 59.503 91.935 87.7174 87.512 84.7851 68.5069 64.2146 28.2966 29.3643 51.8977 50.9067 59.1013 100.285 59.6273 57.2726 56.0564 49.8627 54.3546 51.0426 47.3812 52.6289 43.2003 51.137 38.5716 41.3765 37.3468 40.964 41.192 37.5874 41.6155 36.8593 54.0672 55.17 51.7178 60.5307 61.6155 62.6594 57.9367 58.6049 64.7874 71.4792 78.7606 74.2325 43.071 48.6182 46.9177 49.5863 22.1026 20.8115 22.8972 22.7936 23.6485 20.5089 19.2331 19.3602 47.0321 47.0864 52.6434 54.3189 33.2198 36.1377 35.532 37.2695 31.1919 10.1838 44.4095 79.162 69.5126 63.3586 46.312 47.8095 83.5193 62.1627 30.9848 32.5554 9.47001 18.1628 66.167 17.5425 70.3762 21.2928 23.498 19.8625 93.7887 27.2346 36.1982 48.9896 39.9641 0 7.75113 15.028 60.7904 23.8921 44.2193 20.2322 14.2613 63.3112 16.2273 51.9171 42.2184 43.0947 15.1779 62.3186
71.8877 72.4112 69.1553 67.5941 68.6974 71.689 82.1849 77.3444 79.1877 83.3988 76.6943 85.6996 79.3504 80.1873 87.348 96.8895 88.7662 99.5816 91.7484 89.1944 101.123 91.9276 86.1686 84.3233 89.8594 80.4379 79.0042 90.2444 77.7365 79.4822 72.0338 69.2959 70.5846 82.6962 77.9334 68.3965 73.8024 73.2148 54.1476 49.3455 59.6547 58.9733 56.4483 65.2925 54.3739 59.4687 73.5664 68.0623 71.7424 70.449 62.5787 67.7592 72.6555 76.7145 51.4887 46.237 50.3446 52.4716 48.6778 53.1894 51.3705 56.4963 21.868 24.4697 23.6415 25.028 69.2146 75.6108 73.8702 77.6689 56.8893 54.8701 88.6721 102.43 88.4667 95.3885 76.4573 72.3644 25.3887 22.0246 51.7893 51.1741 55.6618 101.829 66.7152 57.7919 54.5108 55.1027 56.8836 65.4669 54.4859 48.9407 48.8062 48.9308 41.1669 45.6267 44.8195 39.9871 44.4108 44.5456 43.4701 47.8143 58.7268 56.9463 68.5439 63.4955 68.2771 63.7506 67.9806 60.5584 82.8529 84.0032 72.1019 82.4734 50.7798 53.9014 49.2346 48.0987 26.9208 32.038 27.8431 28.4855 14.267 15.2117 13.7971 15.4451 48.2741 56.7555 48.4125 55.0667 45.1343 46.5487 48.7462 44.1424 37.7937 13.1849 50.1819 85.694 86.1368 63.5285 57.5519 47.455 81.128 66.4629 30.6132 38.1834 3.73968 15.864 72.4405 27.76 83.2194 30.8071 20.1541 18.8308 86.2054 37.8792 39.3012 43.9639 47.3584 7.75113 0 10.7857 68.989 26.7133 57.2753 25.5781 7.07356 68.936 11.1575 61.4536 44.3044 44.3942 19.5264 75.9569
67.0849 63.9332 68.4951 62.6506 63.8154 72.436 87.7441 77.6207 86.7488 84.8656 83.0083 84.5048 81.0742 77.2484 91.8941 80.6479 83.2508 97.3016 82.3906 93.6366 96.2357 95.2278 91.8743 90.8989 92.8369 80.2056 87.5397 78.8425 87.1021 97.6786 78.0196 79.2624 77.2884 79.6859 81.8003 73.0549 85.873 79.7038 47.8734 49.3935 46.2948 57.0202 58.5164 50.5855 55.9996 56.5529 79.5492 77.0529 72.4213 72.7855 75.7035 74.9377 81.0738 71.0238 55.6834 63.0262 58.8276 59.2791 43.6705 48.0173 51.5839 53.9835 21.507 26.4018 24.9462 27.573 63.8951 61.2065 57.3942 65.7916 64.1338 74.1825 101.744 102.873 90.661 96.4809 61.2469 70.813 35.9565 29.7826 68.8438 65.6458 53.9743 96.392 66.3271 64.022 59.6265 62.7892 63.3861 62.9175 41.0125 46.6447 40.6405 47.3986 33.4818 36.4642 33.7934 33.1804 46.9328 48.8879 48.8181 50.5496 66.1458 73.0147 74.8313 65.1819 70.3966 74.0205 63.4921 71.3966 77.0476 84.5323 80.3511 81.6712 41.0053 43.9407 47.9175 48.5357 30.7428 30.9848 33.2722 32.1242 22.9534 21.4041 22.6912 23.3888 42.0379 44.8739 41.294 42.1139 43.0775 44.8887 45.0372 46.2486 47.4012 25.3355 52.1018 97.9094 71.2283 68.0515 61.9533 59.6269 82.2169 61.515 26.5359 50.8317 15.1012 6.12945 56.738 29.8691 75.9696 38.2861 10.1958 26.771 87.2312 39.2904 38.4207 41.0051 57.7346 15.028 10.7857 0 69.7317 25.3324 65.2473 19.659 14.6767 62.7669 16.4369 52.212 36.2528 39.0477 31.9724 70.6805
40.9955 44.0812 44.3938 41.203 43.0738 45.102 58.8472 59.5325 51.462 54.9784 61.8558 58.204 62.4677 61.7788 72.034 69.0057 73.6304 71.6638 70.4764 80.4944 80.6862 72.979 46.5153 50.4053 48.3464 43.342 48.2542 50.773 49.4747 55.9981 12.4194 13.2203 13.3029 14.3026 7.45382 7.21926 8.91109 10.11 67.6377 72.0471 70.6606 67.548 70.7099 82.8675 80.3027 68.2499 4.74121 4.45732 5.94815 6.7879 9.34251 9.60692 10.8112 10.776 15.5302 16.5902 13.2812 15.6481 50.1566 53.6166 43.476 52.4985 56.77 57.3231 51.6829 53.8981 100.515 98.7366 93.048 91.3885 15.6049 11.4307 64.0445 63.9822 70.3132 74.902 89.3008 84.0262 79.596 72.5463 14.828 16.809 80.2237 82.7147 32.7125 52.9414 54.6264 46.1971 52.8073 53.9705 87.1625 93.9275 89.553 82.1143 74.5724 84.0463 71.2544 72.9872 36.5313 36.3538 31.4401 35.7544 9.52595 10.5324 9.98301 10.2188 28.7306 26.9765 29.8489 29.1218 11.9537 11.448 12.4555 11.7559 75.9138 68.8585 76.2218 71.3909 54.4471 48.1905 55.178 51.7835 71.2778 69.5155 72.5218 68.5171 81.8323 83.0365 90.4777 89.7177 36.002 41.6939 36.364 38.8465 26.7166 54.6927 18.2539 72.3782 75.3138 19.0448 34.9527 23.8364 66.9069 68.2549 89.4226 33.1429 58.9331 83.1406 117.137 49.0336 69.3719 39.1166 80.6327 60.0909 83.1593 48.3086 51.0358 85.1745 17.1946 60.7904 68.989 69.7317 0 65.2846 17.1936 67.4429 74.4095 96.714 70.4478 56.2364 99.7886 95.9848 43.3289 58.6351
48.6676 40.9846 45.3577 44.0107 46.3495 43.8481 56.3898 50.8289 53.3982 59.6955 52.2258 55.0733 55.8279 55.5564 59.4063 64.7079 64.2278 60.7067 72.6127 67.0318 69.9754 67.0179 54.5062 59.5001 67.223 67.5903 59.99 57.8625 61.1268 62.8443 68.991 75.3278 74.7502 69.1102 66.6986 70.8018 68.0159 70.2976 26.0558 25.5673 25.5478 30.9021 29.6676 34.3246 35.272 33.5108 65.0468 56.4379 64.8106 64.9199 59.0517 54.0119 64.4692 57.533 49.9721 50.8036 49.7906 44.8322 25.3334 23.3151 28.186 30.2539 9.71742 6.15895 10.1652 8.26367 42.0181 49.3181 46.8525 47.1713 59.301 61.0451 73.3192 76.3778 68.4074 68.1003 45.8104 46.5353 50.8609 50.2714 42.5596 48.6513 34.402 88.5721 44.8982 36.5727 37.4689 35.7665 35.6373 34.7101 28.384 31.5693 29.2777 30.0084 17.1034 19.9567 19.4121 18.126 27.006 29.2704 29.8354 32.58 54.7548 53.0196 57.595 49.1402 43.0377 51.7721 49.2535 50.413 74.0854 74.8139 70.3266 74.2459 19.9608 22.1526 24.2748 25.3095 9.70726 9.39033 9.51073 9.00784 44.8531 39.0463 43.7859 39.4342 27.9693 33.1433 28.4791 29.0099 26.621 23.9443 29.3103 26.9796 37.1697 30.3013 41.2001 61.6436 51.6086 53.3305 41.8126 52.0107 57.7481 38.1011 19.9426 46.6245 28.5906 24.6666 46.3112 13.55 50.7301 26.9457 28.012 42.9639 64.3614 11.8293 13.5045 26.4024 42.9635 23.8921 26.7133 25.3324 65.2846 0 56.2171 3.96165 31.3912 39.0229 40.8485 31.1644 29.8488 34.3452 29.0855 46.6886
47.7051 51.5493 46.8985 55.4554 48.2067 55.8053 60.5161 72.959 66.7725 72.1683 75.5682 66.5097 72.8063 67.4629 72.752 82.7207 83.8135 87.4347 81.1507 77.9489 76.9032 80.299 53.4397 64.4728 60.6668 60.1975 59.7907 61.943 61.5087 68.8738 21.6223 19.5635 20.8705 21.4068 21.016 20.4303 23.2857 21.3404 74.115 71.8892 68.4362 69.385 72.6893 76.3607 82.1047 71.9257 19.9216 21.4767 23.7488 22.5149 23.7974 23.8143 25.8168 29.7888 6.52227 9.15349 6.03929 8.4254 53.2695 56.0421 44.3435 52.5225 45.5572 48.1275 40.5195 42.6545 103.236 92.5197 98.5829 94.02 8.37496 7.76297 77.9352 68.7633 74.8353 84.379 81.5854 96.5024 59.5269 55.1163 22.4567 23.633 83.1775 93.9381 43.9102 64.0707 51.5593 50.606 56.9923 56.9474 83.8372 82.2402 79.8762 78.1896 72.4446 79.1388 77.6533 75.4174 34.5511 33.0691 34.2416 32.1504 22.4576 20.4387 22.9096 23.7018 39.0986 36.007 34.6641 35.4709 24.1242 22.5268 25.4606 23.7412 70.4873 73.4541 66.8456 64.2959 44.6604 49.9531 48.8398 44.3268 56.5772 60.8172 57.8324 57.1509 92.1302 87.2072 89.6358 81.7218 36.3134 38.9107 35.3938 38.4324 20.327 38.5415 13.5954 78.0001 74.1716 29.5156 41.6455 6.89273 73.0895 78.8652 70.1395 17.5828 47.5258 68.7025 108.327 43.1878 67.8881 31.6784 72.5648 45.2189 89.0964 49.5816 54.6949 79.4185 15.5234 44.2193 57.2753 65.2473 17.1936 56.2171 0 58.1459 53.7793 87.8091 60.8449 62.0108 92.0937 93.6257 34.9267 72.8549
53.0514 47.5697 51.3324 51.8992 49.0657 51.3551 61.3948 62.9733 63.0081 64.1067 62.0311 62.3741 65.147 68.0907 63.7728 62.4326 65.417 64.367 67.3358 68.4511 65.1568 73.825 60.042 71.7096 63.0587 63.9435 69.136 69.6107 65.8556 73.5873 78.6932 72.876 76.1233 82.9842 66.9158 68.8369 65.3056 72.8523 30.9567 30.3926 33.3898 32.5187 34.8662 37.1804 35.6972 33.8034 65.2623 59.3893 59.6522 59.2756 59.8048 58.1493 65.2088 69.4457 56.1051 45.6215 47.7218 52.0813 30.0689 31.4612 31.7945 32.4676 10.4526 7.3811 12.0801 9.17485 49.9734 50.2225 50.4024 53.1794 61.1603 65.3634 70.6396 72.7186 70.4894 81.5126 46.4295 49.6645 45.3504 45.68 47.7642 49.8914 34.2394 92.5258 48.9824 41.3822 37.2228 41.8067 37.4456 37.1426 30.3768 26.9505 30.3722 26.5405 17.7005 18.9105 20.4637 20.7665 30.8789 29.7363 35.2565 35.2884 50.7055 57.7555 59.3705 58.3918 49.2243 48.8516 55.2099 50.1317 76.1642 73.0498 79.3063 69.7508 25.4787 26.7199 26.8887 26.6465 11.6704 12.6153 11.542 11.3918 39.674 42.0263 35.4401 35.4303 30.2777 31.1167 29.8901 35.1392 32.1879 26.5551 28.2759 33.0047 40.1187 30.5629 44.4268 74.6787 52.8582 53.6506 42.4774 50.441 66.6302 45.4805 17.9982 49.8055 27.0493 20.2148 47.9031 14.2769 52.2687 24.1209 25.8142 35.7417 70.0157 14.9661 16.4933 27.4507 41.7612 20.2322 25.5781 19.659 67.4429 3.96165 58.1459 0 30.9027 44.3097 34.7953 36.4876 27.7979 29.7663 25.623 47.3954
69.8802 71.0283 78.7439 69.0704 69.5535 67.2884 91.2971 94.515 95.2451 87.4581 96.7905 86.7963 91.6594 87.607 89.7364 88.1249 103.448 96.6463 95.6114 98.4342 94.8455 100.162 91.0281 82.0895 87.9488 93.8618 93.6197 83.0531 89.3014 98.9273 80.1963 77.9304 75.0739 82.6205 74.2673 70.066 82.7809 82.837 57.1887 62.7952 67.0543 65.5034 66.4801 66.7455 70.4272 62.83 65.7928 80.6393 71.866 82.0596 65.198 66.1825 79.5171 81.1558 57.9733 52.547 59.572 54.1333 58.1753 55.4658 60.5821 61.1552 30.54 28.6231 33.3769 30.7438 80.1801 71.7877 68.8175 82.6514 61.323 70.1185 94.8087 106.398 102.913 105.411 71.7494 73.0697 18.8222 17.445 59.4301 60.6088 66.9381 106.633 72.8014 65.4993 67.6347 64.9316 61.7889 74.4855 55.8469 54.3421 60.0717 55.464 48.4244 52.0784 50.8605 46.9008 57.8099 50.7152 57.292 56.7666 64.8441 68.5719 70.8259 71.9021 71.9021 68.6771 73.3596 77.4932 86.4066 85.1472 77.7403 74.6067 58.7407 57.3982 58.2817 53.9309 34.3359 36.7112 34.1482 35.2373 9.27118 9.74975 8.87256 9.40434 63.4453 53.9285 59.1379 61.7932 50.7585 55.3972 49.9109 55.1942 39.8181 18.0238 59.7899 101.022 93.2341 71.8837 68.1909 57.6093 86.4264 72.0912 37.7198 41.1365 6.62544 17.2528 77.5512 31.1659 89.9314 33.8349 24.9234 19.4947 102.794 45.8672 48.242 48.4396 50.0985 14.2613 7.07356 14.6767 74.4095 31.3912 53.7793 30.9027 0 75.2008 3.45917 70.6692 43.5266 49.8251 24.9639 85.446
52.3947 59.3883 56.7693 58.506 58.3752 55.9438 57.1716 50.1512 56.437 60.767 52.8961 50.4258 48.348 58.1701 54.8149 48.6084 56.8618 58.5978 50.1019 53.841 57.6966 54.6454 65.2131 60.012 74.1902 72.6652 57.9406 65.7267 68.011 66.3978 108.443 109.822 103.975 100.489 94.0929 93.5804 99.8303 96.2236 16.9149 19.3199 18.9661 21.847 14.6633 13.8821 16.3373 17.6652 79.2415 91.8814 90.1903 97.546 78.6539 80.601 83.021 90.3886 80.2846 83.6032 82.2622 87.3049 39.4664 38.127 42.1981 42.9405 46.2191 50.1122 50.8793 43.73 5.98216 8.03587 4.53836 7.3935 88.8898 89.2357 59.5795 67.8728 55.635 66.5895 16.6004 16.4611 82.6284 87.9539 75.4394 74.4954 7.26667 65.3191 68.9468 34.5591 46.1075 45.0144 46.9387 42.4216 15.2031 16.4636 17.2965 15.8628 24.203 22.3327 22.5796 21.3515 53.6857 55.8149 53.3334 54.0093 75.4839 72.8544 76.0173 77.8572 67.1586 64.6974 66.8792 68.985 102.656 90.9552 100.953 93.7706 20.335 21.1674 21.6782 20.2198 49.9904 42.5301 42.0608 43.3191 72.9066 72.5049 84.3771 75.6866 13.4488 13.544 15.0439 13.6736 54.5948 48.8888 51.2424 54.4107 70.7647 69.3672 71.0199 48.5351 40.6872 76.8404 58.4283 86.4017 50.0077 21.0913 33.8833 80.6465 67.9205 55.5262 23.4399 48.435 44.8256 66.2132 55.4017 74.9069 49.8204 37.1698 34.8726 21.5944 79.2013 63.3112 68.936 62.7669 96.714 39.0229 87.8091 44.3097 75.2008 0 67.2763 30.1402 28.5707 27.9215 64.4634 38.3618
73.7094 75.5714 78.7774 73.1947 78.4364 73.6053 90.1275 87.5298 84.7552 97.9291 84.3461 98.0145 101.947 102.092 90.4768 93.2985 108.272 104.46 101.593 102.703 109.515 114.964 94.9032 101.063 102.359 102.42 94.0872 90.9081 87.5688 100.5 82.9895 84.35 82.6337 85.3058 71.1188 76.0434 87.5495 84.6443 66.4377 66.9131 70.2733 67.9978 74.6311 65.3992 73.2217 73.4696 71.4291 71.6625 78.6811 81.9377 76.3825 74.637 79.0321 79.178 55.9473 60.9305 60.0151 58.1642 54.6236 65.6551 66.4187 66.496 30.9726 32.659 31.8839 37.329 79.8183 80.3595 82.5781 73.7341 64.5753 66.1959 111.575 109.072 108.04 99.2784 75.7615 89.5627 19.4518 16.8759 59.332 62.2406 66.4813 113.12 80.4355 74.3467 76.9809 64.8693 64.6484 65.9594 53.3558 61.389 59.1929 62.7364 48.3392 52.3099 49.5074 50.0253 50.6934 53.3885 56.7511 56.4697 65.6539 76.3985 72.3924 65.111 66.4923 78.7648 71.3116 76.0846 88.4563 88.9183 76.8703 88.6662 55.2809 55.3453 60.5729 56.552 40.1915 43.4063 37.5041 41.2784 7.66832 6.0103 7.93466 6.02852 65.9815 59.3841 64.895 63.0002 53.876 57.3342 50.9371 51.831 47.3245 19.8854 60.869 109.03 94.0919 71.722 61.3617 50.605 106.372 77.725 39.5925 46.1972 10.5437 22.3398 71.9626 36.2432 92.5306 40.9676 25.072 16.8402 112.809 46.9701 52.9821 57.3618 59.9893 16.2273 11.1575 16.4369 70.4478 40.8485 60.8449 34.7953 3.45917 67.2763 0 72.4434 48.129 54.5673 27.3656 81.1467
20.6095 22.4715 21.9083 21.6922 23.76 18.9824 24.8022 26.4664 27.0161 30.1209 23.4901 24.504 28.466 28.4333 33.2134 30.1634 30.0379 34.4588 36.3447 35.5109 32.3316 39.4911 38.0745 34.5922 37.8274 37.8166 32.9087 34.8772 38.232 41.2112 75.2463 78.3199 67.1488 66.4328 63.5148 65.1595 66.4599 73.2779 17.4182 13.4492 14.1296 12.8103 19.0764 17.4642 17.4784 14.3868 60.543 52.4234 52.5694 53.7952 47.4179 46.8717 47.9427 57.1504 51.4766 58.0681 62.1608 54.8064 13.8993 12.474 15.0841 11.1871 35.4318 31.7963 35.4793 31.9315 39.236 43.0895 36.3721 41.3687 68.1724 60.2489 40.7545 39.5027 39.7474 39.4657 23.1217 24.7328 82.9962 77.933 47.9017 39.2028 24.8255 51.1998 29.2453 5.61168 9.56781 10.8299 10.3209 11.6997 33.4095 32.2035 35.0207 34.3489 31.4589 27.9485 27.571 29.7599 25.1851 26.2048 25.3108 28.6838 45.9934 53.7345 48.4598 53.6241 37.5488 30.8398 35.0388 30.9081 71.8183 68.6781 73.5965 73.0492 17.2 17.1402 16.0727 18.7261 28.0453 29.7937 33.4314 31.7953 80.3614 70.2105 67.7365 67.1142 33.1321 37.9286 31.4992 34.211 27.8288 23.583 26.2765 25.7351 46.886 61.1775 47.547 29.5552 21.778 44.1276 30.1131 70.3041 30.759 16.1605 48.7539 67.7197 63.7931 58.56 51.8148 32.9638 22.9745 38.5554 52.7404 66.339 30.3268 22.0413 18.84 39.0715 46.4884 51.9171 61.4536 52.212 56.2364 31.1644 62.0108 36.4876 70.6692 30.1402 72.4434 0 45.6758 49.1955 51.3196 13.5437
62.9125 61.9614 72.607 73.3901 65.3952 64.196 75.7652 79.6633 76.1992 76.2879 81.1859 77.003 73.8012 79.2335 79.3989 75.6091 85.7903 83.0896 73.1247 86.3711 87.921 82.3301 85.4646 89.5553 82.2511 92.1656 82.845 90.3754 84.5927 92.9497 97.6388 97.87 98.4889 110.273 89.8365 90.2337 108.6 97.2634 35.6921 37.8831 35.4141 37.3508 32.5435 39.1316 40.8894 41.4993 91.3908 89.2706 94.6008 96.579 93.5136 82.202 83.7285 97.284 86.5356 75.0206 79.388 87.8538 50.9384 48.2782 48.9004 50.265 41.7124 37.6925 43.1928 40.2223 28.5369 32.582 31.4226 33.716 83.9134 82.3071 92.2756 95.3171 80.0745 82.0135 49.6167 46.5072 63.4463 68.2757 73.7919 82.0065 28.5067 96.3652 69.1293 55.8739 59.4565 53.6796 60.2445 60.4125 15.9155 16.1036 15.8194 17.4458 20.2301 16.8898 18.8194 18.5794 64.0811 58.0448 57.9393 57.5747 79.5035 85.4961 89.5494 83.1146 68.0644 76.1419 82.8529 68.7545 103.888 100.528 104.028 97.8367 28.0063 32.0399 34.4012 29.864 41.0379 40.9122 43.0442 38.6296 59.002 60.0978 51.8917 61.6599 18.2978 18.686 18.2568 17.0027 55.0844 53.7818 60.4402 54.6357 68.9972 59.4734 75.7489 72.0127 62.1123 80.4963 61.7502 80.5323 71.0082 48.0278 9.91193 75.4933 48.2499 28.3885 21.7647 44.5435 66.1218 56.782 23.7293 64.743 77.6357 39.8626 40.8317 11.4285 70.0131 42.2184 44.3044 36.2528 99.7886 29.8488 92.0937 27.7979 43.5266 28.5707 48.129 45.6758 0 2.46197 55.1635 64.4571
63.0211 65.0416 73.2792 66.5776 62.6106 67.4653 73.4688 70.1664 71.8941 80.2518 67.9536 66.7076 73.0353 74.8011 75.8295 83.0262 81.6858 76.8111 79.6306 76.7147 76.8935 77.5005 83.4661 83.8861 89.3583 83.9792 88.3058 87.1269 87.2048 88.0731 105.438 100.407 95.4148 113.318 96.3337 99.1639 95.1469 99.222 29.2871 36.3341 34.2109 33.8025 35.1507 32.3102 35.1973 35.0476 91.2546 96.3998 98.3749 99.3899 91.3707 94.4241 83.0166 87.1 88.5971 72.1522 79.4268 87.5706 51.4655 49.9681 52.9059 48.0832 39.7037 34.8287 44.7641 37.0367 27.4693 32.5169 29.2789 34.5933 91.3639 99.5956 80.8378 95.0006 86.4984 82.5051 41.6246 44.1669 68.1819 61.6027 71.9039 72.2719 31.1874 88.777 69.419 56.0644 55.2037 56.9073 58.0007 55.771 14.1587 13.0802 13.6603 15.6108 18.9855 17.5671 18.9694 18.6272 60.8386 58.8634 59.0228 62.505 76.3775 85.0807 88.9731 87.9939 70.2345 76.8067 78.9384 82.7576 97.8839 105.479 113.241 107.304 28.6362 28.3321 27.6728 32.8921 38.0438 39.6083 44.4358 41.2805 59.5514 55.0876 59.7068 53.6941 15.3453 15.0674 15.7605 15.9479 58.2243 57.326 56.2089 59.2252 60.643 59.1146 75.0421 72.3674 60.887 86.721 61.3299 93.9016 72.8176 40.457 13.1849 71.7505 54.3513 32.9855 19.343 39.4522 60.5494 53.5193 25.9009 68.1873 71.9587 40.0763 38.3786 8.44474 66.8714 43.0947 44.3942 39.0477 95.9848 34.3452 93.6257 29.7663 49.8251 27.9215 54.5673 49.1955 2.46197 0 52.8256 55.1111
46.5655 46.7117 46.7718 47.9249 43.2319 46.1726 65.0625 64.8707 69.7309 65.4888 72.7533 66.5567 75.6631 65.5086 74.6295 78.3246 74.1723 86.3169 76.6538 79.3527 75.1216 76.3242 60.8381 69.2708 70.1438 69.2164 63.3997 74.0042 64.1153 73.7051 47.3169 58.1556 51.657 60.8821 51.6462 52.5457 52.4913 54.8359 52.7349 51.4837 50.3533 47.7308 53.6769 50.9658 59.8703 61.2637 46.6236 46.4277 43.6051 45.2119 47.8015 46.9235 47.8117 49.1284 29.1548 30.8358 32.4001 33.3326 38.3315 38.5586 37.0835 36.8022 16.2519 20.4747 17.1355 18.6975 65.4162 76.1879 71.3117 78.8692 43.7465 36.1033 73.0617 73.3569 84.4063 81.1234 61.6624 73.7098 33.2881 34.7209 31.932 38.5264 58.4048 99.184 44.7092 44.8289 49.3069 46.6799 49.4579 44.911 53.7607 54.3922 53.5624 55.248 42.223 42.6491 43.1332 46.1893 30.11 27.2477 29.7874 28.2224 37.5927 43.9982 44.5309 42.0407 46.5447 47.1905 48.0405 49.1988 60.8451 59.2158 61.8372 59.5644 46.9317 46.1952 49.8264 48.554 22.3263 22.5679 21.5247 22.0735 30.8144 29.1326 30.6666 28.234 59.224 56.3331 57.1717 58.6876 29.9815 25.8847 31.3014 31.6821 16.5618 11.5535 28.0199 73.973 70.23 46.3779 36.49 29.07 66.7055 67.5434 47.0314 20.0709 18.2045 35.4121 82.5282 17.6059 66.2296 8.92765 38.6372 16.924 88.3841 26.1576 35.137 54.8638 26.1381 15.1779 19.5264 31.9724 43.3289 29.0855 34.9267 25.623 24.9639 64.4634 27.3656 51.3196 55.1635 52.8256 0 57.6922
21.8004 21.5094 22.8984 20.4317 21.8163 18.7297 14.2675 16.5421 16.9321 18.0087 13.9063 15.9871 16.1293 19.1286 17.0631 21.2964 20.2611 23.2751 20.122 24.407 22.194 24.5701 27.8933 31.8488 28.1084 31.1817 23.8507 24.3371 27.8103 30.6673 73.8241 71.8886 73.5813 81.1184 69.6921 72.4479 65.2056 76.0809 28.143 23.2433 21.7217 23.3317 25.6222 25.9302 21.9862 20.3173 59.6499 57.3472 58.1152 64.0273 55.2286 55.184 52.6581 58.7404 69.2286 63.3063 63.7873 60.5801 22.3375 23.0491 21.4481 21.1362 46.9185 50.6207 48.5446 45.4256 39.3944 43.8848 43.7162 46.2644 78.8278 70.6921 28.2768 26.8078 24.2236 25.9097 24.9054 26.577 102.255 94.3583 44.738 49.0478 30.16 36.6856 31.9253 11.412 13.2822 14.2291 13.8819 13.618 43.6429 45.7049 41.3589 43.903 42.2829 40.9231 38.5316 42.2709 32.0422 37.5149 37.2295 32.3915 58.2253 48.6015 56.2382 55.9922 31.9106 34.3496 37.2596 37.8101 75.3942 73.9906 75.8345 78.1075 30.8337 31.5828 29.4679 30.2573 43.9692 38.7563 40.3491 40.2056 88.3649 87.5689 91.8656 77.5077 42.9099 46.2621 40.0713 47.1357 35.9164 31.2161 32.253 34.9439 55.9312 65.5864 58.7945 20.7832 9.86458 42.9132 32.6759 77.3117 19.1876 16.5031 53.725 65.9854 71.1305 67.1837 60.6706 49.7703 8.46215 51.185 71.7999 76.3692 20.567 35.6395 30.6564 46.9066 48.8875 62.3186 75.9569 70.6805 58.6351 46.6886 72.8549 47.3954 85.446 38.3618 81.1467 13.5437 64.4571 55.1111 57.6922 0
