9
100
174
0 0.658222 1.37921 1.91287 2.65773 3.92009 16.1916 16.933 16.8808 20.6386 23.997 24.1301 25.034 24.2309 30.0334 28.0774 27.6909 29.6527 33.4921 38.5169 34.093 37.9565 17.1581 17.6454 18.6165 18.2324 18.347 19.1126 20.9757 22.3689 54.2873 49.953 58.0095 55.2018 47.9336 45.7668 47.4559 51.1381 36.9163 36.1151 34.5985 38.0289 38.5178 37.5138 37.4317 36.584 37.5258 37.0137 34.7481 36.671 31.1888 33.9963 32.7537 31.7307 43.3005 43.7112 43.2012 37.0827 19.2165 18.5644 17.7811 17.9722 42.8292 46.7323 45.7938 39.6364 65.3269 65.5699 54.6315 60.4928 48.0682 47.9724 28.5869 28.7326 27.2851 32.6042 40.2357 50.5667 80.7176 84.2012 27.1771 26.2879 44.7595 47.049 10.3529 17.6185 12.665 12.2606 11.3117 11.388 53.5956 61.1539 59.9861 54.4746 51.869 53.5803 47.4483 49.5312 19.5086 21.807 18.2997 17.957 32.5889 27.7685 34.0724 29.6774 14.5532 13.358 13.6125 13.9179 50.9605 53.6748 51.6258 48.8876 38.6883 37.6589 39.418 42 42.0016 36.8667 37.0992 33.8055 74.9817 75.4392 77.4684 72.0238 59.5217 52.4706 58.9409 54.3054 21.039 20.1588 20.0443 18.8899 44.6855 63.5512 36.065 32.0639 27.8784 25.7031 11.6783 52.1383 23.2221 38.2651 66.4986 54.5778 70.6809 64.1059 75.8162 39.3516 22.7825 40.6048 65.1425 69.5944 33.0601 34.4983 32.1149 55.0055 32.8983 61.943 61.1486 66.0898 44.9159 40.8102 50.028 46.6647 76.0795 56.1566 72.2406 21.7081 69.7433 67.2618 47.8844 20.5418
0.658222 0 0.63192 1.2301 2.92836 3.29396 17.3384 17.9996 18.8993 19.2006 20.7537 24.1124 24.5351 21.8988 30.8367 28.641 28.7334 30.9298 33.1517 32.1661 36.591 32.7666 15.9027 18.2743 17.5619 18.7564 16.9715 19.0341 20.5738 20.6321 49.5961 49.8582 57.5228 53.0944 52.8372 53.5436 44.9939 44.7502 36.2077 39.1681 36.6859 37.9988 44.3386 38.6131 39.8022 35.8812 35.9521 38.2684 41.709 39.4176 33.5967 35.1797 34.5457 36.8087 40.4222 40.4141 44.0837 44.2476 20.599 21.7753 16.6311 18.7848 46.0761 40.439 44.5485 39.3568 63.5289 57.2549 58.5644 59.1385 49.6555 45.8581 26.8806 28.3417 27.8016 31.7323 45.1386 45.0522 81.4135 77.7586 29.8611 28.6674 44.4248 49.2781 10.9046 16.1878 11.4117 12.3278 10.6324 12.513 51.3981 53.5985 55.9092 54.5981 54.2687 46.1073 52.4585 48.2953 22.4671 18.8508 18.7465 18.2346 29.0483 31.5422 34.6256 32.1198 13.4878 13.6606 13.5234 13.8649 56.7647 55.3133 53.1399 47.9799 35.3616 41.0139 36.1037 41.5154 39.9736 38.0117 35.9717 40.2499 77.7063 71.0587 84.9177 84.716 55.49 60.0509 59.3349 59.8433 21.0181 22.4326 23.4929 22.5028 41.1024 62.1318 34.3062 32.548 26.0684 22.4683 11.1029 51.4217 24.7984 38.5081 66.8677 56.8844 64.9284 72.6003 80.7456 39.2961 26.22 38.4984 76.957 66.2862 37.2341 32.2198 30.3308 63.8746 34.0446 54.0339 72.1922 70.245 41.9232 45.0287 45.5174 52.2467 68.3718 52.3482 79.9043 21.5051 64.7038 71.6828 52.3134 19.8898
1.37921 0.63192 0 0.648782 3.30032 2.78648 17.3703 16.3012 18.7681 19.3984 20.1206 21.3525 23.1919 24.7368 29.5454 31.0478 30.4941 31.768 30.5988 35.9296 30.9711 33.0532 14.7891 18.0089 18.7201 20.1256 16.6519 16.8403 17.8806 21.0818 53.7343 56.9201 52.908 59.1217 52.1244 50.0361 45.0161 50.7439 37.0202 36.9473 36.5447 33.2084 38.2701 35.7152 39.5501 36.6449 39.5202 40.1292 35.4373 40.0703 35.9094 32.6211 33.8442 30.813 45.235 44.4007 42.8525 45.9268 19.999 21.8781 17.4895 18.271 41.7734 45.9839 43.028 41.6172 61.8591 60.8667 63.1416 56.5533 49.6572 51.6733 27.3018 25.9462 29.8236 28.6675 47.0299 44.4326 78.2914 84.783 31.803 29.028 51.4558 41.3754 10.3756 15.2738 11.5466 11.4618 10.44 12.2565 58.9263 57.5775 52.0646 56.0078 47.8702 53.0727 46.1384 49.7212 21.1419 19.1406 21.375 20.8067 32.1709 31.6919 35.2625 30.7316 13.7644 14.2501 15.9929 13.9305 47.7326 51.9404 57.0513 50.5789 42.3111 38.2788 39.4027 40.3178 42.756 36.7673 37.6867 35.8296 83.0827 74.4184 72.6782 74.2574 52.8014 54.2729 53.0828 52.3096 22.7997 21.489 20.8856 23.352 41.2153 62.7826 40.5955 33.1713 24.0492 25.7672 11.5252 54.2117 26.5621 32.1717 64.93 55.1952 67.9803 68.4698 70.6031 42.131 23.4975 41.9423 76.0801 66.6562 31.267 34.8489 32.3982 54.5483 31.4122 56.4845 69.4345 70.9492 41.3522 47.2496 46.6148 46.3914 70.7154 50.9582 74.4201 20.3949 62.8718 61.6422 54.3229 19.5462
1.91287 1.2301 0.648782 0 3.82069 2.29911 15.4945 16.3466 17.6594 17.0707 19.2062 22.4045 19.6989 23.492 27.291 27.052 29.254 30.3307 35.942 29.9845 31.8096 35.2846 15.7074 17.7905 17.9935 17.5621 16.7638 18.0444 20.2357 20.2327 51.6918 54.4524 54.7738 60.0828 54.4052 50.7502 48.324 46.6318 34.5037 36.6997 33.0345 36.4991 39.9221 41.9881 41.6817 38.7209 41.8357 39.7545 36.5488 36.2762 36.8759 34.3726 30.9729 37.5054 44.6705 40.3125 49.5677 43.2846 21.3307 22.2477 18.9316 17.7158 42.0832 40.5637 40.0051 44.0791 64.6275 62.6445 59.8144 60.1999 55.1947 52.0654 27.8207 27.2691 26.13 30.4494 45.9196 48.9807 91.6007 80.0006 28.8042 28.2224 50.9092 43.2114 11.752 14.912 11.9558 13.027 11.3024 12.0655 53.3304 51.0806 50.789 56.4428 52.6349 46.0413 44.111 47.4073 23.6931 20.1035 20.8362 21.0139 33.9466 35.4911 33.6258 34.4745 14.7702 13.3418 16.439 13.3961 48.2906 49.4277 51.5401 47.4407 35.9956 41.801 34.5513 38.5352 37.6835 35.5736 36.7233 35.0361 80.0749 76.0938 82.5405 79.2367 56.3018 60.9782 56.7284 59.9242 24.5751 24.13 22.3667 22.7479 45.4909 63.3352 39.2634 33.0065 24.5247 23.5489 14.6756 54.3567 23.0273 32.9404 65.8224 57.4905 67.7714 67.8847 81.2893 40.0929 22.094 43.0127 73.0421 67.8994 33.1817 32.9583 30.0893 65.2007 38.2793 61.4679 73.3646 70.5178 43.0299 42.2156 51.9083 50.372 73.66 51.4047 78.2628 22.7877 71.9093 60.8078 55.3496 22.1787
2.65773 2.92836 3.30032 3.82069 0 4.78334 19.4094 20.7016 19.1971 23.2509 25.3167 26.5756 24.294 27.6237 34.3646 30.3572 35.1721 35.0819 36.8548 37.2711 41.0538 37.2002 17.3419 17.9275 19.9333 20.528 19.9452 23.2439 20.879 21.5949 51.9859 53.8737 54.9763 53.9997 51.5996 47.1698 46.7558 51.8277 37.005 36.1846 38.0236 31.2653 37.6048 40.0625 36.386 35.3029 35.7151 36.0962 39.4906 34.7305 27.9801 31.2488 29.2912 30.4531 42.1418 35.7293 42.029 36.4874 17.9005 19.0846 15.002 14.8594 44.6634 38.6136 41.96 38.6894 66.2154 65.9244 60.5482 58.3554 45.4905 50.4749 31.509 31.4639 31.2037 37.4466 45.0266 44.4535 80.2307 86.659 27.2678 24.2084 46.8347 49.47 9.45127 17.3952 12.7737 11.8485 11.9114 10.9843 50.8515 50.6323 49.2192 58.6879 47.9482 45.9666 50.6747 50.6662 18.9944 17.6404 16.4049 15.7504 31.443 26.5374 31.3995 28.3198 12.7352 10.8425 13.508 11.9619 52.5961 46.6466 47.5524 50.6717 35.1723 41.6119 35.548 40.6705 37.043 39.1827 35.6537 37.7137 75.5466 77.8043 74.3912 82.0223 61.1311 56.0575 57.7952 58.7057 19.8032 18.5824 19.8673 16.8121 34.583 62.481 37.1472 38.9847 29.3922 24.8583 9.25024 47.6928 29.1698 38.249 56.3213 52.7201 65.0302 63.4847 80.2401 35.6299 26.8006 35.4449 65.5671 64.5499 35.7892 30.8379 30.8 53.4973 33.3143 55.4635 58.5394 71.2924 38.2266 39.6706 46.46 42.578 65.2256 50.6848 71.9444 21.8282 68.3974 61.447 45.3683 23.3772
3.92009 3.29396 2.78648 2.29911 4.78334 0 14.923 14.4629 17.6616 16.2153 18.5574 20.945 19.4048 19.7666 25.6961 30.1256 25.3357 28.0855 34.3787 32.8483 33.3685 36.0689 18.6416 19.3706 18.0439 20.209 16.7488 19.6936 19.1711 20.5212 51.6274 59.9405 53.8337 62.9262 55.9412 55.3735 51.5632 52.8456 33.0718 31.7956 30.7815 34.7149 39.2625 33.4843 32.4219 34.9365 37.976 45.3524 40.0079 39.8599 37.8611 32.8423 38.1855 36.3951 43.6623 47.4375 46.3513 41.0791 20.5986 17.8653 15.7023 16.7195 44.7644 45.0173 37.7133 43.4874 60.2994 62.1712 57.6275 58.903 55.855 53.6866 26.011 28.96 28.2503 32.0197 36.5707 41.6392 84.9218 86.3249 33.4143 30.2085 44.1311 47.8793 14.3717 14.0166 9.66259 9.34577 8.66629 8.49261 55.3542 51.0438 49.0659 52.0182 48.4212 52.207 44.4315 43.1065 21.1661 20.2392 22.3313 22.3511 37.9952 32.4398 37.6513 34.3249 15.9865 16.9986 16.2369 17.954 51.9713 53.9736 55.4287 51.9835 34.8195 35.2922 35.8773 33.0861 35.2014 40.1658 39.8059 36.5937 82.4949 83.7866 76.263 78.8983 59.2488 54.1756 50.5566 53.0895 23.3249 20.3003 23.2539 20.6687 38.5063 65.4887 36.78 31.2505 24.3881 26.9329 14.2701 52.432 24.7395 33.9563 58.8805 58.9623 64.8987 70.0668 70.5756 39.7263 22.0869 37.9134 74.0236 75.6933 29.8512 27.9339 27.2888 57.4617 39.1519 63.5113 60.2563 61.6168 44.7068 41.9856 51.0734 47.7284 71.8854 55.6384 74.2926 19.7017 69.6553 61.5313 51.1852 17.1195
16.1916 17.3384 17.3703 15.4945 19.4094 14.923 0 1.25213 2.73943 3.93678 4.98409 5.79661 5.76634 6.61737 12.8702 13.3177 13.739 14.2675 18.5084 18.8336 18.8506 18.9689 13.5184 16.8074 16.7638 17.1964 11.5347 12.5896 12.0944 13.0643 68.8047 75.4237 63.2638 73.6844 64.1345 57.4338 65.3702 67.4285 36.8482 36.2639 38.9652 37.7568 41.3598 38.5433 40.1115 34.3843 48.6715 56.8372 54.2139 48.1305 46.2141 49.3559 50.9718 44.6207 56.4282 56.9357 59.2007 56.6626 31.807 31.2432 31.1718 29.8906 55.2922 57.0448 49.7185 56.8 52.9158 64.9168 50.4057 55.9121 72.4263 60.9086 13.7828 13.2108 14.2192 14.4201 38.7008 40.7756 94.4384 97.3034 41.9939 46.0916 50.0505 28.603 26.2484 19.1245 19.4339 19.637 19.5055 17.6711 61.1314 55.4083 54.9072 57.0294 52.1625 58.5699 57.716 55.1555 40.3251 35.2509 35.5482 38.3566 51.8235 45.5531 44.884 50.8781 29.8162 27.2042 30.1354 30.013 72.842 70.6676 63.1449 71.4039 39.6426 44.85 37.8505 39.9554 48.9052 52.9348 45.534 50.8229 91.3979 97.9773 100.477 91.4916 64.0205 64.801 59.9648 60.8498 36.9424 38.4204 33.5453 38.4266 53.4586 76.7756 57.854 16.325 14.4757 37.9837 29.6177 69.0229 7.98195 31.8537 76.923 67.4052 75.6227 72.357 72.9115 52.0961 10.5491 57.1394 81.3802 77.7573 19.556 44.7586 37.9318 63.0426 55.2692 78.5596 76.2032 74.9287 61.7112 60.7288 65.4487 62.8901 81.9286 54.0644 93.0798 22.8439 77.6018 73.8158 70.714 15.4514
16.933 17.9996 16.3012 16.3466 20.7016 14.4629 1.25213 0 1.16257 2.75637 5.15356 5.55841 5.56821 5.99787 11.9617 11.679 11.3213 12.8561 16.546 17.8795 19.4346 19.8373 15.2689 14.0583 15.4106 16.2536 9.55495 11.5855 13.0617 13.4687 66.04 73.436 68.2457 67.4925 65.5579 60.2695 68.2689 67.9118 42.9624 36.7314 40.2171 41.0505 41.8903 39.6609 42.7797 34.5424 53.0158 52.7918 54.963 50.5868 50.3478 43.1483 44.9454 43.2386 59.2813 61.721 59.5515 61.0112 32.7249 28.8195 27.6779 32.031 56.5556 58.7464 60.4218 57.4866 53.8454 64.8925 60.2846 55.5819 75.6553 66.6667 14.255 13.9639 12.1918 15.4108 39.7329 41.662 93.5386 95.9373 49.5115 40.9425 46.701 25.7079 24.6433 20.4599 21.5772 20.9417 18.9401 20.5596 57.6415 61.5412 54.3409 60.8839 53.6412 55.493 60.8115 60.9516 36.3825 39.8454 36.7995 36.8352 46.8303 50.3095 49.6709 50.8765 27.5707 31.2856 31.4819 28.648 68.7661 67.7662 67.8454 60.3993 47.5407 40.6597 43.6744 45.3581 54.9482 49.4451 54.3863 46.9499 101.666 87.0982 95.2294 87.2396 62.3794 66.4943 59.5282 60.9457 39.5947 37.9341 35.0038 39.8902 54.8043 74.709 50.5216 17.5628 13.7315 39.9677 32.4287 75.4954 6.85617 30.6285 77.2899 67.8866 81.2833 86.683 76.5113 58.7256 12.3662 53.1142 84.2027 77.1507 19.3157 40.298 46.1705 68.4406 49.9815 72.0572 86.9056 75.8811 56.5075 53.8543 61.5087 55.2396 94.2291 53.7332 99.3724 24.5206 73.3656 70.893 62.9288 14.8507
16.8808 18.8993 18.7681 17.6594 19.1971 17.6616 2.73943 1.16257 0 1.19462 6.35372 5.8525 5.73313 5.99298 12.1337 11.1054 12.6393 12.6241 16.2454 18.2298 18.664 16.4161 14.3408 13.2793 14.1094 16.0815 9.08976 9.43096 10.1268 11.3827 74.1644 73.2035 69.0487 71.9776 60.6659 62.5164 59.4625 65.7113 42.8332 42.9546 37.793 37.2303 41.439 42.7677 38.6917 39.5145 55.5664 50.5526 55.2393 53.3117 43.8698 48.1155 48.5309 49.5614 66.188 58.2444 59.9004 59.9562 34.7902 34.4185 29.5744 27.5113 54.6344 61.8828 52.7993 55.6729 61.7892 60.9869 53.7328 62.7001 72.1588 60.8757 11.5555 11.8408 12.7229 13.2171 39.2253 39.5722 107.156 95.7811 44.2533 46.2301 45.9983 25.9046 27.7897 22.2309 21.4551 23.3018 21.1148 21.529 65.57 60.3828 66.6866 59.493 59.0833 62.6008 52.5731 53.3557 40.5067 39.7656 37.6036 37.1084 52.8469 42.716 52.0344 44.3406 31.4943 29.5188 27.5606 26.2407 71.2578 69.1161 63.5893 63.0216 44.7351 48.5696 44.535 47.9429 55.3245 48.0256 50.7189 50.0357 94.7332 100.328 93.1667 93.1586 63.9297 55.775 61.3272 57.1307 40.5972 41.1308 35.1878 38.1582 62.7694 74.3902 50.5145 18.5207 16.6708 39.117 33.1149 71.4941 8.04144 31.1135 79.6616 71.341 77.0056 87.2849 83.3394 57.8324 11.1884 58.6584 86.0624 84.8179 19.1546 41.4551 46.2401 70.4446 48.1126 75.4411 81.7469 81.5469 60.9171 59.989 61.3689 60.3938 87.5985 54.5189 85.9982 25.7305 73.6157 70.7429 73.0619 17.1269
20.6386 19.2006 19.3984 17.0707 23.2509 16.2153 3.93678 2.75637 1.19462 0 6.87459 6.141 5.9734 5.37625 11.527 12.9713 12.182 11.275 17.6277 18.5179 16.0654 16.7329 13.9274 12.5312 15.2013 13.7108 7.538 8.9856 10.5682 10.0502 66.9762 63.2081 68.5812 66.7027 65.3147 59.5539 66.3325 58.0954 45.7843 39.1947 38.2841 39.5811 44.6826 41.2306 38.6291 41.0914 56.6471 52.0357 51.2293 50.738 43.2435 49.3035 48.9321 44.0535 58.3004 65.7537 66.5037 56.9898 34.0338 35.0535 35.1899 29.371 58.0669 60.1891 59.5619 53.9988 58.1485 63.4807 60.5141 58.542 74.6227 62.4501 11.186 10.5471 10.2867 12.5861 42.588 43.2317 106.509 94.2013 51.3344 42.9149 46.145 24.735 29.4867 23.1287 25.0292 20.7502 23.8198 20.0941 66.284 65.7711 62.3764 63.3555 60.2814 58.3124 56.0799 59.7337 41.0745 41.0389 42.1934 36.7461 52.5634 49.5261 50.2196 44.3825 30.7111 31.3841 31.8748 26.8423 67.5082 59.5832 62.3758 60.073 51.0996 50.3505 45.03 42.2327 54.8394 57.9598 58.5793 55.4162 98.402 92.332 102.757 92.742 65.5862 63.5943 62.5421 64.6916 37.3455 42.7848 38.6816 41.9018 65.0069 78.4562 54.9213 17.3171 17.5634 40.3896 29.7697 76.2349 7.44738 35.9226 67.9908 78.2312 83.6872 77.5585 76.1597 53.6544 13.7936 59.7889 79.0839 89.7237 18.3232 43.4755 45.0419 71.1808 49.2842 78.0402 87.6687 87.1914 57.7654 56.523 65.0474 65.551 89.0714 55.1083 94.3816 29.9755 78.3223 70.096 73.8729 20.3263
23.997 20.7537 20.1206 19.2062 25.3167 18.5574 4.98409 5.15356 6.35372 6.87459 0 1.30681 2.48732 3.6361 6.92046 7.89608 8.60073 9.43061 12.5643 12.2993 13.9733 13.9151 19.7142 18.6729 20.8126 19.5103 15.6021 17.1162 15.0999 16.3549 69.1124 77.9002 75.6932 77.4035 70.7349 63.9818 65.4862 64.2955 37.4193 36.595 34.8672 33.6411 36.3886 40.1702 40.0568 33.0266 54.2566 54.4361 56.7593 56.6041 49.2118 51.7108 50.2964 49.4093 60.6441 66.2834 60.2948 57.7096 33.8066 36.0106 31.0896 33.4549 56.5749 55.7671 58.6808 59.5689 53.3908 53.9865 58.6966 59.1476 79.0972 68.2309 16.158 14.5768 12.8729 12.8912 32.4521 39.8585 113.291 97.9349 48.7604 48.7066 42.016 26.1994 33.2317 21.734 23.3404 20.7314 20.723 20.9702 56.6207 57.6492 52.4948 58.3995 57.9262 54.39 51.1062 56.3003 45.9602 37.8327 40.8296 42.3076 58.5654 55.5914 55.6654 50.9159 34.5532 36.8188 32.1507 36.5715 71.1389 74.038 65.3765 69.4063 43.9751 47.0855 38.3267 38.0828 52.9183 58.1793 58.5145 56.7836 100.155 101.681 95.9847 91.6335 62.7281 63.5371 56.2069 53.6661 42.1732 37.7271 41.9345 40.8741 60.2941 80.238 56.8232 11.5108 10.9589 42.244 33.8404 82.4334 3.41653 32.0099 66.5328 77.2558 76.3134 87.5905 77.8762 57.2719 6.8567 58.3417 89.4154 83.4182 14.8071 47.0427 42.2304 63.2403 58.835 68.8956 75.006 85.3624 58.2275 61.3213 72.9993 64.1629 82.0535 48.1097 95.319 27.0708 68.3765 72.4591 74.3758 15.8111
24.1301 24.1124 21.3525 22.4045 26.5756 20.945 5.79661 5.55841 5.8525 6.141 1.30681 0 1.38787 2.71086 6.93792 6.66576 7.08247 8.68966 12.0413 13.0486 11.3055 12.2201 19.8345 18.9611 20.0954 22.247 15.4872 15.7778 15.7632 17.4526 77.7634 79.1156 67.1294 69.8549 74.836 74.8695 75.2695 66.2808 42.5611 41.3932 38.0374 37.5412 41.5344 43.4705 37.9805 35.3194 58.0907 63.5181 57.4799 55.6328 54.7779 48.8342 48.1371 50.9245 71.9865 59.8722 68.7331 65.1369 35.0821 36.2385 32.4302 35.2536 57.31 58.8921 54.6606 57.5159 56.4881 60.5943 50.1406 51.5783 75.0585 77.1689 13.79 12.3282 10.1065 10.452 39.4236 34.5512 105.096 107.178 52.0415 48.339 48.6062 22.7129 34.0996 23.1634 22.6921 21.7009 24.829 20.7427 58.074 61.0834 55.3937 53.3823 57.2463 53.1673 61.6653 53.8903 40.7421 44.4646 40.9819 42.8725 52.9839 54.8617 48.0858 51.9407 35.6718 32.0026 32.2029 31.737 77.6221 73.732 65.2723 66.7972 40.2323 44.8319 41.3845 45.4267 50.1684 50.2487 59.5278 57.6359 91.0036 92.199 98.8624 92.1179 62.4917 59.6749 57.4391 63.9494 43.8141 43.9073 43.2506 40.9726 63.84 85.3658 63.4789 12.6571 10.8485 47.8263 32.7668 82.1281 2.25472 28.7289 65.2573 72.0357 87.0101 77.6075 72.3206 63.3149 8.33316 60.0239 83.5958 84.8775 12.2403 51.514 40.2813 67.0978 52.8577 74.4417 87.0463 82.2431 68.4057 60.0485 69.3784 61.642 83.8698 52.7198 85.9917 26.8617 70.1893 74.8588 69.2179 16.5792
25.034 24.5351 23.1919 19.6989 24.294 19.4048 5.76634 5.56821 5.73313 5.9734 2.48732 1.38787 0 1.36402 6.45894 7.01766 7.17564 7.09755 11.5827 13.0049 12.3971 13.33 16.9413 19.3733 18.1294 18.8442 14.1412 14.4366 15.0068 15.8611 67.9915 68.647 81.4071 68.5017 64.6983 64.4386 72.3007 65.6899 46.4541 44.7944 37.8036 37.5043 44.3416 39.8359 39.8136 39.5757 54.7528 53.9577 63.6614 61.8188 47.8604 48.0552 51.0427 56.014 67.4648 63.6796 71.4149 63.887 39.0192 32.1004 38.2186 30.672 67.3532 60.2855 62.286 59.8615 55.6823 54.1004 61.4289 60.7024 79.6628 65.0108 12.8764 10.9333 8.90033 11.4193 41.3014 42.3567 104.214 110.949 54.6158 48.4869 46.632 23.4079 30.878 27.5565 26.6536 22.1456 25.117 20.9682 58.284 67.6854 55.8217 64.5992 56.7168 63.2407 62.4348 57.2246 42.0313 42.6768 39.2771 44.4882 56.1274 51.4727 48.9255 47.6395 36.5868 34.5959 38.2503 33.0433 64.4123 69.4976 69.1814 68.739 48.3597 42.6684 43.2247 40.3875 57.0093 51.8732 51.2112 53.1891 104.891 106.445 98.7922 106.786 58.0904 61.1179 62.9586 64.4203 47.7285 39.2019 39.9708 40.4089 64.212 87.4586 59.2644 10.677 11.5415 41.0044 35.9856 71.5228 2.08632 34.0912 74.2396 71.9315 83.4728 87.8148 83.3215 53.8409 9.87644 65.8925 80.4531 84.0306 14.5969 49.4261 49.0165 70.725 60.3022 77.8989 85.6997 88.792 61.2367 60.9815 69.7185 61.1928 86.3248 56.6376 88.0648 25.9154 70.4033 76.8027 76.5459 18.1291
24.2309 21.8988 24.7368 23.492 27.6237 19.7666 6.61737 5.99787 5.99298 5.37625 3.6361 2.71086 1.36402 0 7.06606 7.11454 6.55131 7.02031 12.1281 11.4504 11.7248 12.41 16.3995 19.5852 20.1304 19.3988 13.1871 13.2018 14.1595 16.0732 71.6143 76.1729 73.096 71.4763 72.0839 71.6641 65.1068 64.8344 47.1637 39.3897 43.8936 39.0584 45.1881 44.428 44.1705 41.0776 60.4258 59.3635 56.8975 53.2346 51.4866 52.6935 50.2154 57.4679 62.7183 59.5293 72.848 67.0636 37.2749 33.7572 34.9503 32.7798 67.1092 58.7036 66.9236 58.9535 54.3915 55.4181 60.3583 62.398 71.4955 72.511 11.7426 10.4896 8.7391 8.54022 40.7947 41.6414 100.346 113.349 49.4659 52.7638 51.2744 23.731 34.6288 27.7773 23.8054 27.3458 22.6662 23.1311 63.9546 57.4737 59.2617 63.5483 55.3937 62.5249 58.3904 61.5467 42.9468 44.6033 43.2378 42.1315 58.9945 55.0157 56.2466 52.3858 33.9908 32.814 36.1538 33.2423 70.5979 66.0271 68.3692 68.3461 50.6463 45.4057 41.5454 46.0805 55.0351 52.5247 51.2032 55.1389 99.3312 106.653 100.49 106.663 67.6439 58.3743 64.1207 64.0355 41.3538 39.3627 47.0222 40.5431 66.0917 85.4725 61.1387 11.4882 14.1429 43.1484 34.6058 73.6429 2.00229 36.6545 79.233 84.2749 88.3835 91.5698 81.5776 62.6166 10.6101 67.4851 87.1553 99.0323 12.6456 48.6251 45.9323 60.9566 53.2201 85.6286 77.9672 82.802 62.0422 58.7064 75.9144 62.4084 99.0024 51.1715 104.678 31.783 77.8184 80.9643 76.4477 16.4937
30.0334 30.8367 29.5454 27.291 34.3646 25.6961 12.8702 11.9617 12.1337 11.527 6.92046 6.93792 6.45894 7.06606 0 1.37065 2.68097 4.16606 5.85509 6.02635 6.31283 6.7379 25.0296 23.9706 26.9187 25.128 18.8478 20.5248 21.935 23.2654 73.1697 83.555 77.616 87.1561 76.8887 81.8086 68.54 79.536 47.3653 42.2211 38.2188 42.6666 44.093 40.3691 38.5452 40.4379 70.5777 67.1836 60.6808 58.9192 64.4528 54.5383 55.7514 56.2991 77.5977 70.4945 72.3304 70.9378 39.6447 41.3409 37.2929 35.9975 61.3169 65.5433 70.1133 61.2648 51.9983 53.6404 52.8051 51.5712 82.6141 77.9693 16.3908 16.2058 9.72972 8.83978 38.2154 33.8335 100.692 101.151 55.1826 54.4114 46.8531 20.194 41.3385 29.752 29.8118 31.0275 31.0175 26.8168 61.738 59.8854 63.9646 58.9882 57.8034 60.1075 53.0747 58.9692 44.9636 46.7459 48.3155 48.9506 62.5893 54.2131 65.5322 62.8706 42.124 38.1036 44.5656 44.201 70.6127 76.5621 72.0229 71.5813 50.7899 44.6472 47.032 49.7413 56.3361 63.4846 57.2897 53.5104 95.5205 98.0269 99.3747 111.65 55.5608 59.1247 65.9914 62.2945 48.7579 51.4837 50.5063 45.7141 73.2576 93.1608 66.0374 5.27447 9.43164 53.4723 44.0397 84.7241 5.05849 30.0962 70.3136 77.3824 89.4137 88.4817 72.5138 61.5901 10.0753 67.9959 93.4435 103.11 6.74419 57.2846 53.2434 66.3458 68.8753 84.9923 96.5654 81.6557 74.7415 66.1728 81.3262 62.3635 101.67 51.326 103.094 31.458 79.445 75.8382 80.0724 17.8023
28.0774 28.641 31.0478 27.052 30.3572 30.1256 13.3177 11.679 11.1054 12.9713 7.89608 6.66576 7.01766 7.11454 1.37065 0 1.32214 2.63869 5.48052 5.53126 5.1381 5.52468 25.6879 26.9591 24.79 24.1755 19.5847 20.7977 19.4706 21.1675 82.7986 87.9949 73.8526 86.6119 79.9873 82.5005 80.8355 80.6185 44.1224 47.0146 40.1948 38.0931 46.6864 38.8937 41.094 38.77 67.8917 65.4568 60.1108 64.8644 56.2418 60.8206 55.0723 59.7152 68.6875 77.4178 71.9403 70.2165 40.1342 41.7995 39.0008 37.5322 63.038 62.9547 62.7064 66.0336 54.8348 57.0629 56.6286 60.9186 73.5048 80.3475 16.5421 15.1411 9.0977 8.06567 34.1566 39.9636 114.53 106.62 55.7292 55.5909 53.1027 16.3245 36.664 30.0209 27.5514 27.3735 27.537 26.5523 61.5169 60.3857 57.4375 57.1779 63.7155 66.3958 54.6214 58.1442 49.0559 52.7065 49.0017 46.193 59.1136 61.6828 58.9843 55.1094 45.3865 41.4318 43.5991 43.2551 84.3059 78.1166 71.7221 71.0415 53.1519 49.5677 45.4748 47.1844 59.7785 56.3984 58.1481 54.2036 101.495 100.25 109.355 97.1105 66.559 64.0224 59.7493 61.5417 50.5126 52.6905 51.4351 49.1549 65.9058 80.466 66.8408 6.1044 12.0819 54.9861 40.4359 92.2731 4.40973 35.0794 76.8093 90.919 87.7051 84.4544 83.4434 64.1377 9.86325 72.3469 93.5406 98.6032 6.77628 55.4222 51.8282 69.1768 68.8796 86.677 86.9152 90.5202 74.9988 67.0122 81.1462 61.2292 90.1668 54.0021 95.3615 33.7731 77.6533 77.4169 75.9372 21.2224
27.6909 28.7334 30.4941 29.254 35.1721 25.3357 13.739 11.3213 12.6393 12.182 8.60073 7.08247 7.17564 6.55131 2.68097 1.32214 0 1.29738 6.01533 5.18405 5.33261 5.28639 22.192 25.3014 23.1389 25.6884 19.9074 19.7402 18.7709 21.4323 78.7368 86.7584 74.1971 85.5594 77.6013 78.9441 68.7946 81.6475 48.3113 44.7748 46.7978 38.5786 43.3657 44.7141 44.2113 40.8037 69.2274 65.6674 71.1227 60.5394 62.5451 63.5925 57.6636 59.0665 77.8212 69.1177 73.4097 67.8217 46.8772 42.7203 40.4589 42.1409 64.6803 65.5959 66.811 70.4973 63.6891 58.6075 54.2506 58.3967 84.7033 79.7828 14.9045 12.983 7.59957 6.63915 39.0236 36.4375 118.484 117.567 58.6679 53.9497 51.6872 15.2671 35.8123 31.8864 32.012 28.4421 32.6147 28.979 69.1766 67.7772 62.2809 62.9109 66.37 65.6935 58.2721 67.1461 46.2519 51.6065 50.5866 50.8781 57.8821 62.6278 59.9095 59.0542 41.4203 43.2091 45.5503 43.8895 82.7453 78.1406 78.6701 81.1965 49.1579 50.6412 48.5677 43.6574 64.4164 59.0561 61.4515 58.9803 95.1621 107.8 100.9 109.96 66.937 64.8848 60.635 58.3139 48.5566 47.6244 53.6877 44.0227 75.2588 94.8376 61.5683 6.72626 14.0367 49.5649 42.9369 78.1582 4.98317 36.9077 78.9854 79.9521 93.0428 85.651 84.3101 65.5917 12.4954 62.955 97.027 87.1356 8.01019 52.1563 49.7801 67.9513 61.4341 86.8069 87.4247 98.3212 71.9939 63.5281 75.3005 67.9615 98.375 52.5014 101.639 33.5618 80.8265 75.3175 82.5518 21.5191
29.6527 30.9298 31.768 30.3307 35.0819 28.0855 14.2675 12.8561 12.6241 11.275 9.43061 8.68966 7.09755 7.02031 4.16606 2.63869 1.29738 0 6.36898 5.92429 6.05673 5.63007 26.2217 25.3072 22.7309 26.8723 20.2498 20.3665 17.9075 21.1212 87.8297 76.0133 75.2013 85.9293 77.1802 82.7854 82.3727 69.1294 46.7349 48.1088 45.9829 40.349 44.5196 42.5577 46.195 42.8376 67.0273 66.5907 69.5763 61.4919 64.8276 54.1814 61.1129 63.144 72.5538 71.0653 80.3709 74.8277 42.0311 40.5855 45.0035 43.0898 75.5353 67.8643 67.7952 65.0422 57.6598 66.3021 61.7611 55.6332 77.2653 78.9824 12.7968 13.2492 6.92672 6.14174 38.9056 42.1748 112.187 121.618 57.8462 57.8572 48.4756 14.5146 38.5331 31.908 34.6458 28.6787 30.3704 31.845 69.1922 69.4576 64.8601 61.6614 58.5685 64.6761 61.246 60.5359 48.176 51.8556 53.2728 52.305 62.6781 56.7806 60.7805 62.9201 38.6041 41.871 46.1138 40.4898 75.4477 76.1373 78.7938 77.2688 54.3248 47.1717 51.2639 46.4911 63.8692 63.4751 57.3428 63.4513 109.086 100.442 101.951 101.861 63.6864 58.5842 69.26 65.6497 54.9097 51.2668 50.4718 52.2975 78.404 83.4687 62.4944 7.88793 12.8406 47.0361 45.889 89.6432 5.93874 33.2991 71.6279 79.6009 91.1927 99.22 76.2335 70.7246 13.6173 64.3775 95.2746 87.569 9.15904 51.0042 52.8591 72.0641 58.5184 93.0319 97.5672 85.1304 71.4291 62.8111 79.0613 70.939 107.194 57.1911 93.9887 37.0294 73.7671 81.1894 78.9012 19.798
33.4921 33.1517 30.5988 35.942 36.8548 34.3787 18.5084 16.546 16.2454 17.6277 12.5643 12.0413 11.5827 12.1281 5.85509 5.48052 6.01533 6.36898 0 1.16208 2.41511 3.9098 29.0147 27.8443 28.4265 29.0888 23.1098 26.9447 27.8805 28.3449 85.9726 84.2062 92.2445 83.2011 87.9937 72.908 82.7367 75.2973 42.1603 43.9826 43.9845 40.7248 43.5776 41.6419 37.3651 42.4033 73.8036 68.3621 76.9528 75.4232 66.3185 58.5095 59.7879 69.7894 82.7456 74.1613 80.5105 73.9654 40.5531 38.9965 39.7664 43.3696 67.6617 66.9918 65.3643 65.007 58.126 55.5242 58.0603 53.3725 81.4198 85.9434 19.5318 19.9492 14.4072 12.6886 36.6841 35.6401 111.986 111.715 58.8196 55.8445 47.2605 16.1908 46.3581 34.1366 33.2185 33.8472 32.7208 28.9612 65.4086 61.8841 67.2506 58.5342 62.7613 59.236 63.4648 60.1026 50.8034 54.3945 51.1273 50.0903 65.8007 70.4426 71.69 65.8945 44.5968 50.6277 48.987 43.7774 78.7532 75.0339 89.1812 75.503 53.2311 53.4346 52.8597 48.4369 61.3821 58.4622 61.7455 56.6657 116.628 103.915 102.298 98.0889 63.5051 55.6407 60.3879 58.52 56.7973 49.3594 56.4178 54.4905 75.5402 83.1433 66.9056 1.64541 12.2901 50.6595 45.723 92.2625 10.5641 30.576 84.7178 90.4684 90.6861 86.743 71.2132 61.7639 13.1711 66.9502 92.0687 92.9284 2.41355 56.2822 47.0314 72.6096 67.0956 77.3689 96.5171 98.5397 71.2176 70.3632 78.0887 63.802 98.7367 46.975 93.0735 32.8605 74.1706 76.4243 76.8401 20.2089
38.5169 32.1661 35.9296 29.9845 37.2711 32.8483 18.8336 17.8795 18.2298 18.5179 12.2993 13.0486 13.0049 11.4504 6.02635 5.53126 5.18405 5.92429 1.16208 0 1.21787 2.49787 30.0157 27.543 32.6398 30.5985 26.3131 25.7928 26.4975 26.4698 86.755 82.3492 79.3864 90.7032 78.5219 87.9958 74.3403 84.2117 42.421 44.9253 46.2875 40.4551 45.0832 42.8921 40.098 43.4241 63.7034 72.4052 65.593 75.6278 60.1322 65.2939 67.9711 64.7702 77.4464 69.744 76.5092 82.8208 48.9101 42.8677 42.3668 42.6374 74.1363 64.0556 63.0465 63.6633 53.0004 56.7542 50.3069 51.7957 93.5539 88.463 21.7653 17.4319 11.9247 11.0241 33.7466 38.7527 122.391 122.851 61.9698 56.0275 46.9041 14.895 39.9352 35.1772 35.5985 31.2049 30.2436 29.4748 70.2533 68.8688 58.9605 65.5362 57.2415 64.2086 58.5467 58.4556 53.7571 52.7431 51.2116 48.0711 64.6897 60.1143 63.7392 59.4695 44.5799 46.5435 49.2796 50.0948 90.5465 84.6351 76.9818 85.4148 45.7242 46.7729 46.8555 49.7464 58.6646 65.9396 68.5854 59.5486 111.371 103.206 115.139 105.138 62.6531 57.32 58.2385 65.347 49.6443 57.9334 52.6216 48.8371 78.2447 89.6985 69.145 3.25528 13.4105 58.8341 43.3872 95.181 9.28868 34.6413 73.0892 84.8022 97.5563 91.951 69.8897 67.7717 13.2974 75.5525 88.4545 94.1482 3.23966 59.3596 53.1872 72.2255 73.7264 89.6117 95.8218 84.4107 75.0459 61.6751 83.1277 77.1995 96.2029 49.5889 98.0978 35.1569 82.8807 80.0136 77.4098 23.1775
34.093 36.591 30.9711 31.8096 41.0538 33.3685 18.8506 19.4346 18.664 16.0654 13.9733 11.3055 12.3971 11.7248 6.31283 5.1381 5.33261 6.05673 2.41511 1.21787 0 1.379 31.4041 27.0766 32.9351 29.4881 23.9263 26.9091 23.4649 27.2361 81.5007 88.2101 85.9537 90.145 84.3556 78.3318 82.6509 74.6297 43.7751 50.042 45.2192 43.4626 50.2116 47.5375 39.7898 39.9542 72.4396 72.0193 72.8552 71.2596 69.5578 68.1528 62.4108 66.5659 76.0945 76.2466 77.7138 79.8864 43.2225 40.4264 43.2834 39.4905 74.1072 76.3168 67.8742 63.3974 62.4891 54.3734 57.6656 60.2216 90.4718 89.3564 17.5273 18.9341 12.6943 9.75097 39.3397 35.4115 119.654 119.891 61.2962 60.9296 49.9963 12.7316 40.6949 37.1539 35.0212 31.0365 32.4023 34.0176 60.4405 59.0657 64.5542 65.2839 64.6768 66.7177 58.3293 61.4466 49.5542 59.287 58.8513 54.7401 68.3818 70.7274 70.0093 69.9389 50.4441 46.3753 46.0166 49.5933 81.8402 79.2764 76.7864 79.294 52.711 45.8806 52.8696 45.771 60.1422 63.131 63.1704 62.5126 100.17 107.602 116.644 108.268 65.0495 69.66 64.0103 60.7443 57.1125 48.3742 53.3152 57.983 71.5009 88.3292 74.6733 4.20752 13.2683 60.1366 48.0369 92.8427 10.1414 33.3095 80.5357 97.8302 91.5815 97.5204 74.0507 65.9108 13.2798 78.9026 85.6534 99.918 4.30045 61.0442 54.0383 69.1054 72.3449 93.07 97.4344 97.7851 67.4131 62.4077 77.4019 65.4952 97.7285 56.8518 114.537 37.9086 87.1143 78.6796 87.07 21.3042
37.9565 32.7666 33.0532 35.2846 37.2002 36.0689 18.9689 19.8373 16.4161 16.7329 13.9151 12.2201 13.33 12.41 6.7379 5.52468 5.28639 5.63007 3.9098 2.49787 1.379 0 29.774 27.0781 28.8796 31.783 23.876 26.6377 25.3324 24.1022 80.5748 85.4402 82.8199 90.1541 80.8453 86.6903 81.9794 82.772 43.6132 51.8791 45.4417 43.0237 44.7811 46.0664 44.3199 44.4612 74.807 73.254 68.7534 69.7113 62.5842 63.6284 67.9102 62.6475 74.9354 74.7252 82.0459 82.2877 44.7483 48.266 44.0414 48.1515 74.9436 77.3886 73.6126 73.2936 60.254 61.0152 58.6519 63.5101 83.4677 87.1325 20.1708 17.0421 10.9974 9.4761 40.6651 37.5024 119.18 112.934 66.2799 66.4102 47.8211 11.6813 48.2142 33.475 33.4234 32.2631 34.6922 36.5598 69.5716 66.973 60.611 59.8683 63.0048 65.1696 67.1038 70.0052 57.5653 57.9108 60.017 49.5907 66.337 67.4682 68.615 60.0069 50.9166 50.1351 50.177 50.8183 91.2615 88.7357 85.0031 86.2285 50.8889 48.2535 53.6045 47.5606 68.1306 63.9433 65.3395 65.27 111.969 118.772 106.365 97.6939 59.4723 61.4697 63.5104 69.3846 57.4403 53.24 54.9528 50.5883 82.8221 92.5694 66.1533 5.60215 15.9474 53.7292 46.496 95.8891 9.82611 40.053 88.6845 86.4129 102.766 92.911 74.104 66.5594 15.3534 76.8004 96.4162 92.4156 6.01563 53.4049 59.8463 74.296 68.134 90.376 99.0803 86.1928 74.712 65.2855 92.1152 68.417 106.343 58.1176 107.793 38.5173 84.979 74.2879 90.7894 26.0035
17.1581 15.9027 14.7891 15.7074 17.3419 18.6416 13.5184 15.2689 14.3408 13.9274 19.7142 19.8345 16.9413 16.3995 25.0296 25.6879 22.192 26.2217 29.0147 30.0157 31.4041 29.774 0 1.15297 2.3645 4.07335 5.90018 5.13344 5.78408 6.71308 59.7313 51.6194 56.7041 61.6628 54.0727 51.5125 54.741 51.2131 47.0276 46.3183 52.6334 43.3085 55.5625 56.7104 51.9207 46.0043 40.3329 41.5692 44.6735 40.2105 34.7058 38.5688 38.2245 36.4174 54.8689 54.3779 56.2688 49.8488 38.714 37.9733 33.6696 33.7393 59.8604 54.8884 55.5014 52.9931 68.1221 65.8459 69.3363 66.342 58.8483 61.6411 12.2618 15.8604 20.2878 22.7766 48.6861 56.2555 99.1213 107.021 36.6716 37.0696 64.318 33.8353 18.9943 32.1479 26.7919 27.1659 23.4374 22.9706 71.9075 64.006 72.1928 73.9592 64.0633 62.6133 68.5836 66.6864 32.5262 35.7257 31.7187 31.5984 35.2886 33.9571 35.6589 35.7329 20.8972 20.9547 18.8192 18.3253 49.2825 52.3921 52.7174 52.7798 57.5562 57.8016 47.4427 55.7002 51.9286 50.9601 50.2832 48.1538 87.9676 93.5492 95.3476 97.5988 72.5859 64.5502 64.9758 73.0302 39.4584 34.8921 34.7549 38.1406 57.2468 80.988 43.2219 29.8479 27.8354 26.3127 25.4999 60.0629 19.7264 41.5653 75.9273 66.5102 83.0623 91.5894 96.027 56.9534 23.2987 51.5189 94.063 81.8513 31.0771 45.6411 45.9314 74.2124 46.9247 67.3387 79.8917 82.0474 45.6877 64.8127 59.0062 69.6948 92.695 60.0662 96.5607 34.2925 87.5787 85.9561 61.8714 27.7625
17.6454 18.2743 18.0089 17.7905 17.9275 19.3706 16.8074 14.0583 13.2793 12.5312 18.6729 18.9611 19.3733 19.5852 23.9706 26.9591 25.3014 25.3072 27.8443 27.543 27.0766 27.0781 1.15297 0 1.29198 2.46395 4.9978 5.47397 5.92278 5.54049 52.7755 52.6385 60.9356 61.4183 54.5194 56.2122 47.1166 50.4952 56.3869 46.1202 52.9306 51.773 51.5862 53.5332 56.6482 48.0415 38.2034 41.3283 44.0681 42.2774 35.2939 34.381 36.897 37.0195 52.531 47.2623 49.8585 48.281 33.9901 39.7004 37.0443 33.716 62.8187 55.2371 61.6926 63.3622 78.7442 74.8112 69.4916 72.2607 60.1387 59.9033 11.9246 14.2722 21.1556 21.4985 52.7291 59.3396 101.787 94.9249 41.0914 35.9116 64.3515 37.6028 21.0736 30.6159 27.8992 24.7013 23.8347 27.6998 65.3956 74.7621 64.4295 67.5879 69.046 65.3003 61.5084 68.0783 36.9935 39.151 37.7536 35.2912 36.5441 38.8155 35.8057 36.2998 20.8673 22.8418 19.7746 21.366 49.3948 48.0858 54.0451 48.5755 49.9627 56.7659 48.2095 55.3554 57.1262 57.7445 51.2685 56.1946 95.2883 98.3025 93.7487 87.1503 72.746 68.9002 65.9724 66.4912 39.6924 40.0296 35.876 39.5824 51.8718 72.905 46.1329 31.0169 32.0594 29.5576 24.7799 66.5695 19.5698 43.5303 84.8603 65.226 89.1679 84.35 83.3893 51.3388 26.4718 56.8278 89.2054 86.7599 35.0532 48.6376 43.9579 73.9356 42.3828 72.7592 85.7395 83.8391 46.826 56.3754 61.9803 60.9349 91.5024 63.3705 87.6791 39.029 88.4436 89.3847 69.1039 30.2797
18.6165 17.5619 18.7201 17.9935 19.9333 18.0439 16.7638 15.4106 14.1094 15.2013 20.8126 20.0954 18.1294 20.1304 26.9187 24.79 23.1389 22.7309 28.4265 32.6398 32.9351 28.8796 2.3645 1.29198 0 1.21237 5.46845 5.14087 5.4821 5.66107 60.5738 57.7485 61.5581 56.7721 53.0904 50.0908 49.3984 55.1986 57.8148 52.6441 50.7674 50.1001 55.7648 51.524 51.0797 49.1781 44.1398 42.3791 42.4153 39.9964 39.3363 39.8172 37.5517 33.4848 57.8466 52.3069 49.6931 53.0454 41.8387 38.7481 32.3767 35.3524 64.0468 64.5941 63.6004 64.9746 72.1076 69.2966 67.0054 72.5011 63.4121 59.9362 13.1148 13.7846 20.5414 23.7861 50.3487 59.3219 94.2766 92.9444 37.8592 33.5332 60.7348 34.9375 22.7581 30.2107 26.2901 26.8873 29.8406 29.583 68.671 71.3843 65.7146 74.7164 65.5895 66.3941 66.9392 71.8382 40.6807 34.932 38.7106 34.5375 41.8572 34.669 41.191 37.8861 22.2253 20.406 24.312 23.2203 57.8634 53.2491 56.3199 57.7597 50.2181 57.1216 56.9112 54.6922 53.384 54.3519 61.015 58.6089 88.772 98.2397 88.3689 100.149 66.1591 78.6412 74.7287 77.1903 37.7817 38.9258 39.2333 40.5614 52.3048 82.142 43.6751 33.3664 28.5212 29.197 28.0789 67.0865 20.3697 44.1459 83.9796 65.8924 76.8228 89.0321 81.6123 59.6293 28.0573 52.9001 84.5119 89.0314 34.5331 52.7912 50.4819 73.3191 44.4532 83.8009 87.1547 80.4344 44.2143 61.632 59.2873 67.2762 90.9699 62.955 102.247 36.7396 82.6905 78.1897 68.0277 29.8605
18.2324 18.7564 20.1256 17.5621 20.528 20.209 17.1964 16.2536 16.0815 13.7108 19.5103 22.247 18.8442 19.3988 25.128 24.1755 25.6884 26.8723 29.0888 30.5985 29.4881 31.783 4.07335 2.46395 1.21237 0 7.21589 6.13059 5.71553 5.64653 55.3753 58.964 61.4981 51.9498 51.3229 48.8135 48.3641 48.8164 55.6165 57.5977 49.6041 51.431 61.4286 53.9794 58.2935 48.8778 39.0073 44.9904 39.585 44.2864 40.0469 39.7947 40.2914 38.2759 53.521 54.5127 52.8798 47.5713 39.308 40.7983 33.768 38.635 61.8612 64.2753 57.9312 65.2187 80.5635 82.8949 71.2254 78.1162 64.5053 63.395 11.9816 14.5018 19.5892 21.2889 57.6951 59.3798 101.653 108.905 42.1438 35.9118 61.9823 36.2111 22.7143 31.0868 29.7987 29.21 28.3931 28.4791 68.1807 68.6533 71.9669 74.2919 72.8918 71.2349 62.831 61.5768 40.8286 36.6982 36.8929 41.3426 36.8937 35.4931 39.1086 37.8031 24.6626 23.9525 24.5452 22.4737 56.9742 52.085 54.8104 52.6028 60.1039 61.7267 52.9696 59.4654 58.6449 56.3107 52.714 51.1607 87.9724 105.451 105.624 97.2961 79.8107 75.6207 76.3801 67.9146 38.505 40.0564 36.3884 37.4108 51.4022 80.6243 44.9188 29.322 28.4385 26.076 29.8108 65.1742 21.1519 46.4793 86.3349 66.6156 92.4816 90.4377 98.743 62.9988 25.4649 61.7166 91.4509 93.0913 36.1401 49.9019 53.8487 70.7881 49.4855 78.834 77.4449 87.9025 48.1115 68.8802 54.4077 67.175 86.6552 74.9854 86.6218 39.8995 87.1794 89.2932 68.9322 30.7168
18.347 16.9715 16.6519 16.7638 19.9452 16.7488 11.5347 9.55495 9.08976 7.538 15.6021 15.4872 14.1412 13.1871 18.8478 19.5847 19.9074 20.2498 23.1098 26.3131 23.9263 23.876 5.90018 4.9978 5.46845 7.21589 0 1.27815 2.69934 4.06741 59.6724 62.641 56.9691 56.6407 52.4757 60.3777 54.9423 55.4827 49.2271 45.5495 49.3571 47.2454 54.0979 46.547 51.4212 42.6569 48.4581 48.2858 47.0981 47.3926 37.6865 41.1059 43.558 44.4676 63.3219 61.8662 56.2583 57.0101 35.1568 39.5621 37.8726 30.8541 56.3918 60.3325 65.2864 58.3437 65.9704 71.4228 72.0884 65.2584 65.8837 62.7739 8.76832 11.5152 16.3166 17.2671 51.3337 51.1573 100.878 102.351 38.5828 38.4 60.5777 27.9145 24.835 28.733 25.0933 24.677 26.1917 23.2102 65.619 65.8911 70.7697 61.5872 69.0319 70.4161 58.0371 63.6205 38.8632 41.4956 35.823 34.8818 39.5553 42.1256 45.3076 43.657 27.7493 22.7221 27.1895 24.2175 56.0129 55.9947 54.2562 63.2341 54.3611 52.8566 48.9419 48.9503 55.8903 52.5847 52.9447 49.6027 103.334 94.3596 88.0829 91.1882 64.7811 72.0667 71.4205 62.1538 38.2703 36.1123 40.5288 41.1802 54.8061 72.8446 51.2946 22.9327 24.629 34.4576 26.3657 74.1689 13.8243 45.066 71.4195 71.6671 87.0108 84.0877 78.5506 56.5332 22.6948 60.4049 86.5009 92.5335 27.1388 46.0046 43.6695 72.0278 45.8993 81.0038 90.6409 84.6118 46.8453 64.9229 63.0022 59.7017 95.2384 63.081 91.3717 35.2848 79.7614 88.9442 62.2958 26.0803
19.1126 19.0341 16.8403 18.0444 23.2439 19.6936 12.5896 11.5855 9.43096 8.9856 17.1162 15.7778 14.4366 13.2018 20.5248 20.7977 19.7402 20.3665 26.9447 25.7928 26.9091 26.6377 5.13344 5.47397 5.14087 6.13059 1.27815 0 1.25054 2.64504 59.8392 67.8947 65.3532 59.7387 52.2197 51.5641 56.3891 54.6405 53.8866 51.9638 49.5131 45.7067 53.6586 48.3655 49.4463 52.1557 48.2487 48.4608 46.5447 45.4518 38.9001 39.1008 37.5588 39.3916 57.2745 54.5954 59.9374 54.5133 41.6682 38.5383 35.1074 35.0102 59.3776 66.8903 55.4613 64.2342 69.4868 69.2774 61.3105 69.8268 62.4588 58.4695 7.72028 10.1562 15.1775 15.9591 50.1299 54.0756 105.595 105.841 41.3601 42.0168 55.447 29.9134 22.0601 32.3317 25.8676 29.1558 26.9708 25.792 76.5421 70.8148 65.4929 73.8595 64.914 69.7315 61.2033 70.4975 43.3158 41.9669 43.024 37.9839 41.9525 38.6908 45.1097 40.0684 26.4888 24.1039 28.0706 27.2042 64.0989 60.244 59.9925 58.9745 55.1319 57.9352 49.2538 56.6259 55.2067 59.1909 56.3474 52.9305 99.6591 94.3045 95.8733 105.659 68.1815 68.3498 75.1003 76.2032 44.1146 40.7831 44.0955 38.8964 57.2451 79.4032 54.3144 23.742 23.0321 31.3264 30.1587 76.1543 14.9321 40.0281 74.8837 70.8049 82.5071 80.031 83.7489 54.8294 23.1021 59.9864 99.0405 95.1043 28.1942 52.8347 50.1132 74.0617 50.4505 73.0187 87.1653 94.2943 46.703 61.4717 68.141 63.2904 92.7891 70.2232 98.9507 35.6991 81.9141 76.7339 72.0996 29.1523
20.9757 20.5738 17.8806 20.2357 20.879 19.1711 12.0944 13.0617 10.1268 10.5682 15.0999 15.7632 15.0068 14.1595 21.935 19.4706 18.7709 17.9075 27.8805 26.4975 23.4649 25.3324 5.78408 5.92278 5.4821 5.71553 2.69934 1.25054 0 1.29487 58.002 66.2658 57.7332 59.8455 57.5418 55.3764 54.4088 60.5136 53.0723 54.2306 52.2544 47.7873 51.844 54.385 50.1652 51.5518 49.361 50.2683 50.6621 48.2826 43.0617 43.2996 45.1703 41.1111 56.7572 59.8567 55.2319 55.8873 37.571 35.5344 35.3514 33.2992 62.3716 61.6799 61.7428 65.3841 71.4228 70.9968 69.667 72.2864 60.8344 61.5427 8.01509 9.13648 13.9064 16.607 51.422 54.4211 111.03 111.769 42.7628 40.8357 58.7049 30.4164 26.1934 33.8379 30.7733 25.9161 25.1495 29.8193 68.4025 74.2435 75.8991 73.9403 72.9566 62.1143 61.4145 65.5712 36.8848 37.5541 41.3592 36.8268 42.9131 40.153 45.6599 43.1873 26.7091 24.901 26.8964 26.8911 54.132 59.0393 56.9852 61.7836 57.0417 58.3747 53.8136 56.7796 63.8542 57.7619 58.646 61.394 90.1319 105.046 91.2788 99.9437 68.0403 75.3299 68.3347 75.1132 41.4459 43.4473 38.0575 41.2436 63.4072 76.6925 53.8843 26.9745 24.2945 30.0757 32.1373 70.0397 15.753 44.1486 84.9934 69.4506 94.761 95.8646 81.351 65.7119 24.1304 62.46 86.5363 92.4292 27.1712 54.4854 45.2815 68.9446 45.3748 80.7923 88.2218 92.1325 53.5713 57.6703 61.34 72.5713 92.5904 59.3066 98.1875 36.4287 83.4197 88.3488 69.1529 25.2889
22.3689 20.6321 21.0818 20.2327 21.5949 20.5212 13.0643 13.4687 11.3827 10.0502 16.3549 17.4526 15.8611 16.0732 23.2654 21.1675 21.4323 21.1212 28.3449 26.4698 27.2361 24.1022 6.71308 5.54049 5.66107 5.64653 4.06741 2.64504 1.29487 0 68.6704 63.4532 60.7682 62.4058 56.6465 58.0574 62.0585 59.4101 55.2347 52.5706 50.7351 48.4621 60.0013 51.0442 47.9274 55.4686 43.111 43.0357 46.9151 42.9622 44.9383 40.109 42.2553 45.773 61.7593 54.1833 59.4516 51.9466 40.1448 43.7872 39.9128 37.7865 59.529 69.1966 68.777 58.911 75.103 75.9146 74.5542 71.78 59.2854 63.7505 6.67347 10.4742 15.9761 17.7542 48.2543 53.7702 109.189 111.418 47.6819 40.6003 66.3721 27.5755 26.8394 33.1151 28.8456 26.8889 27.1315 30.6668 71.7354 69.5292 65.2263 69.0193 63.9398 65.3435 67.47 64.9434 41.7335 42.9816 38.4837 38.4672 44.3515 44.3943 46.7664 42.0646 26.0543 25.5411 28.325 25.6517 54.7234 56.8656 56.5172 58.6305 60.7746 58.2244 51.6 59.3768 62.3405 56.9746 57.2581 55.2647 96.2821 102.115 101.265 92.0452 66.9435 67.3263 74.2283 74.1149 44.9026 43.0427 40.2435 41.3483 64.3661 73.431 57.1519 26.3775 25.9795 35.477 30.3059 68.8983 16.1465 42.6105 76.7034 66.5711 89.964 83.7349 97.935 66.8374 23.3175 63.5207 92.3419 81.3503 29.2279 53.7781 55.2353 74.1453 55.0213 78.0846 84.2455 87.1284 54.7458 62.617 69.0509 71.372 85.4325 70.3032 89.4988 34.7446 79.7826 90.7586 70.8745 30.8016
54.2873 49.5961 53.7343 51.6918 51.9859 51.6274 68.8047 66.04 74.1644 66.9762 69.1124 77.7634 67.9915 71.6143 73.1697 82.7986 78.7368 87.8297 85.9726 86.755 81.5007 80.5748 59.7313 52.7755 60.5738 55.3753 59.6724 59.8392 58.002 68.6704 0 1.1846 2.49649 3.60441 5.19445 5.15564 5.93722 6.81925 78.3185 76.6065 89.0694 81.1872 91.6948 95.5844 89.8662 86.577 17.8326 14.6862 16.071 16.4727 23.6526 19.9329 19.7918 20.2243 22.6475 21.6993 21.8607 20.9489 65.0453 60.569 61.0551 60.6503 62.1204 67.2549 65.1646 67.6852 101.724 113.444 100.465 103.264 11.7208 13.9679 75.0322 76.7281 82.6126 78.7349 91.2647 100.783 76.5561 73.6639 25.5602 28.745 89.0489 83.5787 42.1534 65.9338 62.9824 65.2927 68.1279 58.5489 101.097 90.0451 104.95 92.842 92.3606 86.798 92.4607 85.5466 45.1966 47.8802 45.2604 41.735 24.0351 24.8816 19.9824 23.7986 38.7687 42.3611 42.8466 44.1457 6.12248 6.22306 6.35617 6.86601 88.3592 90.2589 77.7591 88.8807 63.15 61.6563 65.1945 63.7592 75.7514 73.8818 81.2972 82.456 93.4352 91.8771 102.082 95.7399 54.6717 48.2565 46.0137 48.1402 33.9922 61.488 25.1527 88.7426 88.7039 32.2125 40.1019 27.3498 70.6188 92.539 91.069 36.5421 72.6742 94.4043 114.562 55.3941 71.4895 52.0467 88.2936 64.4594 84.8345 58.2875 63.9074 97.7562 31.0739 62.6325 72.2432 77.3761 12.1671 64.725 21.8195 69.4452 73.7933 104.82 83.4268 73.2239 104.534 98.4079 52.6593 68.6545
49.953 49.8582 56.9201 54.4524 53.8737 59.9405 75.4237 73.436 73.2035 63.2081 77.9002 79.1156 68.647 76.1729 83.555 87.9949 86.7584 76.0133 84.2062 82.3492 88.2101 85.4402 51.6194 52.6385 57.7485 58.964 62.641 67.8947 66.2658 63.4532 1.1846 0 1.35001 2.43804 5.71023 5.00485 6.08984 5.50188 78.9431 75.4321 84.0058 75.7314 82.4886 94.3158 90.1652 89.3299 15.3667 15.0221 14.7964 17.0502 22.6236 22.1099 22.4753 22.7184 25.9541 24.2093 22.2786 20.8151 62.6346 61.8363 57.6387 58.9273 62.9364 67.5743 65.9233 64.2515 110.009 120.116 104.66 99.1932 12.9613 13.0703 71.1272 74.5446 69.5522 87.2882 96.6768 104.494 70.5041 75.5022 29.6077 27.8389 91.6213 89.2225 39.7145 70.1359 65.3226 61.0126 58.9731 66.4362 97.8869 102.812 96.5253 99.3594 95.9289 82.9674 87.4788 90.9781 47.4311 48.4451 41.5917 43.8533 21.892 24.9615 20.0239 24.2903 37.9415 40.1604 37.8681 44.2623 4.20207 5.15874 4.97226 5.64855 90.4102 90.2723 73.9784 74.2979 57.3739 62.7966 63.3182 65.2028 70.6794 82.7973 81.481 81.2697 98.144 106.512 106.3 106.649 51.8182 48.1424 45.2277 45.7724 36.1239 57.2947 26.5544 90.7835 88.4205 31.3204 47.5983 28.2747 80.342 86.944 86.2631 34.1283 70.6187 91.5677 126.843 56.1482 77.0349 53.289 89.1244 67.5898 92.5733 62.8489 61.1566 107.168 29.6997 70.5897 80.214 85.6388 13.4872 73.813 23.0567 75.701 76.7322 110.549 76.6642 74.9622 113.375 95.9157 55.3593 81.9631
58.0095 57.5228 52.908 54.7738 54.9763 53.8337 63.2638 68.2457 69.0487 68.5812 75.6932 67.1294 81.4071 73.096 77.616 73.8526 74.1971 75.2013 92.2445 79.3864 85.9537 82.8199 56.7041 60.9356 61.5581 61.4981 56.9691 65.3532 57.7332 60.7682 2.49649 1.35001 0 1.25978 5.5826 5.90194 4.98951 5.05344 82.2543 84.4903 87.367 75.7568 85.013 84.0182 86.7763 90.8024 15.9426 17.1311 15.7085 17.4861 20.9686 23.1213 19.9498 19.7344 23.955 28.9003 23.2716 24.0444 64.6446 62.7587 59.8482 63.2042 67.3426 70.4186 66.7654 67.6184 103.987 107.417 111.055 115.406 14.1738 14.7006 73.7808 75.2051 80.5244 75.0166 90.5497 100.193 76.6751 71.5882 30.3724 29.2168 91.9338 86.9341 47.2181 69.3997 66.4046 58.4762 57.5433 69.2452 93.9182 97.7045 96.0394 101.198 94.9263 81.1851 92.7372 88.2847 44.77 45.8738 43.8822 43.7214 21.2927 21.9101 23.7456 23.4301 40.5238 38.8962 42.9472 43.556 3.88752 4.74648 4.05298 5.07093 86.2836 82.4141 87.7407 88.262 64.0673 67.6708 59.9124 67.0793 83.3903 80.5881 75.0097 73.4098 106.307 96.6302 104.662 105.747 53.0794 54.5252 47.2545 48.3296 41.7338 63.3326 26.9641 81.5147 87.6277 29.0281 41.318 26.2428 75.0657 92.0211 91.7806 36.1742 74.8156 89.6236 129.758 57.992 70.8689 54.8054 88.8978 63.1224 91.9483 59.5942 62.2312 106.665 32.0998 65.5794 79.3201 88.7118 14.5221 78.5893 24.531 75.2596 73.8928 95.1471 85.7981 79.6567 106.013 102.554 55.5097 75.1785
55.2018 53.0944 59.1217 60.0828 53.9997 62.9262 73.6844 67.4925 71.9776 66.7027 77.4035 69.8549 68.5017 71.4763 87.1561 86.6119 85.5594 85.9293 83.2011 90.7032 90.145 90.1541 61.6628 61.4183 56.7721 51.9498 56.6407 59.7387 59.8455 62.4058 3.60441 2.43804 1.25978 0 6.6144 5.9584 5.96958 5.10823 85.4922 83.1619 79.2076 84.2036 86.3508 91.3779 91.5708 93.8246 16.8313 16.1829 15.4092 15.4619 23.7693 22.2295 23.608 20.9779 26.7426 25.3305 21.8091 26.0521 58.775 66.9805 59.9068 61.8914 61.6731 74.4011 61.0021 71.0107 106.582 103.998 100.159 99.6823 15.6822 15.315 72.1562 68.6739 70.4206 81.5571 104.954 96.7672 86.1952 71.8208 30.2598 28.6844 104.349 87.5245 40.679 71.8864 58.828 68.4386 65.3243 62.9526 90.6688 101.912 102.107 92.6132 95.9039 82.8629 89.7712 84.0713 47.0597 47.2203 48.2757 51.3942 21.8419 26.6432 22.5371 23.5304 38.6461 45.0472 43.8933 42.6971 3.21459 3.78132 3.4267 4.47782 82.7297 79.8947 85.9405 77.7758 67.0123 68.3716 68.5163 67.8865 86.2282 81.7323 77.1743 73.7807 99.0386 98.0117 96.181 92.2171 51.7204 51.0176 48.0985 49.1296 43.9741 63.2729 28.3773 93.6615 87.1441 31.4686 41.5387 27.5067 74.8725 84.033 102.494 38.1441 74.8486 86.0628 111.184 60.2503 75.3867 53.7691 103.16 63.7963 89.0497 67.0205 74.926 96.2413 32.662 67.7678 73.137 91.8802 14.1306 73.74 25.6383 74.6426 87.4874 94.9862 90.6964 66.2151 95.4563 101.637 59.2615 72.3076
47.9336 52.8372 52.1244 54.4052 51.5996 55.9412 64.1345 65.5579 60.6659 65.3147 70.7349 74.836 64.6983 72.0839 76.8887 79.9873 77.6013 77.1802 87.9937 78.5219 84.3556 80.8453 54.0727 54.5194 53.0904 51.3229 52.4757 52.2197 57.5418 56.6465 5.19445 5.71023 5.5826 6.6144 0 1.18506 2.33318 4.10239 84.9473 81.8219 80.4581 76.5856 83.0356 82.5622 74.7966 82.9314 11.8894 11.409 9.84553 11.0456 16.8514 16.1873 16.9136 16.9042 20.4749 20.9363 17.9873 19.5121 52.1433 58.8734 54.3391 54.6509 61.1442 61.2132 56.5868 63.0583 107.278 114.583 97.6548 106.72 12.7054 13.4057 62.2729 67.2177 64.9369 74.5219 84.6776 99.8144 69.42 67.8332 21.6524 23.0767 98.344 87.3121 39.7179 66.4305 55.4465 54.8891 59.8094 62.6688 94.9737 91.1281 99.6995 83.6711 90.7516 81.3508 90.302 77.8479 43.5279 42.783 43.7762 43.6273 16.5546 18.5918 17.6881 16.8603 37.5075 38.3882 34.5099 38.1476 5.71666 5.1184 6.58412 6.1775 72.3081 77.4875 78.2939 79.6497 53.3035 57.9482 62.5976 61.9914 70.9354 77.5408 78.4473 81.8377 86.8064 104.21 85.2042 100.688 49.6276 46.8133 41.974 44.9969 36.3276 58.0918 24.3068 88.3752 69.6399 25.6421 42.0926 24.9336 64.8841 84.6878 83.7613 34.0495 75.8465 91.2669 121.848 57.1192 75.1886 41.0588 95.4857 61.9133 87.3558 54.3887 64.3451 99.919 23.1452 59.2768 64.7145 80.1298 6.83467 69.445 18.6069 74.6274 70.734 94.5823 73.7933 69.5606 91.8879 108.116 48.172 69.2696
45.7668 53.5436 50.0361 50.7502 47.1698 55.3735 57.4338 60.2695 62.5164 59.5539 63.9818 74.8695 64.4386 71.6641 81.8086 82.5005 78.9441 82.7854 72.908 87.9958 78.3318 86.6903 51.5125 56.2122 50.0908 48.8135 60.3777 51.5641 55.3764 58.0574 5.15564 5.00485 5.90194 5.9584 1.18506 0 1.35978 2.55441 78.0919 80.4884 82.885 74.6312 88.1983 77.8708 80.668 75.0386 12.203 10.0833 10.378 10.8306 15.9249 15.4201 15.2373 16.0893 22.9209 21.7905 17.9668 21.4621 55.1475 55.9036 53.0377 59.8981 62.8415 66.6358 64.87 61.5119 102.912 97.1866 95.7361 102.586 13.484 14.4217 70.8584 73.1983 64.8523 77.1978 91.1846 88.6784 77.9779 73.5067 22.5516 27.4866 82.3739 85.1823 41.2726 59.0726 59.3178 62.1249 55.0793 60.5856 91.2855 101.653 94.1452 90.6096 84.5272 80.3711 89.8649 89.3364 43.6916 40.9424 41.2143 41.1875 16.7838 19.4364 15.7193 19.215 38.2145 32.3246 34.5726 37.4433 4.21048 3.47123 5.11621 4.39244 72.3056 78.8415 70.8875 75.806 55.5554 63.1942 58.7553 53.8636 76.0206 83.0923 76.473 72.4362 97.5629 86.5981 91.6418 93.3659 48.922 44.0638 46.2473 42.8591 37.5405 56.9495 24.6887 73.4957 79.2512 24.9036 37.9405 25.6004 68.8911 87.574 85.2147 37.0611 72.6901 88.8518 115.184 52.2593 79.5414 45.3837 92.7413 61 76.0667 54.8594 65.2047 96.8545 24.486 64.4794 77.2984 76.2057 8.21418 69.5903 22.5828 68.9997 78.1576 103.397 82.7804 63.1938 106.079 102.912 55.1957 66.3908
47.4559 44.9939 45.0161 48.324 46.7558 51.5632 65.3702 68.2689 59.4625 66.3325 65.4862 75.2695 72.3007 65.1068 68.54 80.8355 68.7946 82.3727 82.7367 74.3403 82.6509 81.9794 54.741 47.1166 49.3984 48.3641 54.9423 56.3891 54.4088 62.0585 5.93722 6.08984 4.98951 5.96958 2.33318 1.35978 0 1.32047 81.2972 76.6445 71.1831 82.763 76.5555 85.3252 86.4801 75.6706 12.2377 12.2241 10.3332 10.5496 17.1917 16.9899 15.8546 17.5891 23.7596 25.1537 21.3982 22.9997 60.2535 59.3895 54.281 61.3147 64.5361 67.0632 58.1355 62.0957 113.785 104.425 98.9874 98.3756 15.8514 15.1733 67.1346 63.3618 73.851 78.1904 82.6916 86.9656 71.5755 71.9564 23.1363 27.4178 84.6097 78.2936 41.2551 66.6731 62.8208 54.348 54.2974 61.2729 91.6038 93.3298 96.2422 94.1728 90.5118 89.6275 76.9981 77.526 44.2138 41.4403 43.8716 42.1446 18.4547 19.0175 18.0698 17.0604 38.2669 39.2518 37.8414 38.1331 3.0883 2.69822 4.07131 3.65917 79.1275 79.9407 78.4018 83.2513 62.3179 61.4053 54.2293 65.8076 76.8344 78.9762 81.4604 74.8045 100.639 93.7607 95.8264 100.798 48.8882 50.291 49.7027 43.1732 33.8007 55.2882 23.5149 83.9016 78.1061 26.8724 41.5626 29.2269 70.2992 83.0394 85.4724 38.6303 77.4164 81.7654 126.683 54.3763 67.9112 50.5822 89.2719 59.3016 87.1787 55.1217 63.2774 98.0141 28.9282 71.7736 79.3086 84.8186 8.73725 66.7452 22.6736 65.445 72.9711 90.4202 85.4901 73.4404 108.811 94.9134 55.3427 68.4541
51.1381 44.7502 50.7439 46.6318 51.8277 52.8456 67.4285 67.9118 65.7113 58.0954 64.2955 66.2808 65.6899 64.8344 79.536 80.6185 81.6475 69.1294 75.2973 84.2117 74.6297 82.772 51.2131 50.4952 55.1986 48.8164 55.4827 54.6405 60.5136 59.4101 6.81925 5.50188 5.05344 5.10823 4.10239 2.55441 1.32047 0 80.6698 82.6646 81.1756 83.6037 79.6469 83.195 82.1767 83.4745 11.976 11.6585 12.3415 11.0001 16.5809 17.2486 15.2601 15.0634 26.9921 25.7914 24.3796 24.6355 58.683 59.1097 50.7495 53.9004 60.471 61.6399 67.4522 67.8228 94.9122 115.175 103.258 111.91 17.2668 15.0755 66.4351 73.5164 74.3333 71.0337 95.8229 96.8892 85.1059 84.3369 26.8987 24.5582 89.5433 81.4958 39.2899 69.6233 54.3304 56.0663 62.1698 56.0622 90.5868 104.313 99.5268 86.2104 85.4805 86.3343 92.664 79.8948 47.4887 44.0803 45.538 45.5408 18.3037 20.101 17.169 20.7598 39.1057 33.3306 33.6567 37.6224 2.57164 1.67213 3.07181 2.50844 78.1454 79.9961 71.2576 79.7193 66.1813 63.3433 59.2616 65.6829 78.6412 85.2877 85.6463 78.4475 93.2132 104.003 90.8325 101.245 50.8624 46.6605 44.2082 51.1879 35.8582 65.1189 28.7808 85.1428 70.1538 26.3665 40.4056 30.9348 74.8838 79.8514 99.4774 40.0295 66.7887 92.539 114.509 63.038 73.7391 51.3751 84.6112 64.5213 83.8922 57.5946 65.9744 96.3421 25.1544 68.9923 80.9761 90.1096 8.84176 76.1244 24.8065 68.0492 87.0817 95.2557 79.3583 65.174 107.945 94.8595 57.9052 66.2876
36.9163 36.2077 37.0202 34.5037 37.005 33.0718 36.8482 42.9624 42.8332 45.7843 37.4193 42.5611 46.4541 47.1637 47.3653 44.1224 48.3113 46.7349 42.1603 42.421 43.7751 43.6132 47.0276 56.3869 57.8148 55.6165 49.2271 53.8866 53.0723 55.2347 78.3185 78.9431 82.2543 85.4922 84.9473 78.0919 81.2972 80.6698 0 1.16137 2.61891 3.50926 5.7222 5.93425 6.4369 6.8946 74.5721 74.1921 75.0969 64.8082 70.2016 59.3578 71.6463 69.9867 68.334 59.0558 70.5548 58.2027 21.6615 21.3847 26.4991 21.6041 37.8718 30.3676 35.2828 32.9621 24.1493 27.0359 23.3191 24.7491 84.0194 72.4124 50.2225 50.8295 47.7382 49.4936 17.7933 19.7303 79.5291 75.6362 57.2076 49.4196 11.943 64.3245 49.3686 21.8212 27.9898 23.7963 26.3766 27.6532 19.9466 17.5014 17.7947 19.6274 16.1093 16.8508 14.3906 15.5051 35.962 40.3522 35.1695 36.5117 62.5676 57.1107 68.0988 64.0178 49.644 44.1009 49.3279 46.0871 88.9491 78.3954 78.3083 78.6856 4.88369 4.41893 4.59095 3.73201 29.5413 27.2769 30.4232 28.5414 66.79 74.985 66.7452 63.1105 18.8064 19.5718 18.7387 18.1317 34.4699 35.1984 33.4349 36.4569 58.8379 51.4739 63.5091 45.7224 35.9981 65.2693 40.4736 68.0772 41.957 12.711 33.5524 63.634 51.6584 44.5045 39.1023 34.2419 35.1584 49.7124 48.7191 70.1892 39.844 22.5247 18.1247 25.0442 51.3734 49.0517 49.1828 46.9395 74.2094 27.1217 77.2144 27.5944 61.578 19.5632 63.8614 16.0036 32.1144 35.1028 48.4196 27.3857
36.1151 39.1681 36.9473 36.6997 36.1846 31.7956 36.2639 36.7314 42.9546 39.1947 36.595 41.3932 44.7944 39.3897 42.2211 47.0146 44.7748 48.1088 43.9826 44.9253 50.042 51.8791 46.3183 46.1202 52.6441 57.5977 45.5495 51.9638 54.2306 52.5706 76.6065 75.4321 84.4903 83.1619 81.8219 80.4884 76.6445 82.6646 1.16137 0 1.3171 2.53774 5.79199 5.90148 5.97847 6.37123 67.8433 64.5799 62.6454 72.2658 64.7643 65.463 60.6108 69.131 66.3407 64.9506 64.964 62.8351 21.5012 19.5472 25.1503 20.5341 35.3073 31.9834 33.7775 34.0373 25.5188 28.7569 21.1874 26.3962 74.2202 80.8637 53.3517 50.3161 45.5664 50.2411 17.0733 20.2369 87.2429 77.254 59.2383 51.1547 12.0865 62.4656 46.5937 21.3171 25.6528 22.5364 25.5431 25.5531 20.4347 22.4065 20.9539 18.9171 18.1325 16.4097 15.5029 15.3053 37.9205 33.4722 36.1405 39.428 62.1871 57.3861 65.5769 66.1856 50.2717 45.0062 51.7705 46.6487 80.4941 76.0509 77.562 86.0704 6.33382 4.94324 4.98654 4.11177 30.3764 32.3444 31.3188 27.1489 67.6414 71.3623 71.4479 65.6314 19.2604 18.9912 20.2246 18.4561 33.7894 33.5376 30.9792 34.5199 50.321 58.2521 63.1129 43.3747 32.9201 52.9793 38.3502 66.516 38.35 13.1341 34.751 73.1412 63.0637 52.7801 41.247 31.9417 29.6263 46.609 47.897 71.6284 41.1449 22.0226 18.9959 24.571 52.921 47.2567 55.1706 54.0294 64.3974 29.8142 71.3818 33.165 55.4213 20.5374 60.6434 14.7367 32.0363 31.215 51.5733 26.4877
34.5985 36.6859 36.5447 33.0345 38.0236 30.7815 38.9652 40.2171 37.793 38.2841 34.8672 38.0374 37.8036 43.8936 38.2188 40.1948 46.7978 45.9829 43.9845 46.2875 45.2192 45.4417 52.6334 52.9306 50.7674 49.6041 49.3571 49.5131 52.2544 50.7351 89.0694 84.0058 87.367 79.2076 80.4581 82.885 71.1831 81.1756 2.61891 1.3171 0 1.2947 6.00742 5.14526 5.04604 5.09995 72.9017 66.4062 62.7519 69.598 59.9343 63.1655 67.9984 64.2939 64.4255 60.7982 67.9042 67.8729 22.2131 19.4778 22.3011 19.7097 33.4245 34.4037 33.3978 33.0127 24.0537 26.3841 25.8816 24.9229 79.7624 76.1729 54.6549 51.8721 46.3418 48.4057 18.5689 19.0008 73.4602 80.0584 60.1584 56.2355 11.6299 63.3437 42.2018 19.8717 22.8913 22.3044 27.236 26.5907 20.0548 21.6215 21.1692 20.538 19.9688 19.7108 19.372 16.45 35.4939 37.8343 35.7464 37.2908 57.6175 62.6666 58.7482 59.9698 48.3047 48.5118 47.1268 49.3227 89.2644 79.6823 79.8055 76.9707 6.18407 6.61979 6.40507 5.73485 33.703 27.5964 31.0263 31.2664 74.2671 68.1095 76.6252 75.0622 20.1727 21.8126 21.7722 23.087 31.4962 33.8779 36.4575 32.1952 57.159 57.0689 56.9118 41.9391 30.2722 54.459 42.9016 66.6278 43.0523 12.4332 36.9792 69.9798 58.4423 50.2469 35.9592 31.7063 29.4661 45.7134 55.0435 66.7546 42.7172 25.2512 19.9446 27.6471 58.4102 46.9081 58.0673 49.2061 65.8585 25.6604 76.0196 32.7175 55.6557 19.8859 68.8948 13.937 36.646 32.6356 50.4239 24.7845
38.0289 37.9988 33.2084 36.4991 31.2653 34.7149 37.7568 41.0505 37.2303 39.5811 33.6411 37.5412 37.5043 39.0584 42.6666 38.0931 38.5786 40.349 40.7248 40.4551 43.4626 43.0237 43.3085 51.773 50.1001 51.431 47.2454 45.7067 47.7873 48.4621 81.1872 75.7314 75.7568 84.2036 76.5856 74.6312 82.763 83.6037 3.50926 2.53774 1.2947 0 6.52792 5.97188 5.19932 5.9097 72.1348 68.34 67.8177 63.7577 59.0618 59.9785 62.5805 70.2756 60.9562 55.8221 61.8009 63.3647 23.4356 21.3685 24.6557 18.8605 34.4407 33.8264 31.527 31.7526 25.2001 25.7491 26.66 25.1752 82.8524 66.0491 50.4141 48.1656 48.6771 44.5862 15.454 20.3922 87.1468 73.2256 55.0705 50.0627 12.9727 54.7295 41.3537 16.7772 22.1176 20.823 23.5165 21.9623 20.7574 22.1743 19.8092 20.6305 20.3696 21.3792 19.6338 19.5709 39.593 34.3833 38.7499 38.4016 56.5431 55.1612 56.2906 64.9368 49.3197 48.9545 42.2506 42.1603 87.8876 77.2927 89.8599 84.1046 8.28834 6.96579 7.09125 6.97542 33.7968 32.8903 30.3372 28.407 78.0698 67.0994 73.7429 67.9626 23.5956 22.1003 23.903 24.7426 30.2047 34.2366 30.3196 35.0304 48.7547 54.4739 60.6529 37.3834 26.5648 54.4886 38.4484 69.5597 36.4249 11.4114 32.9916 62.7735 61.4502 47.5458 37.709 35.4741 32.2584 41.3543 53.9935 61.3417 37.9913 23.7216 16.5699 29.8036 53.2148 46.0011 60.4273 56.0828 63.1127 28.8208 63.9982 31.0013 59.5246 19.1983 64.2649 12.1464 36.1714 38.1958 55.5317 19.7994
38.5178 44.3386 38.2701 39.9221 37.6048 39.2625 41.3598 41.8903 41.439 44.6826 36.3886 41.5344 44.3416 45.1881 44.093 46.6864 43.3657 44.5196 43.5776 45.0832 50.2116 44.7811 55.5625 51.5862 55.7648 61.4286 54.0979 53.6586 51.844 60.0013 91.6948 82.4886 85.013 86.3508 83.0356 88.1983 76.5555 79.6469 5.7222 5.79199 6.00742 6.52792 0 1.35787 2.31034 4.12817 75.3271 80.0515 76.3021 80.755 65.0708 69.3331 66.3353 65.3491 63.6142 65.5232 71.9551 66.2788 29.191 25.0098 32.3823 30.0015 42.3839 35.7321 41.398 38.9739 18.8519 20.0121 17.0628 21.6193 74.3486 79.1977 57.9754 58.6198 56.533 49.1855 14.2677 15.119 87.6347 82.3382 65.8254 58.8843 6.31861 55.4636 45.3054 26.4558 28.539 26.493 31.1188 28.2033 19.4248 18.9309 16.5485 19.073 19.3755 18.8195 20.553 17.0852 46.4681 44.6276 39.047 39.9227 66.077 69.0987 62.6967 64.4211 50.0742 56.3276 57.6606 47.7385 85.7569 84.2849 84.9025 91.5009 10.8583 9.05105 10.1845 9.15919 35.2372 37.8772 35.4149 35.83 70.8157 76.6792 80.6709 65.8017 18.7996 19.6007 18.3457 18.6206 36.4658 38.2169 38.5599 39.7767 62.711 64.6557 67.1167 44.8692 31.6365 65.4068 45.7854 83.9485 45.0985 11.2803 32.9522 79.9185 60.4532 52.4196 35.3701 41.0989 34.6957 46.5377 47.0939 73.8534 40.6291 29.8939 25.9462 24.5494 66.0904 58.8948 61.7615 53.421 69.6181 31.4067 77.5374 33.2841 70.1703 15.1088 67.3804 20.2777 33.0218 33.0071 52.7098 28.2473
37.5138 38.6131 35.7152 41.9881 40.0625 33.4843 38.5433 39.6609 42.7677 41.2306 40.1702 43.4705 39.8359 44.428 40.3691 38.8937 44.7141 42.5577 41.6419 42.8921 47.5375 46.0664 56.7104 53.5332 51.524 53.9794 46.547 48.3655 54.385 51.0442 95.5844 94.3158 84.0182 91.3779 82.5622 77.8708 85.3252 83.195 5.93425 5.90148 5.14526 5.97188 1.35787 0 1.2495 2.46634 79.3568 67.1546 71.0562 68.9172 61.5863 62.8283 65.9777 71.8485 64.6618 64.6228 70.6135 72.5948 29.6885 24.524 27.9782 25.9102 36.2661 36.5791 38.398 39.2262 18.8406 21.4137 17.9259 20.8284 82.4721 82.8875 51.5038 58.1085 46.4438 52.5021 13.8138 16.1395 90.1437 82.8807 58.4988 57.4187 8.61857 63.4697 48.1536 22.9864 30.3231 28.6773 31.0847 28.4539 19.8341 20.151 18.966 17.9213 22.4197 18.5296 21.0717 20.6662 43.2414 38.6167 39.5008 38.4564 69.9342 68.8481 65.1351 64.4867 47.7183 55.2109 56.0875 54.9243 89.1712 81.4943 85.9143 90.0641 10.6589 10.0929 9.33386 9.58181 39.1631 32.6493 33.5266 35.2441 76.5538 71.2241 77.8779 73.5868 18.7204 21.5633 18.0654 17.9607 40.7918 36.8696 35.0981 41.1556 57.2224 62.1914 64.6236 40.0054 32.6747 63.0971 47.2023 71.2409 38.1441 8.68996 34.6746 79.0601 58.4662 54.951 33.3947 40.0967 33.9691 51.9221 49.4747 77.0495 37.1798 26.7904 23.6248 24.9875 61.5674 56.669 61.7298 56.1493 79.4133 33.3645 80.1153 37.6174 61.8216 13.2643 72.2508 18.4399 39.7132 34.0793 55.4965 24.0667
37.4317 39.8022 39.5501 41.6817 36.386 32.4219 40.1115 42.7797 38.6917 38.6291 40.0568 37.9805 39.8136 44.1705 38.5452 41.094 44.2113 46.195 37.3651 40.098 39.7898 44.3199 51.9207 56.6482 51.0797 58.2935 51.4212 49.4463 50.1652 47.9274 89.8662 90.1652 86.7763 91.5708 74.7966 80.668 86.4801 82.1767 6.4369 5.97847 5.04604 5.19932 2.31034 1.2495 0 1.19071 78.2469 73.8258 78.476 66.638 70.4552 61.2862 71.2498 70.2882 69.4878 68.8127 67.9784 73.7024 24.5371 23.8561 26.9033 26.5721 43.2269 35.5951 36.1518 35.4018 20.9539 23.2696 18.1248 23.2969 75.5721 72.003 49.0087 49.1692 49.1264 49.7545 13.0058 14.1074 90.5361 80.2287 63.1 63.2977 8.59933 61.6086 52.3725 22.909 24.7317 24.0589 30.2225 27.3791 20.6677 21.8749 21.9378 21.9235 20.7504 23.1693 19.3416 20.7885 37.7868 39.8093 44.6804 40.5396 67.9891 64.0185 71.3286 59.9732 55.4627 50.8418 49.9571 50.9912 84.8933 85.7514 91.2668 82.4325 11.7815 9.32747 11.0111 10.4428 37.7368 32.1756 39.2949 36.4578 82.5026 69.4266 82.4159 76.0036 20.7362 21.3761 19.3902 18.6574 41.1474 36.0976 40.2556 37.3352 59.3861 63.4707 56.7811 39.8393 31.8887 62.4454 44.7776 82.5355 41.954 8.95663 34.3989 75.2698 65.0718 50.4598 34.0651 36.9587 28.7141 48.389 57.2339 77.4341 42.1979 29.2326 24.829 29.017 61.4978 51.104 59.0845 58.187 78.5183 31.8218 75.5556 37.3845 71.7974 16.3247 74.2235 16.978 36.1628 32.2834 58.5127 21.5046
36.584 35.8812 36.6449 38.7209 35.3029 34.9365 34.3843 34.5424 39.5145 41.0914 33.0266 35.3194 39.5757 41.0776 40.4379 38.77 40.8037 42.8376 42.4033 43.4241 39.9542 44.4612 46.0043 48.0415 49.1781 48.8778 42.6569 52.1557 51.5518 55.4686 86.577 89.3299 90.8024 93.8246 82.9314 75.0386 75.6706 83.4745 6.8946 6.37123 5.09995 5.9097 4.12817 2.46634 1.19071 0 74.188 68.8791 72.9786 71.9081 71.6994 60.764 62.6655 68.2243 75.1974 68.3148 74.6873 72.8587 28.1245 23.7293 30.1664 23.3493 42.0868 38.0631 39.5833 38.9445 21.7252 22.5832 19.8188 22.6905 83.9216 78.6745 53.5646 47.0803 46.5983 52.3581 10.6759 13.0563 93.1453 86.1621 60.4722 54.5517 10.614 54.449 47.3125 22.2526 26.0547 26.6503 26.6017 28.8341 24.0431 23.052 23.9417 23.3105 23.1399 23.9911 22.6884 23.2449 44.0298 40.8216 39.4889 42.801 66.7323 57.9535 66.1158 64.3164 53.6412 46.3214 47.393 49.6746 80.7873 87.4144 81.8718 93.6397 12.8016 10.3406 11.4768 10.8803 33.7789 33.0583 39.4953 37.4977 74.149 73.8934 78.9829 81.081 24.2648 23.8584 23.3539 23.5855 37.908 34.066 39.0628 36.6816 61.7338 64.4774 67.8582 41.2007 30.663 59.8089 43.1417 80.9259 35.7779 7.71692 36.5715 77.0523 68.0741 57.0587 40.8396 44.0411 32.0893 49.5281 58.6829 73.1542 38.4256 29.7801 23.5356 27.6951 58.4365 54.5147 65.9802 56.7605 81.3259 33.7415 68.5258 36.7211 71.6216 15.9454 63.5473 15.2391 36.3534 36.839 54.772 20.129
37.5258 35.9521 39.5202 41.8357 35.7151 37.976 48.6715 53.0158 55.5664 56.6471 54.2566 58.0907 54.7528 60.4258 70.5777 67.8917 69.2274 67.0273 73.8036 63.7034 72.4396 74.807 40.3329 38.2034 44.1398 39.0073 48.4581 48.2487 49.361 43.111 17.8326 15.3667 15.9426 16.8313 11.8894 12.203 12.2377 11.976 74.5721 67.8433 72.9017 72.1348 75.3271 79.3568 78.2469 74.188 0 1.32544 2.48795 3.45926 5.10736 5.98339 5.59568 6.89319 19.7337 18.5332 15.5758 15.7172 43.9985 47.5941 47.7054 42.9986 51.1984 55.1808 54.3895 50.7072 101.801 93.7921 92.2949 96.2652 19.6181 17.4667 50.2939 59.6947 66.2025 65.7926 75.2717 84.612 72.3766 71.2756 14.0487 13.7628 76.0993 83.7409 25.9553 52.4921 43.673 49.9082 47.9512 43.142 85.9388 91.629 75.1866 83.3395 75.6969 79.0525 70.0052 78.0132 34.1481 31.7956 32.81 29.5574 6.5451 7.31939 5.26079 6.56002 21.7643 27.0053 24.2997 25.3809 16.1732 15.0157 15.4566 13.9362 72.1153 69.1103 61.2616 72.2658 50.5194 49.905 48.292 49.579 70.4914 67.8045 76.4957 70.7757 86.5008 82.3424 86.2117 90.4883 32.5964 34.1562 34.453 35.7603 30.122 54.5493 17.2966 65.4905 60.4004 15.0319 31.2134 28.4422 60.4959 66.8096 88.5714 35.4497 61.3297 71.2915 113.887 52.8632 56.8091 41.3897 84.2597 61.9908 76.6279 46.4187 57.5211 88.8612 16.1139 60.4078 61.6872 66.7958 4.15466 60.6883 22.2881 59.984 66.6126 83.2341 80.1498 57.2023 92.7728 85.961 41.3005 54.5243
37.0137 38.2684 40.1292 39.7545 36.0962 45.3524 56.8372 52.7918 50.5526 52.0357 54.4361 63.5181 53.9577 59.3635 67.1836 65.4568 65.6674 66.5907 68.3621 72.4052 72.0193 73.254 41.5692 41.3283 42.3791 44.9904 48.2858 48.4608 50.2683 43.0357 14.6862 15.0221 17.1311 16.1829 11.409 10.0833 12.2241 11.6585 74.1921 64.5799 66.4062 68.34 80.0515 67.1546 73.8258 68.8791 1.32544 0 1.15042 2.58119 5.16587 5.73629 5.39199 5.86495 21.2429 21.213 18.8094 16.8596 47.7154 52.3834 44.8497 45.6181 53.8561 57.9544 48.1847 50.369 101.935 90.6361 87.26 102.589 20.8378 18.429 57.3579 52.6703 56.5668 60.5692 81.8181 83.4504 81.2182 77.2516 12.4523 15.6865 72.959 77.0168 27.4064 49.2836 49.4275 47.0999 46.8338 51.6997 84.5927 84.0058 82.3919 88.313 73.5764 77.4657 67.8829 70.7322 30.3719 32.8928 28.6676 29.8158 6.58562 7.71075 6.85369 7.29788 24.5842 24.0034 25.7511 26.7708 13.8138 12.2894 13.622 13.191 72.19 72.6787 60.579 70.1313 52.6543 55.8111 49.1282 51.6806 76.2172 75.4874 67.5102 67.7301 87.1183 81.1949 93.2278 78.0387 37.5069 35.5073 33.5712 33.993 29.0844 55.1937 18.4326 74.8961 71.2699 13.5766 29.9745 30.5477 63.7593 70.2735 76.6012 37.4377 68.4092 79.1684 100.677 46.1876 68.0119 42.5343 83.4867 54.6938 76.9727 47.0516 50.7419 84.3293 18.2113 62.3834 68.9657 82.4196 5.22265 63.9512 22.5033 60.5606 72.0494 85.8869 70.7238 56.7097 87.7979 97.6721 46.2685 54.7578
34.7481 41.709 35.4373 36.5488 39.4906 40.0079 54.2139 54.963 55.2393 51.2293 56.7593 57.4799 63.6614 56.8975 60.6808 60.1108 71.1227 69.5763 76.9528 65.593 72.8552 68.7534 44.6735 44.0681 42.4153 39.585 47.0981 46.5447 50.6621 46.9151 16.071 14.7964 15.7085 15.4092 9.84553 10.378 10.3332 12.3415 75.0969 62.6454 62.7519 67.8177 76.3021 71.0562 78.476 72.9786 2.48795 1.15042 0 1.39157 6.4673 5.82709 5.0448 6.00699 20.3421 20.2337 17.4994 18.3089 44.1296 47.5927 49.1109 48.6404 60.7619 53.6324 55.6308 54.331 90.025 98.4576 91.2826 92.5741 18.0591 17.9411 53.566 51.2638 58.5497 62.6244 88.3716 90.1298 83.3657 77.231 13.9348 16.4761 76.8505 75.0164 27.1338 52.709 51.7511 49.519 51.6477 46.4271 89.6209 87.6537 83.0105 82.0356 68.6153 80.2939 75.6932 71.2794 33.3191 37.1024 30.1427 34.4317 7.79715 8.91254 8.21216 7.43023 24.9633 26.3887 24.6751 26.9107 14.2076 13.832 13.6631 12.5265 63.7097 71.6589 66.3804 70.4414 51.0319 55.6578 52.0002 54.7087 80.3095 80.5107 70.1877 78.2262 84.3873 81.0659 79.6335 84.9304 35.7679 40.6255 33.2795 36.4648 30.7858 52.9392 20.6411 70.2168 62.7801 14.9113 30.0484 31.7218 61.0919 69.0944 78.5937 37.6451 66.0226 72.5959 110.236 45.6247 67.4414 41.9015 83.3375 65.2215 71.5254 55.7515 57.8008 92.9347 19.3899 60.6904 69.4236 76.8536 5.15241 63.0072 22.0704 63.5416 70.4784 95.8319 83.7615 57.1532 84.1379 91.0093 49.3529 62.2428
36.671 39.4176 40.0703 36.2762 34.7305 39.8599 48.1305 50.5868 53.3117 50.738 56.6041 55.6328 61.8188 53.2346 58.9192 64.8644 60.5394 61.4919 75.4232 75.6278 71.2596 69.7113 40.2105 42.2774 39.9964 44.2864 47.3926 45.4518 48.2826 42.9622 16.4727 17.0502 17.4861 15.4619 11.0456 10.8306 10.5496 11.0001 64.8082 72.2658 69.598 63.7577 80.755 68.9172 66.638 71.9081 3.45926 2.58119 1.39157 0 6.28326 6.29736 5.30476 5.22366 22.475 20.3534 20.2021 18.8833 46.0737 51.5375 42.995 43.4442 61.0073 53.052 55.6559 61.0077 94.6379 93.7 87.1487 91.781 20.7574 18.2623 59.0159 55.0573 62.3221 58.0112 84.7442 75.2145 82.9927 81.2619 16.3295 17.8291 77.0722 75.1594 27.8298 57.1665 51.3059 48.0752 46.0854 50.3535 90.806 88.9512 88.0812 89.1936 78.9076 80.2601 77.8335 82.8161 33.535 33.819 32.7771 34.5287 9.38858 9.14107 8.677 8.62926 26.9567 26.889 25.7906 23.7179 14.8022 11.6581 14.4544 12.5578 76.4358 71.2606 70.5134 71.0192 49.8631 51.21 53.1181 51.2128 82.8745 70.5537 83.5475 74.4744 89.3639 96.9272 94.594 80.4948 38.7998 42.9915 35.9046 41.9924 34.2031 62.9468 22.049 69.2812 64.9733 14.6856 30.1306 31.7751 60.7909 69.3809 86.6086 41.4841 73.2257 75.0698 104.636 56.5293 68.2368 46.5517 90.3005 62.9831 76.1119 58.034 53.2315 85.2314 20.2582 63.6071 75.7818 84.5277 6.43526 65.7914 22.2376 71.9069 70.0166 85.9864 79.7833 60.3736 100.602 92.4262 53.0005 57.6437
31.1888 33.5967 35.9094 36.8759 27.9801 37.8611 46.2141 50.3478 43.8698 43.2435 49.2118 54.7779 47.8604 51.4866 64.4528 56.2418 62.5451 64.8276 66.3185 60.1322 69.5578 62.5842 34.7058 35.2939 39.3363 40.0469 37.6865 38.9001 43.0617 44.9383 23.6526 22.6236 20.9686 23.7693 16.8514 15.9249 17.1917 16.5809 70.2016 64.7643 59.9343 59.0618 65.0708 61.5863 70.4552 71.6994 5.10736 5.16587 6.4673 6.28326 0 1.14801 2.44844 3.84594 21.4004 19.0769 19.9315 17.5441 40.0643 43.3503 37.6987 39.4434 49.5535 48.8671 49.8115 48.0626 83.3612 94.5941 88.4449 88.5933 24.8944 18.8039 48.3998 53.5845 58.725 57.4378 71.751 76.8193 75.1346 68.9302 9.65686 10.857 70.3194 71.6722 20.5161 44.5822 38.8473 44.8606 45.1132 40.8469 73.5652 74.0454 70.8079 72.1904 69.4728 71.2081 70.3501 73.65 25.4236 30.6251 29.1989 28.6898 4.31138 4.2449 3.26033 3.1683 18.7532 19.4901 19.0845 19.879 21.4642 19.6537 19.4895 17.5539 57.0211 58.2882 59.2966 60.6959 51.0062 51.0896 50.3535 50.7551 75.9165 70.2906 80.5625 66.8515 76.627 88.2742 86.318 79.6076 30.7535 34.5067 29.0624 33.3039 29.36 57.4134 17.6651 59.4808 61.1031 9.07655 23.9828 31.3364 55.3414 67.3212 82.2051 38.6009 69.2871 70.7267 98.0037 45.7795 60.7686 39.5615 81.6572 57.697 63.745 43.8892 53.8238 76.1402 15.9313 57.4788 69.6505 67.947 9.72472 55.6905 24.2254 58.0305 70.8075 79.4123 78.4615 55.8747 78.9038 89.5317 44.954 49.5792
33.9963 35.1797 32.6211 34.3726 31.2488 32.8423 49.3559 43.1483 48.1155 49.3035 51.7108 48.8342 48.0552 52.6935 54.5383 60.8206 63.5925 54.1814 58.5095 65.2939 68.1528 63.6284 38.5688 34.381 39.8172 39.7947 41.1059 39.1008 43.2996 40.109 19.9329 22.1099 23.1213 22.2295 16.1873 15.4201 16.9899 17.2486 59.3578 65.463 63.1655 59.9785 69.3331 62.8283 61.2862 60.764 5.98339 5.73629 5.82709 6.29736 1.14801 0 1.21416 2.70794 20.8557 23.0136 22.1714 17.1528 42.5168 41.3937 38.312 40.2832 51.4318 52.4696 48.3422 54.0957 98.0076 96.8968 95.7707 95.4534 22.7781 21.8718 47.6204 48.4733 60.2126 57.5793 71.5601 80.2675 69.1101 78.0273 11.7023 13.6247 79.8354 64.7254 24.0527 50.0276 37.8528 46.8147 40.5251 43.5427 84.1303 80.9456 73.5199 86.7993 76.0679 74.2151 75.5665 65.0439 27.0991 32.0386 26.5354 30.34 5.80187 5.32287 4.49665 4.37882 18.0319 19.7504 19.308 20.2427 20.34 19.8821 19.9473 18.2043 60.6113 64.7987 66.1493 59.2176 53.1031 45.331 43.487 50.9075 69.9854 76.2686 68.0106 74.5151 77.976 82.5645 75.1637 87.2677 34.9649 35.0474 33.5665 30.2878 31.5164 61.1078 17.3741 59.2668 59.1718 8.69786 22.2242 32.4918 54.4788 69.1441 87.2867 41.078 70.8505 79.0987 108.576 45.5405 53.6744 41.3255 83.5641 60.1966 69.29 46.2116 46.4186 81.4548 16.9423 65.5149 62.0607 72.3225 10.6905 54.0192 27.0545 64.3207 73.4263 83.8462 77.5498 50.1238 94.2429 82.9007 46.6491 49.6173
32.7537 34.5457 33.8442 30.9729 29.2912 38.1855 50.9718 44.9454 48.5309 48.9321 50.2964 48.1371 51.0427 50.2154 55.7514 55.0723 57.6636 61.1129 59.7879 67.9711 62.4108 67.9102 38.2245 36.897 37.5517 40.2914 43.558 37.5588 45.1703 42.2553 19.7918 22.4753 19.9498 23.608 16.9136 15.2373 15.8546 15.2601 71.6463 60.6108 67.9984 62.5805 66.3353 65.9777 71.2498 62.6655 5.59568 5.39199 5.0448 5.30476 2.44844 1.21416 0 1.36309 24.2212 23.9674 23.2338 18.2097 45.9194 42.5988 38.5141 43.7783 55.8315 58.703 53.5882 57.2712 91.7625 84.2788 82.2279 89.2667 24.9174 23.3077 45.0715 53.2923 53.9381 64.2848 72.8815 85.4799 76.1708 76.0703 12.6555 14.5005 77.1498 66.0952 20.7446 44.0256 38.4067 44.2007 42.5438 38.9891 80.6507 76.7374 83.1089 74.4141 78.8228 79.9234 71.9463 79.0195 28.5162 32.7041 30.7877 28.9047 7.10652 6.04706 5.23356 5.96129 18.9267 21.8892 17.5448 18.4991 20.7053 17.6897 19.4348 17.423 62.3762 68.2852 67.536 70.3841 48.7501 49.377 50.9741 47.6097 82.8272 71.8825 75.0153 69.2393 90.7668 76.789 74.6 88.394 31.4202 32.5437 36.5709 36.845 33.4705 53.5533 21.2675 69.1096 65.0851 9.15312 25.3375 35.035 51.9928 68.1944 73.2551 37.1013 66.2721 87.0743 95.9362 47.6455 61.2768 38.9394 88.3599 62.7424 59.9226 52.7891 53.2661 92.2353 20.0763 67.5677 67.6954 76.7631 10.2987 63.9598 26.5866 67.7321 80.2723 77.6336 84.1336 54.7853 96.6357 89.8196 49.7962 52.297
31.7307 36.8087 30.813 37.5054 30.4531 36.3951 44.6207 43.2386 49.5614 44.0535 49.4093 50.9245 56.014 57.4679 56.2991 59.7152 59.0665 63.144 69.7894 64.7702 66.5659 62.6475 36.4174 37.0195 33.4848 38.2759 44.4676 39.3916 41.1111 45.773 20.2243 22.7184 19.7344 20.9779 16.9042 16.0893 17.5891 15.0634 69.9867 69.131 64.2939 70.2756 65.3491 71.8485 70.2882 68.2243 6.89319 5.86495 6.00699 5.22366 3.84594 2.70794 1.36309 0 22.5375 22.4765 23.7521 22.1958 39.9931 44.0058 42.1557 47.8487 58.0524 50.3866 54.0682 56.5083 86.0406 96.3466 86.5712 88.8239 22.674 24.1224 44.0357 47.4948 58.5337 54.386 73.5385 71.0083 76.9428 79.688 13.3315 15.4159 81.48 72.4878 22.2798 43.732 41.2431 40.513 41.5714 40.6789 76.6319 74.5412 79.1658 81.4988 71.119 80.1572 76.3043 71.34 33.2712 30.4053 32.8892 31.7451 7.33414 7.79864 7.37631 6.42161 18.4938 21.031 19.5825 20.3686 18.2446 19.3163 18.4676 16.8754 66.495 71.4839 70.1456 71.9134 48.9305 56.1591 54.1714 49.2703 76.7482 84.9202 72.6184 75.3043 75.6524 86.3468 85.6666 80.661 37.9897 32.3509 37.4788 37.8615 33.1378 59.9888 19.2433 70.4795 65.6316 9.07948 25.5172 33.8195 57.0938 66.4277 78.2219 37.9149 68.2576 87.1601 101.003 50.5969 55.1862 41.2358 87.4267 63.4093 72.3842 52.561 56.8662 90.5736 21.2697 58.4231 63.6775 73.0399 10.2877 64.4732 28.2276 69.0188 82.819 81.2255 81.3553 49.6699 89.3319 84.967 49.0717 59.9263
43.3005 40.4222 45.235 44.6705 42.1418 43.6623 56.4282 59.2813 66.188 58.3004 60.6441 71.9865 67.4648 62.7183 77.5977 68.6875 77.8212 72.5538 82.7456 77.4464 76.0945 74.9354 54.8689 52.531 57.8466 53.521 63.3219 57.2745 56.7572 61.7593 22.6475 25.9541 23.955 26.7426 20.4749 22.9209 23.7596 26.9921 68.334 66.3407 64.4255 60.9562 63.6142 64.6618 69.4878 75.1974 19.7337 21.2429 20.3421 22.475 21.4004 20.8557 24.2212 22.5375 0 2.68384 2.5476 3.81238 46.6277 48.7342 46.1158 47.4236 41.5171 44.9818 41.6071 39.5502 91.5123 93.73 92.2285 81.4554 12.6424 10.6158 65.1379 66.478 71.715 79.3652 79.6322 88.3592 58.3572 52.1644 16.1586 18.5306 75.5444 94.6862 37.3198 57.3248 46.22 51.8454 51.1962 55.0494 70.6986 79.0163 79.4735 78.2461 61.7823 70.6802 60.3765 60.8697 29.9316 28.5025 28.5106 28.2548 18.5087 17.7093 19.5738 20.2115 31.8016 36.8039 35.966 31.1871 27.403 26.6297 29.7419 29.3825 66.6619 62.2209 58.6386 59.953 41.4066 44.3385 42.3267 41.8802 57.3361 49.9936 51.2831 57.111 78.9774 78.2649 73.3152 77.5537 30.3221 34.8411 34.6709 32.7614 13.5227 39.2851 8.70172 71.6943 73.2444 31.38 30.2728 11.5457 68.1493 72.7691 70.656 15.8036 45.3225 65.431 98.7479 35.6176 63.4007 24.2553 66.6701 40.851 75.0045 43.8387 47.4418 73.5268 11.2188 43.9384 49.5498 53.204 18.7587 46.6505 6.50774 53.4903 51.05 87.3762 53.2691 53.7728 88.1005 86.0759 30.4263 62.6163
43.7112 40.4141 44.4007 40.3125 35.7293 47.4375 56.9357 61.721 58.2444 65.7537 66.2834 59.8722 63.6796 59.5293 70.4945 77.4178 69.1177 71.0653 74.1613 69.744 76.2466 74.7252 54.3779 47.2623 52.3069 54.5127 61.8662 54.5954 59.8567 54.1833 21.6993 24.2093 28.9003 25.3305 20.9363 21.7905 25.1537 25.7914 59.0558 64.9506 60.7982 55.8221 65.5232 64.6228 68.8127 68.3148 18.5332 21.213 20.2337 20.3534 19.0769 23.0136 23.9674 22.4765 2.68384 0 3.63857 2.55988 44.1926 44.0034 40.2978 44.6896 39.8699 44.0169 37.612 42.6137 85.7564 85.5847 91.4023 81.6717 13.8371 12.8245 62.0633 71.2012 69.3127 70.2749 81.4317 77.26 59.0692 51.1077 13.686 15.0389 68.3169 91.2613 30.3991 49.0226 48.474 52.1815 50.7102 46.9586 72.2343 79.6584 67.5981 71.4779 57.8157 67.4132 63.0967 64.1894 24.6918 28.2679 25.1154 25.6223 17.27 17.8779 18.3107 18.1725 30.5329 33.0562 29.191 30.6071 25.9997 28.6605 28.2186 26.2768 54.7201 55.1981 60.779 61.0389 39.6973 42.5386 38.1808 36.3714 56.9616 57.8392 51.9422 57.9594 76.5981 74.8194 70.5123 70.3783 27.8827 32.4285 30.9464 28.9153 12.5007 37.1563 5.86748 74.753 74.8531 24.2728 27.2467 12.1214 60.9228 70.9989 69.0686 16.7198 46.1868 61.3103 92.6474 34.0474 71.547 23.9469 60.8721 42.5266 72.9261 37.658 48.4468 77.7561 8.49895 43.4883 54.7057 56.8743 16.1084 44.4797 8.20618 51.813 54.5514 81.7924 51.8734 56.0824 74.0528 78.8688 25.9991 54.9984
43.2012 44.0837 42.8525 49.5677 42.029 46.3513 59.2007 59.5515 59.9004 66.5037 60.2948 68.7331 71.4149 72.848 72.3304 71.9403 73.4097 80.3709 80.5105 76.5092 77.7138 82.0459 56.2688 49.8585 49.6931 52.8798 56.2583 59.9374 55.2319 59.4516 21.8607 22.2786 23.2716 21.8091 17.9873 17.9668 21.3982 24.3796 70.5548 64.964 67.9042 61.8009 71.9551 70.6135 67.9784 74.6873 15.5758 18.8094 17.4994 20.2021 19.9315 22.1714 23.2338 23.7521 2.5476 3.63857 0 2.67469 39.4545 46.7082 41.7954 44.1152 41.6644 43.4168 37.5358 41.2096 95.9795 87.0051 92.878 91.8699 11.5736 9.16325 66.7672 74.6175 77.2556 71.6213 86.2377 86.4935 60.2781 54.8009 15.8295 15.5547 69.9421 79.6801 31.9815 55.2417 50.9321 54.0835 45.7658 47.1619 83.1575 79.284 71.8672 73.2398 62.246 66.0554 71.3071 72.7825 29.5439 28.2006 27.7274 29.2759 16.9187 16.184 15.2734 18.1959 31.1118 32.2672 30.6132 30.638 24.1628 22.0198 26.6242 26.508 64.21 62.0334 59.5272 69.4515 45.2319 46.071 44.4912 40.2376 62.6526 58.0778 51.3896 56.7773 82.0187 82.3719 79.0361 84.0424 35.6284 30.9415 29.3606 34.4829 14.9438 40.9612 8.28728 83.7911 64.5856 24.6463 33.4678 11.8007 65.1962 67.6683 79.1428 17.6693 51.9462 71.3954 93.1026 40.3143 61.7596 28.9539 69.523 42.2735 71.6047 44.6888 48.2177 82.9242 10.5495 42.498 48.101 65.1578 13.539 47.5706 5.89741 53.6473 54.592 85.835 56.412 55.8383 88.2339 75.8983 33.6503 57.7208
37.0827 44.2476 45.9268 43.2846 36.4874 41.0791 56.6626 61.0112 59.9562 56.9898 57.7096 65.1369 63.887 67.0636 70.9378 70.2165 67.8217 74.8277 73.9654 82.8208 79.8864 82.2877 49.8488 48.281 53.0454 47.5713 57.0101 54.5133 55.8873 51.9466 20.9489 20.8151 24.0444 26.0521 19.5121 21.4621 22.9997 24.6355 58.2027 62.8351 67.8729 63.3647 66.2788 72.5948 73.7024 72.8587 15.7172 16.8596 18.3089 18.8833 17.5441 17.1528 18.2097 22.1958 3.81238 2.55988 2.67469 0 44.3675 41.3304 36.3804 40.9397 40.3659 47.0367 36.9017 40.7698 94.9166 87.7456 92.4163 92.7783 14.1725 10.7751 68.1644 61.6842 65.3835 78.1307 85.4092 88.1159 59.4698 59.1813 13.559 13.3284 73.459 85.9222 31.0197 50.888 49.246 43.3832 49.5171 43.4859 68.4224 73.1715 69.6825 83.086 68.8001 66.0565 64.9104 69.1772 26.3201 26.4636 28.0406 27.7405 14.7144 14.4784 14.6525 16.9487 29.2132 27.5748 28.378 30.2259 23.0085 24.219 27.1117 23.1313 67.4799 67.3995 60.3518 57.5098 43.5435 43.0153 36.2933 39.2577 56.2246 59.4581 58.6813 60.2734 80.9266 73.1475 81.6099 82.8708 31.321 33.4608 31.262 31.3268 14.8991 39.8573 6.31808 78.7748 72.2424 23.2662 30.3872 15.3196 69.4445 66.0003 69.3205 18.6262 55.0639 68.8299 94.8149 39.9016 59.8141 26.7383 73.0888 47.1307 81.7366 40.4229 49.3267 82.5858 7.58422 47.5595 53.5859 56.2254 14.9159 47.3808 8.85858 54.9817 57.5737 86.9461 60.4407 56.6444 85.8927 82.8066 28.1119 59.4464
19.2165 20.599 19.999 21.3307 17.9005 20.5986 31.807 32.7249 34.7902 34.0338 33.8066 35.0821 39.0192 37.2749 39.6447 40.1342 46.8772 42.0311 40.5531 48.9101 43.2225 44.7483 38.714 33.9901 41.8387 39.308 35.1568 41.6682 37.571 40.1448 65.0453 62.6346 64.6446 58.775 52.1433 55.1475 60.2535 58.683 21.6615 21.5012 22.2131 23.4356 29.191 29.6885 24.5371 28.1245 43.9985 47.7154 44.1296 46.0737 40.0643 42.5168 45.9194 39.9931 46.6277 44.1926 39.4545 44.3675 0 2.33957 2.30567 3.33504 27.0259 23.6826 23.155 23.892 45.9149 48.2208 45.6022 47.271 57.4099 55.8067 40.7629 46.8227 42.898 49.1864 38.0263 40.0245 72.3435 66.0375 35.7288 29.8459 36.1375 57.9566 22.1422 14.3896 11.2973 13.1024 13.9819 13.8346 38.5549 39.5856 36.9773 39.9315 28.2891 31.3318 27.9333 31.28 15.6699 13.8898 14.0953 12.6808 42.3273 38.4566 36.7399 36.5145 25.8734 26.225 28.496 24.7609 63.6135 53.9568 65.0236 65.3654 21.8294 25.2147 23.1872 22.0281 19.055 17.8032 16.9519 18.3489 66.9784 64.4077 66.618 66.495 43.4671 42.3356 36.1073 36.4085 10.2929 9.63489 11.8333 10.5763 30.5873 45.1582 33.0324 41.5635 33.3482 37.2008 16.5014 49.6198 35.0824 28.9143 47.1619 47.687 48.8185 45.2647 62.2489 22.3105 30.9832 27.2146 54.4146 54.56 41.3148 12.2574 11.1042 46.4201 34.0823 37.6822 45.8249 49.0272 48.2154 22.5747 51.6906 27.5878 56.9107 38.3186 56.3886 13.7084 51.227 47.4941 38.6034 23.2978
18.5644 21.7753 21.8781 22.2477 19.0846 17.8653 31.2432 28.8195 34.4185 35.0535 36.0106 36.2385 32.1004 33.7572 41.3409 41.7995 42.7203 40.5855 38.9965 42.8677 40.4264 48.266 37.9733 39.7004 38.7481 40.7983 39.5621 38.5383 35.5344 43.7872 60.569 61.8363 62.7587 66.9805 58.8734 55.9036 59.3895 59.1097 21.3847 19.5472 19.4778 21.3685 25.0098 24.524 23.8561 23.7293 47.5941 52.3834 47.5927 51.5375 43.3503 41.3937 42.5988 44.0058 48.7342 44.0034 46.7082 41.3304 2.33957 0 3.49291 2.38395 24.7158 26.2684 26.6849 25.5322 49.8581 43.9511 42.6505 45.9858 52.6432 50.737 41.1618 45.3001 45.1504 47.1242 31.2022 36.1315 64.5718 64.0819 36.2069 36.0067 33.4652 58.6142 23.0872 11.0343 10.2989 12.5075 11.5594 13.4461 41.3128 40.4475 40.3274 37.1396 28.3329 27.9941 27.9596 31.3329 15.5932 14.9397 16.6996 14.8502 37.1034 42.516 37.2671 43.1369 29.9836 26.7239 29.1868 30.751 60.6122 56.5876 57.1025 58.3912 19.871 19.519 18.4644 22.0235 21.7396 21.2133 20.0709 20.6767 62.6997 60.6712 56.9074 63.5775 42.349 38.6162 35.4021 42.4652 14.4555 11.5847 14.6559 11.5596 39.3235 50.4892 40.3671 40.1792 30.9608 38.7142 17.8164 54.818 33.5351 26.3753 39.426 54.3757 46.8022 51.5794 55.7407 24.6382 28.4546 30.4353 48.8783 61.6366 41.5843 13.9428 10.719 39.2964 38.4403 43.5018 53.0086 47.4897 54.3005 26.7427 54.2839 27.0938 55.7454 38.537 61.8094 13.079 48.2107 45.2799 39.0441 21.3187
17.7811 16.6311 17.4895 18.9316 15.002 15.7023 31.1718 27.6779 29.5744 35.1899 31.0896 32.4302 38.2186 34.9503 37.2929 39.0008 40.4589 45.0035 39.7664 42.3668 43.2834 44.0414 33.6696 37.0443 32.3767 33.768 37.8726 35.1074 35.3514 39.9128 61.0551 57.6387 59.8482 59.9068 54.3391 53.0377 54.281 50.7495 26.4991 25.1503 22.3011 24.6557 32.3823 27.9782 26.9033 30.1664 47.7054 44.8497 49.1109 42.995 37.6987 38.312 38.5141 42.1557 46.1158 40.2978 41.7954 36.3804 2.30567 3.49291 0 2.35748 29.7344 26.9223 25.0968 22.3466 50.395 47.5939 51.9509 52.1139 53.994 49.8037 43.323 41.1107 47.6696 44.2296 34.9346 41.7579 75.4465 67.9563 32.8652 28.8615 32.931 53.748 21.3504 12.3908 11.3049 10.5041 11.5601 11.5424 37.5838 39.3592 41.0744 44.1679 35.1557 37.3713 30.5819 36.0768 14.9943 12.3756 14.8579 13.992 34.3832 33.8709 39.1577 34.9459 26.4512 22.5173 25.0364 26.887 61.8309 61.3232 62.2416 52.5915 23.2143 23.3761 22.6389 23.9429 21.0239 20.3877 20.3924 21.8652 68.0945 57.2031 60.9349 60.9877 40.4163 46.5947 40.1992 45.4576 10.6499 9.15359 10.0886 10.1814 32.6702 46.8379 32.7334 44.6133 30.2929 32.9402 16.9411 52.9981 33.3455 29.3608 49.2425 47.5863 49.7292 46.8824 58.0606 22.0871 32.8766 27.6011 50.8001 55.3497 46.9443 14.4216 14.0307 44.5068 34.4083 43.531 52.8205 53.0815 50.8411 29.5859 44.8991 32.1558 55.1196 40.3072 59.5897 14.7326 50.4301 50.8724 34.2489 25.0721
17.9722 18.7848 18.271 17.7158 14.8594 16.7195 29.8906 32.031 27.5113 29.371 33.4549 35.2536 30.672 32.7798 35.9975 37.5322 42.1409 43.0898 43.3696 42.6374 39.4905 48.1515 33.7393 33.716 35.3524 38.635 30.8541 35.0102 33.2992 37.7865 60.6503 58.9273 63.2042 61.8914 54.6509 59.8981 61.3147 53.9004 21.6041 20.5341 19.7097 18.8605 30.0015 25.9102 26.5721 23.3493 42.9986 45.6181 48.6404 43.4442 39.4434 40.2832 43.7783 47.8487 47.4236 44.6896 44.1152 40.9397 3.33504 2.38395 2.35748 0 31.43 27.2118 25.1015 27.3063 51.7259 46.5925 49.6963 49.7408 57.178 55.2038 42.8962 46.0401 43.3757 40.8622 34.5881 38.0011 77.8645 74.6388 34.7441 29.0176 35.441 57.8609 22.3279 10.5039 8.67252 9.478 10.0397 9.64152 39.3091 39.5517 41.7716 38.4515 35.1197 31.3747 29.9418 29.7752 15.048 15.339 17.472 15.8231 35.56 34.9552 38.3594 40.8635 27.3055 27.0811 25.4107 24.9962 59.967 59.4731 55.3162 55.8845 23.358 25.1021 21.4249 21.5364 23.0074 20.3134 20.0878 23.873 62.2066 62.0747 61.2699 57.9855 40.6219 40.3879 38.5851 39.0882 14.8741 11.8447 14.3214 12.726 37.6047 44.3264 36.306 43.5232 31.5147 33.2627 16.1977 50.6045 33.6425 28.7848 45.8933 46.857 50.6205 50.1988 61.9942 28.1312 28.9575 28.6026 56.2328 53.6728 41.7927 16.9773 14.9406 46.3705 37.3584 41.4733 46.8707 52.6291 51.5349 26.6998 51.7776 30.8529 63.7038 41.5742 63.0262 10.7152 52.8181 46.661 39.8034 20.133
42.8292 46.0761 41.7734 42.0832 44.6634 44.7644 55.2922 56.5556 54.6344 58.0669 56.5749 57.31 67.3532 67.1092 61.3169 63.038 64.6803 75.5353 67.6617 74.1363 74.1072 74.9436 59.8604 62.8187 64.0468 61.8612 56.3918 59.3776 62.3716 59.529 62.1204 62.9364 67.3426 61.6731 61.1442 62.8415 64.5361 60.471 37.8718 35.3073 33.4245 34.4407 42.3839 36.2661 43.2269 42.0868 51.1984 53.8561 60.7619 61.0073 49.5535 51.4318 55.8315 58.0524 41.5171 39.8699 41.6644 40.3659 27.0259 24.7158 29.7344 31.43 0 2.6539 2.73459 3.4691 53.7572 57.2229 55.9386 59.7034 51.5566 47.9998 64.9831 74.708 74.8557 65.9587 51.7332 59.9378 44.4157 42.1778 37.1045 41.8297 47.4582 86.3689 41.6537 35.2488 37.5115 35.3195 40.1678 35.862 36.4308 34.7467 33.877 36.7693 26.7643 28.3939 29.8939 30.6313 26.5171 27.2823 25.2363 29.4361 48.6868 45.0506 48.5206 49.9602 43.9451 42.885 49.7204 43.5014 61.6225 65.6318 65.0872 71.5283 27.3711 33.2419 32.0068 29.6572 5.96765 5.98999 7.25 6.98155 33.6987 37.3796 39.47 35.3055 37.6372 40.9521 42.7836 39.5221 23.0634 25.1864 23.4961 23.1047 29.1861 22.8291 38.9487 65.8361 55.9642 52.1648 35.9278 45.3091 57.5943 43.3233 29.9894 37.3675 24.4325 28.171 53.8093 4.72609 53.3266 16.7379 29.0861 33.8155 68.2666 13.3609 16.8296 39.1463 35.6483 16.8521 22.4321 22.6758 56.4418 9.29233 44.9432 9.40735 26.7605 53.5023 35.8669 34.8475 41.213 42.0348 17.2906 47.1831
46.7323 40.439 45.9839 40.5637 38.6136 45.0173 57.0448 58.7464 61.8828 60.1891 55.7671 58.8921 60.2855 58.7036 65.5433 62.9547 65.5959 67.8643 66.9918 64.0556 76.3168 77.3886 54.8884 55.2371 64.5941 64.2753 60.3325 66.8903 61.6799 69.1966 67.2549 67.5743 70.4186 74.4011 61.2132 66.6358 67.0632 61.6399 30.3676 31.9834 34.4037 33.8264 35.7321 36.5791 35.5951 38.0631 55.1808 57.9544 53.6324 53.052 48.8671 52.4696 58.703 50.3866 44.9818 44.0169 43.4168 47.0367 23.6826 26.2684 26.9223 27.2118 2.6539 0 3.40072 2.74804 55.2482 58.5573 50.784 54.0522 57.4556 52.3056 64.9488 68.2589 68.2078 71.6624 46.9657 49.1328 46.8214 49.7015 43.6801 40.2614 40.8176 77.542 41.1402 37.6788 39.9251 35.5302 37.6078 36.7664 36.1304 38.3481 31.5775 36.0574 23.8639 27.6195 24.0747 27.2006 26.0095 25.2767 27.0911 26.908 53.3959 43.8797 49.6696 44.5115 45.8505 41.9154 48.473 47.5887 66.7656 65.6215 63.3979 65.5794 26.5129 26.6283 26.0216 29.763 4.54082 5.62103 6.082 5.82806 41.0178 37.6032 36.778 34.5595 38.8817 39.5508 38.0999 41.643 24.7464 24.5396 24.1908 25.9518 28.7087 22.4336 38.7371 68.3371 60.5682 51.9673 33.8461 52.3705 64.2242 43.6815 25.6983 40.6837 27.5877 25.8874 58.4982 6.38854 56.4881 19.1974 28.8938 36.3592 72.3008 12.4087 16.741 38.8685 36.1132 15.7988 26.0287 23.1844 50.9306 6.79147 51.4935 7.49113 28.1911 50.0686 32.0658 34.6565 37.0891 39.324 18.2057 44.8075
45.7938 44.5485 43.028 40.0051 41.96 37.7133 49.7185 60.4218 52.7993 59.5619 58.6808 54.6606 62.286 66.9236 70.1133 62.7064 66.811 67.7952 65.3643 63.0465 67.8742 73.6126 55.5014 61.6926 63.6004 57.9312 65.2864 55.4613 61.7428 68.777 65.1646 65.9233 66.7654 61.0021 56.5868 64.87 58.1355 67.4522 35.2828 33.7775 33.3978 31.527 41.398 38.398 36.1518 39.5833 54.3895 48.1847 55.6308 55.6559 49.8115 48.3422 53.5882 54.0682 41.6071 37.612 37.5358 36.9017 23.155 26.6849 25.0968 25.1015 2.73459 3.40072 0 2.47013 57.2566 55.945 57.8723 55.9646 48.2769 54.4222 72.0615 65.2759 71.0479 77.2285 47.177 54.3097 44.566 41.1827 34.8572 36.1547 39.6346 78.3988 43.9851 33.0526 35.5745 32.6997 35.8937 38.7386 41.4388 40.1613 34.5544 37.444 30.5014 30.3778 27.606 30.2319 21.3966 25.1868 23.9525 23.7779 46.1388 40.8592 46.8996 42.772 43.7398 45.5144 40.836 40.554 60.9081 63.2323 68.5902 62.9526 28.2596 30.8913 31.0389 30.8079 4.09041 4.99998 4.48813 5.77967 38.9508 41.7773 35.1127 36.0018 38.8434 39.9227 42.5649 37.5118 21.9343 21.144 23.6097 19.7328 23.3593 23.5079 37.5215 73.1967 57.4046 48.419 36.7847 44.0443 59.5952 49.3028 29.8544 36.4043 27.3269 29.2594 64.5065 2.7673 59.5448 14.9301 32.008 32.9364 74.5996 11.5867 18.0254 38.8234 36.4388 17.2808 23.5682 28.3017 56.7874 9.28147 42.8075 11.8687 32.3536 53.7012 32.0616 35.6752 41.8113 43.5072 18.5651 50.0754
39.6364 39.3568 41.6172 44.0791 38.6894 43.4874 56.8 57.4866 55.6729 53.9988 59.5689 57.5159 59.8615 58.9535 61.2648 66.0336 70.4973 65.0422 65.007 63.6633 63.3974 73.2936 52.9931 63.3622 64.9746 65.2187 58.3437 64.2342 65.3841 58.911 67.6852 64.2515 67.6184 71.0107 63.0583 61.5119 62.0957 67.8228 32.9621 34.0373 33.0127 31.7526 38.9739 39.2262 35.4018 38.9445 50.7072 50.369 54.331 61.0077 48.0626 54.0957 57.2712 56.5083 39.5502 42.6137 41.2096 40.7698 23.892 25.5322 22.3466 27.3063 3.4691 2.74804 2.47013 0 50.8448 55.8787 49.0687 58.3323 50.1179 57.0815 63.3796 69.2038 61.4642 75.724 49.3667 52.5201 45.5845 47.1258 39.8967 35.412 43.4342 81.9453 39.7428 32.3015 31.5836 38.2454 32.9066 35.1423 37.6575 36.4182 32.4849 36.4662 26.3769 28.4528 24.2238 26.8521 25.5771 24.9634 23.7961 25.5467 47.5294 44.6116 47.9022 49.9519 46.228 43.9283 46.8194 42.7656 63.3569 61.0034 62.1611 67.4538 28.3607 29.0116 27.5885 30.2608 2.37683 3.11286 3.52336 3.99282 40.6491 42.7718 43.5785 35.9845 36.0436 36.9666 36.9118 37.9507 19.6105 21.4046 19.5536 20.2402 29.1894 27.1958 37.7751 61.5152 55.4987 50.9173 32.3399 43.3124 60.3702 42.8448 31.9302 37.1183 29.6471 29.5843 51.9532 4.29653 51.9771 16.5737 31.2692 34.638 72.5599 9.72497 15.0032 33.9986 37.1684 19.2048 25.6555 26.7181 55.3097 7.5816 44.9565 10.9271 36.1985 50.771 36.8484 36.0832 41.6617 39.5642 18.184 46.2556
65.3269 63.5289 61.8591 64.6275 66.2154 60.2994 52.9158 53.8454 61.7892 58.1485 53.3908 56.4881 55.6823 54.3915 51.9983 54.8348 63.6891 57.6598 58.126 53.0004 62.4891 60.254 68.1221 78.7442 72.1076 80.5635 65.9704 69.4868 71.4228 75.103 101.724 110.009 103.987 106.582 107.278 102.912 113.785 94.9122 24.1493 25.5188 24.0537 25.2001 18.8519 18.8406 20.9539 21.7252 101.801 101.935 90.025 94.6379 83.3612 98.0076 91.7625 86.0406 91.5123 85.7564 95.9795 94.9166 45.9149 49.8581 50.395 51.7259 53.7572 55.2482 57.2566 50.8448 0 2.58251 2.38422 3.39404 99.6454 98.4276 65.927 74.0985 73.1953 67.7369 18.8602 21.4309 94.6441 90.24 76.2245 85.0819 11.8749 75.2446 72.6668 42.3121 48.2939 46.0937 46.794 52.8023 19.4421 15.7452 16.8165 17.2174 28.286 23.2347 24.1375 28.1329 67.3685 60.4653 60.5676 64.0862 85.2729 86.908 85.8322 83.5058 75.2599 70.9829 68.99 70.7805 103.947 113.374 108.903 99.2893 26.6731 22.8276 27.1554 24.3952 55.1402 48.5522 50.1303 47.768 77.9798 78.8302 81.5704 88.959 16.3814 15.8748 13.9633 13.2913 57.9799 57.3729 55.439 54.5392 79.0049 77.5431 88.9697 53.0066 44.2492 85.3879 60.6342 101.182 59.7041 28.0831 34.5581 95.4715 75.9347 59.658 19.4282 50.7461 51.8085 69.8346 56.6383 86.6477 55.7315 44.6609 43.1302 20.634 79.5577 59.9174 65.803 65.7678 95.0301 44.4196 97.1101 46.9437 73.3156 6.73803 71.5579 37.4612 29.3113 26 67.136 40.449
65.5699 57.2549 60.8667 62.6445 65.9244 62.1712 64.9168 64.8925 60.9869 63.4807 53.9865 60.5943 54.1004 55.4181 53.6404 57.0629 58.6075 66.3021 55.5242 56.7542 54.3734 61.0152 65.8459 74.8112 69.2966 82.8949 71.4228 69.2774 70.9968 75.9146 113.444 120.116 107.417 103.998 114.583 97.1866 104.425 115.175 27.0359 28.7569 26.3841 25.7491 20.0121 21.4137 23.2696 22.5832 93.7921 90.6361 98.4576 93.7 94.5941 96.8968 84.2788 96.3466 93.73 85.5847 87.0051 87.7456 48.2208 43.9511 47.5939 46.5925 57.2229 58.5573 55.945 55.8787 2.58251 0 3.29886 2.32977 102.604 110.771 71.6128 76.7335 66.9717 71.2801 22.8652 21.5573 90.8546 98.6146 85.0458 84.2217 14.2988 70.4318 71.1256 41.5972 45.8736 51.7841 47.0809 53.3382 19.7721 18.8471 18.6478 19.1822 28.976 29.9329 26.7918 25.6823 64.3735 58.6747 62.7453 65.1494 96.9744 87.8052 91.2837 96.8237 67.1273 71.3687 73.5985 73.1426 106.554 106.026 107.817 119.186 30.2275 28.4269 30.7944 29.9427 49.6861 51.6873 52.5783 48.8163 89.9189 84.0281 80.3312 86.2496 17.8142 18.3542 15.9728 15.1361 62.4637 55.6154 60.7918 63.9094 78.9862 84.6032 85.0314 55.3067 48.664 80.9556 66.0739 92.1282 61.4719 25.0922 41.8535 99.2694 77.7953 54.1912 18.0587 57.1309 49.2577 67.2438 58.5134 78.9083 58.2892 46.6893 40.8902 22.0466 81.727 73.8626 71.9117 65.7094 105.368 43.3643 104.684 44.9614 74.0806 8.65471 84.1929 36.3571 33.0364 31.5232 74.7748 44.8122
54.6315 58.5644 63.1416 59.8144 60.5482 57.6275 50.4057 60.2846 53.7328 60.5141 58.6966 50.1406 61.4289 60.3583 52.8051 56.6286 54.2506 61.7611 58.0603 50.3069 57.6656 58.6519 69.3363 69.4916 67.0054 71.2254 72.0884 61.3105 69.667 74.5542 100.465 104.66 111.055 100.159 97.6548 95.7361 98.9874 103.258 23.3191 21.1874 25.8816 26.66 17.0628 17.9259 18.1248 19.8188 92.2949 87.26 91.2826 87.1487 88.4449 95.7707 82.2279 86.5712 92.2285 91.4023 92.878 92.4163 45.6022 42.6505 51.9509 49.6963 55.9386 50.784 57.8723 49.0687 2.38422 3.29886 0 2.60223 108.059 97.0958 67.2784 69.2322 62.2917 62.2678 16.6098 18.8492 90.384 92.8857 82.0872 72.2767 12.2939 69.8406 72.2769 42.2267 46.5874 43.9288 43.8915 46.4877 18.7306 17.0805 17.9539 16.5443 28.5634 23.7265 24.6551 24.8 60.6412 64.1694 56.2517 55.0469 80.3637 82.7125 85.7572 78.0015 63.7806 75.2057 71.4846 69.4324 106.132 102.991 101.049 113.362 27.2158 26.1586 24.8389 23.9794 49.112 49.852 55.7029 54.1585 78.8598 80.3748 88.8542 79.4429 16.2941 16.5745 16.299 14.7147 56.4706 55.7026 56.8944 55.9174 74.3071 73.915 80.1354 53.2631 47.5602 76.6748 59.334 89.6206 55.7864 22.651 40.5515 96.1802 67.3026 58.8999 20.8418 50.6082 46.2074 72.5662 56.3805 80.4603 51.3085 40.9597 41.9347 22.1509 78.0259 65.9622 72.9756 60.2957 102.227 40.4077 99.3147 45.0926 67.1507 4.32079 72.9437 36.7524 34.9047 27.5794 65.5409 42.7397
60.4928 59.1385 56.5533 60.1999 58.3554 58.903 55.9121 55.5819 62.7001 58.542 59.1476 51.5783 60.7024 62.398 51.5712 60.9186 58.3967 55.6332 53.3725 51.7957 60.2216 63.5101 66.342 72.2607 72.5011 78.1162 65.2584 69.8268 72.2864 71.78 103.264 99.1932 115.406 99.6823 106.72 102.586 98.3756 111.91 24.7491 26.3962 24.9229 25.1752 21.6193 20.8284 23.2969 22.6905 96.2652 102.589 92.5741 91.781 88.5933 95.4534 89.2667 88.8239 81.4554 81.6717 91.8699 92.7783 47.271 45.9858 52.1139 49.7408 59.7034 54.0522 55.9646 58.3323 3.39404 2.32977 2.60223 0 96.8289 98.8549 64.2157 74.9725 62.3021 64.7827 17.93 18.6105 98.5672 97.4395 76.1957 76.9882 13.8137 69.8754 63.275 40.2027 44.7263 49.1265 49.2555 52.7668 20.0646 20.4744 20.4446 20.8702 27.7325 25.9843 30.1739 31.2585 63.4327 58.9881 64.3228 56.8071 87.7893 92.5764 96.163 81.3586 70.2224 73.0398 75.6478 66.7075 103.299 113.91 108.493 111.833 28.5052 28.6378 26.8514 24.4975 53.6647 51.8596 49.3005 54.9524 78.6363 83.4925 93.4996 91.0787 17.0569 18.7674 19.9134 16.4539 57.9211 63.1113 64.6073 53.0141 79.7673 70.1864 85.625 53.6347 46.0671 81.3639 60.19 99.7169 59.9732 26.7245 40.6209 90.13 67.5313 63.2062 20.2598 61.9211 49.6544 64.5445 52.6854 94.4428 51.2656 45.3976 42.0512 22.3853 73.1158 61.3399 75.985 58.0869 104.951 48.0666 97.145 46.6603 74.6609 6.31607 72.4083 35.7257 37.4238 34.1736 77.9156 44.3441
48.0682 49.6555 49.6572 55.1947 45.4905 55.855 72.4263 75.6553 72.1588 74.6227 79.0972 75.0585 79.6628 71.4955 82.6141 73.5048 84.7033 77.2653 81.4198 93.5539 90.4718 83.4677 58.8483 60.1387 63.4121 64.5053 65.8837 62.4588 60.8344 59.2854 11.7208 12.9613 14.1738 15.6822 12.7054 13.484 15.8514 17.2668 84.0194 74.2202 79.7624 82.8524 74.3486 82.4721 75.5721 83.9216 19.6181 20.8378 18.0591 20.7574 24.8944 22.7781 24.9174 22.674 12.6424 13.8371 11.5736 14.1725 57.4099 52.6432 53.994 57.178 51.5566 57.4556 48.2769 50.1179 99.6454 102.604 108.059 96.8289 0 2.78966 76.847 75.1584 74.6908 83.7032 83.5942 92.125 61.0985 61.1368 23.3588 26.5196 82.2783 101.343 38.6968 58.6651 59.8085 56.9357 63.0086 62.0007 80.4238 95.9855 91.6777 90.4671 85.1059 73.6077 82.8554 82.2946 38.6901 41.7206 42.4053 43.3167 20.8989 21.4699 21.571 20.2931 38.9701 37.3632 37.2617 41.2843 15.6323 18.9558 18.29 19.3293 78.5149 69.1733 77.9678 78.1284 50.9934 53.1963 56.8973 57.0506 63.2805 63.3573 63.9476 68.7672 88.1579 89.8706 89.3606 88.7824 43.0529 43.0343 46.5066 44.5479 25.9041 47.0778 18.4036 85.798 73.5559 34.9546 40.3981 12.3142 71.9533 86.5247 78.7919 22.8414 53.922 69.2882 120.312 49.5272 78.0618 34.9856 86.3745 45.7523 90.2857 50.2103 57.8765 96.0486 19.5434 56.735 58.997 70.8322 13.9105 67.7063 8.04813 61.8876 63.506 86.5895 68.1399 70.6498 89.2372 94.0625 41.5831 75.0488
47.9724 45.8581 51.6733 52.0654 50.4749 53.6866 60.9086 66.6667 60.8757 62.4501 68.2309 77.1689 65.0108 72.511 77.9693 80.3475 79.7828 78.9824 85.9434 88.463 89.3564 87.1325 61.6411 59.9033 59.9362 63.395 62.7739 58.4695 61.5427 63.7505 13.9679 13.0703 14.7006 15.315 13.4057 14.4217 15.1733 15.0755 72.4124 80.8637 76.1729 66.0491 79.1977 82.8875 72.003 78.6745 17.4667 18.429 17.9411 18.2623 18.8039 21.8718 23.3077 24.1224 10.6158 12.8245 9.16325 10.7751 55.8067 50.737 49.8037 55.2038 47.9998 52.3056 54.4222 57.0815 98.4276 110.771 97.0958 98.8549 2.78966 0 66.945 70.1342 72.973 85.8909 92.836 85.3102 63.4726 64.2085 22.3645 23.8521 89.5485 95.5042 40.4715 66.7269 56.4115 61.9003 59.6045 58.3357 83.131 87.9535 92.9946 85.8589 78.2811 71.9774 68.4093 71.2508 38.2642 40.5393 35.9875 35.0197 18.7495 18.77 20.4855 19.5101 39.3989 35.2856 38.5748 35.6009 18.8451 15.6813 19.9348 16.7429 78.1919 76.0039 69.7904 73.5699 55.2756 48.8376 52.3314 55.2026 64.3909 67.1857 63.8063 63.1148 96.1974 92.6462 87.4324 95.9642 40.9256 43.2187 38.7134 37.6017 23.2931 43.8591 16.5588 83.2802 70.0479 30.6691 39.3922 12.0625 71.6303 74.9505 86.2391 24.0212 63.313 70.9966 107.37 49.9981 76.363 33.8473 83.8272 51.6794 86.6617 52.4219 61.1095 94.1083 20.0926 58.9743 63.079 76.065 12.5856 58.7973 6.87146 56.4167 60.5353 90.7528 63.0217 63.2832 87.5208 97.4213 41.3424 65.0753
28.5869 26.8806 27.3018 27.8207 31.509 26.011 13.7828 14.255 11.5555 11.186 16.158 13.79 12.8764 11.7426 16.3908 16.5421 14.9045 12.7968 19.5318 21.7653 17.5273 20.1708 12.2618 11.9246 13.1148 11.9816 8.76832 7.72028 8.01509 6.67347 75.0322 71.1272 73.7808 72.1562 62.2729 70.8584 67.1346 66.4351 50.2225 53.3517 54.6549 50.4141 57.9754 51.5038 49.0087 53.5646 50.2939 57.3579 53.566 59.0159 48.3998 47.6204 45.0715 44.0357 65.1379 62.0633 66.7672 68.1644 40.7629 41.1618 43.323 42.8962 64.9831 64.9488 72.0615 63.3796 65.927 71.6128 67.2784 64.2157 76.847 66.945 0 2.6023 7.91959 10.1412 52.7465 53.9151 114.826 108.526 49.0596 53.9092 61.3096 23.8973 30.1356 31.9647 34.6358 34.6414 30.3457 29.755 68.1197 73.0605 77.6772 77.6444 66.1867 71.9039 72.1253 69.3501 45.1272 47.2984 48.6801 50.0869 50.7418 46.872 51.2784 52.5494 34.3768 33.208 31.6805 32.5143 65.0361 69.1325 71.8333 62.1619 59.7783 59.4832 53.7545 60.8448 61.5423 58.864 64.2167 61.6401 95.023 97.9546 105.033 108.87 72.8357 66.6152 68.5419 66.3801 53.1636 52.6545 45.057 45.597 65.5505 83.681 56.6178 20.8769 23.8318 37.91 34.6821 81.2398 12.798 49.2056 77.2009 79.9801 88.8697 101.679 84.8798 67.2275 21.9384 61.7892 90.8109 92.8624 23.2233 55.0615 59.1697 85.3234 57.3499 82.5404 90.5862 88.8035 64.2895 74.6258 71.9398 74.5662 101.979 67.2916 100.331 35.9798 81.383 89.6438 76.167 26.3467
28.7326 28.3417 25.9462 27.2691 31.4639 28.96 13.2108 13.9639 11.8408 10.5471 14.5768 12.3282 10.9333 10.4896 16.2058 15.1411 12.983 13.2492 19.9492 17.4319 18.9341 17.0421 15.8604 14.2722 13.7846 14.5018 11.5152 10.1562 9.13648 10.4742 76.7281 74.5446 75.2051 68.6739 67.2177 73.1983 63.3618 73.5164 50.8295 50.3161 51.8721 48.1656 58.6198 58.1085 49.1692 47.0803 59.6947 52.6703 51.2638 55.0573 53.5845 48.4733 53.2923 47.4948 66.478 71.2012 74.6175 61.6842 46.8227 45.3001 41.1107 46.0401 74.708 68.2589 65.2759 69.2038 74.0985 76.7335 69.2322 74.9725 75.1584 70.1342 2.6023 0 5.70316 8.22508 53.4986 48.2855 110.174 120.832 56.0294 50.0487 55.3728 20.2662 33.272 36.9619 34.1133 30.5899 33.4434 32.645 78.9414 79.4079 76.2892 71.4437 73.1678 73.272 75.5693 73.7071 45.3841 48.5979 50.2579 46.1475 49.5481 51.9931 54.6034 54.3138 39.4394 34.3448 39.9336 38.445 74.7544 63.6338 69.5258 70.984 60.1551 55.8087 61.7349 53.4232 62.2458 67.849 58.0499 64.5496 104.041 103.605 103.424 106.869 80.1392 75.3933 78.7407 76.5144 45.8889 47.4903 47.7013 48.1084 72.7316 97.011 65.7643 18.4098 21.961 43.526 40.8364 79.6292 12.9158 42.3803 87.2421 78.202 87.1333 93.1515 89.3412 73.5837 21.4596 68.9383 96.2448 102.576 22.8961 57.1594 56.9394 82.933 58.6392 78.864 100.204 87.475 60.3694 73.2126 80.1025 77.8038 99.9371 68.6447 98.7842 42.867 80.6628 79.0034 78.0751 27.1542
27.2851 27.8016 29.8236 26.13 31.2037 28.2503 14.2192 12.1918 12.7229 10.2867 12.8729 10.1065 8.90033 8.7391 9.72972 9.0977 7.59957 6.92672 14.4072 11.9247 12.6943 10.9974 20.2878 21.1556 20.5414 19.5892 16.3166 15.1775 13.9064 15.9761 82.6126 69.5522 80.5244 70.4206 64.9369 64.8523 73.851 74.3333 47.7382 45.5664 46.3418 48.6771 56.533 46.4438 49.1264 46.5983 66.2025 56.5668 58.5497 62.3221 58.725 60.2126 53.9381 58.5337 71.715 69.3127 77.2556 65.3835 42.898 45.1504 47.6696 43.3757 74.8557 68.2078 71.0479 61.4642 73.1953 66.9717 62.2917 62.3021 74.6908 72.973 7.91959 5.70316 0 2.38058 43.3838 50.1015 124.897 102.462 53.792 49.491 61.0834 14.8104 40.0666 32.4862 34.8579 33.7416 31.6564 34.4578 71.4869 64.9843 74.0173 69.5141 72.0441 70.6876 66.02 73.4746 48.2745 52.804 50.319 44.7023 52.9873 62.0202 60.3142 54.1531 39.654 36.673 40.1834 37.819 70.9373 76.761 72.5192 72.8285 57.7368 54.0213 56.0169 54.805 62.9209 59.989 67.0206 61.2293 105.988 117.069 110.428 101.412 67.6821 72.9835 68.6061 73.0378 51.3746 49.069 55.8044 54.7051 74.0407 83.7482 66.5064 15.1457 21.1519 47.316 43.3111 85.5135 9.07859 38.7529 90.0466 80.1139 90.7384 98.5142 87.5319 71.5691 17.6134 65.7678 96.6558 104.275 16.0163 55.0284 49.5944 81.3675 66.9484 85.9858 94.6455 91.841 63.0072 66.686 74.7341 71.9026 109.692 55.4025 95.9269 38.4139 78.9985 88.3144 72.0576 23.8592
32.6042 31.7323 28.6675 30.4494 37.4466 32.0197 14.4201 15.4108 13.2171 12.5861 12.8912 10.452 11.4193 8.54022 8.83978 8.06567 6.63915 6.14174 12.6886 11.0241 9.75097 9.4761 22.7766 21.4985 23.7861 21.2889 17.2671 15.9591 16.607 17.7542 78.7349 87.2882 75.0166 81.5571 74.5219 77.1978 78.1904 71.0337 49.4936 50.2411 48.4057 44.5862 49.1855 52.5021 49.7545 52.3581 65.7926 60.5692 62.6244 58.0112 57.4378 57.5793 64.2848 54.386 79.3652 70.2749 71.6213 78.1307 49.1864 47.1242 44.2296 40.8622 65.9587 71.6624 77.2285 75.724 67.7369 71.2801 62.2678 64.7827 83.7032 85.8909 10.1412 8.22508 2.38058 0 42.0266 47.4778 106.337 124.818 53.6944 54.3659 56.566 12.7114 37.1115 33.7845 36.6331 33.7419 34.8889 31.1105 69.8088 68.4561 68.0745 75.8025 73.5228 69.7974 69.878 64.8121 54.5529 50.1396 55.216 54.5462 58.3901 57.9454 56.4897 56.8376 46.7257 42.8234 45.6089 44.7213 82.341 75.3036 76.6383 69.1968 60.7043 54.3288 56.1294 57.8257 65.8988 70.574 71.2957 60.4532 104.367 106.932 113.932 118.163 77.1526 73.5046 63.4546 69.0127 52.4823 51.6425 48.5881 54.6781 70.7728 91.9108 61.8797 13.6783 20.1827 45.2342 40.6149 89.2444 10.1526 37.9309 76.9438 82.2554 97.3822 94.3447 87.7288 75.0398 17.8399 78.4017 94.7463 90.4161 13.805 56.9707 59.8857 74.0107 68.8243 79.5531 96.9673 96.5566 73.4142 68.8012 85.1638 70.5231 98.7875 64.5209 114.367 40.4255 80.5768 92.4215 84.2122 26.0938
40.2357 45.1386 47.0299 45.9196 45.0266 36.5707 38.7008 39.7329 39.2253 42.588 32.4521 39.4236 41.3014 40.7947 38.2154 34.1566 39.0236 38.9056 36.6841 33.7466 39.3397 40.6651 48.6861 52.7291 50.3487 57.6951 51.3337 50.1299 51.422 48.2543 91.2647 96.6768 90.5497 104.954 84.6776 91.1846 82.6916 95.8229 17.7933 17.0733 18.5689 15.454 14.2677 13.8138 13.0058 10.6759 75.2717 81.8181 88.3716 84.7442 71.751 71.5601 72.8815 73.5385 79.6322 81.4317 86.2377 85.4092 38.0263 31.2022 34.9346 34.5881 51.7332 46.9657 47.177 49.3667 18.8602 22.8652 16.6098 17.93 83.5942 92.836 52.7465 53.4986 43.3838 42.0266 0 2.67106 88.2644 88.9809 67.008 65.6214 13.1887 46.3469 50.3567 26.5677 31.5294 33.5146 33.3867 31.0423 26.8778 29.7298 29.4654 29.1733 35.3588 34.5651 29.9927 31.5586 50.05 49.7909 52.6313 51.6614 80.1053 73.5066 74.0383 74.7488 54.498 52.2253 62.07 62.12 91.029 85.3582 95.4441 91.8213 23.3802 20.3568 22.9345 22.2437 46.6999 49.3286 44.2309 51.1535 88.5627 79.0395 93.869 87.5969 27.1176 30.3426 28.6184 27.8412 50.0317 49.3477 49.2897 46.3903 69.1616 72.3069 67.3068 31.3426 23.7603 69.1936 49.7568 89.2458 35.9726 7.58952 50.8528 86.5885 81.0346 68.9824 35.4274 49.6671 27.4171 66.7614 62.9438 88.4861 34.0777 43.7847 33.4783 31.6105 71.9781 63.4226 73.4554 67.4454 87.6484 43.6862 80.6995 51.4167 76.7015 15.0057 73.6549 21.6852 46.781 44.2655 68.73 25.6448
50.5667 45.0522 44.4326 48.9807 44.4535 41.6392 40.7756 41.662 39.5722 43.2317 39.8585 34.5512 42.3567 41.6414 33.8335 39.9636 36.4375 42.1748 35.6401 38.7527 35.4115 37.5024 56.2555 59.3396 59.3219 59.3798 51.1573 54.0756 54.4211 53.7702 100.783 104.494 100.193 96.7672 99.8144 88.6784 86.9656 96.8892 19.7303 20.2369 19.0008 20.3922 15.119 16.1395 14.1074 13.0563 84.612 83.4504 90.1298 75.2145 76.8193 80.2675 85.4799 71.0083 88.3592 77.26 86.4935 88.1159 40.0245 36.1315 41.7579 38.0011 59.9378 49.1328 54.3097 52.5201 21.4309 21.5573 18.8492 18.6105 92.125 85.3102 53.9151 48.2855 50.1015 47.4778 2.67106 0 97.9847 99.3924 65.0302 73.1606 15.4775 45.9246 59.7763 27.8447 32.3869 35.4893 37.4724 36.9781 30.831 28.9549 29.3296 32.1892 34.4971 35.9443 32.3107 30.5676 56.865 51.9078 49.3894 47.881 68.7632 71.7613 82.2615 72.3987 59.5479 56.534 65.0667 57.8046 90.654 88.6635 95.7584 93.9293 26.4176 24.134 25.4472 25.9409 52.5805 45.8182 47.4248 52.1477 98.5891 94.7872 81.0994 91.7008 28.664 28.5899 27.1796 29.0685 49.1893 45.6297 45.8636 54.1598 72.2534 82.7531 73.053 36.0905 29.0597 67.8048 58.2213 92.0428 37.1531 10.6602 45.1144 92.9821 74.7981 67.5505 41.1267 55.5473 27.9231 64.1515 64.7499 92.0522 36.0972 40.6901 40.1733 37.4995 77.1131 69.5528 79.6727 67.4683 93.6003 50.3795 93.8924 54.4024 81.7994 16.2184 80.6981 26.5275 47.2914 46.4728 69.2528 26.3383
80.7176 81.4135 78.2914 91.6007 80.2307 84.9218 94.4384 93.5386 107.156 106.509 113.291 105.096 104.214 100.346 100.692 114.53 118.484 112.187 111.986 122.391 119.654 119.18 99.1213 101.787 94.2766 101.653 100.878 105.595 111.03 109.189 76.5561 70.5041 76.6751 86.1952 69.42 77.9779 71.5755 85.1059 79.5291 87.2429 73.4602 87.1468 87.6347 90.1437 90.5361 93.1453 72.3766 81.2182 83.3657 82.9927 75.1346 69.1101 76.1708 76.9428 58.3572 59.0692 60.2781 59.4698 72.3435 64.5718 75.4465 77.8645 44.4157 46.8214 44.566 45.5845 94.6441 90.8546 90.384 98.5672 61.0985 63.4726 114.826 110.174 124.897 106.337 88.2644 97.9847 0 2.64747 67.2204 69.2952 81.1099 120.265 83.8454 83.6359 80.769 88.3726 77.417 86.1988 75.4714 78.9129 75.2712 71.9319 65.0761 66.126 60.8739 67.6282 60.4705 66.6774 61.9955 66.1918 68.9823 77.8974 67.3677 70.81 86.5494 77.7867 80.0054 82.6574 72.1046 73.1668 87.0115 78.5832 74.9314 78.1186 81.3056 71.0561 55.0938 47.9671 49.8786 49.4072 12.2312 11.3371 10.1556 11.1417 76.1288 81.6727 79.5235 79.9435 62.357 64.4109 67.5037 67.6291 50.5539 22.5416 58.1068 112.686 103.74 85.4539 73.4512 47.1348 115.334 87.8408 53.7998 41.451 21.5347 38.3878 82.9454 51.766 96.4794 42.2345 47.1636 15.8475 121.969 61.2968 69.4025 75.6586 53.3297 28.0451 24.8063 34.641 70.723 53.5732 58.8818 50.7637 19.8645 98.5836 20.3313 78.362 64.2456 74.5721 36.3918 96.7792
84.2012 77.7586 84.783 80.0006 86.659 86.3249 97.3034 95.9373 95.7811 94.2013 97.9349 107.178 110.949 113.349 101.151 106.62 117.567 121.618 111.715 122.851 119.891 112.934 107.021 94.9249 92.9444 108.905 102.351 105.841 111.769 111.418 73.6639 75.5022 71.5882 71.8208 67.8332 73.5067 71.9564 84.3369 75.6362 77.254 80.0584 73.2256 82.3382 82.8807 80.2287 86.1621 71.2756 77.2516 77.231 81.2619 68.9302 78.0273 76.0703 79.688 52.1644 51.1077 54.8009 59.1813 66.0375 64.0819 67.9563 74.6388 42.1778 49.7015 41.1827 47.1258 90.24 98.6146 92.8857 97.4395 61.1368 64.2085 108.526 120.832 102.462 124.818 88.9809 99.3924 2.64747 0 63.4147 66.0539 85.0858 134.615 76.3273 76.2844 75.0329 78.2934 76.5524 84.7917 78.408 71.2333 75.9335 77.7191 61.0127 62.5994 62.8469 63.3004 57.3997 56.6578 56.4142 68.7034 65.167 70.5487 64.7683 76.2045 73.1181 74.5134 72.2673 75.7267 82.1665 80.0071 83.9512 87.7954 72.1639 68.7098 65.5566 71.4657 46.2546 50.4266 46.8958 53.0305 9.37322 8.80391 9.22404 9.73766 72.5185 72.3429 72.3116 81.7438 65.5516 65.7442 65.7722 63.5479 46.5041 22.1181 55.4995 120.159 99.6928 71.7987 75.6639 47.1385 101.427 91.2385 60.612 38.7611 20.6146 36.9092 89.6027 45.4681 106.49 44.1293 37.6744 15.9844 114.788 61.7915 57.2241 69.0856 60.4022 28.5567 21.676 34.3705 72.7368 54.4417 58.0595 48.7812 16.6217 88.9025 14.6719 76.923 67.2679 71.751 32.4588 88.39
27.1771 29.8611 31.803 28.8042 27.2678 33.4143 41.9939 49.5115 44.2533 51.3344 48.7604 52.0415 54.6158 49.4659 55.1826 55.7292 58.6679 57.8462 58.8196 61.9698 61.2962 66.2799 36.6716 41.0914 37.8592 42.1438 38.5828 41.3601 42.7628 47.6819 25.5602 29.6077 30.3724 30.2598 21.6524 22.5516 23.1363 26.8987 57.2076 59.2383 60.1584 55.0705 65.8254 58.4988 63.1 60.4722 14.0487 12.4523 13.9348 16.3295 9.65686 11.7023 12.6555 13.3315 16.1586 13.686 15.8295 13.559 35.7288 36.2069 32.8652 34.7441 37.1045 43.6801 34.8572 39.8967 76.2245 85.0458 82.0872 76.1957 23.3588 22.3645 49.0596 56.0294 53.792 53.6944 67.008 65.0302 67.2204 63.4147 0 2.72826 65.8085 71.7654 19.2889 38.3072 33.3874 33.4079 36.0512 39.1881 69.1228 75.9161 70.5147 63.649 57.815 62.7856 65.452 56.1416 17.9857 20.744 17.4198 17.7057 7.09231 6.77234 7.45933 7.54038 17.6165 16.4774 16.4047 17.0358 27.5207 23.8385 29.9371 27.6673 52.0791 58.647 54.769 56.6305 39.1351 39.6018 39.2 36.1559 65.6705 58.704 65.1568 60.6241 72.4023 72.9734 71.9408 71.3971 22.4317 24.5631 22.2494 22.6637 18.5579 42.1132 8.52546 56.6688 54.3906 14.9744 19.1742 26.7192 59.1921 59.5138 63.2779 30.3391 51.8404 65.1635 87.7613 35.461 48.7215 25.765 65.6449 48.8605 69.0791 39.1105 43.7022 75.1219 7.86006 48.0579 60.1882 62.0917 14.3652 44.5656 20.7798 50.2154 59.2373 67.6337 64.495 47.9742 73.211 76.1243 37.7731 44.6981
26.2879 28.6674 29.028 28.2224 24.2084 30.2085 46.0916 40.9425 46.2301 42.9149 48.7066 48.339 48.4869 52.7638 54.4114 55.5909 53.9497 57.8572 55.8445 56.0275 60.9296 66.4102 37.0696 35.9116 33.5332 35.9118 38.4 42.0168 40.8357 40.6003 28.745 27.8389 29.2168 28.6844 23.0767 27.4866 27.4178 24.5582 49.4196 51.1547 56.2355 50.0627 58.8843 57.4187 63.2977 54.5517 13.7628 15.6865 16.4761 17.8291 10.857 13.6247 14.5005 15.4159 18.5306 15.0389 15.5547 13.3284 29.8459 36.0067 28.8615 29.0176 41.8297 40.2614 36.1547 35.412 85.0819 84.2217 72.2767 76.9882 26.5196 23.8521 53.9092 50.0487 49.491 54.3659 65.6214 73.1606 69.2952 66.0539 2.72826 0 60.3754 63.9483 18.9439 39.3935 34.9514 37.7368 35.7733 30.9539 69.327 73.2017 66.1989 65.6518 64.351 57.9108 56.5655 64.6163 15.8227 18.9369 16.8083 18.3671 8.60778 8.06184 8.08631 8.02098 14.6938 15.768 16.0288 14.7708 29.8121 26.1361 32.7397 27.1067 56.1654 50.2752 49.4004 53.4521 37.1125 38.5758 38.6693 38.8942 69.37 61.8673 62.5115 70.3432 67.3695 76.0144 74.2869 73.8717 22.2451 23.1942 20.1273 20.7899 21.1121 45.2534 11.0639 59.0108 49.8125 13.5322 16.7557 27.7546 47.7764 63.2027 68.539 34.0116 60.0175 70.5169 86.0587 33.6933 51.2245 27.7642 67.4803 51.1409 68.2261 33.048 42.3082 64.8225 8.08376 47.0522 57.8573 58.0054 18.0691 47.4619 25.5578 46.572 66.5263 67.41 65.2427 46.8711 69.425 82.6779 37.4034 51.6057
44.7595 44.4248 51.4558 50.9092 46.8347 44.1311 50.0505 46.701 45.9983 46.145 42.016 48.6062 46.632 51.2744 46.8531 53.1027 51.6872 48.4756 47.2605 46.9041 49.9963 47.8211 64.318 64.3515 60.7348 61.9823 60.5777 55.447 58.7049 66.3721 89.0489 91.6213 91.9338 104.349 98.344 82.3739 84.6097 89.5433 11.943 12.0865 11.6299 12.9727 6.31861 8.61857 8.59933 10.614 76.0993 72.959 76.8505 77.0722 70.3194 79.8354 77.1498 81.48 75.5444 68.3169 69.9421 73.459 36.1375 33.4652 32.931 35.441 47.4582 40.8176 39.6346 43.4342 11.8749 14.2988 12.2939 13.8137 82.2783 89.5485 61.3096 55.3728 61.0834 56.566 13.1887 15.4775 81.1099 85.0858 65.8085 60.3754 0 68.6401 57.6808 33.1193 38.3648 36.4108 33.3203 39.3549 15.9436 16.3517 13.4179 14.821 18.4455 20.227 19.3674 18.271 49.6876 51.0219 46.6209 45.3225 66.3123 65.3478 74.0726 77.9762 54.7476 57.8717 63.0343 55.6831 95.2052 92.7647 101.117 101.364 13.3865 12.1298 13.8281 13.1661 43.0621 40.6573 39.7581 41.2598 75.8826 73.0693 70.4101 81.38 15.2233 14.8079 13.5448 11.7176 48.0624 45.5335 42.668 42.0486 61.7685 60.3095 63.0727 49.3049 35.7993 72.229 47.8056 88.8623 50.8373 15.5173 31.3735 73.1135 66.4959 50.8479 28.2552 42.9837 38.6045 53.1594 48.6782 81.1999 50.4701 31.6984 29.4882 19.4147 70.5282 61.0172 65.5786 56.3609 83.5752 35.7914 74.6037 38.2453 72.345 7.43919 75.839 26.8683 28.559 30.6416 54.6042 32.6836
47.049 49.2781 41.3754 43.2114 49.47 47.8793 28.603 25.7079 25.9046 24.735 26.1994 22.7129 23.4079 23.731 20.194 16.3245 15.2671 14.5146 16.1908 14.895 12.7316 11.6813 33.8353 37.6028 34.9375 36.2111 27.9145 29.9134 30.4164 27.5755 83.5787 89.2225 86.9341 87.5245 87.3121 85.1823 78.2936 81.4958 64.3245 62.4656 63.3437 54.7295 55.4636 63.4697 61.6086 54.449 83.7409 77.0168 75.0164 75.1594 71.6722 64.7254 66.0952 72.4878 94.6862 91.2613 79.6801 85.9222 57.9566 58.6142 53.748 57.8609 86.3689 77.542 78.3988 81.9453 75.2446 70.4318 69.8406 69.8754 101.343 95.5042 23.8973 20.2662 14.8104 12.7114 46.3469 45.9246 120.265 134.615 71.7654 63.9483 68.6401 0 53.7872 50.7318 48.0689 43.8304 50.578 49.3013 82.648 79.3931 77.8382 69.811 70.9876 84.4123 78.1513 81.8327 72.0928 60.0406 71.1574 62.8775 67.1642 69.6292 76.8092 75.2448 50.9349 50.6806 59.1764 57.5493 87.0347 93.2956 92.0149 81.6483 62.4262 70.408 66.9519 68.2392 83.2652 74.5276 73.2841 84.1833 121.58 115.773 122.016 115.447 70.373 81.7446 78.0654 74.9264 67.2279 65.6396 67.2132 69.4503 83.6567 110.693 73.8409 17.1438 29.9862 64.0904 61.4656 95.1622 19.6435 44.5566 92.0386 97.3482 104.483 114.962 96.0198 85.0588 27.0135 83.2973 97.2347 106.985 15.9816 76.6429 67.5033 81.7887 73.459 95.3868 100.482 110.448 74.8302 80.7375 91.4901 79.1843 111.749 72.4629 107.25 47.6438 100.288 94.6295 93.6225 38.4805
10.3529 10.9046 10.3756 11.752 9.45127 14.3717 26.2484 24.6433 27.7897 29.4867 33.2317 34.0996 30.878 34.6288 41.3385 36.664 35.8123 38.5331 46.3581 39.9352 40.6949 48.2142 18.9943 21.0736 22.7581 22.7143 24.835 22.0601 26.1934 26.8394 42.1534 39.7145 47.2181 40.679 39.7179 41.2726 41.2551 39.2899 49.3686 46.5937 42.2018 41.3537 45.3054 48.1536 52.3725 47.3125 25.9553 27.4064 27.1338 27.8298 20.5161 24.0527 20.7446 22.2798 37.3198 30.3991 31.9815 31.0197 22.1422 23.0872 21.3504 22.3279 41.6537 41.1402 43.9851 39.7428 72.6668 71.1256 72.2769 63.275 38.6968 40.4715 30.1356 33.272 40.0666 37.1115 50.3567 59.7763 83.8454 76.3273 19.2889 18.9439 57.6808 53.7872 0 24.403 21.3449 19.7573 20.5428 19.624 61.8642 59.7296 67.3312 57.8553 59.9981 58.9528 56.1078 50.335 17.065 18.6908 18.8417 15.6284 22.2276 21.6675 19.9661 20.8543 3.60357 2.18648 3.71923 2.92854 45.0494 36.7507 42.8563 42.6916 50.0255 42.5667 43.6085 46.3931 37.9834 42.001 35.7728 39.1325 70.5657 75.4236 75.8106 68.9842 61.197 61.3817 66.8761 59.4673 19.4494 20.2351 20.6663 21.0416 31.4713 59.6898 28.4586 41.3175 38.5303 15.3854 7.24445 48.2751 32.5656 45.6305 66.1873 51.5191 69.9819 63.7811 84.3697 43.4103 37.1274 36.4357 79.3214 65.7507 43.6764 37.3729 35.1974 62.9117 25.4854 53.4822 61.0076 73.4594 32.284 49.0927 40.7275 48.9199 75.7427 65.5144 79.3851 34.1513 74.8544 69.0369 43.1549 32.5252
17.6185 16.1878 15.2738 14.912 17.3952 14.0166 19.1245 20.4599 22.2309 23.1287 21.734 23.1634 27.5565 27.7773 29.752 30.0209 31.8864 31.908 34.1366 35.1772 37.1539 33.475 32.1479 30.6159 30.2107 31.0868 28.733 32.3317 33.8379 33.1151 65.9338 70.1359 69.3997 71.8864 66.4305 59.0726 66.6731 69.6233 21.8212 21.3171 19.8717 16.7772 26.4558 22.9864 22.909 22.2526 52.4921 49.2836 52.709 57.1665 44.5822 50.0276 44.0256 43.732 57.3248 49.0226 55.2417 50.888 14.3896 11.0343 12.3908 10.5039 35.2488 37.6788 33.0526 32.3015 42.3121 41.5972 42.2267 40.2027 58.6651 66.7269 31.9647 36.9619 32.4862 33.7845 26.5677 27.8447 83.6359 76.2844 38.3072 39.3935 33.1193 50.7318 24.403 0 5.50994 4.31248 5.4524 5.65142 38.2529 37.0483 41.7038 36.7328 35.9112 35.6906 31.3042 37.0398 24.5892 23.5196 24.4862 24.3052 41.0527 40.4384 48.4232 47.3979 29.9817 27.1483 31.5655 31.4272 61.5843 70.7333 67.7414 60.7168 20.9427 24.9251 22.3532 22.7913 31.6312 33.9169 30.5415 33.2544 71.6195 68.3914 74.4304 73.0941 44.7978 45.4631 36.7173 40.646 21.9585 21.5117 22.4436 22.6705 47.0021 55.917 46.6039 28.6378 20.4985 43.6346 23.2769 69.1285 27.8518 21.3171 47.6227 62.9924 61.7349 57.2608 63.458 34.3964 19.4888 38.4669 67.5836 70.0591 34.0313 21.405 20.1691 42.7378 43.4271 53.4433 56.8042 60.1276 50.346 33.026 60.3881 40.5657 67.9104 34.6257 69.944 5.22929 57.5856 55.3679 53.7928 11.689
12.665 11.4117 11.5466 11.9558 12.7737 9.66259 19.4339 21.5772 21.4551 25.0292 23.3404 22.6921 26.6536 23.8054 29.8118 27.5514 32.012 34.6458 33.2185 35.5985 35.0212 33.4234 26.7919 27.8992 26.2901 29.7987 25.0933 25.8676 30.7733 28.8456 62.9824 65.3226 66.4046 58.828 55.4465 59.3178 62.8208 54.3304 27.9898 25.6528 22.8913 22.1176 28.539 30.3231 24.7317 26.0547 43.673 49.4275 51.7511 51.3059 38.8473 37.8528 38.4067 41.2431 46.22 48.474 50.9321 49.246 11.2973 10.2989 11.3049 8.67252 37.5115 39.9251 35.5745 31.5836 48.2939 45.8736 46.5874 44.7263 59.8085 56.4115 34.6358 34.1133 34.8579 36.6331 31.5294 32.3869 80.769 75.0329 33.3874 34.9514 38.3648 48.0689 21.3449 5.50994 0 0.940371 1.04526 1.46449 47.963 41.4854 44.1881 47.0232 41.3044 38.5055 35.6682 40.3493 22.7849 20.1809 22.984 20.1002 36.6318 41.9466 41.0985 40.6203 25.2129 24.8777 26.5042 23.3614 60.1537 55.5015 61.9154 58.5501 27.5665 30.2477 25.3477 25.4866 32.411 31.0373 32.6364 27.8119 71.4033 73.7439 79.6754 76.8994 44.1057 49.1866 43.5591 42.1788 18.141 17.8366 18.3554 18.7387 39.8233 60.3782 37.9997 32.558 22.3196 37.6513 16.3916 56.8572 27.7167 23.99 53.9122 53.1076 56.7216 65.7423 65.3163 34.676 21.0082 42.7836 64.6219 71.2353 32.2026 26.5058 22.8494 49.3128 37.8216 52.7865 56.4527 56.3735 50.669 33.614 53.3811 43.3779 70.3389 44.6053 66.4066 9.60302 59.5461 60.9189 47.4563 15.2239
12.2606 12.3278 11.4618 13.027 11.8485 9.34577 19.637 20.9417 23.3018 20.7502 20.7314 21.7009 22.1456 27.3458 31.0275 27.3735 28.4421 28.6787 33.8472 31.2049 31.0365 32.2631 27.1659 24.7013 26.8873 29.21 24.677 29.1558 25.9161 26.8889 65.2927 61.0126 58.4762 68.4386 54.8891 62.1249 54.348 56.0663 23.7963 22.5364 22.3044 20.823 26.493 28.6773 24.0589 26.6503 49.9082 47.0999 49.519 48.0752 44.8606 46.8147 44.2007 40.513 51.8454 52.1815 54.0835 43.3832 13.1024 12.5075 10.5041 9.478 35.3195 35.5302 32.6997 38.2454 46.0937 51.7841 43.9288 49.1265 56.9357 61.9003 34.6414 30.5899 33.7416 33.7419 33.5146 35.4893 88.3726 78.2934 33.4079 37.7368 36.4108 43.8304 19.7573 4.31248 0.940371 0 1.28944 0.900023 42.7359 44.1879 44.419 43.4042 37.2459 36.1537 39.4066 39.5349 22.5357 22.3632 22.1598 20.417 37.6281 38.7704 43.262 42.5701 26.4995 21.5093 22.8168 23.1093 58.9844 64.7414 65.6523 57.2969 24.6995 24.8796 24.6767 27.9716 33.4341 29.6091 32.3937 30.9735 77.8009 67.6716 67.7836 68.0371 45.3349 41.5194 46.7148 44.5848 19.0851 18.1884 20.9543 19.6433 45.4363 60.0722 44.0097 32.7904 20.8978 39.0767 19.4981 60.2657 27.1361 24.7833 49.694 54.3576 65.2215 60.8 69.3814 35.9866 22.3437 40.3344 62.9566 61.98 34.9827 26.7321 24.0614 50.3652 38.1374 52.5206 56.0446 60.1873 48.378 37.633 61.3117 43.6567 61.4537 45.6186 74.9306 10.685 57.8903 59.463 47.1529 13.7426
11.3117 10.6324 10.44 11.3024 11.9114 8.66629 19.5055 18.9401 21.1148 23.8198 20.723 24.829 25.117 22.6662 31.0175 27.537 32.6147 30.3704 32.7208 30.2436 32.4023 34.6922 23.4374 23.8347 29.8406 28.3931 26.1917 26.9708 25.1495 27.1315 68.1279 58.9731 57.5433 65.3243 59.8094 55.0793 54.2974 62.1698 26.3766 25.5431 27.236 23.5165 31.1188 31.0847 30.2225 26.6017 47.9512 46.8338 51.6477 46.0854 45.1132 40.5251 42.5438 41.5714 51.1962 50.7102 45.7658 49.5171 13.9819 11.5594 11.5601 10.0397 40.1678 37.6078 35.8937 32.9066 46.794 47.0809 43.8915 49.2555 63.0086 59.6045 30.3457 33.4434 31.6564 34.8889 33.3867 37.4724 77.417 76.5524 36.0512 35.7733 33.3203 50.578 20.5428 5.4524 1.04526 1.28944 0 1.03302 46.1566 46.8369 40.7267 46.2615 37.614 41.6273 38.18 41.7589 21.6715 22.486 21.2091 20.7983 40.9982 39.4272 37.5797 41.0789 25.2899 21.1724 22.1055 23.6846 58.0511 54.5082 57.3224 63.5718 26.8973 26.0011 27.6053 29.6294 34.917 29.8895 29.1465 30.6296 79.9212 72.2902 72.6368 66.8295 43.494 46.0284 43.9821 49.7164 19.6034 18.1787 20.3315 17.3169 44.0575 58.721 40.3724 29.8587 23.3017 31.6011 19.1295 57.4803 24.26 24.518 57.6594 54.8626 62.9635 63.9247 69.5182 33.5767 20.7927 43.5478 67.4889 67.9948 34.4065 25.947 23.7985 51.6318 38.0223 50.8593 66.3871 65.1569 49.0601 33.4929 49.8566 40.7681 63.35 45.0785 75.7061 11.9538 57.6138 58.7558 45.3197 14.5904
11.388 12.513 12.2565 12.0655 10.9843 8.49261 17.6711 20.5596 21.529 20.0941 20.9702 20.7427 20.9682 23.1311 26.8168 26.5523 28.979 31.845 28.9612 29.4748 34.0176 36.5598 22.9706 27.6998 29.583 28.4791 23.2102 25.792 29.8193 30.6668 58.5489 66.4362 69.2452 62.9526 62.6688 60.5856 61.2729 56.0622 27.6532 25.5531 26.5907 21.9623 28.2033 28.4539 27.3791 28.8341 43.142 51.6997 46.4271 50.3535 40.8469 43.5427 38.9891 40.6789 55.0494 46.9586 47.1619 43.4859 13.8346 13.4461 11.5424 9.64152 35.862 36.7664 38.7386 35.1423 52.8023 53.3382 46.4877 52.7668 62.0007 58.3357 29.755 32.645 34.4578 31.1105 31.0423 36.9781 86.1988 84.7917 39.1881 30.9539 39.3549 49.3013 19.624 5.65142 1.46449 0.900023 1.03302 0 44.9576 45.7823 47.1384 45.8166 38.5816 39.7284 35.0715 41.3751 22.5529 22.3104 21.1218 20.5792 38.5575 43.6512 45.0532 38.8709 25.4616 23.6684 22.393 23.681 65.5399 63.8901 57.6814 59.5262 25.7688 25.5156 28.8993 27.3502 30.1027 29.6089 30.0169 34.5735 71.8145 80.6826 72.5424 69.7548 43.2478 45.3052 42.4341 48.7474 21.8522 19.4311 19.8305 18.4713 45.0437 63.6938 41.6234 30.7261 22.1513 31.8127 18.5242 65.9305 24.7955 27.0548 57.3986 59.8565 59.6448 61.5491 63.6981 35.3774 21.5526 37.6605 65.4363 61.7227 31.4749 27.795 22.7884 51.9975 42.7705 51.6366 55.7052 59.7562 51.6683 37.0888 52.332 41.5108 65.9047 43.401 71.0675 10.2232 63.7351 60.0262 46.3617 12.3076
53.5956 51.3981 58.9263 53.3304 50.8515 55.3542 61.1314 57.6415 65.57 66.284 56.6207 58.074 58.284 63.9546 61.738 61.5169 69.1766 69.1922 65.4086 70.2533 60.4405 69.5716 71.9075 65.3956 68.671 68.1807 65.619 76.5421 68.4025 71.7354 101.097 97.8869 93.9182 90.6688 94.9737 91.2855 91.6038 90.5868 19.9466 20.4347 20.0548 20.7574 19.4248 19.8341 20.6677 24.0431 85.9388 84.5927 89.6209 90.806 73.5652 84.1303 80.6507 76.6319 70.6986 72.2343 83.1575 68.4224 38.5549 41.3128 37.5838 39.3091 36.4308 36.1304 41.4388 37.6575 19.4421 19.7721 18.7306 20.0646 80.4238 83.131 68.1197 78.9414 71.4869 69.8088 26.8778 30.831 75.4714 78.408 69.1228 69.327 15.9436 82.648 61.8642 38.2529 47.963 42.7359 46.1566 44.9576 0 0.990793 1.0805 1.39946 9.888 9.67257 10.6667 9.14674 48.9284 45.5565 47.6747 50.2622 72.3241 78.7218 79.3201 69.8614 61.3357 69.4053 71.2492 59.4085 100.129 89.8163 102.861 87.8306 18.5507 15.5623 18.6767 19.4455 38.0717 34.7656 33.6101 32.3188 62.4123 62.2036 66.7977 64.8517 3.0395 4.37453 3.08715 3.87618 44.6904 49.3355 43.7671 49.3745 58.4553 58.8805 73.6562 54.9795 52.2165 81.7875 51.5373 85.2209 60.1794 31.5407 17.5927 66.7353 54.2092 39.1089 21.4714 41.566 57.294 54.2131 38.6872 70.9276 57.0347 32.7677 27.3724 4.54724 67.3045 43.2161 52.6594 46.0296 78.2098 25.3776 89.418 31.3672 52.1971 17.7458 54.447 34.4716 16.9985 14.2522 50.2074 42.9106
61.1539 53.5985 57.5775 51.0806 50.6323 51.0438 55.4083 61.5412 60.3828 65.7711 57.6492 61.0834 67.6854 57.4737 59.8854 60.3857 67.7772 69.4576 61.8841 68.8688 59.0657 66.973 64.006 74.7621 71.3843 68.6533 65.8911 70.8148 74.2435 69.5292 90.0451 102.812 97.7045 101.912 91.1281 101.653 93.3298 104.313 17.5014 22.4065 21.6215 22.1743 18.9309 20.151 21.8749 23.052 91.629 84.0058 87.6537 88.9512 74.0454 80.9456 76.7374 74.5412 79.0163 79.6584 79.284 73.1715 39.5856 40.4475 39.3592 39.5517 34.7467 38.3481 40.1613 36.4182 15.7452 18.8471 17.0805 20.4744 95.9855 87.9535 73.0605 79.4079 64.9843 68.4561 29.7298 28.9549 78.9129 71.2333 75.9161 73.2017 16.3517 79.3931 59.7296 37.0483 41.4854 44.1879 46.8369 45.7823 0.990793 0 1.38868 1.0007 11.7386 10.567 11.0722 9.60208 48.9325 48.1384 48.5681 53.4146 80.005 71.8171 79.1949 70.6212 63.8629 67.9518 63.7725 71.7969 89.0677 93.2072 104.743 102.683 19.1199 17.6616 19.555 16.7487 37.8363 34.084 38.8667 32.8939 60.2689 58.9623 66.9646 58.9252 1.99088 2.75815 2.30923 3.50661 50.2818 49.1775 51.2445 49.9965 66.8518 59.3891 73.0952 57.0998 46.7329 70.058 53.5016 88.9825 64.1706 30.1727 18.5272 77.5877 57.4244 38.9726 19.092 36.9376 50.2724 52.968 35.1775 68.5642 60.6526 30.9639 29.6742 4.9659 74.8167 50.0235 54.9765 47.157 85.5171 30.2969 77.5983 29.7064 61.1548 15.422 62.0603 38.4423 17.5328 15.1119 55.6327 43.381
59.9861 55.9092 52.0646 50.789 49.2192 49.0659 54.9072 54.3409 66.6866 62.3764 52.4948 55.3937 55.8217 59.2617 63.9646 57.4375 62.2809 64.8601 67.2506 58.9605 64.5542 60.611 72.1928 64.4295 65.7146 71.9669 70.7697 65.4929 75.8991 65.2263 104.95 96.5253 96.0394 102.107 99.6995 94.1452 96.2422 99.5268 17.7947 20.9539 21.1692 19.8092 16.5485 18.966 21.9378 23.9417 75.1866 82.3919 83.0105 88.0812 70.8079 73.5199 83.1089 79.1658 79.4735 67.5981 71.8672 69.6825 36.9773 40.3274 41.0744 41.7716 33.877 31.5775 34.5544 32.4849 16.8165 18.6478 17.9539 20.4446 91.6777 92.9946 77.6772 76.2892 74.0173 68.0745 29.4654 29.3296 75.2712 75.9335 70.5147 66.1989 13.4179 77.8382 67.3312 41.7038 44.1881 44.419 40.7267 47.1384 1.0805 1.38868 0 1.04722 9.68501 8.64191 9.12946 9.60753 47.9266 47.8935 55.6201 49.1895 79.4687 75.7689 79.2999 76.0688 63.2046 65.8866 67.3983 65.4243 95.1427 102.555 94.6842 104.698 17.8395 16.8516 17.5144 15.7851 32.2345 35.1843 38.9013 34.022 60.9396 58.5356 69.7207 58.2407 3.23217 4.44525 3.03896 4.39052 50.2495 45.2711 43.4802 45.695 56.9479 57.9887 68.7258 56.1186 49.3819 73.3763 53.5808 78.3578 63.9887 31.5894 18.2887 79.5296 58.8435 37.0387 22.8225 41.6512 55.9369 47.7125 34.7726 66.371 56.8195 30.6283 26.0253 5.75063 68.7098 51.4173 47.5242 39.1071 76.8379 29.7827 85.5412 26.3278 50.5424 17.907 58.1223 36.6937 16.9542 15.3139 49.6129 42.9479
54.4746 54.5981 56.0078 56.4428 58.6879 52.0182 57.0294 60.8839 59.493 63.3555 58.3995 53.3823 64.5992 63.5483 58.9882 57.1779 62.9109 61.6614 58.5342 65.5362 65.2839 59.8683 73.9592 67.5879 74.7164 74.2919 61.5872 73.8595 73.9403 69.0193 92.842 99.3594 101.198 92.6132 83.6711 90.6096 94.1728 86.2104 19.6274 18.9171 20.538 20.6305 19.073 17.9213 21.9235 23.3105 83.3395 88.313 82.0356 89.1936 72.1904 86.7993 74.4141 81.4988 78.2461 71.4779 73.2398 83.086 39.9315 37.1396 44.1679 38.4515 36.7693 36.0574 37.444 36.4662 17.2174 19.1822 16.5443 20.8702 90.4671 85.8589 77.6444 71.4437 69.5141 75.8025 29.1733 32.1892 71.9319 77.7191 63.649 65.6518 14.821 69.811 57.8553 36.7328 47.0232 43.4042 46.2615 45.8166 1.39946 1.0007 1.04722 0 10.3228 8.67352 11.8621 10.2866 50.1189 47.5054 53.1867 49.0819 80.6914 79.5915 78.9874 74.2298 60.3133 65.1228 70.6714 67.0336 87.8453 105.765 97.1514 88.124 16.9925 16.182 16.4958 19.0262 35.5019 32.4525 39.1586 37.3908 70.4804 61.71 64.2791 60.9852 2.2158 2.85635 2.07355 2.99908 44.1765 48.8986 45.0231 42.8956 67.3609 56.5729 76.6204 64.848 49.639 72.4704 59.2085 77.3458 66.5209 27.0354 22.264 71.9593 51.5292 42.6089 20.3644 40.0976 51.1569 58.497 36.5715 70.5943 56.9135 35.4167 28.8077 6.40639 71.6365 51.0611 49.5001 42.3593 79.3999 26.5221 79.4556 29.855 61.0751 15.7561 64.242 34.3048 16.7818 15.3928 50.7995 47.1183
51.869 54.2687 47.8702 52.6349 47.9482 48.4212 52.1625 53.6412 59.0833 60.2814 57.9262 57.2463 56.7168 55.3937 57.8034 63.7155 66.37 58.5685 62.7613 57.2415 64.6768 63.0048 64.0633 69.046 65.5895 72.8918 69.0319 64.914 72.9566 63.9398 92.3606 95.9289 94.9263 95.9039 90.7516 84.5272 90.5118 85.4805 16.1093 18.1325 19.9688 20.3696 19.3755 22.4197 20.7504 23.1399 75.6969 73.5764 68.6153 78.9076 69.4728 76.0679 78.8228 71.119 61.7823 57.8157 62.246 68.8001 28.2891 28.3329 35.1557 35.1197 26.7643 23.8639 30.5014 26.3769 28.286 28.976 28.5634 27.7325 85.1059 78.2811 66.1867 73.1678 72.0441 73.5228 35.3588 34.4971 65.0761 61.0127 57.815 64.351 18.4455 70.9876 59.9981 35.9112 41.3044 37.2459 37.614 38.5816 9.888 11.7386 9.68501 10.3228 0 1.06248 0.955656 1.34329 46.4024 40.8359 39.6429 46.7253 68.5841 63.9634 72.9457 73.8468 60.117 62.0554 63.8531 62.7617 88.9532 83.9277 80.4701 79.4374 13.6619 12.732 13.4835 12.9677 26.3059 23.8316 28.9575 23.48 62.1692 52.7812 62.0166 54.8859 11.7118 12.8382 13.5732 12.5604 40.8084 38.8513 41.5297 41.2884 50.6593 52.3703 57.7259 58.8856 48.2614 62.2523 53.4003 66.9968 60.0898 30.3127 15.0453 66.5472 45.6977 34.3117 32.4727 32.2767 55.3766 44.0932 30.1856 59.1074 55.9976 23.2012 19.6837 11.266 63.7114 34.8358 39.2074 35.7898 80.8431 16.4764 69.4366 19.9182 50.9327 21.4599 51.1174 29.3951 20.1391 18.8415 41.6418 41.8687
53.5803 46.1073 53.0727 46.0413 45.9666 52.207 58.5699 55.493 62.6008 58.3124 54.39 53.1673 63.2407 62.5249 60.1075 66.3958 65.6935 64.6761 59.236 64.2086 66.7177 65.1696 62.6133 65.3003 66.3941 71.2349 70.4161 69.7315 62.1143 65.3435 86.798 82.9674 81.1851 82.8629 81.3508 80.3711 89.6275 86.3343 16.8508 16.4097 19.7108 21.3792 18.8195 18.5296 23.1693 23.9911 79.0525 77.4657 80.2939 80.2601 71.2081 74.2151 79.9234 80.1572 70.6802 67.4132 66.0554 66.0565 31.3318 27.9941 37.3713 31.3747 28.3939 27.6195 30.3778 28.4528 23.2347 29.9329 23.7265 25.9843 73.6077 71.9774 71.9039 73.272 70.6876 69.7974 34.5651 35.9443 66.126 62.5994 62.7856 57.9108 20.227 84.4123 58.9528 35.6906 38.5055 36.1537 41.6273 39.7284 9.67257 10.567 8.64191 8.67352 1.06248 0 1.43993 1.03406 45.6841 46.2659 41.8507 44.2911 72.4605 63.3663 65.3928 70.2541 55.4793 53.9442 56.5413 61.762 85.6636 82.064 93.9046 85.1665 11.4475 12.234 14.6915 13.5657 25.594 25.7379 25.3068 24.9004 57.158 59.5887 57.8129 57.2119 10.6811 11.7731 10.3693 11.8854 40.9473 35.1961 42.1868 39.4447 52.0559 50.9396 56.947 61.8824 45.5146 63.2062 53.7207 78.0962 56.7417 28.893 15.6331 60.4396 45.8204 32.9912 32.252 33.94 54.7199 44.542 34.7734 57.7106 56.5589 26.8473 22.8378 10.1447 61.3162 39.6317 46.9481 38.8147 69.1835 17.8767 74.7867 19.8031 52.4522 23.9473 55.9392 30.3416 18.8547 18.2986 49.8338 42.0428
47.4483 52.4585 46.1384 44.111 50.6747 44.4315 57.716 60.8115 52.5731 56.0799 51.1062 61.6653 62.4348 58.3904 53.0747 54.6214 58.2721 61.246 63.4648 58.5467 58.3293 67.1038 68.5836 61.5084 66.9392 62.831 58.0371 61.2033 61.4145 67.47 92.4607 87.4788 92.7372 89.7712 90.302 89.8649 76.9981 92.664 14.3906 15.5029 19.372 19.6338 20.553 21.0717 19.3416 22.6884 70.0052 67.8829 75.6932 77.8335 70.3501 75.5665 71.9463 76.3043 60.3765 63.0967 71.3071 64.9104 27.9333 27.9596 30.5819 29.9418 29.8939 24.0747 27.606 24.2238 24.1375 26.7918 24.6551 30.1739 82.8554 68.4093 72.1253 75.5693 66.02 69.878 29.9927 32.3107 60.8739 62.8469 65.452 56.5655 19.3674 78.1513 56.1078 31.3042 35.6682 39.4066 38.18 35.0715 10.6667 11.0722 9.12946 11.8621 0.955656 1.43993 0 0.927389 39.2126 40.0211 40.2382 45.7946 62.1131 64.9096 62.8773 60.5308 59.1599 58.9585 59.0454 52.5926 91.0186 92.049 85.0201 83.2579 12.7781 11.0098 13.7771 14.2362 23.2856 26.6602 25.8422 25.3957 61.9865 53.6755 59.3649 51.6953 12.1088 13.9887 11.69 14.4547 40.0633 37.5822 41.6384 34.7564 49.9554 49.5017 56.2686 61.1724 50.1137 70.0996 45.3185 67.2774 58.6062 31.8073 14.8148 61.3222 42.23 32.006 32.308 31.2733 46.3603 39.8344 32.297 53.2468 65.088 21.978 18.8182 12.036 57.424 35.2544 46.2118 32.8143 71.0442 18.2519 71.1013 20.6442 44.7513 23.7369 51.2359 31.6908 20.8886 17.0153 49.1795 42.837
49.5312 48.2953 49.7212 47.4073 50.6662 43.1065 55.1555 60.9516 53.3557 59.7337 56.3003 53.8903 57.2246 61.5467 58.9692 58.1442 67.1461 60.5359 60.1026 58.4556 61.4466 70.0052 66.6864 68.0783 71.8382 61.5768 63.6205 70.4975 65.5712 64.9434 85.5466 90.9781 88.2847 84.0713 77.8479 89.3364 77.526 79.8948 15.5051 15.3053 16.45 19.5709 17.0852 20.6662 20.7885 23.2449 78.0132 70.7322 71.2794 82.8161 73.65 65.0439 79.0195 71.34 60.8697 64.1894 72.7825 69.1772 31.28 31.3329 36.0768 29.7752 30.6313 27.2006 30.2319 26.8521 28.1329 25.6823 24.8 31.2585 82.2946 71.2508 69.3501 73.7071 73.4746 64.8121 31.5586 30.5676 67.6282 63.3004 56.1416 64.6163 18.271 81.8327 50.335 37.0398 40.3493 39.5349 41.7589 41.3751 9.14674 9.60208 9.60753 10.2866 1.34329 1.03406 0.927389 0 45.2886 45.292 42.9426 45.6322 60.7561 71.1421 73.6581 63.1994 59.47 59.3213 54.2284 62.1853 86.699 90.4925 85.1991 83.9584 10.9608 12.8822 12.0568 12.3118 24.5174 26.8564 27.6086 25.5697 60.7206 55.0473 58.925 61.3325 12.7554 12.822 10.7644 11.5427 34.3507 36.16 38.7065 37.9181 57.7313 51.0009 59.8108 58.4169 53.1235 64.4087 49.8113 68.315 55.9242 29.2883 16.6767 63.3849 42.8806 32.1808 31.8213 30.2553 49.919 46.8955 35.6533 62.9211 62.8231 22.1033 22.1258 11.4701 53.6393 39.5706 40.5205 38.4506 80.9497 18.1723 74.6881 21.3204 48.8808 22.0988 56.0482 32.3689 17.5917 18.5349 46.8225 41.0402
19.5086 22.4671 21.1419 23.6931 18.9944 21.1661 40.3251 36.3825 40.5067 41.0745 45.9602 40.7421 42.0313 42.9468 44.9636 49.0559 46.2519 48.176 50.8034 53.7571 49.5542 57.5653 32.5262 36.9935 40.6807 40.8286 38.8632 43.3158 36.8848 41.7335 45.1966 47.4311 44.77 47.0597 43.5279 43.6916 44.2138 47.4887 35.962 37.9205 35.4939 39.593 46.4681 43.2414 37.7868 44.0298 34.1481 30.3719 33.3191 33.535 25.4236 27.0991 28.5162 33.2712 29.9316 24.6918 29.5439 26.3201 15.6699 15.5932 14.9943 15.048 26.5171 26.0095 21.3966 25.5771 67.3685 64.3735 60.6412 63.4327 38.6901 38.2642 45.1272 45.3841 48.2745 54.5529 50.05 56.865 60.4705 57.3997 17.9857 15.8227 49.6876 72.0928 17.065 24.5892 22.7849 22.5357 21.6715 22.5529 48.9284 48.9325 47.9266 50.1189 46.4024 45.6841 39.2126 45.2886 0 0.91177 0.956388 1.35253 27.426 25.8803 26.3351 23.2246 19.7006 19.6373 18.009 19.4495 42.9585 49.1802 42.2574 50.6449 39.2286 33.8797 37.6415 33.6096 21.4849 22.8509 18.6946 19.1107 59.8942 57.102 58.0725 52.0953 58.238 49.1277 52.82 54.8184 4.14976 4.78855 3.15195 4.34457 22.7255 41.4437 22.0164 53.3554 45.9599 25.9147 11.4879 38.9764 46.0801 40.578 54.5605 32.1495 44.6181 49.0259 78.0311 20.6228 37.9306 19.7139 57.4599 49.1814 54.9381 17.7119 21.9877 52.1201 18.2792 37.9358 43.879 52.4577 33.8807 32.361 33.6954 33.9197 57.9753 54.9236 53.487 30.4527 60.7087 58.7919 28.3209 35.5314
21.807 18.8508 19.1406 20.1035 17.6404 20.2392 35.2509 39.8454 39.7656 41.0389 37.8327 44.4646 42.6768 44.6033 46.7459 52.7065 51.6065 51.8556 54.3945 52.7431 59.287 57.9108 35.7257 39.151 34.932 36.6982 41.4956 41.9669 37.5541 42.9816 47.8802 48.4451 45.8738 47.2203 42.783 40.9424 41.4403 44.0803 40.3522 33.4722 37.8343 34.3833 44.6276 38.6167 39.8093 40.8216 31.7956 32.8928 37.1024 33.819 30.6251 32.0386 32.7041 30.4053 28.5025 28.2679 28.2006 26.4636 13.8898 14.9397 12.3756 15.339 27.2823 25.2767 25.1868 24.9634 60.4653 58.6747 64.1694 58.9881 41.7206 40.5393 47.2984 48.5979 52.804 50.1396 49.7909 51.9078 66.6774 56.6578 20.744 18.9369 51.0219 60.0406 18.6908 23.5196 20.1809 22.3632 22.486 22.3104 45.5565 48.1384 47.8935 47.5054 40.8359 46.2659 40.0211 45.292 0.91177 0 1.50296 1.04987 24.1167 23.9581 24.1276 23.6534 16.935 19.5431 20.3529 17.6661 46.0586 47.969 49.0842 49.616 36.8649 39.151 36.7392 31.9364 23.5088 20.5831 18.7937 22.2607 62.9021 59.6884 57.3034 59.0574 53.5185 55.4665 54.7878 51.5293 3.48311 4.19631 2.70773 3.44155 23.2801 40.2436 23.5623 53.0829 39.2887 26.6597 11.0164 35.6193 48.1144 42.8321 51.2145 33.894 48.8861 52.2034 72.4858 22.7341 42.8665 21.6218 58.9102 47.2167 51.088 19.2693 22.2551 57.9509 20.4808 40.2917 45.6268 48.8489 33.1276 27.1036 38.1381 33.3471 57.2934 55.3607 52.2125 28.7529 60.7542 62.2412 27.8052 34.911
18.2997 18.7465 21.375 20.8362 16.4049 22.3313 35.5482 36.7995 37.6036 42.1934 40.8296 40.9819 39.2771 43.2378 48.3155 49.0017 50.5866 53.2728 51.1273 51.2116 58.8513 60.017 31.7187 37.7536 38.7106 36.8929 35.823 43.024 41.3592 38.4837 45.2604 41.5917 43.8822 48.2757 43.7762 41.2143 43.8716 45.538 35.1695 36.1405 35.7464 38.7499 39.047 39.5008 44.6804 39.4889 32.81 28.6676 30.1427 32.7771 29.1989 26.5354 30.7877 32.8892 28.5106 25.1154 27.7274 28.0406 14.0953 16.6996 14.8579 17.472 25.2363 27.0911 23.9525 23.7961 60.5676 62.7453 56.2517 64.3228 42.4053 35.9875 48.6801 50.2579 50.319 55.216 52.6313 49.3894 61.9955 56.4142 17.4198 16.8083 46.6209 71.1574 18.8417 24.4862 22.984 22.1598 21.2091 21.1218 47.6747 48.5681 55.6201 53.1867 39.6429 41.8507 40.2382 42.9426 0.956388 1.50296 0 0.979763 23.1674 21.5057 23.7691 24.2266 17 17.7096 17.7062 19.0076 49.9533 47.8212 47.5748 41.7274 35.181 35.3666 36.1788 34.378 22.3223 21.4908 23.1354 19.7252 56.5718 54.1934 59.7325 54.5399 55.659 53.3638 53.8187 50.2275 4.94796 5.9889 4.36879 4.41124 19.6525 36.7852 20.2648 52.7302 45.4195 23.2848 10.8255 35.1911 41.5882 46.6474 51.0554 32.7682 44.0931 55.8477 73.8177 23.9612 43.3821 19.6427 53.87 52.2052 53.4914 21.1413 21.7763 53.1705 17.0392 40.6186 48.9299 55.133 35.49 29.9045 32.8623 36.525 51.9134 56.3059 53.1171 25.6762 54.7985 60.8549 28.246 34.1881
17.957 18.2346 20.8067 21.0139 15.7504 22.3511 38.3566 36.8352 37.1084 36.7461 42.3076 42.8725 44.4882 42.1315 48.9506 46.193 50.8781 52.305 50.0903 48.0711 54.7401 49.5907 31.5984 35.2912 34.5375 41.3426 34.8818 37.9839 36.8268 38.4672 41.735 43.8533 43.7214 51.3942 43.6273 41.1875 42.1446 45.5408 36.5117 39.428 37.2908 38.4016 39.9227 38.4564 40.5396 42.801 29.5574 29.8158 34.4317 34.5287 28.6898 30.34 28.9047 31.7451 28.2548 25.6223 29.2759 27.7405 12.6808 14.8502 13.992 15.8231 29.4361 26.908 23.7779 25.5467 64.0862 65.1494 55.0469 56.8071 43.3167 35.0197 50.0869 46.1475 44.7023 54.5462 51.6614 47.881 66.1918 68.7034 17.7057 18.3671 45.3225 62.8775 15.6284 24.3052 20.1002 20.417 20.7983 20.5792 50.2622 53.4146 49.1895 49.0819 46.7253 44.2911 45.7946 45.6322 1.35253 1.04987 0.979763 0 24.9057 23.5003 26.5688 25.5216 15.8856 18.8415 18.6266 17.0203 44.2813 46.0511 42.7493 41.9584 37.6196 35.2739 35.7005 37.4334 22.2429 22.9255 19.3473 22.7245 57.6987 60 63.5626 59.1617 55.6605 58.4619 51.1217 56.8951 4.52608 5.41119 3.35224 4.04673 24.2583 41.8306 23.3881 54.5131 45.7006 27.7835 10.043 38.1832 47.0123 43.841 56.3334 34.6978 44.2256 56.1508 67.6177 23.622 44.3407 19.1561 53.2772 49.4373 58.1441 19.4205 20.5109 51.7469 18.5826 42.688 47.5787 53.9237 36.9539 29.4446 37.3975 36.2527 57.026 51.753 60.0341 25.6726 61.0931 56.7938 28.9108 33.6247
32.5889 29.0483 32.1709 33.9466 31.443 37.9952 51.8235 46.8303 52.8469 52.5634 58.5654 52.9839 56.1274 58.9945 62.5893 59.1136 57.8821 62.6781 65.8007 64.6897 68.3818 66.337 35.2886 36.5441 41.8572 36.8937 39.5553 41.9525 42.9131 44.3515 24.0351 21.892 21.2927 21.8419 16.5546 16.7838 18.4547 18.3037 62.5676 62.1871 57.6175 56.5431 66.077 69.9342 67.9891 66.7323 6.5451 6.58562 7.79715 9.38858 4.31138 5.80187 7.10652 7.33414 18.5087 17.27 16.9187 14.7144 42.3273 37.1034 34.3832 35.56 48.6868 53.3959 46.1388 47.5294 85.2729 96.9744 80.3637 87.7893 20.8989 18.7495 50.7418 49.5481 52.9873 58.3901 80.1053 68.7632 68.9823 65.167 7.09231 8.60778 66.3123 67.1642 22.2276 41.0527 36.6318 37.6281 40.9982 38.5575 72.3241 80.005 79.4687 80.6914 68.5841 72.4605 62.1131 60.7561 27.426 24.1167 23.1674 24.9057 0 1.08091 1.07485 1.53832 17.4863 19.628 16.616 20.8778 19.8571 21.4045 23.9148 22.1669 54.7986 63.6114 64.5331 56.7863 40.8388 45.2383 45.18 42.3413 67.4803 76.9919 70.4433 74.2976 85.5222 79.3355 83.3797 85.8703 32.0723 29.008 26.271 28.7948 25.7946 50.2459 14.0791 64.5193 55.6492 11.9063 21.0528 28.9647 51.8733 67.9075 70.5318 31.9982 62.3461 66.6213 101.752 38.5776 51.7103 31.2464 71.6308 58.1073 73.4054 46.5038 50.6779 74.5637 12.9391 56.5659 67.4337 66.4292 10.1098 56.9906 22.1323 59.7015 67.4113 79.9551 69.552 49.783 88.5029 88.8506 43.4573 50.7466
27.7685 31.5422 31.6919 35.4911 26.5374 32.4398 45.5531 50.3095 42.716 49.5261 55.5914 54.8617 51.4727 55.0157 54.2131 61.6828 62.6278 56.7806 70.4426 60.1143 70.7274 67.4682 33.9571 38.8155 34.669 35.4931 42.1256 38.6908 40.153 44.3943 24.8816 24.9615 21.9101 26.6432 18.5918 19.4364 19.0175 20.101 57.1107 57.3861 62.6666 55.1612 69.0987 68.8481 64.0185 57.9535 7.31939 7.71075 8.91254 9.14107 4.2449 5.32287 6.04706 7.79864 17.7093 17.8779 16.184 14.4784 38.4566 42.516 33.8709 34.9552 45.0506 43.8797 40.8592 44.6116 86.908 87.8052 82.7125 92.5764 21.4699 18.77 46.872 51.9931 62.0202 57.9454 73.5066 71.7613 77.8974 70.5487 6.77234 8.06184 65.3478 69.6292 21.6675 40.4384 41.9466 38.7704 39.4272 43.6512 78.7218 71.8171 75.7689 79.5915 63.9634 63.3663 64.9096 71.1421 25.8803 23.9581 21.5057 23.5003 1.08091 0 1.46742 1.04106 18.1185 18.7319 18.8666 17.3329 23.6305 23.2521 20.964 21.9682 62.6146 54.8498 58.5692 57.5744 41.3372 41.357 42.9526 42.0272 72.0208 70.8047 74.6209 74.069 73.8441 80.5156 79.3713 80.2707 27.0719 27.2757 26.877 28.6386 23.6083 51.6438 14.0464 59.2026 56.4725 9.55392 21.6835 27.1763 57.7904 61.5813 76.5229 34.6232 66.6767 74.9889 94.8699 45.3237 60.1659 33.3958 79.8428 58.4926 64.4753 43.4738 44.752 81.6988 12.3069 53.5353 60.9026 75.0291 11.4693 52.0811 22.9589 57.4109 70.1417 82.3014 68.672 50.742 77.1416 81.3845 38.2488 48.9019
34.0724 34.6256 35.2625 33.6258 31.3995 37.6513 44.884 49.6709 52.0344 50.2196 55.6654 48.0858 48.9255 56.2466 65.5322 58.9843 59.9095 60.7805 71.69 63.7392 70.0093 68.615 35.6589 35.8057 41.191 39.1086 45.3076 45.1097 45.6599 46.7664 19.9824 20.0239 23.7456 22.5371 17.6881 15.7193 18.0698 17.169 68.0988 65.5769 58.7482 56.2906 62.6967 65.1351 71.3286 66.1158 5.26079 6.85369 8.21216 8.677 3.26033 4.49665 5.23356 7.37631 19.5738 18.3107 15.2734 14.6525 36.7399 37.2671 39.1577 38.3594 48.5206 49.6696 46.8996 47.9022 85.8322 91.2837 85.7572 96.163 21.571 20.4855 51.2784 54.6034 60.3142 56.4897 74.0383 82.2615 67.3677 64.7683 7.45933 8.08631 74.0726 76.8092 19.9661 48.4232 41.0985 43.262 37.5797 45.0532 79.3201 79.1949 79.2999 78.9874 72.9457 65.3928 62.8773 73.6581 26.3351 24.1276 23.7691 26.5688 1.07485 1.46742 0 0.976158 17.7896 19.5503 17.16 20.2272 19.5202 19.1199 23.0089 21.9562 57.8545 57.2847 58.2571 57.2869 48.108 47.9353 45.4924 44.4045 75.6668 71.5421 64.4159 74.2227 81.2015 78.7452 76.9931 78.526 30.0651 33.8375 28.5049 28.1506 27.9642 48.4352 13.2167 70.5065 60.7585 10.1354 22.2329 28.5021 58.0925 65.1601 69.6612 34.805 66.3925 68.973 105.22 40.7934 58.5161 36.7315 84.8356 57.4384 60.999 44.9261 48.3979 81.7122 14.1273 55.678 64.2718 76.885 10.3069 59.766 19.9985 56.8938 69.8731 88.8632 66.4235 48.2739 85.0346 77.0732 38.611 54.2792
29.6774 32.1198 30.7316 34.4745 28.3198 34.3249 50.8781 50.8765 44.3406 44.3825 50.9159 51.9407 47.6395 52.3858 62.8706 55.1094 59.0542 62.9201 65.8945 59.4695 69.9389 60.0069 35.7329 36.2998 37.8861 37.8031 43.657 40.0684 43.1873 42.0646 23.7986 24.2903 23.4301 23.5304 16.8603 19.215 17.0604 20.7598 64.0178 66.1856 59.9698 64.9368 64.4211 64.4867 59.9732 64.3164 6.56002 7.29788 7.43023 8.62926 3.1683 4.37882 5.96129 6.42161 20.2115 18.1725 18.1959 16.9487 36.5145 43.1369 34.9459 40.8635 49.9602 44.5115 42.772 49.9519 83.5058 96.8237 78.0015 81.3586 20.2931 19.5101 52.5494 54.3138 54.1531 56.8376 74.7488 72.3987 70.81 76.2045 7.54038 8.02098 77.9762 75.2448 20.8543 47.3979 40.6203 42.5701 41.0789 38.8709 69.8614 70.6212 76.0688 74.2298 73.8468 70.2541 60.5308 63.1994 23.2246 23.6534 24.2266 25.5216 1.53832 1.04106 0.976158 0 16.0275 18.1464 16.9035 18.8721 20.9845 19.5961 20.0655 20.8507 61.1128 63.8127 57.6256 54.6975 45.9858 41.8298 46.874 42.2284 72.546 77.1618 77.3901 67.1989 77.3431 73.8794 80.5682 84.6582 32.2275 27.6283 28.6151 30.9903 25.7847 55.8501 15.2494 65.3622 56.9886 10.3753 20.9892 27.9305 59.6497 66.8876 81.4841 34.8368 60.8798 72.2442 90.5728 43.1918 53.6871 34.971 73.5043 53.3742 65.1972 39.5181 47.135 71.517 13.9463 51.8407 63.57 75.9625 9.46662 52.4682 21.0496 53.4393 71.9792 80.144 69.0672 46.6498 77.0286 89.7922 40.5964 53.6313
14.5532 13.4878 13.7644 14.7702 12.7352 15.9865 29.8162 27.5707 31.4943 30.7111 34.5532 35.6718 36.5868 33.9908 42.124 45.3865 41.4203 38.6041 44.5968 44.5799 50.4441 50.9166 20.8972 20.8673 22.2253 24.6626 27.7493 26.4888 26.7091 26.0543 38.7687 37.9415 40.5238 38.6461 37.5075 38.2145 38.2669 39.1057 49.644 50.2717 48.3047 49.3197 50.0742 47.7183 55.4627 53.6412 21.7643 24.5842 24.9633 26.9567 18.7532 18.0319 18.9267 18.4938 31.8016 30.5329 31.1118 29.2132 25.8734 29.9836 26.4512 27.3055 43.9451 45.8505 43.7398 46.228 75.2599 67.1273 63.7806 70.2224 38.9701 39.3989 34.3768 39.4394 39.654 46.7257 54.498 59.5479 86.5494 73.1181 17.6165 14.6938 54.7476 50.9349 3.60357 29.9817 25.2129 26.4995 25.2899 25.4616 61.3357 63.8629 63.2046 60.3133 60.117 55.4793 59.1599 59.47 19.7006 16.935 17 15.8856 17.4863 18.1185 17.7896 16.0275 0 1.08682 0.919249 1.44759 39.9073 36.9966 38.2778 37.8807 52.4104 53.5885 42.815 46.3751 39.9105 42.5103 40.5365 36.0916 73.9562 79.3579 75.0722 78.2742 70.6636 61.6778 61.5987 61.021 23.0531 22.3043 21.7868 21.4028 35.0192 55.6213 24.0206 42.9562 40.2609 10.0391 8.69133 43.6192 40.0475 49.6202 62.9152 45.6116 62.3685 77.4789 79.9264 36.4744 35.1548 34.8459 73.9697 65.2538 46.6304 36.0219 36.7744 73.9583 21.7971 55.6871 65.4012 71.0535 29.7311 45.5642 34.899 46.9794 66.8696 63.7621 67.588 35.1272 82.6053 74.2259 46.6213 34.4757
13.358 13.6606 14.2501 13.3418 10.8425 16.9986 27.2042 31.2856 29.5188 31.3841 36.8188 32.0026 34.5959 32.814 38.1036 41.4318 43.2091 41.871 50.6277 46.5435 46.3753 50.1351 20.9547 22.8418 20.406 23.9525 22.7221 24.1039 24.901 25.5411 42.3611 40.1604 38.8962 45.0472 38.3882 32.3246 39.2518 33.3306 44.1009 45.0062 48.5118 48.9545 56.3276 55.2109 50.8418 46.3214 27.0053 24.0034 26.3887 26.889 19.4901 19.7504 21.8892 21.031 36.8039 33.0562 32.2672 27.5748 26.225 26.7239 22.5173 27.0811 42.885 41.9154 45.5144 43.9283 70.9829 71.3687 75.2057 73.0398 37.3632 35.2856 33.208 34.3448 36.673 42.8234 52.2253 56.534 77.7867 74.5134 16.4774 15.768 57.8717 50.6806 2.18648 27.1483 24.8777 21.5093 21.1724 23.6684 69.4053 67.9518 65.8866 65.1228 62.0554 53.9442 58.9585 59.3213 19.6373 19.5431 17.7096 18.8415 19.628 18.7319 19.5503 18.1464 1.08682 0 1.51223 1.09442 36.3507 34.6441 36.5961 42.1011 49.9086 44.8599 50.9143 48.2125 38.5843 41.6475 36.0158 41.0258 78.9332 74.5301 79.3223 78.6078 67.7803 65.6943 69.6148 60.5264 23.4941 20.2325 19.02 22.1794 36.347 59.5847 27.0192 48.2784 41.8332 12.1072 8.15964 46.1606 39.155 47.5624 73.2132 47.6463 61.9834 64.2328 93.3991 39.3808 34.5925 39.5721 78.8478 62.0039 43.1527 38.3622 39.2831 69.6664 24.727 59.9288 65.1749 74.1499 28.4188 44.461 37.9435 47.052 73.8697 66.4092 71.9036 33.3475 80.8589 73.3448 42.175 31.6187
13.6125 13.5234 15.9929 16.439 13.508 16.2369 30.1354 31.4819 27.5606 31.8748 32.1507 32.2029 38.2503 36.1538 44.5656 43.5991 45.5503 46.1138 48.987 49.2796 46.0166 50.177 18.8192 19.7746 24.312 24.5452 27.1895 28.0706 26.8964 28.325 42.8466 37.8681 42.9472 43.8933 34.5099 34.5726 37.8414 33.6567 49.3279 51.7705 47.1268 42.2506 57.6606 56.0875 49.9571 47.393 24.2997 25.7511 24.6751 25.7906 19.0845 19.308 17.5448 19.5825 35.966 29.191 30.6132 28.378 28.496 29.1868 25.0364 25.4107 49.7204 48.473 40.836 46.8194 68.99 73.5985 71.4846 75.6478 37.2617 38.5748 31.6805 39.9336 40.1834 45.6089 62.07 65.0667 80.0054 72.2673 16.4047 16.0288 63.0343 59.1764 3.71923 31.5655 26.5042 22.8168 22.1055 22.393 71.2492 63.7725 67.3983 70.6714 63.8531 56.5413 59.0454 54.2284 18.009 20.3529 17.7062 18.6266 16.616 18.8666 17.16 16.9035 0.919249 1.51223 0 1.06704 38.8143 33.811 40.1378 34.9888 45.3475 50.267 46.2046 45.7004 39.5603 42.4315 42.3253 36.5797 75.3539 76.3844 74.5432 68.0974 62.8877 73.4505 60.5074 60.8573 20.8308 23.5082 21.7128 20.2298 33.4185 62.2269 27.0356 46.8863 41.4803 9.95948 9.29501 41.9982 35.2952 53.8668 63.3597 47.9497 61.3062 74.4214 92.4723 44.0346 41.6184 38.9317 68.9583 60.3145 49.4645 33.1533 38.2468 67.6525 21.5109 60.2076 66.8981 76.1254 27.6261 48.3124 35.793 55.9603 78.4379 68.5967 80.3975 33.701 83.2821 83.0858 43.9938 36.558
13.9179 13.8649 13.9305 13.3961 11.9619 17.954 30.013 28.648 26.2407 26.8423 36.5715 31.737 33.0433 33.2423 44.201 43.2551 43.8895 40.4898 43.7774 50.0948 49.5933 50.8183 18.3253 21.366 23.2203 22.4737 24.2175 27.2042 26.8911 25.6517 44.1457 44.2623 43.556 42.6971 38.1476 37.4433 38.1331 37.6224 46.0871 46.6487 49.3227 42.1603 47.7385 54.9243 50.9912 49.6746 25.3809 26.7708 26.9107 23.7179 19.879 20.2427 18.4991 20.3686 31.1871 30.6071 30.638 30.2259 24.7609 30.751 26.887 24.9962 43.5014 47.5887 40.554 42.7656 70.7805 73.1426 69.4324 66.7075 41.2843 35.6009 32.5143 38.445 37.819 44.7213 62.12 57.8046 82.6574 75.7267 17.0358 14.7708 55.6831 57.5493 2.92854 31.4272 23.3614 23.1093 23.6846 23.681 59.4085 71.7969 65.4243 67.0336 62.7617 61.762 52.5926 62.1853 19.4495 17.6661 19.0076 17.0203 20.8778 17.3329 20.2272 18.8721 1.44759 1.09442 1.06704 0 41.3923 40.3591 39.4754 39.5796 46.9214 51.5681 45.0226 47.1348 40.1643 40.6699 41.5961 40.398 74.3209 74.2806 78.0231 68.5603 65.3605 73.7697 72.2784 64.3374 20.478 22.8837 21.8109 19.8398 35.7284 59.8653 24.4275 49.3896 41.0218 10.9244 9.46561 41.7829 38.7523 50.1916 73.0354 45.6965 68.4696 66.7304 85.4899 40.5202 37.9601 35.1812 81.5095 58.8862 45.2235 36.1812 38.383 70.5173 22.9916 61.1787 63.3468 67.047 26.1347 53.0234 36.041 55.6458 78.3826 70.2445 74.9351 32.5892 77.4066 77.3799 46.9806 33.6912
50.9605 56.7647 47.7326 48.2906 52.5961 51.9713 72.842 68.7661 71.2578 67.5082 71.1389 77.6221 64.4123 70.5979 70.6127 84.3059 82.7453 75.4477 78.7532 90.5465 81.8402 91.2615 49.2825 49.3948 57.8634 56.9742 56.0129 64.0989 54.132 54.7234 6.12248 4.20207 3.88752 3.21459 5.71666 4.21048 3.0883 2.57164 88.9491 80.4941 89.2644 87.8876 85.7569 89.1712 84.8933 80.7873 16.1732 13.8138 14.2076 14.8022 21.4642 20.34 20.7053 18.2446 27.403 25.9997 24.1628 23.0085 63.6135 60.6122 61.8309 59.967 61.6225 66.7656 60.9081 63.3569 103.947 106.554 106.132 103.299 15.6323 18.8451 65.0361 74.7544 70.9373 82.341 91.029 90.654 72.1046 82.1665 27.5207 29.8121 95.2052 87.0347 45.0494 61.5843 60.1537 58.9844 58.0511 65.5399 100.129 89.0677 95.1427 87.8453 88.9532 85.6636 91.0186 86.699 42.9585 46.0586 49.9533 44.2813 19.8571 23.6305 19.5202 20.9845 39.9073 36.3507 38.8143 41.3923 0 0.964864 1.00152 1.35297 82.0667 82.5277 79.5894 86.5731 62.0584 63.939 64.2049 57.9028 79.8919 82.817 74.5337 87.4724 99.3681 99.0035 93.0292 96.8693 51.691 53.2995 50.727 49.003 43.0845 66.3704 31.1661 90.3662 79.8744 25.3859 47.0349 29.4314 67.2834 91.4982 87.5319 38.6824 80.5955 98.4191 116.318 56.2349 71.7592 45.8465 94.215 61.3806 77.0728 66.9491 69.6052 98.447 30.0525 65.3177 84.0218 83.3101 10.821 78.4214 25.696 79.2853 86.2959 106.943 86.8454 75.1502 108.524 101.403 52.2839 79.7645
53.6748 55.3133 51.9404 49.4277 46.6466 53.9736 70.6676 67.7662 69.1161 59.5832 74.038 73.732 69.4976 66.0271 76.5621 78.1166 78.1406 76.1373 75.0339 84.6351 79.2764 88.7357 52.3921 48.0858 53.2491 52.085 55.9947 60.244 59.0393 56.8656 6.22306 5.15874 4.74648 3.78132 5.1184 3.47123 2.69822 1.67213 78.3954 76.0509 79.6823 77.2927 84.2849 81.4943 85.7514 87.4144 15.0157 12.2894 13.832 11.6581 19.6537 19.8821 17.6897 19.3163 26.6297 28.6605 22.0198 24.219 53.9568 56.5876 61.3232 59.4731 65.6318 65.6215 63.2323 61.0034 113.374 106.026 102.991 113.91 18.9558 15.6813 69.1325 63.6338 76.761 75.3036 85.3582 88.6635 73.1668 80.0071 23.8385 26.1361 92.7647 93.2956 36.7507 70.7333 55.5015 64.7414 54.5082 63.8901 89.8163 93.2072 102.555 105.765 83.9277 82.064 92.049 90.4925 49.1802 47.969 47.8212 46.0511 21.4045 23.2521 19.1199 19.5961 36.9966 34.6441 33.811 40.3591 0.964864 0 1.52817 1.01994 83.2835 76.8418 75.7787 77.5935 59.5751 67.2355 59.5782 58.1094 84.7376 81.3024 77.485 73.4655 92.1025 94.91 88.5699 96.6581 46.3823 51.7125 51.7649 52.4409 40.4492 60.4307 25.596 81.1194 78.5676 25.2417 43.9523 28.4621 68.9695 87.4106 92.2765 40.8115 69.1982 80.4495 116.121 54.8758 74.8455 48.1228 97.6823 64.0857 78.8659 65.3777 69.8755 91.6011 30.5815 72.5644 69.083 93.0113 11.4183 70.8145 23.0256 81.9297 79.5371 110.55 82.1715 69.6815 104.932 107.228 57.3334 67.3319
51.6258 53.1399 57.0513 51.5401 47.5524 55.4287 63.1449 67.8454 63.5893 62.3758 65.3765 65.2723 69.1814 68.3692 72.0229 71.7221 78.6701 78.7938 89.1812 76.9818 76.7864 85.0031 52.7174 54.0451 56.3199 54.8104 54.2562 59.9925 56.9852 56.5172 6.35617 4.97226 4.05298 3.4267 6.58412 5.11621 4.07131 3.07181 78.3083 77.562 79.8055 89.8599 84.9025 85.9143 91.2668 81.8718 15.4566 13.622 13.6631 14.4544 19.4895 19.9473 19.4348 18.4676 29.7419 28.2186 26.6242 27.1117 65.0236 57.1025 62.2416 55.3162 65.0872 63.3979 68.5902 62.1611 108.903 107.817 101.049 108.493 18.29 19.9348 71.8333 69.5258 72.5192 76.6383 95.4441 95.7584 87.0115 83.9512 29.9371 32.7397 101.117 92.0149 42.8563 67.7414 61.9154 65.6523 57.3224 57.6814 102.861 104.743 94.6842 97.1514 80.4701 93.9046 85.0201 85.1991 42.2574 49.0842 47.5748 42.7493 23.9148 20.964 23.0089 20.0655 38.2778 36.5961 40.1378 39.4754 1.00152 1.52817 0 1.06673 84.3259 89.5403 84.0329 90.0328 67.9878 60.6133 69.9716 61.6923 89.5458 86.0678 86.1741 78.1463 94.4842 103.881 94.2499 109.793 50.1369 50.6578 45.969 50.191 41.6359 61.7822 27.1352 80.6134 76.5872 28.0746 46.032 34.1501 78.8384 86.6354 85.995 43.8569 70.5445 89.732 110.812 67.2297 75.808 51.0335 87.2625 61.7595 86.9087 67.0983 74.9068 97.0894 29.8231 69.7663 73.1824 88.2932 11.4468 71.9549 23.3234 71.236 84.0799 105.373 79.3408 68.0983 102.875 107.533 55.2295 77.8531
48.8876 47.9799 50.5789 47.4407 50.6717 51.9835 71.4039 60.3993 63.0216 60.073 69.4063 66.7972 68.739 68.3461 71.5813 71.0415 81.1965 77.2688 75.503 85.4148 79.294 86.2285 52.7798 48.5755 57.7597 52.6028 63.2341 58.9745 61.7836 58.6305 6.86601 5.64855 5.07093 4.47782 6.1775 4.39244 3.65917 2.50844 78.6856 86.0704 76.9707 84.1046 91.5009 90.0641 82.4325 93.6397 13.9362 13.191 12.5265 12.5578 17.5539 18.2043 17.423 16.8754 29.3825 26.2768 26.508 23.1313 65.3654 58.3912 52.5915 55.8845 71.5283 65.5794 62.9526 67.4538 99.2893 119.186 113.362 111.833 19.3293 16.7429 62.1619 70.984 72.8285 69.1968 91.8213 93.9293 78.5832 87.7954 27.6673 27.1067 101.364 81.6483 42.6916 60.7168 58.5501 57.2969 63.5718 59.5262 87.8306 102.683 104.698 88.124 79.4374 85.1665 83.2579 83.9584 50.6449 49.616 41.7274 41.9584 22.1669 21.9682 21.9562 20.8507 37.8807 42.1011 34.9888 39.5796 1.35297 1.01994 1.06673 0 81.6744 74.9307 78.7681 87.1355 70.212 70.1214 59.347 69.0187 78.1451 83.6117 73.8205 82.8635 106.487 98.152 98.0814 95.0261 46.6766 52.7908 53.2472 47.8141 37.4637 64.9307 27.8158 87.0431 83.6238 26.7199 45.8167 30.2485 76.1987 87.9534 100.329 39.9711 81.489 83.0517 130.644 64.8789 77.1768 47.6206 101.686 68.0872 79.8794 62.3883 73.1912 92.9842 33.247 72.3938 81.5501 90.8482 11.4237 78.6798 25.2573 74.3706 85.9214 100.716 83.313 77.0313 106.629 97.4405 60.1711 78.1472
38.6883 35.3616 42.3111 35.9956 35.1723 34.8195 39.6426 47.5407 44.7351 51.0996 43.9751 40.2323 48.3597 50.6463 50.7899 53.1519 49.1579 54.3248 53.2311 45.7242 52.711 50.8889 57.5562 49.9627 50.2181 60.1039 54.3611 55.1319 57.0417 60.7746 88.3592 90.4102 86.2836 82.7297 72.3081 72.3056 79.1275 78.1454 4.88369 6.33382 6.18407 8.28834 10.8583 10.6589 11.7815 12.8016 72.1153 72.19 63.7097 76.4358 57.0211 60.6113 62.3762 66.495 66.6619 54.7201 64.21 67.4799 21.8294 19.871 23.2143 23.358 27.3711 26.5129 28.2596 28.3607 26.6731 30.2275 27.2158 28.5052 78.5149 78.1919 59.7783 60.1551 57.7368 60.7043 23.3802 26.4176 74.9314 72.1639 52.0791 56.1654 13.3865 62.4262 50.0255 20.9427 27.5665 24.6995 26.8973 25.7688 18.5507 19.1199 17.8395 16.9925 13.6619 11.4475 12.7781 10.9608 39.2286 36.8649 35.181 37.6196 54.7986 62.6146 57.8545 61.1128 52.4104 49.9086 45.3475 46.9214 82.0667 83.2835 84.3259 81.6744 0 1.08509 0.918452 1.50138 27.8882 26.182 24.349 25.3908 65.195 68.2872 66.4888 57.5386 20.0171 20.6386 17.2116 17.1985 33.4725 29.1114 33.1554 32.0558 53.2413 56.5505 57.1254 51.8304 40.0583 54.6123 38.0735 76.7322 49.9707 19.4642 28.8643 66.8231 55.9664 42.504 36.9438 27.6238 40.1129 39.3156 40.8244 66.2835 47.8364 20.0414 16.0455 20.7648 50.6225 47.1482 47.4852 40.3715 73.2267 20.3027 74.6001 24.75 54.1386 21.2941 54.0051 19.8761 31.9734 29.1934 43.0917 29.4224
37.6589 41.0139 38.2788 41.801 41.6119 35.2922 44.85 40.6597 48.5696 50.3505 47.0855 44.8319 42.6684 45.4057 44.6472 49.5677 50.6412 47.1717 53.4346 46.7729 45.8806 48.2535 57.8016 56.7659 57.1216 61.7267 52.8566 57.9352 58.3747 58.2244 90.2589 90.2723 82.4141 79.8947 77.4875 78.8415 79.9407 79.9961 4.41893 4.94324 6.61979 6.96579 9.05105 10.0929 9.32747 10.3406 69.1103 72.6787 71.6589 71.2606 58.2882 64.7987 68.2852 71.4839 62.2209 55.1981 62.0334 67.3995 25.2147 19.519 23.3761 25.1021 33.2419 26.6283 30.8913 29.0116 22.8276 28.4269 26.1586 28.6378 69.1733 76.0039 59.4832 55.8087 54.0213 54.3288 20.3568 24.134 78.1186 68.7098 58.647 50.2752 12.1298 70.408 42.5667 24.9251 30.2477 24.8796 26.0011 25.5156 15.5623 17.6616 16.8516 16.182 12.732 12.234 11.0098 12.8822 33.8797 39.151 35.3666 35.2739 63.6114 54.8498 57.2847 63.8127 53.5885 44.8599 50.267 51.5681 82.5277 76.8418 89.5403 74.9307 1.08509 0 1.41082 0.9753 28.3999 28.5863 25.0131 28.3737 67.1123 60.3709 69.8141 58.4578 19.5549 17.0047 16.5516 17.9153 35.651 30.2474 32.7559 34.3605 48.0557 50.9069 56.3196 43.6042 33.8656 57.0791 37.2634 69.0063 47.5279 16.6295 27.6974 62.1775 49.2751 42.7212 35.4251 30.7945 39.6796 41.257 47.5475 60.3291 46.6153 19.144 16.6979 21.9636 59.8495 46.8746 46.3256 44.8478 71.0773 24.7094 70.1231 27.2665 53.4333 19.874 61.4626 18.5161 31.9775 31.8856 50.0543 27.5013
39.418 36.1037 39.4027 34.5513 35.548 35.8773 37.8505 43.6744 44.535 45.03 38.3267 41.3845 43.2247 41.5454 47.032 45.4748 48.5677 51.2639 52.8597 46.8555 52.8696 53.6045 47.4427 48.2095 56.9112 52.9696 48.9419 49.2538 53.8136 51.6 77.7591 73.9784 87.7407 85.9405 78.2939 70.8875 78.4018 71.2576 4.59095 4.98654 6.40507 7.09125 10.1845 9.33386 11.0111 11.4768 61.2616 60.579 66.3804 70.5134 59.2966 66.1493 67.536 70.1456 58.6386 60.779 59.5272 60.3518 23.1872 18.4644 22.6389 21.4249 32.0068 26.0216 31.0389 27.5885 27.1554 30.7944 24.8389 26.8514 77.9678 69.7904 53.7545 61.7349 56.0169 56.1294 22.9345 25.4472 81.3056 65.5566 54.769 49.4004 13.8281 66.9519 43.6085 22.3532 25.3477 24.6767 27.6053 28.8993 18.6767 19.555 17.5144 16.4958 13.4835 14.6915 13.7771 12.0568 37.6415 36.7392 36.1788 35.7005 64.5331 58.5692 58.2571 57.6256 42.815 50.9143 46.2046 45.0226 79.5894 75.7787 84.0329 78.7681 0.918452 1.41082 0 0.932596 26.299 22.7637 28.0329 24.5956 60.3199 60.7345 61.1573 58.4383 17.4237 20.2692 17.3783 18.2472 30.4842 29.0516 32.1454 27.9497 49.0953 53.7532 54.4089 42.2859 37.5459 60.1245 42.9847 75.5807 47.6471 18.3226 30.2089 66.2333 49.9305 40.4205 36.8856 30.9309 37.0809 44.0511 47.8296 64.0809 47.6774 19.7534 15.2366 22.6774 54.7526 40.0265 51.544 41.332 66.7417 23.0401 65.7973 25.7463 52.9797 19.3237 64.8487 16.1531 33.8362 29.7619 43.4178 29.4174
42 41.5154 40.3178 38.5352 40.6705 33.0861 39.9554 45.3581 47.9429 42.2327 38.0828 45.4267 40.3875 46.0805 49.7413 47.1844 43.6574 46.4911 48.4369 49.7464 45.771 47.5606 55.7002 55.3554 54.6922 59.4654 48.9503 56.6259 56.7796 59.3768 88.8807 74.2979 88.262 77.7758 79.6497 75.806 83.2513 79.7193 3.73201 4.11177 5.73485 6.97542 9.15919 9.58181 10.4428 10.8803 72.2658 70.1313 70.4414 71.0192 60.6959 59.2176 70.3841 71.9134 59.953 61.0389 69.4515 57.5098 22.0281 22.0235 23.9429 21.5364 29.6572 29.763 30.8079 30.2608 24.3952 29.9427 23.9794 24.4975 78.1284 73.5699 60.8448 53.4232 54.805 57.8257 22.2437 25.9409 71.0561 71.4657 56.6305 53.4521 13.1661 68.2392 46.3931 22.7913 25.4866 27.9716 29.6294 27.3502 19.4455 16.7487 15.7851 19.0262 12.9677 13.5657 14.2362 12.3118 33.6096 31.9364 34.378 37.4334 56.7863 57.5744 57.2869 54.6975 46.3751 48.2125 45.7004 47.1348 86.5731 77.5935 90.0328 87.1355 1.50138 0.9753 0.932596 0 27.1797 24.4503 25.7956 25.8342 60.9999 60.4218 68.6368 63.2556 18.6685 20.7336 16.9115 19.8748 33.9966 33.4594 31.3141 32.4492 53.1985 54.9008 61.2335 48.8642 37.2564 58.293 38.8597 73.6261 45.7262 18.3139 31.0536 65.6835 55.3169 47.4541 40.8994 33.1913 39.1488 44.9102 44.7164 63.7246 50.3324 19.7932 15.7415 20.8974 57.3894 48.3208 49.9953 46.5692 76.7163 24.1783 64.4 26.5231 51.77 19.0941 56.1339 17.7906 32.5837 29.6965 48.7038 28.6411
42.0016 39.9736 42.756 37.6835 37.043 35.2014 48.9052 54.9482 55.3245 54.8394 52.9183 50.1684 57.0093 55.0351 56.3361 59.7785 64.4164 63.8692 61.3821 58.6646 60.1422 68.1306 51.9286 57.1262 53.384 58.6449 55.8903 55.2067 63.8542 62.3405 63.15 57.3739 64.0673 67.0123 53.3035 55.5554 62.3179 66.1813 29.5413 30.3764 33.703 33.7968 35.2372 39.1631 37.7368 33.7789 50.5194 52.6543 51.0319 49.8631 51.0062 53.1031 48.7501 48.9305 41.4066 39.6973 45.2319 43.5435 19.055 21.7396 21.0239 23.0074 5.96765 4.54082 4.09041 2.37683 55.1402 49.6861 49.112 53.6647 50.9934 55.2756 61.5423 62.2458 62.9209 65.8988 46.6999 52.5805 55.0938 46.2546 39.1351 37.1125 43.0621 83.2652 37.9834 31.6312 32.411 33.4341 34.917 30.1027 38.0717 37.8363 32.2345 35.5019 26.3059 25.594 23.2856 24.5174 21.4849 23.5088 22.3223 22.2429 40.8388 41.3372 48.108 45.9858 39.9105 38.5843 39.5603 40.1643 62.0584 59.5751 67.9878 70.212 27.8882 28.3999 26.299 27.1797 0 0.986692 0.988886 1.40655 40.0127 42.6908 44.272 43.1665 41.3989 41.5767 34.8667 35.6548 18.4121 16.4201 19.4839 17.345 28.2581 26.1153 36.267 68.1379 57.1767 51.6572 32.509 43.0726 61.854 43.1241 32.4302 41.7181 27.5727 29.8375 58.1523 4.30323 50.743 16.501 36.8968 34.7064 57.818 8.87547 12.8947 37.9722 32.8223 20.3646 29.5328 29.3491 49.6065 9.99874 43.5348 11.5455 37.4093 48.2288 38.8242 29.505 39.8193 39.1591 19.5296 46.745
36.8667 38.0117 36.7673 35.5736 39.1827 40.1658 52.9348 49.4451 48.0256 57.9598 58.1793 50.2487 51.8732 52.5247 63.4846 56.3984 59.0561 63.4751 58.4622 65.9396 63.131 63.9433 50.9601 57.7445 54.3519 56.3107 52.5847 59.1909 57.7619 56.9746 61.6563 62.7966 67.6708 68.3716 57.9482 63.1942 61.4053 63.3433 27.2769 32.3444 27.5964 32.8903 37.8772 32.6493 32.1756 33.0583 49.905 55.8111 55.6578 51.21 51.0896 45.331 49.377 56.1591 44.3385 42.5386 46.071 43.0153 17.8032 21.2133 20.3877 20.3134 5.98999 5.62103 4.99998 3.11286 48.5522 51.6873 49.852 51.8596 53.1963 48.8376 58.864 67.849 59.989 70.574 49.3286 45.8182 47.9671 50.4266 39.6018 38.5758 40.6573 74.5276 42.001 33.9169 31.0373 29.6091 29.8895 29.6089 34.7656 34.084 35.1843 32.4525 23.8316 25.7379 26.6602 26.8564 22.8509 20.5831 21.4908 22.9255 45.2383 41.357 47.9353 41.8298 42.5103 41.6475 42.4315 40.6699 63.939 67.2355 60.6133 70.1214 26.182 28.5863 22.7637 24.4503 0.986692 0 1.36686 0.922935 46.8776 38.6964 38.7362 43.3817 37.4836 39.0422 36.5258 38.1174 18.0687 16.7414 19.8913 18.5094 26.3501 28.3246 34.157 64.3378 55.3168 45.8838 32.1561 44.7628 51.5049 40.1862 33.0907 37.9966 28.7436 32.5468 51.6201 5.4756 46.8539 16.8314 37.9215 38.8437 61.8495 7.25144 13.1639 39.6193 36.6369 20.2452 31.4521 30.1141 49.8205 8.20539 51.0758 12.4781 36.142 41.0975 41.2523 32.1354 41.6899 42.7757 20.1548 40.2359
37.0992 35.9717 37.6867 36.7233 35.6537 39.8059 45.534 54.3863 50.7189 58.5793 58.5145 59.5278 51.2112 51.2032 57.2897 58.1481 61.4515 57.3428 61.7455 68.5854 63.1704 65.3395 50.2832 51.2685 61.015 52.714 52.9447 56.3474 58.646 57.2581 65.1945 63.3182 59.9124 68.5163 62.5976 58.7553 54.2293 59.2616 30.4232 31.3188 31.0263 30.3372 35.4149 33.5266 39.2949 39.4953 48.292 49.1282 52.0002 53.1181 50.3535 43.487 50.9741 54.1714 42.3267 38.1808 44.4912 36.2933 16.9519 20.0709 20.3924 20.0878 7.25 6.082 4.48813 3.52336 50.1303 52.5783 55.7029 49.3005 56.8973 52.3314 64.2167 58.0499 67.0206 71.2957 44.2309 47.4248 49.8786 46.8958 39.2 38.6693 39.7581 73.2841 35.7728 30.5415 32.6364 32.3937 29.1465 30.0169 33.6101 38.8667 38.9013 39.1586 28.9575 25.3068 25.8422 27.6086 18.6946 18.7937 23.1354 19.3473 45.18 42.9526 45.4924 46.874 40.5365 36.0158 42.3253 41.5961 64.2049 59.5782 69.9716 59.347 24.349 25.0131 28.0329 25.7956 0.988886 1.36686 0 0.967862 47.283 38.7866 46.1985 44.7457 35.5016 37.182 36.3456 36.0814 15.7083 15.7431 18.0166 17.4514 26.1893 29.7834 36.3314 66.046 55.0152 44.001 29.8051 41.9546 52.9539 42.9927 33.3896 37.5352 30.0253 34.737 58.0959 4.22867 48.8039 17.5503 38.8182 34.1423 59.1979 8.43579 13.1665 37.8638 34.2207 20.5453 29.658 28.9215 55.8092 10.5524 49.5578 13.686 39.2782 48.5633 40.4908 29.9741 42.9994 40.6118 19.7071 39.1981
33.8055 40.2499 35.8296 35.0361 37.7137 36.5937 50.8229 46.9499 50.0357 55.4162 56.7836 57.6359 53.1891 55.1389 53.5104 54.2036 58.9803 63.4513 56.6657 59.5486 62.5126 65.27 48.1538 56.1946 58.6089 51.1607 49.6027 52.9305 61.394 55.2647 63.7592 65.2028 67.0793 67.8865 61.9914 53.8636 65.8076 65.6829 28.5414 27.1489 31.2664 28.407 35.83 35.2441 36.4578 37.4977 49.579 51.6806 54.7087 51.2128 50.7551 50.9075 47.6097 49.2703 41.8802 36.3714 40.2376 39.2577 18.3489 20.6767 21.8652 23.873 6.98155 5.82806 5.77967 3.99282 47.768 48.8163 54.1585 54.9524 57.0506 55.2026 61.6401 64.5496 61.2293 60.4532 51.1535 52.1477 49.4072 53.0305 36.1559 38.8942 41.2598 84.1833 39.1325 33.2544 27.8119 30.9735 30.6296 34.5735 32.3188 32.8939 34.022 37.3908 23.48 24.9004 25.3957 25.5697 19.1107 22.2607 19.7252 22.7245 42.3413 42.0272 44.4045 42.2284 36.0916 41.0258 36.5797 40.398 57.9028 58.1094 61.6923 69.0187 25.3908 28.3737 24.5956 25.8342 1.40655 0.922935 0.967862 0 48.3661 46.5342 40.3064 40.8005 38.3497 39.6435 41.2333 39.1305 17.3314 15.3346 19.291 16.6943 28.8779 29.0312 34.3947 63.3429 55.678 44.3572 30.8373 44.4264 57.0654 39.4546 32.1418 39.3084 33.6145 32.8741 60.8209 5.69069 48.725 18.597 34.9927 39.4754 56.8738 7.34995 11.5752 35.9436 30.6034 22.9639 31.9862 29.1135 49.5955 9.68104 47.8744 12.624 33.4919 41.9391 37.0127 28.2831 42.8952 43.0134 20.8482 39.2731
74.9817 77.7063 83.0827 80.0749 75.5466 82.4949 91.3979 101.666 94.7332 98.402 100.155 91.0036 104.891 99.3312 95.5205 101.495 95.1621 109.086 116.628 111.371 100.17 111.969 87.9676 95.2883 88.772 87.9724 103.334 99.6591 90.1319 96.2821 75.7514 70.6794 83.3903 86.2282 70.9354 76.0206 76.8344 78.6412 66.79 67.6414 74.2671 78.0698 70.8157 76.5538 82.5026 74.149 70.4914 76.2172 80.3095 82.8745 75.9165 69.9854 82.8272 76.7482 57.3361 56.9616 62.6526 56.2246 66.9784 62.6997 68.0945 62.2066 33.6987 41.0178 38.9508 40.6491 77.9798 89.9189 78.8598 78.6363 63.2805 64.3909 95.023 104.041 105.988 104.367 88.5627 98.5891 12.2312 9.37322 65.6705 69.37 75.8826 121.58 70.5657 71.6195 71.4033 77.8009 79.9212 71.8145 62.4123 60.2689 60.9396 70.4804 62.1692 57.158 61.9865 60.7206 59.8942 62.9021 56.5718 57.6987 67.4803 72.0208 75.6668 72.546 73.9562 78.9332 75.3539 74.3209 79.8919 84.7376 89.5458 78.1451 65.195 67.1123 60.3199 60.9999 40.0127 46.8776 47.283 48.3661 0 1.07331 1.08818 1.4276 72.1 63.8002 64.549 64.8907 57.1223 56.625 58.5225 55.0017 47.1887 17.7757 62.258 108.482 95.7994 74.5871 65.9645 53.9476 101.26 87.7092 44.6473 41.422 13.8511 29.8887 73.4246 39.1357 95.9269 35.9545 34.5725 16.1575 108.585 51.0857 60.7477 66.2383 56.5078 20.1597 14.0506 22.6902 79.8445 46.2511 59.3041 42.3591 10.44 84.7601 7.9066 77.1746 55.0721 60.9509 32.417 87.3569
75.4392 71.0587 74.4184 76.0938 77.8043 83.7866 97.9773 87.0982 100.328 92.332 101.681 92.199 106.445 106.653 98.0269 100.25 107.8 100.442 103.915 103.206 107.602 118.772 93.5492 98.3025 98.2397 105.451 94.3596 94.3045 105.046 102.115 73.8818 82.7973 80.5881 81.7323 77.5408 83.0923 78.9762 85.2877 74.985 71.3623 68.1095 67.0994 76.6792 71.2241 69.4266 73.8934 67.8045 75.4874 80.5107 70.5537 70.2906 76.2686 71.8825 84.9202 49.9936 57.8392 58.0778 59.4581 64.4077 60.6712 57.2031 62.0747 37.3796 37.6032 41.7773 42.7718 78.8302 84.0281 80.3748 83.4925 63.3573 67.1857 97.9546 103.605 117.069 106.932 79.0395 94.7872 11.3371 8.80391 58.704 61.8673 73.0693 115.773 75.4236 68.3914 73.7439 67.6716 72.2902 80.6826 62.2036 58.9623 58.5356 61.71 52.7812 59.5887 53.6755 55.0473 57.102 59.6884 54.1934 60 76.9919 70.8047 71.5421 77.1618 79.3579 74.5301 76.3844 74.2806 82.817 81.3024 86.0678 83.6117 68.2872 60.3709 60.7345 60.4218 42.6908 38.6964 38.7866 46.5342 1.07331 0 1.28829 0.935022 62.1072 68.8756 71.4012 70.3096 59.4865 59.4571 53.8061 57.1842 48.7403 21.2103 60.931 94.7107 99.8732 70.4686 68.8375 55.3133 95.9037 76.134 48.261 43.3915 12.9414 27.8183 79.8219 40.7206 93.1675 37.5376 30.0855 16.3622 103.82 50.3352 57.9537 60.8178 58.5645 22.2092 15.0879 21.4938 78.7555 38.8992 56.1553 37.7445 8.74579 85.1627 5.88804 73.5539 58.4964 62.5055 28.0621 77.2937
77.4684 84.9177 72.6782 82.5405 74.3912 76.263 100.477 95.2294 93.1667 102.757 95.9847 98.8624 98.7922 100.49 99.3747 109.355 100.9 101.951 102.298 115.139 116.644 106.365 95.3476 93.7487 88.3689 105.624 88.0829 95.8733 91.2788 101.265 81.2972 81.481 75.0097 77.1743 78.4473 76.473 81.4604 85.6463 66.7452 71.4479 76.6252 73.7429 80.6709 77.8779 82.4159 78.9829 76.4957 67.5102 70.1877 83.5475 80.5625 68.0106 75.0153 72.6184 51.2831 51.9422 51.3896 58.6813 66.618 56.9074 60.9349 61.2699 39.47 36.778 35.1127 43.5785 81.5704 80.3312 88.8542 93.4996 63.9476 63.8063 105.033 103.424 110.428 113.932 93.869 81.0994 10.1556 9.22404 65.1568 62.5115 70.4101 122.016 75.8106 74.4304 79.6754 67.7836 72.6368 72.5424 66.7977 66.9646 69.7207 64.2791 62.0166 57.8129 59.3649 58.925 58.0725 57.3034 59.7325 63.5626 70.4433 74.6209 64.4159 77.3901 75.0722 79.3223 74.5432 78.0231 74.5337 77.485 86.1741 73.8205 66.4888 69.8141 61.1573 68.6368 44.272 38.7362 46.1985 40.3064 1.08818 1.28829 0 0.980576 72.3231 62.6721 61.4008 71.8221 52.3316 52.1533 61.6106 56.6006 46.6539 18.8404 52.4843 110.357 95.1126 81.4784 62.5357 52.3067 102.64 86.2558 47.2988 36.5083 12.7814 26.3126 84.6904 40.9385 98.9111 41.618 32.7605 13.1647 111.121 48.6324 50.2495 57.6018 51.6326 19.6647 15.4973 22.3219 64.8338 40.4055 53.2508 35.9596 10.2945 83.5874 8.23978 69.5159 51.833 61.4655 28.7096 82.6852
72.0238 84.716 74.2574 79.2367 82.0223 78.8983 91.4916 87.2396 93.1586 92.742 91.6335 92.1179 106.786 106.663 111.65 97.1105 109.96 101.861 98.0889 105.138 108.268 97.6939 97.5988 87.1503 100.149 97.2961 91.1882 105.659 99.9437 92.0452 82.456 81.2697 73.4098 73.7807 81.8377 72.4362 74.8045 78.4475 63.1105 65.6314 75.0622 67.9626 65.8017 73.5868 76.0036 81.081 70.7757 67.7301 78.2262 74.4744 66.8515 74.5151 69.2393 75.3043 57.111 57.9594 56.7773 60.2734 66.495 63.5775 60.9877 57.9855 35.3055 34.5595 36.0018 35.9845 88.959 86.2496 79.4429 91.0787 68.7672 63.1148 108.87 106.869 101.412 118.163 87.5969 91.7008 11.1417 9.73766 60.6241 70.3432 81.38 115.447 68.9842 73.0941 76.8994 68.0371 66.8295 69.7548 64.8517 58.9252 58.2407 60.9852 54.8859 57.2119 51.6953 61.3325 52.0953 59.0574 54.5399 59.1617 74.2976 74.069 74.2227 67.1989 78.2742 78.6078 68.0974 68.5603 87.4724 73.4655 78.1463 82.8635 57.5386 58.4578 58.4383 63.2556 43.1665 43.3817 44.7457 40.8005 1.4276 0.935022 0.980576 0 67.8016 70.4084 62.0297 71.4043 56.0597 53.4757 58.4845 51.8124 39.6192 19.9915 51.2897 111.312 85.7669 72.488 63.0012 52.9549 90.7289 82.6754 49.6955 39.1059 10.9124 29.5047 73.0856 39.8603 85.9268 40.9228 29.5557 13.6769 108.856 49.0431 55.9502 55.847 52.3838 20.8414 13.0584 23.6379 65.89 39.9167 50.9695 35.4802 9.68412 71.5266 7.04985 66.1292 51.9642 60.0667 28.6571 84.2826
59.5217 55.49 52.8014 56.3018 61.1311 59.2488 64.0205 62.3794 63.9297 65.5862 62.7281 62.4917 58.0904 67.6439 55.5608 66.559 66.937 63.6864 63.5051 62.6531 65.0495 59.4723 72.5859 72.746 66.1591 79.8107 64.7811 68.1815 68.0403 66.9435 93.4352 98.144 106.307 99.0386 86.8064 97.5629 100.639 93.2132 18.8064 19.2604 20.1727 23.5956 18.7996 18.7204 20.7362 24.2648 86.5008 87.1183 84.3873 89.3639 76.627 77.976 90.7668 75.6524 78.9774 76.5981 82.0187 80.9266 43.4671 42.349 40.4163 40.6219 37.6372 38.8817 38.8434 36.0436 16.3814 17.8142 16.2941 17.0569 88.1579 96.1974 72.8357 80.1392 67.6821 77.1526 27.1176 28.664 76.1288 72.5185 72.4023 67.3695 15.2233 70.373 61.197 44.7978 44.1057 45.3349 43.494 43.2478 3.0395 1.99088 3.23217 2.2158 11.7118 10.6811 12.1088 12.7554 58.238 53.5185 55.659 55.6605 85.5222 73.8441 81.2015 77.3431 70.6636 67.7803 62.8877 65.3605 99.3681 92.1025 94.4842 106.487 20.0171 19.5549 17.4237 18.6685 41.3989 37.4836 35.5016 38.3497 72.1 62.1072 72.3231 67.8016 0 1.07186 0.93625 1.37585 53.6107 48.1948 49.5413 51.2284 66.7398 64.697 74.9339 59.433 48.3421 76.857 57.3043 91.5838 65.2942 27.2857 23.3414 77.727 51.483 41.3903 21.3349 45.653 55.0667 54.4694 43.2633 69.6928 66.1321 38.7478 32.4794 6.34421 73.6763 52.3702 51.0474 48.6951 79.1999 27.9078 79.9059 30.8333 53.504 15.3702 66.981 36.5963 18.5528 14.6147 59.1795 42.8879
52.4706 60.0509 54.2729 60.9782 56.0575 54.1756 64.801 66.4943 55.775 63.5943 63.5371 59.6749 61.1179 58.3743 59.1247 64.0224 64.8848 58.5842 55.6407 57.32 69.66 61.4697 64.5502 68.9002 78.6412 75.6207 72.0667 68.3498 75.3299 67.3263 91.8771 106.512 96.6302 98.0117 104.21 86.5981 93.7607 104.003 19.5718 18.9912 21.8126 22.1003 19.6007 21.5633 21.3761 23.8584 82.3424 81.1949 81.0659 96.9272 88.2742 82.5645 76.789 86.3468 78.2649 74.8194 82.3719 73.1475 42.3356 38.6162 46.5947 40.3879 40.9521 39.5508 39.9227 36.9666 15.8748 18.3542 16.5745 18.7674 89.8706 92.6462 66.6152 75.3933 72.9835 73.5046 30.3426 28.5899 81.6727 72.3429 72.9734 76.0144 14.8079 81.7446 61.3817 45.4631 49.1866 41.5194 46.0284 45.3052 4.37453 2.75815 4.44525 2.85635 12.8382 11.7731 13.9887 12.822 49.1277 55.4665 53.3638 58.4619 79.3355 80.5156 78.7452 73.8794 61.6778 65.6943 73.4505 73.7697 99.0035 94.91 103.881 98.152 20.6386 17.0047 20.2692 20.7336 41.5767 39.0422 37.182 39.6435 63.8002 68.8756 62.6721 70.4084 1.07186 0 1.34637 0.929894 51.2367 44.7448 46.34 52.5658 69.1611 64.5892 66.9804 64.6431 52.8353 84.6392 56.4573 84.7137 59.7983 30.0044 20.3449 76.7368 60.7949 45.0306 19.3197 43.5428 50.6853 51.8366 40.7261 75.493 56.042 33.3248 29.9723 6.89172 67.5777 51.6948 55.1042 44.315 83.0698 29.9645 83.8831 29.4376 57.9196 13.6261 63.3423 38.1834 16.471 15.849 61.1345 42.9264
58.9409 59.3349 53.0828 56.7284 57.7952 50.5566 59.9648 59.5282 61.3272 62.5421 56.2069 57.4391 62.9586 64.1207 65.9914 59.7493 60.635 69.26 60.3879 58.2385 64.0103 63.5104 64.9758 65.9724 74.7287 76.3801 71.4205 75.1003 68.3347 74.2283 102.082 106.3 104.662 96.181 85.2042 91.6418 95.8264 90.8325 18.7387 20.2246 21.7722 23.903 18.3457 18.0654 19.3902 23.3539 86.2117 93.2278 79.6335 94.594 86.318 75.1637 74.6 85.6666 73.3152 70.5123 79.0361 81.6099 36.1073 35.4021 40.1992 38.5851 42.7836 38.0999 42.5649 36.9118 13.9633 15.9728 16.299 19.9134 89.3606 87.4324 68.5419 78.7407 68.6061 63.4546 28.6184 27.1796 79.5235 72.3116 71.9408 74.2869 13.5448 78.0654 66.8761 36.7173 43.5591 46.7148 43.9821 42.4341 3.08715 2.30923 3.03896 2.07355 13.5732 10.3693 11.69 10.7644 52.82 54.7878 53.8187 51.1217 83.3797 79.3713 76.9931 80.5682 61.5987 69.6148 60.5074 72.2784 93.0292 88.5699 94.2499 98.0814 17.2116 16.5516 17.3783 16.9115 34.8667 36.5258 36.3456 41.2333 64.549 71.4012 61.4008 62.0297 0.93625 1.34637 0 0.954094 52.808 45.6822 45.9856 48.5049 62.4972 54.6722 74.0575 63.3564 54.1612 71.8622 58.2695 78.8943 61.5257 29.722 21.3976 78.7585 54.5742 40.69 20.7201 41.3041 50.7225 53.5615 42.4327 74.6912 53.9391 38.3347 30.5429 7.04064 67.9086 46.3436 49.7684 46.2903 82.2115 32.0503 85.7119 33.5146 57.7678 15.0309 66.1423 36.8151 18.838 17.3697 60.1282 46.0607
54.3054 59.8433 52.3096 59.9242 58.7057 53.0895 60.8498 60.9457 57.1307 64.6916 53.6661 63.9494 64.4203 64.0355 62.2945 61.5417 58.3139 65.6497 58.52 65.347 60.7443 69.3846 73.0302 66.4912 77.1903 67.9146 62.1538 76.2032 75.1132 74.1149 95.7399 106.649 105.747 92.2171 100.688 93.3659 100.798 101.245 18.1317 18.4561 23.087 24.7426 18.6206 17.9607 18.6574 23.5855 90.4883 78.0387 84.9304 80.4948 79.6076 87.2677 88.394 80.661 77.5537 70.3783 84.0424 82.8708 36.4085 42.4652 45.4576 39.0882 39.5221 41.643 37.5118 37.9507 13.2913 15.1361 14.7147 16.4539 88.7824 95.9642 66.3801 76.5144 73.0378 69.0127 27.8412 29.0685 79.9435 81.7438 71.3971 73.8717 11.7176 74.9264 59.4673 40.646 42.1788 44.5848 49.7164 48.7474 3.87618 3.50661 4.39052 2.99908 12.5604 11.8854 14.4547 11.5427 54.8184 51.5293 50.2275 56.8951 85.8703 80.2707 78.526 84.6582 61.021 60.5264 60.8573 64.3374 96.8693 96.6581 109.793 95.0261 17.1985 17.9153 18.2472 19.8748 35.6548 38.1174 36.0814 39.1305 64.8907 70.3096 71.8221 71.4043 1.37585 0.929894 0.954094 0 44.9358 47.4227 52.2683 44.6713 67.3781 55.9874 79.0525 63.6316 44.914 80.2123 60.4879 92.3493 65.6246 29.9917 23.8236 80.0777 59.3802 41.5296 20.3144 39.5471 48.0665 58.8389 38.6806 71.3085 64.0269 38.2295 34.0965 7.09694 72.7292 48.2707 52.2605 44.6861 93.7228 33.7395 88.0619 34.099 58.5397 13.6091 57.5257 32.3968 20.0511 16.366 55.1567 41.0258
21.039 21.0181 22.7997 24.5751 19.8032 23.3249 36.9424 39.5947 40.5972 37.3455 42.1732 43.8141 47.7285 41.3538 48.7579 50.5126 48.5566 54.9097 56.7973 49.6443 57.1125 57.4403 39.4584 39.6924 37.7817 38.505 38.2703 44.1146 41.4459 44.9026 54.6717 51.8182 53.0794 51.7204 49.6276 48.922 48.8882 50.8624 34.4699 33.7894 31.4962 30.2047 36.4658 40.7918 41.1474 37.908 32.5964 37.5069 35.7679 38.7998 30.7535 34.9649 31.4202 37.9897 30.3221 27.8827 35.6284 31.321 10.2929 14.4555 10.6499 14.8741 23.0634 24.7464 21.9343 19.6105 57.9799 62.4637 56.4706 57.9211 43.0529 40.9256 53.1636 45.8889 51.3746 52.4823 50.0317 49.1893 62.357 65.5516 22.4317 22.2451 48.0624 67.2279 19.4494 21.9585 18.141 19.0851 19.6034 21.8522 44.6904 50.2818 50.2495 44.1765 40.8084 40.9473 40.0633 34.3507 4.14976 3.48311 4.94796 4.52608 32.0723 27.0719 30.0651 32.2275 23.0531 23.4941 20.8308 20.478 51.691 46.3823 50.1369 46.6766 33.4725 35.651 30.4842 33.9966 18.4121 18.0687 15.7083 17.3314 57.1223 59.4865 52.3316 56.0597 53.6107 51.2367 52.808 44.9358 0 1.04817 1.0796 1.3019 21.5141 37.7582 24.5318 52.1377 39.9054 31.5545 13.1652 41.1785 43.6448 39.3408 43.9549 40.1715 41.1878 44.2615 65.2562 17.9703 42.3332 20.5187 52.4359 47.7327 57.6536 13.3522 18.6478 45.1942 21.9592 38.5982 43.3114 47.8596 40.451 27.3777 40.374 29.9268 54.3999 51.4832 51.1049 27.0059 60.4222 59.389 29.247 33.5503
20.1588 22.4326 21.489 24.13 18.5824 20.3003 38.4204 37.9341 41.1308 42.7848 37.7271 43.9073 39.2019 39.3627 51.4837 52.6905 47.6244 51.2668 49.3594 57.9334 48.3742 53.24 34.8921 40.0296 38.9258 40.0564 36.1123 40.7831 43.4473 43.0427 48.2565 48.1424 54.5252 51.0176 46.8133 44.0638 50.291 46.6605 35.1984 33.5376 33.8779 34.2366 38.2169 36.8696 36.0976 34.066 34.1562 35.5073 40.6255 42.9915 34.5067 35.0474 32.5437 32.3509 34.8411 32.4285 30.9415 33.4608 9.63489 11.5847 9.15359 11.8447 25.1864 24.5396 21.144 21.4046 57.3729 55.6154 55.7026 63.1113 43.0343 43.2187 52.6545 47.4903 49.069 51.6425 49.3477 45.6297 64.4109 65.7442 24.5631 23.1942 45.5335 65.6396 20.2351 21.5117 17.8366 18.1884 18.1787 19.4311 49.3355 49.1775 45.2711 48.8986 38.8513 35.1961 37.5822 36.16 4.78855 4.19631 5.9889 5.41119 29.008 27.2757 33.8375 27.6283 22.3043 20.2325 23.5082 22.8837 53.2995 51.7125 50.6578 52.7908 29.1114 30.2474 29.0516 33.4594 16.4201 16.7414 15.7431 15.3346 56.625 59.4571 52.1533 53.4757 48.1948 44.7448 45.6822 47.4227 1.04817 0 1.43159 0.988536 24.4731 41.9503 27.283 46.6761 39.3029 28.3952 13.6113 41.9595 47.4652 37.4013 42.8401 38.0456 46.8482 48.2939 70.9416 17.4038 36.7841 20.908 52.7923 47.2139 54.0235 15.0449 17.3614 44.5535 23.6023 37.2272 48.2431 43.993 39.7707 26.6803 42.2407 27.5572 54.5478 47.8994 57.5546 23.6992 55.5896 54.2648 26.8401 32.3012
20.0443 23.4929 20.8856 22.3667 19.8673 23.2539 33.5453 35.0038 35.1878 38.6816 41.9345 43.2506 39.9708 47.0222 50.5063 51.4351 53.6877 50.4718 56.4178 52.6216 53.3152 54.9528 34.7549 35.876 39.2333 36.3884 40.5288 44.0955 38.0575 40.2435 46.0137 45.2277 47.2545 48.0985 41.974 46.2473 49.7027 44.2082 33.4349 30.9792 36.4575 30.3196 38.5599 35.0981 40.2556 39.0628 34.453 33.5712 33.2795 35.9046 29.0624 33.5665 36.5709 37.4788 34.6709 30.9464 29.3606 31.262 11.8333 14.6559 10.0886 14.3214 23.4961 24.1908 23.6097 19.5536 55.439 60.7918 56.8944 64.6073 46.5066 38.7134 45.057 47.7013 55.8044 48.5881 49.2897 45.8636 67.5037 65.7722 22.2494 20.1273 42.668 67.2132 20.6663 22.4436 18.3554 20.9543 20.3315 19.8305 43.7671 51.2445 43.4802 45.0231 41.5297 42.1868 41.6384 38.7065 3.15195 2.70773 4.36879 3.35224 26.271 26.877 28.5049 28.6151 21.7868 19.02 21.7128 21.8109 50.727 51.7649 45.969 53.2472 33.1554 32.7559 32.1454 31.3141 19.4839 19.8913 18.0166 19.291 58.5225 53.8061 61.6106 58.4845 49.5413 46.34 45.9856 52.2683 1.0796 1.43159 0 1.03453 23.1618 35.4102 21.7933 50.6046 39.5069 27.0577 12.718 39.1128 42.5738 38.0414 48.4058 34.8518 49.3267 51.1264 62.6048 20.8542 40.1033 19.979 53.4057 48.3604 55.0115 14.8339 17.2471 49.0493 23.7122 38.2042 46.1741 49.0735 40.3452 25.0585 39.2014 30.9936 46.9821 54.296 56.1355 24.9523 56.6325 54.8453 27.1747 30.8941
18.8899 22.5028 23.352 22.7479 16.8121 20.6687 38.4266 39.8902 38.1582 41.9018 40.8741 40.9726 40.4089 40.5431 45.7141 49.1549 44.0227 52.2975 54.4905 48.8371 57.983 50.5883 38.1406 39.5824 40.5614 37.4108 41.1802 38.8964 41.2436 41.3483 48.1402 45.7724 48.3296 49.1296 44.9969 42.8591 43.1732 51.1879 36.4569 34.5199 32.1952 35.0304 39.7767 41.1556 37.3352 36.6816 35.7603 33.993 36.4648 41.9924 33.3039 30.2878 36.845 37.8615 32.7614 28.9153 34.4829 31.3268 10.5763 11.5596 10.1814 12.726 23.1047 25.9518 19.7328 20.2402 54.5392 63.9094 55.9174 53.0141 44.5479 37.6017 45.597 48.1084 54.7051 54.6781 46.3903 54.1598 67.6291 63.5479 22.6637 20.7899 42.0486 69.4503 21.0416 22.6705 18.7387 19.6433 17.3169 18.4713 49.3745 49.9965 45.695 42.8956 41.2884 39.4447 34.7564 37.9181 4.34457 3.44155 4.41124 4.04673 28.7948 28.6386 28.1506 30.9903 21.4028 22.1794 20.2298 19.8398 49.003 52.4409 50.191 47.8141 32.0558 34.3605 27.9497 32.4492 17.345 18.5094 17.4514 16.6943 55.0017 57.1842 56.6006 51.8124 51.2284 52.5658 48.5049 44.6713 1.3019 0.988536 1.03453 0 24.4744 38.9123 24.6338 50.4258 43.864 31.7347 12.8341 45.8755 45.6174 41.0114 43.8433 37.3091 49.5374 50.2841 68.6403 20.4771 42.5654 20.0504 55.6184 47.7247 49.762 15.3062 19.4607 45.669 24.4598 37.551 42.007 52.3715 34.9234 26.4503 40.6021 27.5726 51.2322 51.5013 56.0807 25.7447 60.7281 54.7718 31.2287 33.7023
44.6855 41.1024 41.2153 45.4909 34.583 38.5063 53.4586 54.8043 62.7694 65.0069 60.2941 63.84 64.212 66.0917 73.2576 65.9058 75.2588 78.404 75.5402 78.2447 71.5009 82.8221 57.2468 51.8718 52.3048 51.4022 54.8061 57.2451 63.4072 64.3661 33.9922 36.1239 41.7338 43.9741 36.3276 37.5405 33.8007 35.8582 58.8379 50.321 57.159 48.7547 62.711 57.2224 59.3861 61.7338 30.122 29.0844 30.7858 34.2031 29.36 31.5164 33.4705 33.1378 13.5227 12.5007 14.9438 14.8991 30.5873 39.3235 32.6702 37.6047 29.1861 28.7087 23.3593 29.1894 79.0049 78.9862 74.3071 79.7673 25.9041 23.2931 65.5505 72.7316 74.0407 70.7728 69.1616 72.2534 50.5539 46.5041 18.5579 21.1121 61.7685 83.6567 31.4713 47.0021 39.8233 45.4363 44.0575 45.0437 58.4553 66.8518 56.9479 67.3609 50.6593 52.0559 49.9554 57.7313 22.7255 23.2801 19.6525 24.2583 25.7946 23.6083 27.9642 25.7847 35.0192 36.347 33.4185 35.7284 43.0845 40.4492 41.6359 37.4637 53.2413 48.0557 49.0953 53.1985 28.2581 26.3501 26.1893 28.8779 47.1887 48.7403 46.6539 39.6192 66.7398 69.1611 62.4972 67.3781 21.5141 24.4731 23.1618 24.4744 0 28.0137 12.9796 74.713 68.2383 32.3595 26.4371 20.2015 62.8621 66.7985 59.2415 15.1725 34.8572 50.9594 78.7513 22.8904 66.5699 12.0082 54.0933 31.1921 77.6898 29.936 36.5563 61.5168 11.5299 32.7437 39.2429 42.9198 31.6269 39.0538 18.3108 36.9783 38.7958 73.4596 47.8978 45.3417 60.7673 66.5396 14.5803 52.6882
63.5512 62.1318 62.7826 63.3352 62.481 65.4887 76.7756 74.709 74.3902 78.4562 80.238 85.3658 87.4586 85.4725 93.1608 80.466 94.8376 83.4687 83.1433 89.6985 88.3292 92.5694 80.988 72.905 82.142 80.6243 72.8446 79.4032 76.6925 73.431 61.488 57.2947 63.3326 63.2729 58.0918 56.9495 55.2882 65.1189 51.4739 58.2521 57.0689 54.4739 64.6557 62.1914 63.4707 64.4774 54.5493 55.1937 52.9392 62.9468 57.4134 61.1078 53.5533 59.9888 39.2851 37.1563 40.9612 39.8573 45.1582 50.4892 46.8379 44.3264 22.8291 22.4336 23.5079 27.1958 77.5431 84.6032 73.915 70.1864 47.0778 43.8591 83.681 97.011 83.7482 91.9108 72.3069 82.7531 22.5416 22.1181 42.1132 45.2534 60.3095 110.693 59.6898 55.917 60.3782 60.0722 58.721 63.6938 58.8805 59.3891 57.9887 56.5729 52.3703 50.9396 49.5017 51.0009 41.4437 40.2436 36.7852 41.8306 50.2459 51.6438 48.4352 55.8501 55.6213 59.5847 62.2269 59.8653 66.3704 60.4307 61.7822 64.9307 56.5505 50.9069 53.7532 54.9008 26.1153 28.3246 29.7834 29.0312 17.7757 21.2103 18.8404 19.9915 64.697 64.5892 54.6722 55.9874 37.7582 41.9503 35.4102 38.9123 28.0137 0 38.1168 94.6854 72.6688 56.6759 50.0673 34.3004 84.7909 73.4182 45.1957 26.3628 11.153 31.4143 71.9348 25.3339 71.895 20.3385 37.0416 9.10529 82.0177 33.9191 38.1713 52.2409 38.5698 10.3604 12.9409 23.2146 57.5163 29.4719 43.7953 28.8191 16.3856 67.5246 20.1015 57.546 55.8077 60.1966 10.1266 72.9937
36.065 34.3062 40.5955 39.2634 37.1472 36.78 57.854 50.5216 50.5145 54.9213 56.8232 63.4789 59.2644 61.1387 66.0374 66.8408 61.5683 62.4944 66.9056 69.145 74.6733 66.1533 43.2219 46.1329 43.6751 44.9188 51.2946 54.3144 53.8843 57.1519 25.1527 26.5544 26.9641 28.3773 24.3068 24.6887 23.5149 28.7808 63.5091 63.1129 56.9118 60.6529 67.1167 64.6236 56.7811 67.8582 17.2966 18.4326 20.6411 22.049 17.6651 17.3741 21.2675 19.2433 8.70172 5.86748 8.28728 6.31808 33.0324 40.3671 32.7334 36.306 38.9487 38.7371 37.5215 37.7751 88.9697 85.0314 80.1354 85.625 18.4036 16.5588 56.6178 65.7643 66.5064 61.8797 67.3068 73.053 58.1068 55.4995 8.52546 11.0639 63.0727 73.8409 28.4586 46.6039 37.9997 44.0097 40.3724 41.6234 73.6562 73.0952 68.7258 76.6204 57.7259 56.947 56.2686 59.8108 22.0164 23.5623 20.2648 23.3881 14.0791 14.0464 13.2167 15.2494 24.0206 27.0192 27.0356 24.4275 31.1661 25.596 27.1352 27.8158 57.1254 56.3196 54.4089 61.2335 36.267 34.157 36.3314 34.3947 62.258 60.931 52.4843 51.2897 74.9339 66.9804 74.0575 79.0525 24.5318 27.283 21.7933 24.6338 12.9796 38.1168 0 64.1978 58.1514 21.8762 23.6035 19.8292 67.1013 63.1951 71.5195 20.94 47.187 66.8857 86.3052 35.5463 55.843 19.7779 65.8685 46.5859 70.9958 39.9283 44.0639 65.7363 2.79261 40.2553 52.704 56.9679 16.4989 47.4644 14.053 42.1578 53.6591 77.9724 58.8775 49.2104 71.6973 70.4315 26.7391 58.4888
32.0639 32.548 33.1713 33.0065 38.9847 31.2505 16.325 17.5628 18.5207 17.3171 11.5108 12.6571 10.677 11.4882 5.27447 6.1044 6.72626 7.88793 1.64541 3.25528 4.20752 5.60215 29.8479 31.0169 33.3664 29.322 22.9327 23.742 26.9745 26.3775 88.7426 90.7835 81.5147 93.6615 88.3752 73.4957 83.9016 85.1428 45.7224 43.3747 41.9391 37.3834 44.8692 40.0054 39.8393 41.2007 65.4905 74.8961 70.2168 69.2812 59.4808 59.2668 69.1096 70.4795 71.6943 74.753 83.7911 78.7748 41.5635 40.1792 44.6133 43.5232 65.8361 68.3371 73.1967 61.5152 53.0066 55.3067 53.2631 53.6347 85.798 83.2802 20.8769 18.4098 15.1457 13.6783 31.3426 36.0905 112.686 120.159 56.6688 59.0108 49.3049 17.1438 41.3175 28.6378 32.558 32.7904 29.8587 30.7261 54.9795 57.0998 56.1186 64.848 58.8856 61.8824 61.1724 58.4169 53.3554 53.0829 52.7302 54.5131 64.5193 59.2026 70.5065 65.3622 42.9562 48.2784 46.8863 49.3896 90.3662 81.1194 80.6134 87.0431 51.8304 43.6042 42.2859 48.8642 68.1379 64.3378 66.046 63.3429 108.482 94.7107 110.357 111.312 59.433 64.6431 63.3564 63.6316 52.1377 46.6761 50.6046 50.4258 74.713 94.6854 64.1978 0 10.1171 55.9607 44.7757 83.9407 9.76293 28.5001 81.6385 86.0578 90.3412 95.5607 76.6612 68.0253 11.1729 77.1602 82.9623 104.585 1.7773 56.8125 51.3561 63.8329 65.4684 78.0204 94.3694 85.7721 67.9371 60.2314 91.3576 70.2099 95.677 44.9004 105.185 29.1132 78.3501 80.3534 84.5511 19.8851
27.8784 26.0684 24.0492 24.5247 29.3922 24.3881 14.4757 13.7315 16.6708 17.5634 10.9589 10.8485 11.5415 14.1429 9.43164 12.0819 14.0367 12.8406 12.2901 13.4105 13.2683 15.9474 27.8354 32.0594 28.5212 28.4385 24.629 23.0321 24.2945 25.9795 88.7039 88.4205 87.6277 87.1441 69.6399 79.2512 78.1061 70.1538 35.9981 32.9201 30.2722 26.5648 31.6365 32.6747 31.8887 30.663 60.4004 71.2699 62.7801 64.9733 61.1031 59.1718 65.0851 65.6316 73.2444 74.8531 64.5856 72.2424 33.3482 30.9608 30.2929 31.5147 55.9642 60.5682 57.4046 55.4987 44.2492 48.664 47.5602 46.0671 73.5559 70.0479 23.8318 21.961 21.1519 20.1827 23.7603 29.0597 103.74 99.6928 54.3906 49.8125 35.7993 29.9862 38.5303 20.4985 22.3196 20.8978 23.3017 22.1513 52.2165 46.7329 49.3819 49.639 48.2614 45.5146 50.1137 53.1235 45.9599 39.2887 45.4195 45.7006 55.6492 56.4725 60.7585 56.9886 40.2609 41.8332 41.4803 41.0218 79.8744 78.5676 76.5872 83.6238 40.0583 33.8656 37.5459 37.2564 57.1767 55.3168 55.0152 55.678 95.7994 99.8732 95.1126 85.7669 48.3421 52.8353 54.1612 44.914 39.9054 39.3029 39.5069 43.864 68.2383 72.6688 58.1514 10.1171 0 47.2441 41.1914 75.4246 10.7166 22.941 71.4603 74.3419 86.7823 70.943 60.8311 54.9537 3.01872 60.0967 74.7882 91.3199 10.8619 44.3561 37.1682 57.3986 58.4583 79.5231 77.9767 81.2307 72.8963 56.167 75.4952 61.6694 78.8493 40.0614 92.0792 21.9218 64.5704 65.7391 64.947 9.69026
25.7031 22.4683 25.7672 23.5489 24.8583 26.9329 37.9837 39.9677 39.117 40.3896 42.244 47.8263 41.0044 43.1484 53.4723 54.9861 49.5649 47.0361 50.6595 58.8341 60.1366 53.7292 26.3127 29.5576 29.197 26.076 34.4576 31.3264 30.0757 35.477 32.2125 31.3204 29.0281 31.4686 25.6421 24.9036 26.8724 26.3665 65.2693 52.9793 54.459 54.4886 65.4068 63.0971 62.4454 59.8089 15.0319 13.5766 14.9113 14.6856 9.07655 8.69786 9.15312 9.07948 31.38 24.2728 24.6463 23.2662 37.2008 38.7142 32.9402 33.2627 52.1648 51.9673 48.419 50.9173 85.3879 80.9556 76.6748 81.3639 34.9546 30.6691 37.91 43.526 47.316 45.2342 69.1936 67.8048 85.4539 71.7987 14.9744 13.5322 72.229 64.0904 15.3854 43.6346 37.6513 39.0767 31.6011 31.8127 81.7875 70.058 73.3763 72.4704 62.2523 63.2062 70.0996 64.4087 25.9147 26.6597 23.2848 27.7835 11.9063 9.55392 10.1354 10.3753 10.0391 12.1072 9.95948 10.9244 25.3859 25.2417 28.0746 26.7199 54.6123 57.0791 60.1245 58.293 51.6572 45.8838 44.001 44.3572 74.5871 70.4686 81.4784 72.488 76.857 84.6392 71.8622 80.2123 31.5545 28.3952 27.0577 31.7347 32.3595 56.6759 21.8762 55.9607 47.2441 0 19.3087 36.0703 44.6506 59.9211 69.8303 44.2472 70.0352 80.0527 103.455 48.598 50.7306 41.9264 86.4069 68.5529 57.7546 48.5714 44.5909 85.3025 22.7918 63.2549 71.7253 69.3793 18.4028 61.0576 30.988 62.535 76.0731 70.7848 81.261 45.9343 91.6115 82.2225 51.0468 47.736
11.6783 11.1029 11.5252 14.6756 9.25024 14.2701 29.6177 32.4287 33.1149 29.7697 33.8404 32.7668 35.9856 34.6058 44.0397 40.4359 42.9369 45.889 45.723 43.3872 48.0369 46.496 25.4999 24.7799 28.0789 29.8108 26.3657 30.1587 32.1373 30.3059 40.1019 47.5983 41.318 41.5387 42.0926 37.9405 41.5626 40.4056 40.4736 38.3502 42.9016 38.4484 45.7854 47.2023 44.7776 43.1417 31.2134 29.9745 30.0484 30.1306 23.9828 22.2242 25.3375 25.5172 30.2728 27.2467 33.4678 30.3872 16.5014 17.8164 16.9411 16.1977 35.9278 33.8461 36.7847 32.3399 60.6342 66.0739 59.334 60.19 40.3981 39.3922 34.6821 40.8364 43.3111 40.6149 49.7568 58.2213 73.4512 75.6639 19.1742 16.7557 47.8056 61.4656 7.24445 23.2769 16.3916 19.4981 19.1295 18.5242 51.5373 53.5016 53.5808 59.2085 53.4003 53.7207 45.3185 49.8113 11.4879 11.0164 10.8255 10.043 21.0528 21.6835 22.2329 20.9892 8.69133 8.15964 9.29501 9.46561 47.0349 43.9523 46.032 45.8167 38.0735 37.2634 42.9847 38.8597 32.509 32.1561 29.8051 30.8373 65.9645 68.8375 62.5357 63.0012 57.3043 56.4573 58.2695 60.4879 13.1652 13.6113 12.718 12.8341 26.4371 50.0673 23.6035 44.7757 41.1914 19.3087 0 39.5961 37.9405 41.0191 60.4862 45.0055 56.2959 58.4949 82.0559 32.1489 35.5508 29.0034 72.8298 55.5538 46.877 27.696 29.5102 62.571 20.9126 50.4947 53.2794 56.0496 33.0191 40.9616 42.1862 42.2629 63.9178 58.5003 66.5646 26.708 71.6896 60.104 42.728 32.7385
52.1383 51.4217 54.2117 54.3567 47.6928 52.432 69.0229 75.4954 71.4941 76.2349 82.4334 82.1281 71.5228 73.6429 84.7241 92.2731 78.1582 89.6432 92.2625 95.181 92.8427 95.8891 60.0629 66.5695 67.0865 65.1742 74.1689 76.1543 70.0397 68.8983 27.3498 28.2747 26.2428 27.5067 24.9336 25.6004 29.2269 30.9348 68.0772 66.516 66.6278 69.5597 83.9485 71.2409 82.5355 80.9259 28.4422 30.5477 31.7218 31.7751 31.3364 32.4918 35.035 33.8195 11.5457 12.1214 11.8007 15.3196 49.6198 54.818 52.9981 50.6045 45.3091 52.3705 44.0443 43.3124 101.182 92.1282 89.6206 99.7169 12.3142 12.0625 81.2398 79.6292 85.5135 89.2444 89.2458 92.0428 47.1348 47.1385 26.7192 27.7546 88.8623 95.1622 48.2751 69.1285 56.8572 60.2657 57.4803 65.9305 85.2209 88.9825 78.3578 77.3458 66.9968 78.0962 67.2774 68.315 38.9764 35.6193 35.1911 38.1832 28.9647 27.1763 28.5021 27.9305 43.6192 46.1606 41.9982 41.7829 29.4314 28.4621 34.1501 30.2485 76.7322 69.0063 75.5807 73.6261 43.0726 44.7628 41.9546 44.4264 53.9476 55.3133 52.3067 52.9549 91.5838 84.7137 78.8943 92.3493 41.1785 41.9595 39.1128 45.8755 20.2015 34.3004 19.8292 83.9407 75.4246 36.0703 39.5961 0 84.4936 77.7904 74.4996 10.6996 46.1215 58.4892 112.518 39.6506 77.4228 32.5082 76.3317 34.2808 93.9861 50.0169 56.0633 77.0632 20.0809 47.0362 52.2088 62.2024 22.5652 52.443 6.20073 55.9574 56.4489 93.326 56.058 70.1745 80.7966 88.6545 28.6711 71.4531
23.2221 24.7984 26.5621 23.0273 29.1698 24.7395 7.98195 6.85617 8.04144 7.44738 3.41653 2.25472 2.08632 2.00229 5.05849 4.40973 4.98317 5.93874 10.5641 9.28868 10.1414 9.82611 19.7264 19.5698 20.3697 21.1519 13.8243 14.9321 15.753 16.1465 70.6188 80.342 75.0657 74.8725 64.8841 68.8911 70.2992 74.8838 41.957 38.35 43.0523 36.4249 45.0985 38.1441 41.954 35.7779 60.4959 63.7593 61.0919 60.7909 55.3414 54.4788 51.9928 57.0938 68.1493 60.9228 65.1962 69.4445 35.0824 33.5351 33.3455 33.6425 57.5943 64.2242 59.5952 60.3702 59.7041 61.4719 55.7864 59.9732 71.9533 71.6303 12.798 12.9158 9.07859 10.1526 35.9726 37.1531 115.334 101.427 59.1921 47.7764 50.8373 19.6435 32.5656 27.8518 27.7167 27.1361 24.26 24.7955 60.1794 64.1706 63.9887 66.5209 60.0898 56.7417 58.6062 55.9242 46.0801 48.1144 41.5882 47.0123 51.8733 57.7904 58.0925 59.6497 40.0475 39.155 35.2952 38.7523 67.2834 68.9695 78.8384 76.1987 49.9707 47.5279 47.6471 45.7262 61.854 51.5049 52.9539 57.0654 101.26 95.9037 102.64 90.7289 65.2942 59.7983 61.5257 65.6246 43.6448 47.4652 42.5738 45.6174 62.8621 84.7909 67.1013 9.76293 10.7166 44.6506 37.9405 84.4936 0 33.4156 70.6219 79.5043 85.3166 78.7366 81.9813 63.8622 9.70932 64.404 80.7528 100.03 12.3539 53.7526 51.0633 67.4269 56.6892 74.8584 82.0738 89.2226 59.0358 57.0939 74.8871 61.9913 101.6 49.4666 98.47 27.6624 84.4861 78.9504 79.6419 17.5683
38.2651 38.5081 32.1717 32.9404 38.249 33.9563 31.8537 30.6285 31.1135 35.9226 32.0099 28.7289 34.0912 36.6545 30.0962 35.0794 36.9077 33.2991 30.576 34.6413 33.3095 40.053 41.5653 43.5303 44.1459 46.4793 45.066 40.0281 44.1486 42.6105 92.539 86.944 92.0211 84.033 84.6878 87.574 83.0394 79.8514 12.711 13.1341 12.4332 11.4114 11.2803 8.68996 8.95663 7.71692 66.8096 70.2735 69.0944 69.3809 67.3212 69.1441 68.1944 66.4277 72.7691 70.9989 67.6683 66.0003 28.9143 26.3753 29.3608 28.7848 43.3233 43.6815 49.3028 42.8448 28.0831 25.0922 22.651 26.7245 86.5247 74.9505 49.2056 42.3803 38.7529 37.9309 7.58952 10.6602 87.8408 91.2385 59.5138 63.2027 15.5173 44.5566 45.6305 21.3171 23.99 24.7833 24.518 27.0548 31.5407 30.1727 31.5894 27.0354 30.3127 28.893 31.8073 29.2883 40.578 42.8321 46.6474 43.841 67.9075 61.5813 65.1601 66.8876 49.6202 47.5624 53.8668 50.1916 91.4982 87.4106 86.6354 87.9534 19.4642 16.6295 18.3226 18.3139 43.1241 40.1862 42.9927 39.4546 87.7092 76.134 86.2558 82.6754 27.2857 30.0044 29.722 29.9917 39.3408 37.4013 38.0414 41.0114 66.7985 73.4182 63.1951 28.5001 22.941 59.9211 41.0191 77.7904 33.4156 0 47.585 81.7284 69.5615 66.6577 46.3967 48.0931 23.8064 53.1611 59.7651 72.386 28.9123 33.0149 29.7398 34.2585 65.5773 62.6717 62.988 63.8262 70.59 36.1349 84.2535 41.9919 66.6538 21.1168 74.6249 14.2782 49.0871 47.1942 64.6222 15.9569
66.4986 66.8677 64.93 65.8224 56.3213 58.8805 76.923 77.2899 79.6616 67.9908 66.5328 65.2573 74.2396 79.233 70.3136 76.8093 78.9854 71.6279 84.7178 73.0892 80.5357 88.6845 75.9273 84.8603 83.9796 86.3349 71.4195 74.8837 84.9934 76.7034 91.069 86.2631 91.7806 102.494 83.7613 85.2147 85.4724 99.4774 33.5524 34.751 36.9792 32.9916 32.9522 34.6746 34.3989 36.5715 88.5714 76.6012 78.5937 86.6086 82.2051 87.2867 73.2551 78.2219 70.656 69.0686 79.1428 69.3205 47.1619 39.426 49.2425 45.8933 29.9894 25.6983 29.8544 31.9302 34.5581 41.8535 40.5515 40.6209 78.7919 86.2391 77.2009 87.2421 90.0466 76.9438 50.8528 45.1144 53.7998 60.612 63.2779 68.539 31.3735 92.0386 66.1873 47.6227 53.9122 49.694 57.6594 57.3986 17.5927 18.5272 18.2887 22.264 15.0453 15.6331 14.8148 16.6767 54.5605 51.2145 51.0554 56.3334 70.5318 76.5229 69.6612 81.4841 62.9152 73.2132 63.3597 73.0354 87.5319 92.2765 85.995 100.329 28.8643 27.6974 30.2089 31.0536 32.4302 33.0907 33.3896 32.1418 44.6473 48.261 47.2988 49.6955 23.3414 20.3449 21.3976 23.8236 43.9549 42.8401 48.4058 43.8433 59.2415 45.1957 71.5195 81.6385 71.4603 69.8303 60.4862 74.4996 70.6219 47.585 0 60.0832 34.3535 20.0487 34.5926 31.3984 71.1568 43.0655 19.4677 48.1881 71.1919 35.455 33.6604 15.2145 63.1726 32.2022 32.4743 23.447 87.3504 21.9776 82.736 20.0492 40.2357 34.0126 40.2945 49.3848 10.9387 12.1132 45.6186 57.9969
54.5778 56.8844 55.1952 57.4905 52.7201 58.9623 67.4052 67.8866 71.341 78.2312 77.2558 72.0357 71.9315 84.2749 77.3824 90.919 79.9521 79.6009 90.4684 84.8022 97.8302 86.4129 66.5102 65.226 65.8924 66.6156 71.6671 70.8049 69.4506 66.5711 36.5421 34.1283 36.1742 38.1441 34.0495 37.0611 38.6303 40.0295 63.634 73.1412 69.9798 62.7735 79.9185 79.0601 75.2698 77.0523 35.4497 37.4377 37.6451 41.4841 38.6009 41.078 37.1013 37.9149 15.8036 16.7198 17.6693 18.6262 47.687 54.3757 47.5863 46.857 37.3675 40.6837 36.4043 37.1183 95.4715 99.2694 96.1802 90.13 22.8414 24.0212 79.9801 78.202 80.1139 82.2554 86.5885 92.9821 41.451 38.7611 30.3391 34.0116 73.1135 97.3482 51.5191 62.9924 53.1076 54.3576 54.8626 59.8565 66.7353 77.5877 79.5296 71.9593 66.5472 60.4396 61.3222 63.3849 32.1495 33.894 32.7682 34.6978 31.9982 34.6232 34.805 34.8368 45.6116 47.6463 47.9497 45.6965 38.6824 40.8115 43.8569 39.9711 66.8231 62.1775 66.2333 65.6835 41.7181 37.9966 37.5352 39.3084 41.422 43.3915 36.5083 39.1059 77.727 76.7368 78.7585 80.0777 40.1715 38.0456 34.8518 37.3091 15.1725 26.3628 20.94 86.0578 74.3419 44.2472 45.0055 10.6996 79.5043 81.7284 60.0832 0 35.8257 49.4548 93.2118 34.5532 72.8428 21.1556 54.8108 25.7228 95.8238 46.7713 48.3666 78.4214 23.1925 35.739 40.7938 48.4215 31.3843 49.1916 15.8062 47.7792 42.4862 84.7846 45.6169 67.3585 69.541 74.7722 21.9711 71.3902
70.6809 64.9284 67.9803 67.7714 65.0302 64.8987 75.6227 81.2833 77.0056 83.6872 76.3134 87.0101 83.4728 88.3835 89.4137 87.7051 93.0428 91.1927 90.6861 97.5563 91.5815 102.766 83.0623 89.1679 76.8228 92.4816 87.0108 82.5071 94.761 89.964 72.6742 70.6187 74.8156 74.8486 75.8465 72.6901 77.4164 66.7887 51.6584 63.0637 58.4423 61.4502 60.4532 58.4662 65.0718 68.0741 61.3297 68.4092 66.0226 73.2257 69.2871 70.8505 66.2721 68.2576 45.3225 46.1868 51.9462 55.0639 48.8185 46.8022 49.7292 50.6205 24.4325 27.5877 27.3269 29.6471 75.9347 77.7953 67.3026 67.5313 53.922 63.313 88.8697 87.1333 90.7384 97.3822 81.0346 74.7981 21.5347 20.6146 51.8404 60.0175 66.4959 104.483 69.9819 61.7349 56.7216 65.2215 62.9635 59.6448 54.2092 57.4244 58.8435 51.5292 45.6977 45.8204 42.23 42.8806 44.6181 48.8861 44.0931 44.2256 62.3461 66.6767 66.3925 60.8798 62.3685 61.9834 61.3062 68.4696 80.5955 69.1982 70.5445 81.489 55.9664 49.2751 49.9305 55.3169 27.5727 28.7436 30.0253 33.6145 13.8511 12.9414 12.7814 10.9124 51.483 60.7949 54.5742 59.3802 41.1878 46.8482 49.3267 49.5374 34.8572 11.153 47.187 90.3412 86.7823 70.0352 56.2959 46.1215 85.3166 69.5615 34.3535 35.8257 0 20.0197 75.5892 27.6836 82.2807 25.9415 22.9894 13.1737 86.7496 41.8879 43.8303 52.7089 43.9936 9.19482 4.40575 14.0407 70.8514 27.2897 54.8455 27.2998 7.05415 74.5757 9.704 65.9704 52.4989 48.1915 20.7636 79.8697
64.1059 72.6003 68.4698 67.8847 63.4847 70.0668 72.357 86.683 87.2849 77.5585 87.5905 77.6075 87.8148 91.5698 88.4817 84.4544 85.651 99.22 86.743 91.951 97.5204 92.911 91.5894 84.35 89.0321 90.4377 84.0877 80.031 95.8646 83.7349 94.4043 91.5677 89.6236 86.0628 91.2669 88.8518 81.7654 92.539 44.5045 52.7801 50.2469 47.5458 52.4196 54.951 50.4598 57.0587 71.2915 79.1684 72.5959 75.0698 70.7267 79.0987 87.0743 87.1601 65.431 61.3103 71.3954 68.8299 45.2647 51.5794 46.8824 50.1988 28.171 25.8874 29.2594 29.5843 59.658 54.1912 58.8999 63.2062 69.2882 70.9966 101.679 93.1515 98.5142 94.3447 68.9824 67.5505 38.3878 36.9092 65.1635 70.5169 50.8479 114.962 63.7811 57.2608 65.7423 60.8 63.9247 61.5491 39.1089 38.9726 37.0387 42.6089 34.3117 32.9912 32.006 32.1808 49.0259 52.2034 55.8477 56.1508 66.6213 74.9889 68.973 72.2442 77.4789 64.2328 74.4214 66.7304 98.4191 80.4495 89.732 83.0517 42.504 42.7212 40.4205 47.4541 29.8375 32.5468 34.737 32.8741 29.8887 27.8183 26.3126 29.5047 41.3903 45.0306 40.69 41.5296 44.2615 48.2939 51.1264 50.2841 50.9594 31.4143 66.8857 95.5607 70.943 80.0527 58.4949 58.4892 78.7366 66.6577 20.0487 49.4548 20.0197 0 53.7938 34.3085 74.8622 35.6889 5.18676 32.7007 97.5089 37.0326 42.4476 34.9685 61.1136 21.5023 17.8891 5.45564 84.0204 22.409 62.8302 20.0489 19.1369 52.3531 19.6631 62.0884 26.681 31.7771 31.5308 65.33
75.8162 80.7456 70.6031 81.2893 80.2401 70.5756 72.9115 76.5113 83.3394 76.1597 77.8762 72.3206 83.3215 81.5776 72.5138 83.4434 84.3101 76.2335 71.2132 69.8897 74.0507 74.104 96.027 83.3893 81.6123 98.743 78.5506 83.7489 81.351 97.935 114.562 126.843 129.758 111.184 121.848 115.184 126.683 114.509 39.1023 41.247 35.9592 37.709 35.3701 33.3947 34.0651 40.8396 113.887 100.677 110.236 104.636 98.0037 108.576 95.9362 101.003 98.7479 92.6474 93.1026 94.8149 62.2489 55.7407 58.0606 61.9942 53.8093 58.4982 64.5065 51.9532 19.4282 18.0587 20.8418 20.2598 120.312 107.37 84.8798 89.3412 87.5319 87.7288 35.4274 41.1267 82.9454 89.6027 87.7613 86.0587 28.2552 96.0198 84.3697 63.458 65.3163 69.3814 69.5182 63.6981 21.4714 19.092 22.8225 20.3644 32.4727 32.252 32.308 31.8213 78.0311 72.4858 73.8177 67.6177 101.752 94.8699 105.22 90.5728 79.9264 93.3991 92.4723 85.4899 116.318 116.121 110.812 130.644 36.9438 35.4251 36.8856 40.8994 58.1523 51.6201 58.0959 60.8209 73.4246 79.8219 84.6904 73.0856 21.3349 19.3197 20.7201 20.3144 65.2562 70.9416 62.6048 68.6403 78.7513 71.9348 86.3052 76.6612 60.8311 103.455 82.0559 112.518 81.9813 46.3967 34.5926 93.2118 75.5892 53.7938 0 59.1503 66.7593 80.0643 47.0657 84.7362 79.5872 57.8294 52.4116 18.2736 96.9702 67.2539 61.4084 57.5906 96.8214 48.6449 98.1447 51.589 74.1317 23.9799 73.28 49.379 23.7694 20.2342 82.9673 66.0784
39.3516 39.2961 42.131 40.0929 35.6299 39.7263 52.0961 58.7256 57.8324 53.6544 57.2719 63.3149 53.8409 62.6166 61.5901 64.1377 65.5917 70.7246 61.7639 67.7717 65.9108 66.5594 56.9534 51.3388 59.6293 62.9988 56.5332 54.8294 65.7119 66.8374 55.3941 56.1482 57.992 60.2503 57.1192 52.2593 54.3763 63.038 34.2419 31.9417 31.7063 35.4741 41.0989 40.0967 36.9587 44.0411 52.8632 46.1876 45.6247 56.5293 45.7795 45.5405 47.6455 50.5969 35.6176 34.0474 40.3143 39.9016 22.3105 24.6382 22.0871 28.1312 4.72609 6.38854 2.7673 4.29653 50.7461 57.1309 50.6082 61.9211 49.5272 49.9981 67.2275 73.5837 71.5691 75.0398 49.6671 55.5473 51.766 45.4681 35.461 33.6933 42.9837 85.0588 43.4103 34.3964 34.676 35.9866 33.5767 35.3774 41.566 36.9376 41.6512 40.0976 32.2767 33.94 31.2733 30.2553 20.6228 22.7341 23.9612 23.622 38.5776 45.3237 40.7934 43.1918 36.4744 39.3808 44.0346 40.5202 56.2349 54.8758 67.2297 64.8789 27.6238 30.7945 30.9309 33.1913 4.30323 5.4756 4.22867 5.69069 39.1357 40.7206 40.9385 39.8603 45.653 43.5428 41.3041 39.5471 17.9703 17.4038 20.8542 20.4771 22.8904 25.3339 35.5463 68.0253 54.9537 48.598 32.1489 39.6506 63.8622 48.0931 31.3984 34.5532 27.6836 34.3085 59.1503 0 50.4669 13.9248 33.0459 33.9331 66.0858 10.6515 17.5121 37.3357 30.8854 18.4331 26.5249 27.2017 44.9407 11.6474 41.6437 12.9842 35.4556 47.1239 34.316 35.2352 39.9023 39.5476 16.5617 50.4327
22.7825 26.22 23.4975 22.094 26.8006 22.0869 10.5491 12.3662 11.1884 13.7936 6.8567 8.33316 9.87644 10.6101 10.0753 9.86325 12.4954 13.6173 13.1711 13.2974 13.2798 15.3534 23.2987 26.4718 28.0573 25.4649 22.6948 23.1021 24.1304 23.3175 71.4895 77.0349 70.8689 75.3867 75.1886 79.5414 67.9112 73.7391 35.1584 29.6263 29.4661 32.2584 34.6957 33.9691 28.7141 32.0893 56.8091 68.0119 67.4414 68.2368 60.7686 53.6744 61.2768 55.1862 63.4007 71.547 61.7596 59.8141 30.9832 28.4546 32.8766 28.9575 53.3266 56.4881 59.5448 51.9771 51.8085 49.2577 46.2074 49.6544 78.0618 76.363 21.9384 21.4596 17.6134 17.8399 27.4171 27.9231 96.4794 106.49 48.7215 51.2245 38.6045 27.0135 37.1274 19.4888 21.0082 22.3437 20.7927 21.5526 57.294 50.2724 55.9369 51.1569 55.3766 54.7199 46.3603 49.919 37.9306 42.8665 43.3821 44.3407 51.7103 60.1659 58.5161 53.6871 35.1548 34.5925 41.6184 37.9601 71.7592 74.8455 75.808 77.1768 40.1129 39.6796 37.0809 39.1488 50.743 46.8539 48.8039 48.725 95.9269 93.1675 98.9111 85.9268 55.0667 50.6853 50.7225 48.0665 42.3332 36.7841 40.1033 42.5654 66.5699 71.895 55.843 11.1729 3.01872 50.7306 35.5508 77.4228 9.70932 23.8064 71.1568 72.8428 82.2807 74.8622 66.7593 50.4669 0 59.3246 75.6703 82.7609 11.3118 45.7264 38.2552 59.7999 62.6021 70.458 87.5296 84.7636 67.7944 54.5655 81.5638 62.4767 84.9606 41.5 91.2402 19.8209 71.7825 69.1584 74.833 8.89961
40.6048 38.4984 41.9423 43.0127 35.4449 37.9134 57.1394 53.1142 58.6584 59.7889 58.3417 60.0239 65.8925 67.4851 67.9959 72.3469 62.955 64.3775 66.9502 75.5525 78.9026 76.8004 51.5189 56.8278 52.9001 61.7166 60.4049 59.9864 62.46 63.5207 52.0467 53.289 54.8054 53.7691 41.0588 45.3837 50.5822 51.3751 49.7124 46.609 45.7134 41.3543 46.5377 51.9221 48.389 49.5281 41.3897 42.5343 41.9015 46.5517 39.5615 41.3255 38.9394 41.2358 24.2553 23.9469 28.9539 26.7383 27.2146 30.4353 27.6011 28.6026 16.7379 19.1974 14.9301 16.5737 69.8346 67.2438 72.5662 64.5445 34.9856 33.8473 61.7892 68.9383 65.7678 78.4017 66.7614 64.1515 42.2345 44.1293 25.765 27.7642 53.1594 83.2973 36.4357 38.4669 42.7836 40.3344 43.5478 37.6605 54.2131 52.968 47.7125 58.497 44.0932 44.542 39.8344 46.8955 19.7139 21.6218 19.6427 19.1561 31.2464 33.3958 36.7315 34.971 34.8459 39.5721 38.9317 35.1812 45.8465 48.1228 51.0335 47.6206 39.3156 41.257 44.0511 44.9102 16.501 16.8314 17.5503 18.597 35.9545 37.5376 41.618 40.9228 54.4694 51.8366 53.5615 58.8389 20.5187 20.908 19.979 20.0504 12.0082 20.3385 19.7779 77.1602 60.0967 41.9264 29.0034 32.5082 64.404 53.1611 43.0655 21.1556 25.9415 35.6889 80.0643 13.9248 59.3246 0 42.8257 29.2684 72.4701 22.5667 26.8803 50.8958 19.8462 20.3906 27.1992 33.5796 38.9345 27.24 32.2255 28.4243 37.8125 66.9356 40.4728 38.4869 52.7674 61.6118 8.42303 48.8508
65.1425 76.957 76.0801 73.0421 65.5671 74.0236 81.3802 84.2027 86.0624 79.0839 89.4154 83.5958 80.4531 87.1553 93.4435 93.5406 97.027 95.2746 92.0687 88.4545 85.6534 96.4162 94.063 89.2054 84.5119 91.4509 86.5009 99.0405 86.5363 92.3419 88.2936 89.1244 88.8978 103.16 95.4857 92.7413 89.2719 84.6112 48.7191 47.897 55.0435 53.9935 47.0939 49.4747 57.2339 58.6829 84.2597 83.4867 83.3375 90.3005 81.6572 83.5641 88.3599 87.4267 66.6701 60.8721 69.523 73.0888 54.4146 48.8783 50.8001 56.2328 29.0861 28.8938 32.008 31.2692 56.6383 58.5134 56.3805 52.6854 86.3745 83.8272 90.8109 96.2448 96.6558 94.7463 62.9438 64.7499 47.1636 37.6744 65.6449 67.4803 48.6782 97.2347 79.3214 67.5836 64.6219 62.9566 67.4889 65.4363 38.6872 35.1775 34.7726 36.5715 30.1856 34.7734 32.297 35.6533 57.4599 58.9102 53.87 53.2772 71.6308 79.8428 84.8356 73.5043 73.9697 78.8478 68.9583 81.5095 94.215 97.6823 87.2625 101.686 40.8244 47.5475 47.8296 44.7164 36.8968 37.9215 38.8182 34.9927 34.5725 30.0855 32.7605 29.5557 43.2633 40.7261 42.4327 38.6806 52.4359 52.7923 53.4057 55.6184 54.0933 37.0416 65.8685 82.9623 74.7882 86.4069 72.8298 76.3317 80.7528 59.7651 19.4677 54.8108 22.9894 5.18676 47.0657 33.0459 75.6703 42.8257 0 42.1837 90.6337 40.4625 40.9355 32.6951 67.3534 25.344 19.967 10.0302 83.7279 27.0871 68.6571 23.8637 20.8235 56.6889 26.3266 58.8662 23.5058 26.7878 35.641 72.2414
69.5944 66.2862 66.6562 67.8994 64.5499 75.6933 77.7573 77.1507 84.8179 89.7237 83.4182 84.8775 84.0306 99.0323 103.11 98.6032 87.1356 87.569 92.9284 94.1482 99.918 92.4156 81.8513 86.7599 89.0314 93.0913 92.5335 95.1043 92.4292 81.3503 64.4594 67.5898 63.1224 63.7963 61.9133 61 59.3016 64.5213 70.1892 71.6284 66.7546 61.3417 73.8534 77.0495 77.4341 73.1542 61.9908 54.6938 65.2215 62.9831 57.697 60.1966 62.7424 63.4093 40.851 42.5266 42.2735 47.1307 54.56 61.6366 55.3497 53.6728 33.8155 36.3592 32.9364 34.638 86.6477 78.9083 80.4603 94.4428 45.7523 51.6794 92.8624 102.576 104.275 90.4161 88.4861 92.0522 15.8475 15.9844 48.8605 51.1409 81.1999 106.985 65.7507 70.0591 71.2353 61.98 67.9948 61.7227 70.9276 68.5642 66.371 70.5943 59.1074 57.7106 53.2468 62.9211 49.1814 47.2167 52.2052 49.4373 58.1073 58.4926 57.4384 53.3742 65.2538 62.0039 60.3145 58.8862 61.3806 64.0857 61.7595 68.0872 66.2835 60.3291 64.0809 63.7246 34.7064 38.8437 34.1423 39.4754 16.1575 16.3622 13.1647 13.6769 69.6928 75.493 74.6912 71.3085 47.7327 47.2139 48.3604 47.7247 31.1921 9.10529 46.5859 104.585 91.3199 68.5529 55.5538 34.2808 100.03 72.386 48.1881 25.7228 13.1737 32.7007 84.7362 33.9331 82.7609 29.2684 42.1837 0 102.66 44.434 52.4453 60.8909 44.2933 18.9006 17.0079 29.3347 58.6473 40.2625 45.4178 40.3152 19.3483 71.9232 18.324 66.5747 66.9539 60.7262 18.2031 76.8842
33.0601 37.2341 31.267 33.1817 35.7892 29.8512 19.556 19.3157 19.1546 18.3232 14.8071 12.2403 14.5969 12.6456 6.74419 6.77628 8.01019 9.15904 2.41355 3.23966 4.30045 6.01563 31.0771 35.0532 34.5331 36.1401 27.1388 28.1942 27.1712 29.2279 84.8345 92.5733 91.9483 89.0497 87.3558 76.0667 87.1787 83.8922 39.844 41.1449 42.7172 37.9913 40.6291 37.1798 42.1979 38.4256 76.6279 76.9727 71.5254 76.1119 63.745 69.29 59.9226 72.3842 75.0045 72.9261 71.6047 81.7366 41.3148 41.5843 46.9443 41.7927 68.2666 72.3008 74.5996 72.5599 55.7315 58.2892 51.3085 51.2656 90.2857 86.6617 23.2233 22.8961 16.0163 13.805 34.0777 36.0972 121.969 114.788 69.0791 68.2261 50.4701 15.9816 43.6764 34.0313 32.2026 34.9827 34.4065 31.4749 57.0347 60.6526 56.8195 56.9135 55.9976 56.5589 65.088 62.8231 54.9381 51.088 53.4914 58.1441 73.4054 64.4753 60.999 65.1972 46.6304 43.1527 49.4645 45.2235 77.0728 78.8659 86.9087 79.8794 47.8364 46.6153 47.6774 50.3324 57.818 61.8495 59.1979 56.8738 108.585 103.82 111.121 108.856 66.1321 56.042 53.9391 64.0269 57.6536 54.0235 55.0115 49.762 77.6898 82.0177 70.9958 1.7773 10.8619 57.7546 46.877 93.9861 12.3539 28.9123 71.1919 95.8238 86.7496 97.5089 79.5872 66.0858 11.3118 72.4701 90.6337 102.66 0 53.2424 55.9862 69.5537 72.7836 86.7871 94.5943 86.3051 75.7768 65.2337 85.9524 65.0402 99.0131 54.5977 99.8207 31.1476 71.7887 75.9308 80.4571 20.8145
34.4983 32.2198 34.8489 32.9583 30.8379 27.9339 44.7586 40.298 41.4551 43.4755 47.0427 51.514 49.4261 48.6251 57.2846 55.4222 52.1563 51.0042 56.2822 59.3596 61.0442 53.4049 45.6411 48.6376 52.7912 49.9019 46.0046 52.8347 54.4854 53.7781 58.2875 62.8489 59.5942 67.0205 54.3887 54.8594 55.1217 57.5946 22.5247 22.0226 25.2512 23.7216 29.8939 26.7904 29.2326 29.7801 46.4187 47.0516 55.7515 58.034 43.8892 46.2116 52.7891 52.561 43.8387 37.658 44.6888 40.4229 12.2574 13.9428 14.4216 16.9773 13.3609 12.4087 11.5867 9.72497 44.6609 46.6893 40.9597 45.3976 50.2103 52.4219 55.0615 57.1594 55.0284 56.9707 43.7847 40.6901 61.2968 61.7915 39.1105 33.048 31.6984 76.6429 37.3729 21.405 26.5058 26.7321 25.947 27.795 32.7677 30.9639 30.6283 35.4167 23.2012 26.8473 21.978 22.1033 17.7119 19.2693 21.1413 19.4205 46.5038 43.4738 44.9261 39.5181 36.0219 38.3622 33.1533 36.1812 66.9491 65.3777 67.0983 62.3883 20.0414 19.144 19.7534 19.7932 8.87547 7.25144 8.43579 7.34995 51.0857 50.3352 48.6324 49.0431 38.7478 33.3248 38.3347 38.2295 13.3522 15.0449 14.8339 15.3062 29.936 33.9191 39.9283 56.8125 44.3561 48.5714 27.696 50.0169 53.7526 33.0149 35.455 46.7713 41.8879 37.0326 57.8294 10.6515 45.7264 22.5667 40.4625 44.434 53.2424 0 5.29362 35.2894 35.7603 28.0527 38.8242 36.2921 49.5798 11.5034 49.9122 16.7769 45.1155 38.2297 46.13 24.3671 36.9193 40.4739 25.2596 33.6196
32.1149 30.3308 32.3982 30.0893 30.8 27.2888 37.9318 46.1705 46.2401 45.0419 42.2304 40.2813 49.0165 45.9323 53.2434 51.8282 49.7801 52.8591 47.0314 53.1872 54.0383 59.8463 45.9314 43.9579 50.4819 53.8487 43.6695 50.1132 45.2815 55.2353 63.9074 61.1566 62.2312 74.926 64.3451 65.2047 63.2774 65.9744 18.1247 18.9959 19.9446 16.5699 25.9462 23.6248 24.829 23.5356 57.5211 50.7419 57.8008 53.2315 53.8238 46.4186 53.2661 56.8662 47.4418 48.4468 48.2177 49.3267 11.1042 10.719 14.0307 14.9406 16.8296 16.741 18.0254 15.0032 43.1302 40.8902 41.9347 42.0512 57.8765 61.1095 59.1697 56.9394 49.5944 59.8857 33.4783 40.1733 69.4025 57.2241 43.7022 42.3082 29.4882 67.5033 35.1974 20.1691 22.8494 24.0614 23.7985 22.7884 27.3724 29.6742 26.0253 28.8077 19.6837 22.8378 18.8182 22.1258 21.9877 22.2551 21.7763 20.5109 50.6779 44.752 48.3979 47.135 36.7744 39.2831 38.2468 38.383 69.6052 69.8755 74.9068 73.1912 16.0455 16.6979 15.2366 15.7415 12.8947 13.1639 13.1665 11.5752 60.7477 57.9537 50.2495 55.9502 32.4794 29.9723 30.5429 34.0965 18.6478 17.3614 17.2471 19.4607 36.5563 38.1713 44.0639 51.3561 37.1682 44.5909 29.5102 56.0633 51.0633 29.7398 33.6604 48.3666 43.8303 42.4476 52.4116 17.5121 38.2552 26.8803 40.9355 52.4453 55.9862 5.29362 0 31.2725 41.0958 31.658 37.4426 35.4245 54.8025 13.2947 49.7244 16.7699 47.2451 33.1377 47.5268 17.9951 38.2909 40.8335 32.1014 31.0709
55.0055 63.8746 54.5483 65.2007 53.4973 57.4617 63.0426 68.4406 70.4446 71.1808 63.2403 67.0978 70.725 60.9566 66.3458 69.1768 67.9513 72.0641 72.6096 72.2255 69.1054 74.296 74.2124 73.9356 73.3191 70.7881 72.0278 74.0617 68.9446 74.1453 97.7562 107.168 106.665 96.2413 99.919 96.8545 98.0141 96.3421 25.0442 24.571 27.6471 29.8036 24.5494 24.9875 29.017 27.6951 88.8612 84.3293 92.9347 85.2314 76.1402 81.4548 92.2353 90.5736 73.5268 77.7561 82.9242 82.5858 46.4201 39.2964 44.5068 46.3705 39.1463 38.8685 38.8234 33.9986 20.634 22.0466 22.1509 22.3853 96.0486 94.1083 85.3234 82.933 81.3675 74.0107 31.6105 37.4995 75.6586 69.0856 75.1219 64.8225 19.4147 81.7887 62.9117 42.7378 49.3128 50.3652 51.6318 51.9975 4.54724 4.9659 5.75063 6.40639 11.266 10.1447 12.036 11.4701 52.1201 57.9509 53.1705 51.7469 74.5637 81.6988 81.7122 71.517 73.9583 69.6664 67.6525 70.5173 98.447 91.6011 97.0894 92.9842 20.7648 21.9636 22.6774 20.8974 37.9722 39.6193 37.8638 35.9436 66.2383 60.8178 57.6018 55.847 6.34421 6.89172 7.04064 7.09694 45.1942 44.5535 49.0493 45.669 61.5168 52.2409 65.7363 63.8329 57.3986 85.3025 62.571 77.0632 67.4269 34.2585 15.2145 78.4214 52.7089 34.9685 18.2736 37.3357 59.7999 50.8958 32.6951 60.8909 69.5537 35.2894 31.2725 0 73.4101 46.0475 47.4576 41.1709 79.3398 31.1737 82.9187 26.8386 50.1641 22.5318 51.2308 37.1299 10.8069 8.51844 52.9625 49.9228
32.8983 34.0446 31.4122 38.2793 33.3143 39.1519 55.2692 49.9815 48.1126 49.2842 58.835 52.8577 60.3022 53.2201 68.8753 68.8796 61.4341 58.5184 67.0956 73.7264 72.3449 68.134 46.9247 42.3828 44.4532 49.4855 45.8993 50.4505 45.3748 55.0213 31.0739 29.6997 32.0998 32.662 23.1452 24.486 28.9282 25.1544 51.3734 52.921 58.4102 53.2148 66.0904 61.5674 61.4978 58.4365 16.1139 18.2113 19.3899 20.2582 15.9313 16.9423 20.0763 21.2697 11.2188 8.49895 10.5495 7.58422 34.0823 38.4403 34.4083 37.3584 35.6483 36.1132 36.4388 37.1684 79.5577 81.727 78.0259 73.1158 19.5434 20.0926 57.3499 58.6392 66.9484 68.8243 71.9781 77.1131 53.3297 60.4022 7.86006 8.08376 70.5282 73.459 25.4854 43.4271 37.8216 38.1374 38.0223 42.7705 67.3045 74.8167 68.7098 71.6365 63.7114 61.3162 57.424 53.6393 18.2792 20.4808 17.0392 18.5826 12.9391 12.3069 14.1273 13.9463 21.7971 24.727 21.5109 22.9916 30.0525 30.5815 29.8231 33.247 50.6225 59.8495 54.7526 57.3894 32.8223 36.6369 34.2207 30.6034 56.5078 58.5645 51.6326 52.3838 73.6763 67.5777 67.9086 72.7292 21.9592 23.6023 23.7122 24.4598 11.5299 38.5698 2.79261 65.4684 58.4583 22.7918 20.9126 20.0809 56.6892 65.5773 63.1726 23.1925 43.9936 61.1136 96.9702 30.8854 62.6021 19.8462 67.3534 44.2933 72.7836 35.7603 41.0958 73.4101 0 40.8032 49.3412 54.0233 18.6151 40.9618 18.0748 42.279 55.4254 70.6874 62.2317 49.3652 68.7346 74.3775 26.8845 52.149
61.943 54.0339 56.4845 61.4679 55.4635 63.5113 78.5596 72.0572 75.4411 78.0402 68.8956 74.4417 77.8989 85.6286 84.9923 86.677 86.8069 93.0319 77.3689 89.6117 93.07 90.376 67.3387 72.7592 83.8009 78.834 81.0038 73.0187 80.7923 78.0846 62.6325 70.5897 65.5794 67.7678 59.2768 64.4794 71.7736 68.9923 49.0517 47.2567 46.9081 46.0011 58.8948 56.669 51.104 54.5147 60.4078 62.3834 60.6904 63.6071 57.4788 65.5149 67.5677 58.4231 43.9384 43.4883 42.498 47.5595 37.6822 43.5018 43.531 41.4733 16.8521 15.7988 17.2808 19.2048 59.9174 73.8626 65.9622 61.3399 56.735 58.9743 82.5404 78.864 85.9858 79.5531 63.4226 69.5528 28.0451 28.5567 48.0579 47.0522 61.0172 95.3868 53.4822 53.4433 52.7865 52.5206 50.8593 51.6366 43.2161 50.0235 51.4173 51.0611 34.8358 39.6317 35.2544 39.5706 37.9358 40.2917 40.6186 42.688 56.5659 53.5353 55.678 51.8407 55.6871 59.9288 60.2076 61.1787 65.3177 72.5644 69.7663 72.3938 47.1482 46.8746 40.0265 48.3208 20.3646 20.2452 20.5453 22.9639 20.1597 22.2092 19.6647 20.8414 52.3702 51.6948 46.3436 48.2707 38.5982 37.2272 38.2042 37.551 32.7437 10.3604 40.2553 78.0204 79.5231 63.2549 50.4947 47.0362 74.8584 62.6717 32.2022 35.739 9.19482 21.5023 67.2539 18.4331 70.458 20.3906 25.344 18.9006 86.7871 28.0527 31.658 46.0475 40.8032 0 7.68037 14.0492 55.4939 20.1707 51.9814 17.98 15.3122 58.0799 17.9183 55.2431 42.9121 41.9429 14.3271 61.1922
61.1486 72.1922 69.4345 73.3646 58.5394 60.2563 76.2032 86.9056 81.7469 87.6687 75.006 87.0463 85.6997 77.9672 96.5654 86.9152 87.4247 97.5672 96.5171 95.8218 97.4344 99.0803 79.8917 85.7395 87.1547 77.4449 90.6409 87.1653 88.2218 84.2455 72.2432 80.214 79.3201 73.137 64.7145 77.2984 79.3086 80.9761 49.1828 55.1706 58.0673 60.4273 61.7615 61.7298 59.0845 65.9802 61.6872 68.9657 69.4236 75.7818 69.6505 62.0607 67.6954 63.6775 49.5498 54.7057 48.101 53.5859 45.8249 53.0086 52.8205 46.8707 22.4321 26.0287 23.5682 25.6555 65.803 71.9117 72.9756 75.985 58.997 63.079 90.5862 100.204 94.6455 96.9673 73.4554 79.6727 24.8063 21.676 60.1882 57.8573 65.5786 100.482 61.0076 56.8042 56.4527 56.0446 66.3871 55.7052 52.6594 54.9765 47.5242 49.5001 39.2074 46.9481 46.2118 40.5205 43.879 45.6268 48.9299 47.5787 67.4337 60.9026 64.2718 63.57 65.4012 65.1749 66.8981 63.3468 84.0218 69.083 73.1824 81.5501 47.4852 46.3256 51.544 49.9953 29.5328 31.4521 29.658 31.9862 14.0506 15.0879 15.4973 13.0584 51.0474 55.1042 49.7684 52.2605 43.3114 48.2431 46.1741 42.007 39.2429 12.9409 52.704 94.3694 77.9767 71.7253 53.2794 52.2088 82.0738 62.988 32.4743 40.7938 4.40575 17.8891 61.4084 26.5249 87.5296 27.1992 19.967 17.0079 94.5943 38.8242 37.4426 47.4576 49.3412 7.68037 0 10.4309 68.6134 29.9187 48.2224 23.5917 7.4966 69.506 11.2167 63.9697 47.342 45.7595 21.0057 74.8456
66.0898 70.245 70.9492 70.5178 71.2924 61.6168 74.9287 75.8811 81.5469 87.1914 85.3624 82.2431 88.792 82.802 81.6557 90.5202 98.3212 85.1304 98.5397 84.4107 97.7851 86.1928 82.0474 83.8391 80.4344 87.9025 84.6118 94.2943 92.1325 87.1284 77.3761 85.6388 88.7118 91.8802 80.1298 76.2057 84.8186 90.1096 46.9395 54.0294 49.2061 56.0828 53.421 56.1493 58.187 56.7605 66.7958 82.4196 76.8536 84.5277 67.947 72.3225 76.7631 73.0399 53.204 56.8743 65.1578 56.2254 49.0272 47.4897 53.0815 52.6291 22.6758 23.1844 28.3017 26.7181 65.7678 65.7094 60.2957 58.0869 70.8322 76.065 88.8035 87.475 91.841 96.5566 67.4454 67.4683 34.641 34.3705 62.0917 58.0054 56.3609 110.448 73.4594 60.1276 56.3735 60.1873 65.1569 59.7562 46.0296 47.157 39.1071 42.3593 35.7898 38.8147 32.8143 38.4506 52.4577 48.8489 55.133 53.9237 66.4292 75.0291 76.885 75.9625 71.0535 74.1499 76.1254 67.047 83.3101 93.0113 88.2932 90.8482 40.3715 44.8478 41.332 46.5692 29.3491 30.1141 28.9215 29.1135 22.6902 21.4938 22.3219 23.6379 48.6951 44.315 46.2903 44.6861 47.8596 43.993 49.0735 52.3715 42.9198 23.2146 56.9679 85.7721 81.2307 69.3793 56.0496 62.2024 89.2226 63.8262 23.447 48.4215 14.0407 5.45564 57.5906 27.2017 84.7636 33.5796 10.0302 29.3347 86.3051 36.2921 35.4245 41.1709 54.0233 14.0492 10.4309 0 72.4776 26.635 61.1911 21.4062 13.2281 62.5936 15.4176 55.1398 35.3197 32.9647 30.5637 66.5391
44.9159 41.9232 41.3522 43.0299 38.2266 44.7068 61.7112 56.5075 60.9171 57.7654 58.2275 68.4057 61.2367 62.0422 74.7415 74.9988 71.9939 71.4291 71.2176 75.0459 67.4131 74.712 45.6877 46.826 44.2143 48.1115 46.8453 46.703 53.5713 54.7458 12.1671 13.4872 14.5221 14.1306 6.83467 8.21418 8.73725 8.84176 74.2094 64.3974 65.8585 63.1127 69.6181 79.4133 78.5183 81.3259 4.15466 5.22265 5.15241 6.43526 9.72472 10.6905 10.2987 10.2877 18.7587 16.1084 13.539 14.9159 48.2154 54.3005 50.8411 51.5349 56.4418 50.9306 56.7874 55.3097 95.0301 105.368 102.227 104.951 13.9105 12.5856 64.2895 60.3694 63.0072 73.4142 87.6484 93.6003 70.723 72.7368 14.3652 18.0691 83.5752 74.8302 32.284 50.346 50.669 48.378 49.0601 51.6683 78.2098 85.5171 76.8379 79.3999 80.8431 69.1835 71.0442 80.9497 33.8807 33.1276 35.49 36.9539 10.1098 11.4693 10.3069 9.46662 29.7311 28.4188 27.6261 26.1347 10.821 11.4183 11.4468 11.4237 73.2267 71.0773 66.7417 76.7163 49.6065 49.8205 55.8092 49.5955 79.8445 78.7555 64.8338 65.89 79.1999 83.0698 82.2115 93.7228 40.451 39.7707 40.3452 34.9234 31.6269 57.5163 16.4989 67.9371 72.8963 18.4028 33.0191 22.5652 59.0358 70.59 87.3504 31.3843 70.8514 84.0204 96.8214 44.9407 67.7944 38.9345 83.7279 58.6473 75.7768 49.5798 54.8025 79.3398 18.6151 55.4939 68.6134 72.4776 0 61.678 19.5095 67.8345 78.2551 95.1853 71.7662 62.8915 93.9178 98.6528 44.9798 68.7703
40.8102 45.0287 47.2496 42.2156 39.6706 41.9856 60.7288 53.8543 59.989 56.523 61.3213 60.0485 60.9815 58.7064 66.1728 67.0122 63.5281 62.8111 70.3632 61.6751 62.4077 65.2855 64.8127 56.3754 61.632 68.8802 64.9229 61.4717 57.6703 62.617 64.725 73.813 78.5893 73.74 69.445 69.5903 66.7452 76.1244 27.1217 29.8142 25.6604 28.8208 31.4067 33.3645 31.8218 33.7415 60.6883 63.9512 63.0072 65.7914 55.6905 54.0192 63.9598 64.4732 46.6505 44.4797 47.5706 47.3808 22.5747 26.7427 29.5859 26.6998 9.29233 6.79147 9.28147 7.5816 44.4196 43.3643 40.4077 48.0666 67.7063 58.7973 74.6258 73.2126 66.686 68.8012 43.6862 50.3795 53.5732 54.4417 44.5656 47.4619 35.7914 80.7375 49.0927 33.026 33.614 37.633 33.4929 37.0888 25.3776 30.2969 29.7827 26.5221 16.4764 17.8767 18.2519 18.1723 32.361 27.1036 29.9045 29.4446 56.9906 52.0811 59.766 52.4682 45.5642 44.461 48.3124 53.0234 78.4214 70.8145 71.9549 78.6798 20.3027 24.7094 23.0401 24.1783 9.99874 8.20539 10.5524 9.68104 46.2511 38.8992 40.4055 39.9167 27.9078 29.9645 32.0503 33.7395 27.3777 26.6803 25.0585 26.4503 39.0538 29.4719 47.4644 60.2314 56.167 61.0576 40.9616 52.443 57.0939 36.1349 21.9776 49.1916 27.2897 22.409 48.6449 11.6474 54.5655 27.24 27.0871 40.2625 65.2337 11.5034 13.2947 31.1737 40.9618 20.1707 29.9187 26.635 61.678 0 55.7682 3.90039 35.871 42.4598 40.9561 30.4555 29.7961 28.3835 27.9208 44.5365
50.028 45.5174 46.6148 51.9083 46.46 51.0734 65.4487 61.5087 61.3689 65.0474 72.9993 69.3784 69.7185 75.9144 81.3262 81.1462 75.3005 79.0613 78.0887 83.1277 77.4019 92.1152 59.0062 61.9803 59.2873 54.4077 63.0022 68.141 61.34 69.0509 21.8195 23.0567 24.531 25.6383 18.6069 22.5828 22.6736 24.8065 77.2144 71.3818 76.0196 63.9982 77.5374 80.1153 75.5556 68.5258 22.2881 22.5033 22.0704 22.2376 24.2254 27.0545 26.5866 28.2276 6.50774 8.20618 5.89741 8.85858 51.6906 54.2839 44.8991 51.7776 44.9432 51.4935 42.8075 44.9565 97.1101 104.684 99.3147 97.145 8.04813 6.87146 71.9398 80.1025 74.7341 85.1638 80.6995 93.8924 58.8818 58.0595 20.7798 25.5578 74.6037 91.4901 40.7275 60.3881 53.3811 61.3117 49.8566 52.332 89.418 77.5983 85.5412 79.4556 69.4366 74.7867 71.1013 74.6881 33.6954 38.1381 32.8623 37.3975 22.1323 22.9589 19.9985 21.0496 34.899 37.9435 35.793 36.041 25.696 23.0256 23.3234 25.2573 74.6001 70.1231 65.7973 64.4 43.5348 51.0758 49.5578 47.8744 59.3041 56.1553 53.2508 50.9695 79.9059 83.8831 85.7119 88.0619 40.374 42.2407 39.2014 40.6021 18.3108 43.7953 14.053 91.3576 75.4952 30.988 42.1862 6.20073 74.8871 84.2535 82.736 15.8062 54.8455 62.8302 98.1447 41.6437 81.5638 32.2255 68.6571 45.4178 85.9524 49.9122 49.7244 82.9187 18.0748 51.9814 48.2224 61.1911 19.5095 55.7682 0 52.9389 53.2377 93.8428 64.7162 61.3509 87.0641 91.054 29.7859 65.2193
46.6647 52.2467 46.3914 50.372 42.578 47.7284 62.8901 55.2396 60.3938 65.551 64.1629 61.642 61.1928 62.4084 62.3635 61.2292 67.9615 70.939 63.802 77.1995 65.4952 68.417 69.6948 60.9349 67.2762 67.175 59.7017 63.2904 72.5713 71.372 69.4452 75.701 75.2596 74.6426 74.6274 68.9997 65.445 68.0492 27.5944 33.165 32.7175 31.0013 33.2841 37.6174 37.3845 36.7211 59.984 60.5606 63.5416 71.9069 58.0305 64.3207 67.7321 69.0188 53.4903 51.813 53.6473 54.9817 27.5878 27.0938 32.1558 30.8529 9.40735 7.49113 11.8687 10.9271 46.9437 44.9614 45.0926 46.6603 61.8876 56.4167 74.5662 77.8038 71.9026 70.5231 51.4167 54.4024 50.7637 48.7812 50.2154 46.572 38.2453 79.1843 48.9199 40.5657 43.3779 43.6567 40.7681 41.5108 31.3672 29.7064 26.3278 29.855 19.9182 19.8031 20.6442 21.3204 33.9197 33.3471 36.525 36.2527 59.7015 57.4109 56.8938 53.4393 46.9794 47.052 55.9603 55.6458 79.2853 81.9297 71.236 74.3706 24.75 27.2665 25.7463 26.5231 11.5455 12.4781 13.686 12.624 42.3591 37.7445 35.9596 35.4802 30.8333 29.4376 33.5146 34.099 29.9268 27.5572 30.9936 27.5726 36.9783 28.8191 42.1578 70.2099 61.6694 62.535 42.2629 55.9574 61.9913 41.9919 20.0492 47.7792 27.2998 20.0489 51.589 12.9842 62.4767 28.4243 23.8637 40.3152 65.0402 16.7769 16.7699 26.8386 42.279 17.98 23.5917 21.4062 67.8345 3.90039 52.9389 0 32.4752 40.7549 32.1676 33.0355 26.889 32.814 26.5899 51.9953
76.0795 68.3718 70.7154 73.66 65.2256 71.8854 81.9286 94.2291 87.5985 89.0714 82.0535 83.8698 86.3248 99.0024 101.67 90.1668 98.375 107.194 98.7367 96.2029 97.7285 106.343 92.695 91.5024 90.9699 86.6552 95.2384 92.7891 92.5904 85.4325 73.7933 76.7322 73.8928 87.4874 70.734 78.1576 72.9711 87.0817 61.578 55.4213 55.6557 59.5246 70.1703 61.8216 71.7974 71.6216 66.6126 72.0494 70.4784 70.0166 70.8075 73.4263 80.2723 82.819 51.05 54.5514 54.592 57.5737 56.9107 55.7454 55.1196 63.7038 26.7605 28.1911 32.3536 36.1985 73.3156 74.0806 67.1507 74.6609 63.506 60.5353 101.979 99.9371 109.692 98.7875 76.7015 81.7994 19.8645 16.6217 59.2373 66.5263 72.345 111.749 75.7427 67.9104 70.3389 61.4537 63.35 65.9047 52.1971 61.1548 50.5424 61.0751 50.9327 52.4522 44.7513 48.8808 57.9753 57.2934 51.9134 57.026 67.4113 70.1417 69.8731 71.9792 66.8696 73.8697 78.4379 78.3826 86.2959 79.5371 84.0799 85.9214 54.1386 53.4333 52.9797 51.77 37.4093 36.142 39.2782 33.4919 10.44 8.74579 10.2945 9.68412 53.504 57.9196 57.7678 58.5397 54.3999 54.5478 46.9821 51.2322 38.7958 16.3856 53.6591 95.677 78.8493 76.0731 63.9178 56.4489 101.6 66.6538 40.2357 42.4862 7.05415 19.1369 74.1317 35.4556 84.9606 37.8125 20.8235 19.3483 99.0131 45.1155 47.2451 50.1641 55.4254 15.3122 7.4966 13.2281 78.2551 35.871 53.2377 32.4752 0 66.7643 3.6712 65.4333 46.1969 50.1263 28.9459 82.5498
56.1566 52.3482 50.9582 51.4047 50.6848 55.6384 54.0644 53.7332 54.5189 55.1083 48.1097 52.7198 56.6376 51.1715 51.326 54.0021 52.5014 57.1911 46.975 49.5889 56.8518 58.1176 60.0662 63.3705 62.955 74.9854 63.081 70.2232 59.3066 70.3032 104.82 110.549 95.1471 94.9862 94.5823 103.397 90.4202 95.2557 19.5632 20.5374 19.8859 19.1983 15.1088 13.2643 16.3247 15.9454 83.2341 85.8869 95.8319 85.9864 79.4123 83.8462 77.6336 81.2255 87.3762 81.7924 85.835 86.9461 38.3186 38.537 40.3072 41.5742 53.5023 50.0686 53.7012 50.771 6.73803 8.65471 4.32079 6.31607 86.5895 90.7528 67.2916 68.6447 55.4025 64.5209 15.0057 16.2184 98.5836 88.9025 67.6337 67.41 7.43919 72.4629 65.5144 34.6257 44.6053 45.6186 45.0785 43.401 17.7458 15.422 17.907 15.7561 21.4599 23.9473 23.7369 22.0988 54.9236 55.3607 56.3059 51.753 79.9551 82.3014 88.8632 80.144 63.7621 66.4092 68.5967 70.2445 106.943 110.55 105.373 100.716 21.2941 19.874 19.3237 19.0941 48.2288 41.0975 48.5633 41.9391 84.7601 85.1627 83.5874 71.5266 15.3702 13.6261 15.0309 13.6091 51.4832 47.8994 54.296 51.5013 73.4596 67.5246 77.9724 44.9004 40.0614 70.7848 58.5003 93.326 49.4666 21.1168 34.0126 84.7846 74.5757 52.3531 23.9799 47.1239 41.5 66.9356 56.6889 71.9232 54.5977 38.2297 33.1377 22.5318 70.6874 58.0799 69.506 62.5936 95.1853 42.4598 93.8428 40.7549 66.7643 0 71.8767 35.1165 31.4158 26.2887 65.5469 36.7376
72.2406 79.9043 74.4201 78.2628 71.9444 74.2926 93.0798 99.3724 85.9982 94.3816 95.319 85.9917 88.0648 104.678 103.094 95.3615 101.639 93.9887 93.0735 98.0978 114.537 107.793 96.5607 87.6791 102.247 86.6218 91.3717 98.9507 98.1875 89.4988 83.4268 76.6642 85.7981 90.6964 73.7933 82.7804 85.4901 79.3583 63.8614 60.6434 68.8948 64.2649 67.3804 72.2508 74.2235 63.5473 80.1498 70.7238 83.7615 79.7833 78.4615 77.5498 84.1336 81.3553 53.2691 51.8734 56.412 60.4407 56.3886 61.8094 59.5897 63.0262 35.8669 32.0658 32.0616 36.8484 71.5579 84.1929 72.9437 72.4083 68.1399 63.0217 100.331 98.7842 95.9269 114.367 73.6549 80.6981 20.3313 14.6719 64.495 65.2427 75.839 107.25 79.3851 69.944 66.4066 74.9306 75.7061 71.0675 54.447 62.0603 58.1223 64.242 51.1174 55.9392 51.2359 56.0482 53.487 52.2125 53.1171 60.0341 69.552 68.672 66.4235 69.0672 67.588 71.9036 80.3975 74.9351 86.8454 82.1715 79.3408 83.313 54.0051 61.4626 64.8487 56.1339 38.8242 41.2523 40.4908 37.0127 7.9066 5.88804 8.23978 7.04985 66.981 63.3423 66.1423 57.5257 51.1049 57.5546 56.1355 56.0807 47.8978 20.1015 58.8775 105.185 92.0792 81.261 66.5646 56.058 98.47 74.6249 40.2945 45.6169 9.704 19.6631 73.28 34.316 91.2402 40.4728 26.3266 18.324 99.8207 46.13 47.5268 51.2308 62.2317 17.9183 11.2167 15.4176 71.7662 40.9561 64.7162 32.1676 3.6712 71.8767 0 63.1415 54.5573 52.2966 28.0366 80.3984
21.7081 21.5051 20.3949 22.7877 21.8282 19.7017 22.8439 24.5206 25.7305 29.9755 27.0708 26.8617 25.9154 31.783 31.458 33.7731 33.5618 37.0294 32.8605 35.1569 37.9086 38.5173 34.2925 39.029 36.7396 39.8995 35.2848 35.6991 36.4287 34.7446 73.2239 74.9622 79.6567 66.2151 69.5606 63.1938 73.4404 65.174 16.0036 14.7367 13.937 12.1464 20.2777 18.4399 16.978 15.2391 57.2023 56.7097 57.1532 60.3736 55.8747 50.1238 54.7853 49.6699 53.7728 56.0824 55.8383 56.6444 13.7084 13.079 14.7326 10.7152 34.8475 34.6565 35.6752 36.0832 37.4612 36.3571 36.7524 35.7257 70.6498 63.2832 35.9798 42.867 38.4139 40.4255 21.6852 26.5275 78.362 76.923 47.9742 46.8711 26.8683 47.6438 34.1513 5.22929 9.60302 10.685 11.9538 10.2232 34.4716 38.4423 36.6937 34.3048 29.3951 30.3416 31.6908 32.3689 30.4527 28.7529 25.6762 25.6726 49.783 50.742 48.2739 46.6498 35.1272 33.3475 33.701 32.5892 75.1502 69.6815 68.0983 77.0313 19.8761 18.5161 16.1531 17.7906 29.505 32.1354 29.9741 28.2831 77.1746 73.5539 69.5159 66.1292 36.5963 38.1834 36.8151 32.3968 27.0059 23.6992 24.9523 25.7447 45.3417 57.546 49.2104 29.1132 21.9218 45.9343 26.708 70.1745 27.6624 14.2782 49.3848 67.3585 65.9704 62.0884 49.379 35.2352 19.8209 38.4869 58.8662 66.5747 31.1476 24.3671 17.9951 37.1299 49.3652 55.2431 63.9697 55.1398 62.8915 30.4555 61.3509 33.0355 65.4333 35.1165 63.1415 0 52.6032 45.1062 48.3001 12.4523
69.7433 64.7038 62.8718 71.9093 68.3974 69.6553 77.6018 73.3656 73.6157 78.3223 68.3765 70.1893 70.4033 77.8184 79.445 77.6533 80.8265 73.7671 74.1706 82.8807 87.1143 84.979 87.5787 88.4436 82.6905 87.1794 79.7614 81.9141 83.4197 79.7826 104.534 113.375 106.013 95.4563 91.8879 106.079 108.811 107.945 32.1144 32.0363 36.646 36.1714 33.0218 39.7132 36.1628 36.3534 92.7728 87.7979 84.1379 100.602 78.9038 94.2429 96.6357 89.3319 88.1005 74.0528 88.2339 85.8927 51.227 48.2107 50.4301 52.8181 41.213 37.0891 41.8113 41.6617 29.3113 33.0364 34.9047 37.4238 89.2372 87.5208 81.383 80.6628 78.9985 80.5768 46.781 47.2914 64.2456 67.2679 73.211 69.425 28.559 100.288 74.8544 57.5856 59.5461 57.8903 57.6138 63.7351 16.9985 17.5328 16.9542 16.7818 20.1391 18.8547 20.8886 17.5917 60.7087 60.7542 54.7985 61.0931 88.5029 77.1416 85.0346 77.0286 82.6053 80.8589 83.2821 77.4066 108.524 104.932 102.875 106.629 31.9734 31.9775 33.8362 32.5837 39.8193 41.6899 42.9994 42.8952 55.0721 58.4964 51.833 51.9642 18.5528 16.471 18.838 20.0511 60.4222 55.5896 56.6325 60.7281 60.7673 55.8077 71.6973 78.3501 64.5704 91.6115 71.6896 80.7966 84.4861 49.0871 10.9387 69.541 52.4989 26.681 23.7694 39.9023 71.7825 52.7674 23.5058 66.9539 71.7887 36.9193 38.2909 10.8069 68.7346 42.9121 47.342 35.3197 93.9178 29.7961 87.0641 26.889 46.1969 31.4158 54.5573 52.6032 0 2.68473 56.5129 61.5013
67.2618 71.6828 61.6422 60.8078 61.447 61.5313 73.8158 70.893 70.7429 70.096 72.4591 74.8588 76.8027 80.9643 75.8382 77.4169 75.3175 81.1894 76.4243 80.0136 78.6796 74.2879 85.9561 89.3847 78.1897 89.2932 88.9442 76.7339 88.3488 90.7586 98.4079 95.9157 102.554 101.637 108.116 102.912 94.9134 94.8595 35.1028 31.215 32.6356 38.1958 33.0071 34.0793 32.2834 36.839 85.961 97.6721 91.0093 92.4262 89.5317 82.9007 89.8196 84.967 86.0759 78.8688 75.8983 82.8066 47.4941 45.2799 50.8724 46.661 42.0348 39.324 43.5072 39.5642 26 31.5232 27.5794 34.1736 94.0625 97.4213 89.6438 79.0034 88.3144 92.4215 44.2655 46.4728 74.5721 71.751 76.1243 82.6779 30.6416 94.6295 69.0369 55.3679 60.9189 59.463 58.7558 60.0262 14.2522 15.1119 15.3139 15.3928 18.8415 18.2986 17.0153 18.5349 58.7919 62.2412 60.8549 56.7938 88.8506 81.3845 77.0732 89.7922 74.2259 73.3448 83.0858 77.3799 101.403 107.228 107.533 97.4405 29.1934 31.8856 29.7619 29.6965 39.1591 42.7757 40.6118 43.0134 60.9509 62.5055 61.4655 60.0667 14.6147 15.849 17.3697 16.366 59.389 54.2648 54.8453 54.7718 66.5396 60.1966 70.4315 80.3534 65.7391 82.2225 60.104 88.6545 78.9504 47.1942 12.1132 74.7722 48.1915 31.7771 20.2342 39.5476 69.1584 61.6118 26.7878 60.7262 75.9308 40.4739 40.8335 8.51844 74.3775 41.9429 45.7595 32.9647 98.6528 28.3835 91.054 32.814 50.1263 26.2887 52.2966 45.1062 2.68473 0 52.5843 62.3277
47.8844 52.3134 54.3229 55.3496 45.3683 51.1852 70.714 62.9288 73.0619 73.8729 74.3758 69.2179 76.5459 76.4477 80.0724 75.9372 82.5518 78.9012 76.8401 77.4098 87.07 90.7894 61.8714 69.1039 68.0277 68.9322 62.2958 72.0996 69.1529 70.8745 52.6593 55.3593 55.5097 59.2615 48.172 55.1957 55.3427 57.9052 48.4196 51.5733 50.4239 55.5317 52.7098 55.4965 58.5127 54.772 41.3005 46.2685 49.3529 53.0005 44.954 46.6491 49.7962 49.0717 30.4263 25.9991 33.6503 28.1119 38.6034 39.0441 34.2489 39.8034 17.2906 18.2057 18.5651 18.184 67.136 74.7748 65.5409 77.9156 41.5831 41.3424 76.167 78.0751 72.0576 84.2122 68.73 69.2528 36.3918 32.4588 37.7731 37.4034 54.6042 93.6225 43.1549 53.7928 47.4563 47.1529 45.3197 46.3617 50.2074 55.6327 49.6129 50.7995 41.6418 49.8338 49.1795 46.8225 28.3209 27.8052 28.246 28.9108 43.4573 38.2488 38.611 40.5964 46.6213 42.175 43.9938 46.9806 52.2839 57.3334 55.2295 60.1711 43.0917 50.0543 43.4178 48.7038 19.5296 20.1548 19.7071 20.8482 32.417 28.0621 28.7096 28.6571 59.1795 61.1345 60.1282 55.1567 29.247 26.8401 27.1747 31.2287 14.5803 10.1266 26.7391 84.5511 64.947 51.0468 42.728 28.6711 79.6419 64.6222 45.6186 21.9711 20.7636 31.5308 82.9673 16.5617 74.833 8.42303 35.641 18.2031 80.4571 25.2596 32.1014 52.9625 26.8845 14.3271 21.0057 30.5637 44.9798 27.9208 29.7859 26.5899 28.9459 65.5469 28.0366 48.3001 56.5129 52.5843 0 58.0577
20.5418 19.8898 19.5462 22.1787 23.3772 17.1195 15.4514 14.8507 17.1269 20.3263 15.8111 16.5792 18.1291 16.4937 17.8023 21.2224 21.5191 19.798 20.2089 23.1775 21.3042 26.0035 27.7625 30.2797 29.8605 30.7168 26.0803 29.1523 25.2889 30.8016 68.6545 81.9631 75.1785 72.3076 69.2696 66.3908 68.4541 66.2876 27.3857 26.4877 24.7845 19.7994 28.2473 24.0667 21.5046 20.129 54.5243 54.7578 62.2428 57.6437 49.5792 49.6173 52.297 59.9263 62.6163 54.9984 57.7208 59.4464 23.2978 21.3187 25.0721 20.133 47.1831 44.8075 50.0754 46.2556 40.449 44.8122 42.7397 44.3441 75.0488 65.0753 26.3467 27.1542 23.8592 26.0938 25.6448 26.3383 96.7792 88.39 44.6981 51.6057 32.6836 38.4805 32.5252 11.689 15.2239 13.7426 14.5904 12.3076 42.9106 43.381 42.9479 47.1183 41.8687 42.0428 42.837 41.0402 35.5314 34.911 34.1881 33.6247 50.7466 48.9019 54.2792 53.6313 34.4757 31.6187 36.558 33.6912 79.7645 67.3319 77.8531 78.1472 29.4224 27.5013 29.4174 28.6411 46.745 40.2359 39.1981 39.2731 87.3569 77.2937 82.6852 84.2826 42.8879 42.9264 46.0607 41.0258 33.5503 32.3012 30.8941 33.7023 52.6882 72.9937 58.4888 19.8851 9.69026 47.736 32.7385 71.4531 17.5683 15.9569 57.9969 71.3902 79.8697 65.33 66.0784 50.4327 8.89961 48.8508 72.2414 76.8842 20.8145 33.6196 31.0709 49.9228 52.149 61.1922 74.8456 66.5391 68.7703 44.5365 65.2193 51.9953 82.5498 36.7376 80.3984 12.4523 61.5013 62.3277 58.0577 0
