1
100
174
0 0.632952 1.28022 1.9622 2.52145 3.8699 18.8078 17.7449 18.356 21.1305 23.8688 21.5605 22.3849 24.4395 27.5002 29.5325 33.0099 30.8602 37.6356 31.991 32.2253 38.817 16.8255 18.3623 18.2426 17.7211 16.5953 20.3459 19.0828 22.5103 48.1154 51.3163 48.6676 50.7494 49.5226 50.2617 51.2581 46.6752 39.1073 33.6966 37.7814 32.29 39.6036 36.7168 42.7838 38.4272 34.1831 36.989 38.9738 41.783 32.066 31.4802 30.0978 35.2886 46.0451 44.804 41.6829 42.0834 21.7299 21.9284 18.6517 18.0594 44.1852 45.3106 42.2146 40.7778 67.1992 64.789 62.8458 66.7917 51.0228 51.0651 27.4221 29.0154 29.9778 32.0065 40.7466 43.9269 85.8591 83.3015 31.6713 28.9663 52.1681 45.5915 10.9022 16.2053 12.5682 12.3515 11.799 11.9573 51.9148 61.6679 58.103 51.4059 51.6716 52.7014 48.7405 48.1796 19.1682 20.2668 21.0262 19.5703 30.4229 33.5914 31.1907 29.2298 14.0058 12.6368 13.0182 12.1687 50.2145 54.9626 55.5981 46.4322 40.1921 43.5985 38.4109 42.157 36.5092 41.2491 33.9282 40.3409 83.615 73.0912 71.1965 84.6982 56.8317 58.4352 59.7213 61.7652 21.2519 20.7283 23.4151 21.1323 39.6896 56.9151 38.5967 34.7244 26.1186 24.4292 10.6641 54.5399 24.0116 39.3235 67.7516 56.3443 70.9658 75.9156 83.0953 35.8415 26.6675 41.299 68.8943 74.511 36.3225 30.2988 28.9135 55.5728 34.6434 57.6682 66.0269 70.0155 38.269 46.5906 51.4493 44.2092 77.5841 60.241 79.8787 24.4272 62.6276 63.4494 53.1003 22.8453
0.632952 0 0.710611 1.32786 2.64705 3.26948 15.7976 17.7887 18.5084 20.0289 22.194 24.5222 21.3369 22.8613 26.8594 27.9725 29.6418 28.9358 31.2135 33.3398 34.0822 36.2099 14.9874 18.5656 18.6459 20.2136 18.5148 17.7747 19.1521 20.0587 53.1288 55.2331 58.7106 49.5588 53.2636 47.2137 44.3635 45.1455 41.721 40.158 37.69 34.0408 38.977 40.0718 40.7064 41.0754 41.148 38.1425 39.167 36.7292 32.3073 35.4473 33.9051 31.812 47.6603 39.5376 42.6316 40.2798 19.9781 20.9547 17.4137 19.3644 40.4614 42.1599 45.2684 43.7712 59.8897 64.9861 62.9441 59.1067 54.2584 51.5174 23.696 29.9701 27.9695 31.2957 40.5477 44.2274 80.2796 79.6107 30.6434 27.9073 50.142 45.0017 9.7815 16.2301 12.346 11.3858 12.0195 11.8052 54.9593 57.3567 50.5348 53.5617 54.7713 47.2275 45.9196 45.7069 23.2382 21.1467 20.9992 21.4645 34.2573 32.05 35.4746 31.5161 14.6447 12.0191 14.8549 12.3738 50.0971 48.1317 50.7629 47.4973 36.3913 35.7178 35.0753 39.5268 36.7891 39.0131 35.9337 34.4657 73.631 77.9738 80.016 73.6854 59.195 59.0816 54.6377 56.4181 23.9751 21.2361 22.1644 22.503 44.6423 63.668 36.6576 34.4302 27.839 24.8645 11.2514 51.575 26.552 39.3324 68.3369 53.1076 67.2215 75.7543 71.7725 36.8066 25.0798 38.2172 66.3345 73.6748 34.1526 33.5041 32.9054 60.7155 35.4821 55.1023 70.9439 70.5554 38.3405 41.5109 49.3111 51.6754 70.6271 53.1704 79.7044 21.2297 70.7339 61.3657 45.9258 21.4846
1.28022 0.710611 0 0.609022 3.23309 2.91599 16.0447 17.3801 16.8007 18.4458 22.9665 23.2708 23.6838 25.1002 30.4259 30.9574 31.3986 29.8947 34.3603 35.9063 36.4434 31.3087 15.3548 15.951 17.2176 20.2219 17.5304 18.3601 20.5048 22.4682 54.5402 57.7826 60.0331 56.1524 46.5758 44.7513 48.7226 46.6474 39.845 35.6749 38.3811 31.5305 37.6328 35.832 39.2328 36.8606 40.9275 37.9175 35.4575 40.7729 31.4158 33.4016 35.0012 33.666 44.1125 42.2657 48.3617 41.8813 19.8829 20.2197 17.8449 17.3854 42.4659 41.5643 46.1068 38.4374 55.5579 64.093 55.9656 57.8797 53.8716 49.6719 26.046 29.4765 28.8368 30.8552 44.3643 44.4733 81.3994 84.8656 28.6091 26.8839 49.1911 47.7858 11.8703 17.6158 12.4298 11.2997 9.74029 11.4388 51.3561 58.7008 52.1756 56.1951 47.3878 48.5194 50.1472 54.0782 23.4664 22.7281 20.5755 20.2562 33.2574 34.6259 33.4923 30.5836 13.8568 12.7037 16.1366 14.3246 55.8434 54.409 49.4158 51.9326 40.9454 38.5931 40.5895 41.5486 39.0478 36.7131 40.4483 39.8063 84.2371 82.0481 80.4575 84.2563 53.2853 61.4462 59.9035 55.8985 21.2136 22.1836 22.6954 22.4537 41.9425 60.9088 40.9636 35.83 25.7457 25.6765 12.2551 54.4718 23.9354 32.2496 63.5229 58.9816 72.4875 70.1979 71.9031 37.1899 21.5 44.2371 71.5776 64.6782 33.6096 32.0042 30.8021 57.9156 33.4027 55.6302 60.0063 71.4063 38.6153 42.6613 53.6705 48.0672 73.2562 50.7229 84.052 23.3029 68.3803 61.9517 52.7517 21.8676
1.9622 1.32786 0.609022 0 3.68743 2.30944 15.0766 16.66 16.4632 16.8466 22.5982 20.154 22.2699 20.1392 25.1684 27.819 28.5914 31.2396 32.2824 32.5199 37.0089 34.9981 14.2253 18.399 19.3455 19.1358 15.4479 17.8565 18.9263 19.9253 50.8549 56.3128 61.3223 52.5587 50.1192 48.964 50.5379 48.0999 35.7622 39.8415 34.9168 34.2681 43.835 37.5759 39.2808 34.0303 36.319 40.8531 43.4791 42.3163 34.8978 34.5732 33.7064 32.4827 47.4026 42.7035 46.9702 45.0489 22.3105 22.03 17.0832 18.2178 46.3938 40.6119 39.3714 42.8542 58.556 65.0914 54.4759 56.304 52.5187 55.4116 27.0681 24.351 30.9034 30.2951 46.1876 41.2489 81.1469 79.1599 31.3957 29.6754 51.1296 40.7428 12.2346 16.687 10.757 12.5646 10.5051 10.0444 60.0452 52.9954 54.723 60.4667 47.2517 49.2228 53.0251 47.8182 24.4498 21.9363 23.801 22.8847 36.2438 30.6664 35.7689 34.8372 15.0175 14.1998 16.7727 14.7822 57.1229 47.5104 52.1947 51.9834 39.2958 41.027 40.7182 35.7515 36.5958 41.6309 38.6125 38.4527 73.2309 71.5936 85.3396 85.8005 55.8012 54.6645 56.5136 54.9583 24.862 24.5404 21.1998 23.927 41.3818 59.4056 41.3676 29.8623 24.8522 25.5845 14.3164 61.3135 21.7415 34.3543 59.2898 57.0787 63.2067 66.3985 77.7897 39.1388 21.8131 40.9462 76.273 73.6994 34.5448 31.5895 31.1536 60.738 37.9344 57.4549 60.7263 71.7197 44.5937 47.7298 47.1939 43.9684 77.3463 51.7815 71.923 20.9007 71.1507 62.502 55.0173 20.7597
2.52145 2.64705 3.23309 3.68743 0 4.87051 20.7566 19.4388 19.3734 22.2842 22.4128 25.8082 25.4905 25.5616 31.8602 32.7518 32.5123 31.6405 33.3505 34.6135 40.0153 37.6503 16.7137 18.059 19.2548 22.82 19.7723 20.8215 21.5721 25.5862 53.0161 52.9395 53.061 49.9049 48.2639 47.5623 47.5005 43.8489 39.2471 36.3337 37.4045 35.8662 42.6147 38.0797 35.0408 40.1408 33.6939 39.8326 38.6209 36.8755 27.8633 29.5207 28.6521 31.293 43.0379 36.12 45.5433 39.2383 19.8786 19.9581 15.0477 16.8405 39.3723 41.7913 39.6142 38.3905 55.202 61.5844 55.9087 61.1821 47.1141 49.4255 28.944 32.5868 35.2054 34.8965 44.9711 49.0183 79.7202 73.0304 24.7848 26.4781 49.1433 49.232 9.8598 17.2168 12.1813 12.89 11.4642 11.0472 55.5586 60.5981 55.459 57.1876 46.0596 52.5203 49.9988 51.4624 19.7315 17.9691 17.2724 16.0667 28.2535 26.6995 28.7716 28.3226 11.7886 11.7623 13.0835 12.6093 54.6609 53.0334 47.7499 50.5085 34.8023 36.3919 34.2164 35.545 38.4935 37.1467 32.1591 34.0296 76.3902 77.3141 78.2073 80.1328 61.4831 51.4179 53.1135 57.7104 19.1942 17.2698 19.9108 18.6915 35.7468 58.7383 37.3931 36.0043 26.3256 21.5146 9.04603 48.4618 25.7959 38.6348 58.0797 53.9036 70.2783 66.3392 73.1143 36.5557 24.4237 37.417 76.6024 62.0605 35.1474 31.6815 31.1846 61.1646 34.5883 59.2996 66.9293 71.5455 40.315 42.8582 47.411 42.6113 70.6135 52.7616 76.6926 20.3128 65.9727 64.6156 48.4594 23.7728
3.8699 3.26948 2.91599 2.30944 4.87051 0 14.6917 16.9711 16.0621 18.4248 18.4945 19.2893 21.6741 22.636 27.8662 24.876 27.461 27.481 31.0987 31.1309 31.4233 35.7432 15.7244 18.8556 21.02 19.6226 19.6766 18.5794 20.7179 21.0151 58.0217 52.1995 62.8601 53.7357 48.3889 56.3092 56.1744 50.625 38.5209 34.2259 34.0681 31.3093 37.4629 37.8732 33.6036 33.5191 37.3586 43.7711 38.9164 41.5946 36.641 39.6333 39.268 37.2099 47.7158 47.4192 46.1142 46.5428 17.8251 17.5781 16.211 14.4481 41.3171 39.9192 39.7315 43.0327 62.885 60.6403 54.5731 54.8509 59.3795 47.6024 27.5092 29.9743 28.6588 30.1075 38.1904 43.881 92.2335 79.2503 32.0319 27.0927 40.4125 44.7334 13.5856 12.8494 8.19161 9.72047 8.51459 8.11979 55.794 58.3173 52.1099 52.1766 43.7673 43.3836 50.8831 50.244 24.0741 19.5724 23.3353 22.8385 34.1815 36.5751 33.8595 37.3861 15.6185 17.0571 18.4727 15.7273 53.5849 49.8166 51.6129 51.303 37.0665 34.8648 33.6535 32.9596 41.0895 41.1516 33.4567 36.0238 71.6371 83.8505 82.7498 74.897 58.5311 49.9129 50.4369 56.2974 21.8505 21.0773 20.8503 20.541 44.4182 56.8438 38.1474 29.7044 25.4382 26.0766 13.1712 55.893 21.1643 33.1538 63.3787 58.9413 68.6363 61.3719 73.2953 38.3796 20.2087 40.4668 72.1772 66.2833 35.9153 28.4044 27.6973 55.9925 36.9096 57.4769 69.6987 61.8196 48.9079 45.0914 56.917 46.3974 78.3981 51.8937 75.8761 19.5213 68.4191 64.6449 54.3998 18.5266
18.8078 15.7976 16.0447 15.0766 20.7566 14.6917 0 1.23797 2.45898 3.50108 5.92079 5.69881 6.01708 6.44739 13.1908 12.7467 12.789 13.2652 18.2381 17.6992 16.8809 17.1534 16.1084 17.151 15.1796 17.698 11.0026 12.7718 14.1463 14.8564 65.3559 74.4702 63.6388 65.7606 65.7535 68.3474 69.5367 59.0449 36.7733 40.3729 33.8394 39.8018 43.6989 38.1559 35.4805 33.9261 53.2899 52.4412 56.8383 51.0081 43.116 44.8796 45.347 44.6659 64.7863 58.8573 59.7603 59.8977 30.2995 27.618 27.0428 28.8767 51.6263 56.8395 53.1398 49.5818 58.3095 63.5676 58.2226 52.4713 74.6204 71.3255 15.0871 14.4476 15.276 14.7219 41.3215 36.3808 98.2917 104.098 43.479 40.3543 50.5726 29.2061 25.7836 18.9026 18.2538 20.3358 19.0622 19.047 61.5787 56.9999 60.3094 62.0637 55.8157 57.1721 51.2624 59.46 39.7144 39.8307 38.184 39.2991 51.3578 43.2845 51.2241 44.9611 29.5542 31.4221 31.2659 27.5628 60.3668 71.2243 67.6804 61.111 40.0036 46.8582 40.7885 45.5732 51.7113 54.8749 51.9401 50.5201 98.7404 84.4676 90.5943 85.8444 58.1425 60.2143 59.2433 60.8998 35.6221 39.6903 35.3662 37.0724 57.3807 70.0359 51.6506 15.7833 14.2226 40.2665 29.1888 66.397 7.98467 33.91 77.0343 74.4994 84.5592 78.5103 73.3623 50.9993 11.6079 55.1279 85.0516 77.9475 17.6391 45.3974 41.5063 69.8512 52.5526 69.0991 83.9117 84.757 52.4624 57.2146 63.6518 64.7127 86.2904 50.174 91.8577 23.281 74.0944 71.6918 68.3556 14.5326
17.7449 17.7887 17.3801 16.66 19.4388 16.9711 1.23797 0 1.38206 2.29439 5.75813 5.82946 5.31237 5.54606 11.0914 11.8973 13.6276 11.7649 19.0507 15.8249 16.716 18.3628 12.8689 14.3428 14.4628 17.7576 10.5535 11.3172 11.9 13.6067 62.4212 63.9204 69.0103 75.4642 62.9347 69.6527 57.6049 67.2838 38.9601 40.5243 36.1004 38.2324 41.8875 41.871 41.0677 35.8158 51.752 50.7278 47.7494 51.9346 52.1202 43.6461 49.3113 45.3135 61.3439 64.2467 57.0261 63.1384 30.6591 32.8 33.3847 29.4235 57.051 52.8812 57.0678 57.4455 60.0112 59.9144 54.9597 52.9121 64.5533 61.7412 13.1927 13.4838 13.6135 14.2206 37.0002 41.3313 104.16 102.242 50.0649 45.0013 45.6497 28.3769 28.0678 19.8472 20.1003 20.8719 20.8724 19.2383 65.4576 56.8049 62.8215 63.6658 51.708 58.3336 52.1301 55.6801 34.9176 35.1907 39.618 38.5154 47.9567 47.1858 48.6446 46.1355 31.8259 27.0198 31.0349 30.396 71.1508 68.9154 67.1191 64.3299 47.2896 40.7701 45.9264 47.0892 50.9368 48.5289 48.8265 51.6641 86.5477 87.3013 100.883 91.1203 54.6712 63.3388 61.7714 56.8978 40.1835 35.0898 38.2748 35.6738 57.9449 83.6372 56.9378 18.562 14.656 39.9212 31.8778 73.1948 6.8437 33.0274 77.1764 78.4165 81.2717 75.5786 75.9219 58.5298 12.3719 56.689 88.6812 83.0625 20.0903 48.4531 44.962 59.5481 53.586 78.4413 80.3316 83.9846 54.1181 53.849 70.3753 63.1162 80.8272 57.9978 97.0885 28.1323 69.3351 73.726 61.5266 15.8359
18.356 18.5084 16.8007 16.4632 19.3734 16.0621 2.45898 1.38206 0 1.19701 6.40327 5.09371 5.18626 6.01392 12.0515 12.048 13.3872 12.9812 15.8765 16.881 17.1797 16.8013 14.6362 13.1509 13.917 14.9049 9.20934 9.56136 11.5 11.0931 73.7318 70.2548 69.135 67.5582 62.9749 57.3327 65.8667 65.0301 39.6102 43.372 39.4827 38.8872 44.1846 37.9497 40.1057 41.7237 57.4791 57.3565 47.634 52.2252 43.9655 51.4703 44.2983 46.1254 67.739 54.4912 63.2964 53.6209 34.5489 33.3253 33.6535 27.9811 64.1261 53.3641 57.8414 54.361 66.2461 62.3818 55.981 58.2521 65.0452 71.2457 12.5619 12.8022 12.3497 14.9522 41.127 42.8436 109.809 102.169 49.1041 42.3607 49.3093 27.4508 26.8043 23.705 22.0013 19.4282 21.2042 21.8739 59.3721 59.774 60.161 60.8807 53.9247 55.6243 55.0873 55.5217 42.3306 38.7393 38.2954 36.3751 52.4884 50.6256 44.347 43.4471 27.8862 31.4295 27.2274 27.9905 69.6003 70.0904 66.891 60.0537 42.3039 42.9395 41.3338 47.5664 52.3745 53.4567 53.795 56.3325 99.7224 102.208 92.9305 87.8587 57.0832 66.563 64.0071 61.1171 42.2271 38.573 37.4607 34.4654 62.5473 69.7119 56.1029 15.4422 15.0182 42.362 29.1682 76.8004 6.98805 32.771 68.383 80.0845 88.3269 74.8382 77.933 58.105 12.9686 63.8769 79.3957 91.885 17.451 43.4996 39.2041 66.9142 53.9255 77.1385 76.5672 78.1295 62.175 59.9511 69.4429 55.9914 93.4616 53.6765 101.307 25.938 74.228 74.6548 62.3636 16.9699
21.1305 20.0289 18.4458 16.8466 22.2842 18.4248 3.50108 2.29439 1.19701 0 6.68868 5.72445 5.39422 5.59586 10.8896 12.7509 11.961 13.0801 17.6422 15.7532 16.7828 17.1311 14.2096 13.115 14.8851 15.2462 9.15402 8.69873 10.591 11.3804 67.7356 68.0165 64.3419 65.2991 66.7942 59.8989 59.8462 65.5943 43.7118 42.7823 43.6273 39.3339 46.5355 41.1188 39.7051 42.8746 48.5078 58.1071 56.1156 50.6743 49.6964 51.3016 50.5967 51.6158 64.0605 60.0262 55.7466 54.3899 33.5263 32.5946 32.097 31.5158 60.4744 57.5526 60.9822 52.516 66.8651 57.401 54.6235 56.2754 69.9809 61.7391 11.0782 10.6244 12.1522 13.4688 41.9956 44.4306 103.898 96.8532 47.1183 41.9991 50.1013 26.9004 25.1283 22.1268 24.6237 22.2971 22.5883 21.3608 65.8875 65.7737 67.5687 57.5911 57.2078 58.0178 58.6932 54.5649 43.06 35.305 39.1744 39.1087 46.6046 50.4738 45.2925 48.2876 31.3417 29.6291 32.1593 27.8919 64.6763 67.5799 60.7 59.3868 47.9104 42.876 45.2561 47.2913 50.2644 53.8666 56.6754 57.792 95.8872 103.814 97.235 92.3319 59.8141 59.5591 64.2627 67.2283 41.9657 37.451 41.0845 39.9381 58.1821 73.9736 57.5761 16.2254 15.3688 41.1079 28.1109 80.7251 7.05417 37.4622 77.9631 67.4645 91.3788 76.0322 87.0551 52.0766 13.4302 60.8265 87.371 87.5445 20.4717 46.2783 40.871 72.785 57.2822 70.9767 88.1687 80.2736 55.2829 63.6824 70.8413 65.3784 91.3282 52.6972 88.9851 27.5348 70.1809 77.6973 71.3441 18.9227
23.8688 22.194 22.9665 22.5982 22.4128 18.4945 5.92079 5.75813 6.40327 6.68868 0 1.36277 2.37887 3.64974 7.5378 7.64035 8.06348 8.84221 13.2369 12.0521 13.2994 12.7758 17.8828 19.7611 22.0209 19.5554 13.5139 17.1397 15.149 17.0204 75.0272 68.4279 72.2476 77.5673 64.9168 67.7528 63.9461 62.8157 39.2705 36.4505 37.6692 33.0269 37.3065 40.6353 35.7884 36.799 56.7165 58.5729 53.1398 53.0219 49.3249 52.0833 52.1013 50.5804 72.8692 60.9137 70.8565 67.5548 37.6793 30.3759 33.2728 34.3502 58.4083 63.5851 57.119 56.6948 52.8554 55.7906 57.7798 59.4856 69.4011 70.1999 16.2778 14.0408 11.9988 11.7805 36.4425 36.4871 105.759 94.6808 49.4714 45.5076 46.1082 25.1802 29.5101 21.574 24.0245 23.1163 23.3697 22.0994 59.804 58.6126 63.0258 58.0834 59.5006 55.3892 50.5732 58.4985 42.4005 38.0922 39.7667 40.3514 56.5036 56.7441 54.8239 49.2779 36.5647 31.6417 32.0561 34.4179 73.7088 73.7695 73.7484 72.6165 46.4578 42.1925 45.46 40.9509 56.9479 56.2686 52.6035 49.9285 93.8243 86.8686 89.5884 90.035 63.3666 53.0341 58.812 63.0517 40.8335 42.2786 45.0093 42.0345 60.9008 82.7741 58.865 10.648 9.613 42.8748 32.2661 76.0921 3.19775 31.7166 66.9941 72.6952 85.5896 87.4709 77.7879 55.3301 6.41 63.7277 83.7863 90.2161 13.8954 44.3358 39.3249 67.3072 57.4516 75.7448 80.9507 83.9768 65.3964 59.3102 72.2976 55.8023 98.5523 45.7633 85.0901 26.6026 75.6121 69.0927 67.7122 14.1538
21.5605 24.5222 23.2708 20.154 25.8082 19.2893 5.69881 5.82946 5.09371 5.72445 1.36277 0 1.19366 2.33902 6.64665 7.51094 7.3614 8.21874 12.2174 13.0102 13.565 13.2238 19.2538 21.503 18.8992 20.7197 14.6699 14.232 15.0347 17.5888 78.7522 74.0094 67.7546 71.0104 63.8646 74.9059 65.6088 68.5756 41.3975 41.875 35.5179 36.2714 38.2484 40.6695 41.5542 35.3068 52.6113 53.1607 52.5527 58.8436 54.9365 56.521 47.5546 57.8216 71.7141 66.5644 60.8588 58.4583 35.291 33.29 33.6107 29.7822 64.7482 57.1782 58.0781 62.3512 60.1912 55.3036 59.9983 56.378 71.1403 67.4708 14.0184 13.5579 10.5797 12.3792 36.1589 37.9652 94.6259 98.6592 48.0892 52.8118 48.8888 22.5311 34.9978 23.6896 23.5004 24.3261 22.0071 20.5872 58.3388 55.6803 64.6201 62.057 55.7965 61.315 61.1408 56.3892 45.7264 41.4577 40.7436 44.1439 56.5 49.8688 54.0015 55.5662 36.7417 35.467 36.682 37.1953 67.2959 77.6056 68.0874 68.3859 43.4289 43.9749 46.6353 42.8047 50.7975 58.3304 58.9394 59.3316 105.461 94.6181 100.169 97.4046 60.8861 57.9268 54.8928 64.3176 41.0405 40.0732 46.1119 44.486 65.9702 78.0696 53.9671 12.4476 11.4412 47.5447 37.1741 80.4025 2.44001 28.7053 75.7364 83.4607 90.4514 85.4352 78.4544 54.2421 8.35375 62.3818 78.6863 88.8847 14.5828 44.9983 45.6959 71.2376 57.7028 72.3677 86.7549 87.2594 56.8767 57.8681 67.2266 57.0468 84.8365 55.2159 89.4533 27.8393 71.3348 78.0735 73.5988 15.6194
22.3849 21.3369 23.6838 22.2699 25.4905 21.6741 6.01708 5.31237 5.18626 5.39422 2.37887 1.19366 0 1.39672 7.11379 6.55291 6.71781 8.24486 10.8147 11.7222 13.1374 11.5502 17.448 20.1259 21.0149 20.8479 13.399 14.3976 16.1436 14.9483 80.3839 68.0345 80.0155 76.7444 69.8142 62.8867 73.5497 68.7711 39.9785 44.6561 36.9723 35.4439 38.5408 41 38.2464 35.2155 60.0624 62.3061 57.3596 62.241 48.0797 48.7576 47.8953 52.6489 64.8743 58.7941 64.9878 67.1502 36.3166 32.3349 33.3159 32.1651 59.037 55.0214 58.5976 58.3658 54.2237 58.5485 54.9068 57.8011 70.958 72.1723 13.8309 11.6141 9.70124 11.2487 38.3103 35.6709 103.129 95.0303 46.8231 50.9441 47.8069 24.7765 34.7609 24.0653 26.1351 22.6526 23.7755 24.8741 55.4216 59.6129 57.2876 58.9783 57.7325 63.6155 55.9878 53.8651 45.0855 39.2498 43.5937 41.5926 55.3016 48.5385 57.307 48.2781 37.8521 34.4368 31.8326 35.267 73.484 73.0598 64.5375 77.5531 43.9183 46.0908 48.1106 41.4219 53.1721 57.165 60.4783 55.0303 95.0277 99.5015 100.803 90.9252 56.6835 58.4305 65.2733 64.5866 45.9263 41.8536 44.495 45.7687 63.0196 78.6896 62.5133 10.8432 13.1447 45.4008 31.6147 72.1719 1.96616 31.2424 79.3174 78.7006 86.5626 92.3586 77.4643 54.6198 10.2034 58.853 90.4249 88.8091 14.0696 51.7249 43.0449 66.0844 60.5191 80.0178 84.9469 86.8301 60.9256 60.8969 80.0747 63.9941 83.103 51.1961 100.182 25.7698 74.6849 78.9985 66.2857 15.7149
24.4395 22.8613 25.1002 20.1392 25.5616 22.636 6.44739 5.54606 6.01392 5.59586 3.64974 2.33902 1.39672 0 6.87786 6.1685 6.42521 6.36015 11.7373 11.4926 12.8386 11.2426 17.8085 17.0347 20.0301 18.5702 12.4153 12.5265 13.6691 16.3121 72.2816 77.6091 76.1163 74.0469 75.0255 73.1764 67.6292 69.8186 47.7405 40.63 42.7091 39.2996 40.3661 44.7794 44.0768 43.5342 60.7001 56.5093 59.4277 58.9797 51.3469 52.4446 53.8595 56.0784 71.3542 70.0968 63.9106 60.3784 38.3342 34.1399 35.8966 31.1809 60.8095 56.7412 62.3332 56.9583 61.2441 65.6036 57.4862 59.7673 69.9916 76.5369 10.5521 11.2371 9.05345 8.82755 39.8298 42.8238 112.037 102.397 56.199 45.4609 47.2322 22.1996 32.9488 23.6976 24.4956 27.3916 26.2594 23.8922 58.8688 63.9597 65.3877 64.8617 60.9304 58.0261 62.2481 54.3691 47.8947 39.9713 44.0771 46.9034 55.2443 52.2997 51.2729 48.4496 38.4472 34.3408 33.763 31.0414 67.6093 76.3155 72.7068 69.2247 47.3529 50.4559 46.2046 46.7642 57.2922 51.7228 52.4407 55.8122 95.041 96.2853 103.331 106.845 64.0113 68.512 56.6307 58.5952 42.1763 46.4761 46.4073 41.8335 64.7445 84.3054 59.4189 11.271 12.0645 42.9277 38.107 77.4579 2.1415 33.0584 77.5181 84.6726 86.0116 81.2274 80.994 62.1658 10.4634 63.7906 81.2559 81.73 12.9569 51.8323 47.5047 69.7863 51.9996 79.0814 78.127 84.0062 58.9855 58.4248 68.8495 62.2446 83.7369 58.6367 87.3266 31.4844 80.7737 75.6039 67.4717 18.5159
27.5002 26.8594 30.4259 25.1684 31.8602 27.8662 13.1908 11.0914 12.0515 10.8896 7.5378 6.64665 7.11379 6.87786 0 1.36855 2.40679 3.64932 5.28877 6.03968 5.80158 6.464 24.7648 25.7991 25.9727 24.8553 19.2015 20.7013 19.9447 20.8471 77.5041 82.403 85.8776 78.2697 68.7641 75.5832 71.0232 71.3922 43.7917 40.2809 36.7866 43.0074 45.9788 42.5329 37.916 37.7397 70.6778 69.8031 69.3288 66.2668 56.5129 62.6342 53.5289 58.8767 70.6553 64.5342 76.0618 70.4849 38.5094 36.1473 41.1323 40.3438 72.7198 60.9375 64.9146 63.839 54.1529 59.3417 56.8813 56.5883 72.9094 72.7146 18.2215 16.2908 10.1231 9.59929 34.4321 35.8107 104.717 98.5789 56.7304 53.4835 45.791 18.3959 39.0647 27.4686 28.6891 27.6531 29.3129 25.8698 64.3191 60.3819 65.9807 58.3337 60.1781 63.1618 63.1981 54.1147 51.3193 50.6585 48.3043 51.0138 58.4157 59.7524 64.0482 53.7779 41.0028 43.1309 44.2807 39.4497 83.0033 71.4932 71.776 75.3388 46.096 51.4914 49.5109 41.538 62.856 62.9919 56.151 63.4736 102.429 109.183 94.9833 91.8999 66.4671 61.9251 56.5067 65.8949 52.8225 44.353 52.7399 46.0257 63.2915 87.3964 70.783 5.61397 9.86437 51.5341 38.4689 79.4232 4.98141 33.6096 70.0848 78.8769 96.804 82.3016 68.3305 65.4113 8.74015 62.7272 92.3943 93.0305 6.72116 51.1766 49.3788 71.9204 66.4022 88.6667 90.5646 79.654 63.093 61.2896 74.1531 66.1733 98.4053 54.5934 95.6525 31.1938 78.5036 69.0551 73.9901 18.0608
29.5325 27.9725 30.9574 27.819 32.7518 24.876 12.7467 11.8973 12.048 12.7509 7.64035 7.51094 6.55291 6.1685 1.36855 0 1.29435 2.78034 5.6257 5.03157 5.90437 6.21149 26.8125 25.8692 24.5518 23.249 20.1085 18.9394 21.0455 20.5831 79.9117 78.0079 84.4575 85.0257 78.3952 79.8442 76.4296 71.9453 41.9005 44.7513 42.4077 42.3671 46.473 44.3876 41.0654 43.3386 69.4347 61.7302 64.0933 70.2892 63.9165 64.3191 55.7953 59.7016 80.9802 74.0921 75.6911 63.6976 39.6765 40.9346 41.6043 38.9247 64.2927 67.8992 64.0431 65.3481 59.1671 53.3942 58.9219 59.946 88.3874 74.5236 14.7714 14.6376 9.08595 8.81914 36.5375 35.9432 100.466 107.253 53.9045 54.2502 45.2074 17.7129 37.4707 27.0689 29.2786 26.6661 28.5039 29.0985 58.2599 68.7321 60.0506 65.6159 56.8623 66.6018 59.6593 60.0171 51.1373 46.1945 48.866 45.1358 61.7085 54.6279 55.5205 60.6988 45.3613 39.1532 40.7881 36.9794 73.2581 82.7262 72.3102 74.6384 45.5574 43.9476 44.481 50.3878 55.4499 59.5061 58.3464 57.0555 112.159 93.275 106.114 104.668 58.2714 56.9712 60.4307 59.6719 48.6275 49.8397 50.893 43.42 64.9134 87.4763 72.5032 5.41576 11.4505 54.9122 44.7482 91.9914 5.04163 35.3048 83.6311 87.857 83.0489 86.992 79.1865 69.7762 10.0436 66.5632 84.0037 90.4181 6.77956 56.8772 46.9247 63.3523 65.0805 74.5767 92.7864 83.8578 70.2444 69.748 73.3884 67.4365 100.936 53.5459 105.658 29.9196 77.3581 81.217 83.4978 18.4663
33.0099 29.6418 31.3986 28.5914 32.5123 27.461 12.789 13.6276 13.3872 11.961 8.06348 7.3614 6.71781 6.42521 2.40679 1.29435 0 1.28986 5.80534 5.34709 5.39593 5.94374 25.3584 25.857 25.4637 23.3204 17.3841 18.4151 19.8237 19.1102 73.4249 83.4125 78.9886 85.5873 72.6616 68.5279 80.7668 76.0147 44.2242 40.9158 41.8567 43.9131 41.222 40.0719 44.2429 43.4985 58.8231 60.8922 64.2296 63.455 63.6378 64.0722 59.197 54.1896 78.8513 65.8609 69.4099 65.6457 41.8331 40.9996 42.3866 38.3715 66.7434 66.5783 60.0357 68.0056 56.1007 64.561 60.2987 56.3521 86.87 81.4713 15.2337 12.6814 8.59081 6.88284 35.5433 42.2861 115.471 112.37 55.5875 56.6402 46.4634 16.84 41.1952 28.6261 30.6487 29.4381 27.2823 26.5576 58.996 66.3176 65.7361 63.7027 57.6122 59.6427 62.0882 58.8323 51.1484 50.0587 51.0512 45.6736 61.7957 63.2226 59.4817 54.2176 39.4397 40.7303 43.8711 38.1749 81.1262 80.5699 82.2338 78.054 45.6513 45.7501 49.5011 44.1501 57.4732 58.1487 61.9795 65.9397 109.751 103.089 113.14 95.0965 62.2184 64.8245 65.3215 59.3478 51.4506 46.0836 47.5719 50.2738 70.2351 91.3768 66.5364 6.24646 12.1474 50.253 43.0506 79.0731 5.05383 34.7999 73.4006 82.9872 84.9859 83.8391 76.0185 64.665 11.5598 70.7877 87.1373 88.2582 8.49753 58.1974 53.6827 71.2918 57.7633 88.3838 86.1678 89.5828 64.3203 64.5319 75.8643 66.5757 89.6645 55.1325 92.4622 32.3297 72.1937 79.3165 74.2586 19.4035
30.8602 28.9358 29.8947 31.2396 31.6405 27.481 13.2652 11.7649 12.9812 13.0801 8.84221 8.21874 8.24486 6.36015 3.64932 2.78034 1.28986 0 7.14947 5.76147 5.35851 5.71641 22.9452 25.0429 25.8109 27.0071 19.7539 17.6051 18.5524 19.4782 87.913 80.8666 85.779 76.0336 82.7628 79.8364 81.5733 72.0834 47.5298 47.1228 44.2327 43.6115 50.005 42.7001 41.4772 44.4338 59.2573 70.8382 71.2782 65.0056 64.4103 56.599 60.7866 61.4174 79.6903 69.5702 80.8646 68.7948 43.3257 46.046 38.0714 37.5573 71.6212 73.7403 63.9081 70.2708 58.344 66.9562 59.7443 56.4836 74.0916 85.4363 13.9295 13.2041 7.18384 5.98842 38.4166 37.2891 119.048 107.889 59.3533 57.6932 50.3767 14.5562 40.1469 30.366 32.7788 28.8619 30.9005 31.7229 61.1821 64.8389 60.4646 69.0695 62.4834 67.4888 61.8143 58.8885 53.036 48.5647 47.3406 52.1078 60.8572 59.078 54.4346 54.6075 46.3838 39.6055 39.3008 41.8566 71.1265 77.3016 72.8158 80.8343 47.652 52.5307 48.818 46.3822 65.4809 62.5734 67.6051 60.103 103.078 114.533 97.1094 96.163 71.4427 71.2018 61.94 59.2901 51.6747 52.8777 49.8196 48.9891 69.9808 90.6711 64.2205 7.75757 14.2648 47.4023 41.3789 87.3971 5.39693 34.4373 82.9371 85.8156 101.457 87.988 76.4073 68.0373 13.853 64.992 101.759 102.911 7.95672 52.3008 51.7531 75.7507 67.7754 83.2567 94.8102 86.8364 64.6512 70.6761 79.254 72.2805 89.8946 50.9021 109.396 32.8006 74.5721 81.1373 81.9787 23.2403
37.6356 31.2135 34.3603 32.2824 33.3505 31.0987 18.2381 19.0507 15.8765 17.6422 13.2369 12.2174 10.8147 11.7373 5.28877 5.6257 5.80534 7.14947 0 1.24179 2.61778 3.56184 32.2037 30.1856 29.6714 32.0343 25.9192 25.2883 26.1425 23.8239 93.0514 85.7919 91.0103 83.8183 78.5939 85.8397 75.8133 80.1273 45.6853 45.2909 45.2426 43.8307 44.7556 42.2364 38.6655 35.8398 75.5202 63.8812 69.8022 70.6435 64.5503 65.6887 65.8489 58.9354 71.1557 83.3694 85.1424 75.0958 42.7963 38.911 40.0022 43.9398 70.4615 64.0394 70.9764 61.1545 60.6616 53.8463 49.2799 58.0782 80.2116 85.8458 18.7611 19.8111 12.9914 12.2515 35.2294 32.9635 103.495 112.932 60.6689 66.8217 52.4969 17.5183 47.3621 32.5685 36.0817 29.3637 32.7722 29.3644 61.072 61.2037 60.0924 58.3123 57.7474 63.7315 64.0084 57.8697 53.9845 47.7382 57.0634 49.964 66.8606 64.1519 65.4574 67.8283 51.3229 48.7575 45.9644 42.0915 81.0781 90.3196 85.4165 74.2804 44.7391 50.3209 51.2789 51.4034 66.26 60.0577 69.2855 65.6142 106.061 107.571 109.207 107.66 65.0315 56.5369 55.7308 59.9555 57.5084 55.1005 48.6521 48.9275 80.3077 89.8288 72.6527 1.84958 13.1734 52.2132 46.4271 87.0341 9.63158 31.4577 71.5915 93.862 95.3907 82.666 70.4851 68.3365 12.1783 78.8497 86.0464 90.0462 2.05682 57.2863 47.3203 66.6982 73.8954 78.3 98.6124 93.2858 79.7065 59.9266 81.7017 68.4849 105.274 49.6168 106.853 30.6212 77.7888 68.9678 78.2874 23.3453
31.991 33.3398 35.9063 32.5199 34.6135 31.1309 17.6992 15.8249 16.881 15.7532 12.0521 13.0102 11.7222 11.4926 6.03968 5.03157 5.34709 5.76147 1.24179 0 1.39143 2.60253 30.8906 32.5844 30.2944 33.6263 23.2985 25.0167 24.0203 28.206 85.6126 77.9563 82.4275 82.9652 88.1198 82.8134 87.5578 85.4272 45.5086 41.159 44.2347 40.4725 49.0059 42.0122 43.3947 43.5418 75.4459 70.6486 73.7116 64.3857 59.3375 59.421 70.9216 61.539 71.8727 84.0297 78.6117 68.4125 49.0884 42.7614 39.9129 41.7046 69.8643 65.6863 70.597 63.9687 55.7195 59.9333 50.3157 56.6095 81.612 92.1938 20.4386 17.4127 12.2588 10.9633 33.736 34.3243 115.411 111.772 63.5505 65.5113 50.9672 14.9229 47.725 35.5107 33.0968 33.7568 34.9514 29.3838 63.1175 60.3482 61.4134 67.9243 68.8698 56.2567 58.4418 67.3034 49.1379 50.3688 50.4616 52.4015 66.1165 71.0273 67.0663 61.7184 48.5793 50.7154 50.611 43.8463 81.5201 87.0114 88.9895 88.1628 48.6312 53.4256 49.0348 44.7501 69.496 59.4277 68.7914 57.2393 101.267 107.724 114.077 108.266 64.2628 68.8888 57.1373 60.0276 50.0599 50.301 51.6532 56.9297 68.2169 97.8466 73.0537 3.02449 13.8476 54.9056 47.2167 83.7694 10.4088 31.2605 80.7791 85.5824 97.2026 83.2987 72.0962 73.7959 12.9449 76.9868 87.3841 92.1482 3.54355 57.9243 53.7464 66.8563 70.0078 82.7641 86.7309 83.2067 71.9966 63.3991 93.0765 71.7866 100.849 54.7893 107.225 33.4476 81.3896 77.3717 80.9194 20.3915
32.2253 34.0822 36.4434 37.0089 40.0153 31.4233 16.8809 16.716 17.1797 16.7828 13.2994 13.565 13.1374 12.8386 5.80158 5.90437 5.39593 5.35851 2.61778 1.39143 0 1.23473 29.3392 28.5113 30.5362 31.3596 26.3925 23.9242 27.3508 24.23 93.9095 80.1878 88.8555 92.4389 88.0383 75.1305 75.0213 81.9731 44.9598 43.7669 43.3164 42.4346 46.8237 41.7357 42.5039 43.6549 75.4134 72.2374 69.9118 73.012 62.3437 67.2159 62.0637 66.9152 85.5551 73.8686 81.4416 69.4952 42.2817 42.5857 45.6307 43.0518 66.0899 70.4336 73.7135 67.0984 56.0869 57.1177 53.0414 57.8178 80.0821 87.1168 18.3696 17.1565 12.5974 9.64796 39.5788 38.5992 117.644 120.711 63.755 59.1695 49.4034 14.341 47.1468 33.0176 34.0512 31.6209 36.8899 31.6605 63.8159 68.6876 65.583 60 62.0905 66.6905 61.0721 60.7378 60.1333 49.506 53.5277 57.547 60.8745 63.1961 66.4231 63.1154 43.6842 43.069 49.5611 45.5753 79.341 80.3515 76.4684 87.3897 55.5741 50.7188 50.5502 52.2225 64.4579 61.1715 59.0805 69.0038 116.919 107.162 101.5 100.53 69.3616 58.9566 57.1812 63.9194 56.3086 54.3695 57.2134 55.3854 79.8533 95.1133 74.6948 3.83307 13.9883 58.1384 46.1581 84.8984 10.6605 37.5767 77.9796 86.8644 90.9768 84.1711 73.5502 71.7703 13.3421 71.4714 93.3623 93.9528 4.49199 59.4077 56.3562 70.2486 67.2488 86.0704 95.5126 94.3886 74.5873 66.6871 87.0177 74.7908 99.4954 56.7412 112.516 38.6866 79.1231 76.1221 84.7822 22.931
38.817 36.2099 31.3087 34.9981 37.6503 35.7432 17.1534 18.3628 16.8013 17.1311 12.7758 13.2238 11.5502 11.2426 6.464 6.21149 5.94374 5.71641 3.56184 2.60253 1.23473 0 32.3656 31.9705 30.794 32.0512 25.8154 23.9555 24.8377 22.3877 81.641 78.6122 85.5847 79.5615 80.9395 87.3267 82.7647 86.2179 47.7735 51.7089 44.9112 44.6416 44.3527 48.3332 48.8068 42.4601 76.0986 68.1258 70.88 68.0262 70.8811 65.6653 69.2 66.523 78.8143 82.337 74.141 82.9786 52.2279 45.9975 44.7971 40.638 75.6746 72.9323 67.2708 67.6113 54.3042 60.6411 53.4342 55.6698 90.4891 78.9319 20.5744 16.0522 11.0951 9.22177 40.4961 35.699 125.635 117.747 62.5344 59.0787 54.868 12.2972 46.454 33.5895 35.8578 35.0484 35.962 32.3453 73.0234 66.8817 65.886 67.8586 62.8814 64.6992 70.5188 66.1409 60.9952 51.7263 54.4378 50.5229 64.9462 69.5214 71.6021 59.0712 51.5071 46.8134 44.7381 44.1949 83.7872 74.221 74.9485 80.5536 53.1908 52.2881 55.304 51.0596 64.3202 64.839 64.3256 63.5304 101.174 115.818 103.963 98.7103 71.741 59.4691 67.1567 70.215 53.1486 51.072 58.6739 50.8861 74.1833 96.5462 72.5025 5.89803 15.8357 55.5654 43.3712 86.4084 10.9537 37.595 80.598 82.4689 105.399 101.84 72.1529 62.6368 15.1046 70.9942 98.6194 95.7664 5.29927 63.7151 57.9123 71.6816 70.0007 80.2079 86.3301 93.395 73.2024 74.0044 80.9259 65.796 92.6532 60.212 97.5381 35.2436 77.5064 77.2093 74.9641 22.676
16.8255 14.9874 15.3548 14.2253 16.7137 15.7244 16.1084 12.8689 14.6362 14.2096 17.8828 19.2538 17.448 17.8085 24.7648 26.8125 25.3584 22.9452 32.2037 30.8906 29.3392 32.3656 0 1.15957 2.30321 4.07579 5.73436 5.66256 5.69106 5.96336 62.5457 53.7886 62.0065 55.9758 56.1411 48.7308 54.8203 51.6569 55.2264 51.7423 50.2782 49.0993 57.2436 53.6546 53.871 46.0721 40.9294 43.3214 38.2504 41.8381 32.7668 39.1796 38.1213 39.1234 50.8539 46.804 52.6443 53.1809 36.7162 32.6854 31.5018 34.3381 64.1229 64.253 61.2098 59.0938 73.995 77.6732 70.5961 64.411 54.1655 59.2709 13.8543 14.9809 20.76 24.5276 52.8873 52.4622 102.642 88.4989 35.6171 36.0804 61.7745 36.8996 20.2924 32.2307 27.9313 24.7304 24.7472 26.6458 69.6514 73.483 62.6327 69.9308 69.8138 64.4938 66.4757 68.6365 37.5541 38.197 33.4008 36.7426 40.8478 37.0381 38.7358 37.964 19.6761 21.3856 21.8924 20.3266 58.7516 49.0764 53.6692 50.8981 52.2418 52.7326 56.2962 54.8575 53.6932 49.253 49.393 54.5224 101.744 94.783 90.6261 98.1955 76.3676 74.5294 68.5292 65.6291 36.7248 40.3923 37.0066 33.058 52.6553 72.4645 50.4014 30.2886 31.634 28.5702 22.9992 65.5248 18.5751 42.9437 79.7452 61.7647 86.7551 86.3845 88.8365 51.4499 24.9323 61.1213 95.716 79.8824 34.7882 50.5035 43.0337 76.4619 40.6823 72.0284 82.0957 84.1176 50.0257 61.7514 53.8924 63.1268 82.4451 70.8564 98.0411 32.1279 79.5478 77.531 62.8392 29.9396
18.3623 18.5656 15.951 18.399 18.059 18.8556 17.151 14.3428 13.1509 13.115 19.7611 21.503 20.1259 17.0347 25.7991 25.8692 25.857 25.0429 30.1856 32.5844 28.5113 31.9705 1.15957 0 1.33233 2.67394 5.3305 5.75633 5.54135 6.18171 62.5816 58.0624 57.7046 55.545 49.0033 49.0457 51.6679 50.7344 54.3248 48.1705 44.9411 51.5038 54.0816 56.9697 56.6844 47.4173 43.7583 45.5003 43.0732 44.3151 37.1009 40.0023 34.0274 38.5756 58.0489 50.8751 48.2946 54.7957 39.5163 38.6549 35.6492 34.612 60.4313 65.7509 54.4949 61.9943 78.7378 78.0539 66.0559 64.7496 65.2682 54.6981 13.6308 14.2259 18.0932 24.346 57.642 58.7006 105.065 90.4161 37.358 39.5005 61.5087 34.8356 21.5039 29.7038 27.4112 27.7662 26.3966 28.5076 67.6823 66.2254 76.9273 70.0909 67.3619 59.4251 62.3797 65.2449 36.0019 36.922 35.5129 34.2709 37.6895 34.7952 40.2946 35.4711 22.4613 20.6886 19.6381 22.0262 54.0764 56.2317 53.5922 50.3578 57.8837 50.7738 50.5195 57.2312 53.1121 51.2858 56.5852 53.8042 91.6397 101.109 97.3253 100.937 70.8734 73.2016 65.8158 72.8086 41.0271 40.3103 36.237 36.1158 57.027 78.5837 48.6041 32.2205 28.4298 29.3608 24.7902 71.2962 19.6083 48.5336 75.7246 60.7883 86.2441 84.5383 87.9216 55.7086 28.24 52.6966 83.7234 77.6852 29.5352 47.5751 50.9806 75.2489 41.0642 70.0017 80.9383 86.9422 41.9722 65.0735 61.5965 68.7317 91.3308 60.5055 93.5283 36.9301 79.9024 76.7765 62.605 26.7851
18.2426 18.6459 17.2176 19.3455 19.2548 21.02 15.1796 14.4628 13.917 14.8851 22.0209 18.8992 21.0149 20.0301 25.9727 24.5518 25.4637 25.8109 29.6714 30.2944 30.5362 30.794 2.30321 1.33233 0 1.27257 5.38791 5.86937 4.92378 5.46463 57.0764 59.6965 53.2598 56.8302 47.8654 49.9486 50.5843 50.2816 49.4883 56.2238 51.0121 51.4618 50.1108 51.1193 58.032 46.9203 42.8326 39.2354 38.4683 44.5413 35.4382 37.7697 35.7555 34.5917 59.4135 58.056 56.8885 46.6004 36.3451 40.8196 34.9961 32.3043 59.4355 55.853 54.0917 60.8822 68.5154 81.2789 65.4135 74.5236 64.662 55.7396 12.6379 14.269 18.9254 22.3366 51.0715 55.6205 108.119 93.856 37.4991 40.5632 61.4302 34.8591 21.8865 34.5452 28.7283 26.4688 27.8343 29.9517 79.4987 68.2392 68.5818 68.5868 67.0026 70.1519 66.0981 71.5852 37.9257 40.1749 34.687 38.298 35.0267 36.0927 40.9985 40.3262 22.1124 22.1332 20.38 22.3685 51.531 57.814 50.7081 51.6446 51.3943 57.0354 52.5212 54.1087 54.3333 56.9869 56.7918 60.2159 100.385 98.2711 98.8205 87.4274 74.3678 72.8384 67.629 66.1787 39.138 40.6926 40.2152 35.5283 51.3389 71.1699 46.318 30.7619 30.2386 26.2636 24.7686 65.2812 21.161 46.8156 74.0368 70.4771 83.1351 81.3868 96.0523 55.3842 27.174 54.8381 91.9897 82.577 32.359 52.9765 45.8241 75.6437 47.8667 75.1034 81.0547 79.7555 50.6969 62.8342 61.1016 67.8423 94.2428 64.6349 91.5628 33.6333 87.8971 84.5657 69.4802 28.5003
17.7211 20.2136 20.2219 19.1358 22.82 19.6226 17.698 17.7576 14.9049 15.2462 19.5554 20.7197 20.8479 18.5702 24.8553 23.249 23.3204 27.0071 32.0343 33.6263 31.3596 32.0512 4.07579 2.67394 1.27257 0 6.71777 5.56874 5.27475 5.92001 53.8757 61.0358 54.2732 54.0181 56.7815 50.3188 47.3208 56.9461 58.5224 50.8973 47.7473 54.3576 51.4962 58.8877 56.8757 52.4621 40.3396 44.2628 42.2631 45.1719 36.5038 36.2494 36.6345 36.8084 53.8674 54.5471 51.5932 56.251 40.9465 35.6787 36.1317 36.974 62.5129 68.1766 62.6586 57.9862 68.6252 71.4824 72.735 80.7345 60.1937 56.7118 12.5136 13.756 18.9089 24.0634 54.7074 62.0906 108.861 103.659 43.9481 39.1877 65.7031 31.9662 23.8871 34.97 30.5089 27.454 29.0384 27.1868 79.7943 67.8624 75.796 73.696 67.0541 71.3509 64.995 65.4059 41.0951 37.6624 39.4146 37.7451 39.7254 38.4276 40.3906 40.8442 26.1034 21.5344 22.5872 24.1324 59.4181 57.3662 53.7201 51.0582 56.5833 51.8262 49.9909 54.0584 60.5444 56.2325 51.6996 61.7065 104.562 96.9785 95.104 95.8824 70.4891 76.215 70.6085 78.6735 44.6015 41.6457 36.323 37.57 57.9741 84.5826 51.9818 31.7104 30.9889 26.0948 30.588 66.2204 22.1293 47.4155 82.2894 62.8563 84.1598 81.4184 89.9779 55.1963 28.1291 61.6136 88.7779 92.4383 32.7887 51.5427 46.5497 71.4993 43.1723 73.5289 80.3821 89.8104 46.0398 64.7379 65.5887 72.3219 94.6504 68.1011 86.5724 37.9479 91.381 92.8807 62.9056 29.4324
16.5953 18.5148 17.5304 15.4479 19.7723 19.6766 11.0026 10.5535 9.20934 9.15402 13.5139 14.6699 13.399 12.4153 19.2015 20.1085 17.3841 19.7539 25.9192 23.2985 26.3925 25.8154 5.73436 5.3305 5.38791 6.71777 0 1.19775 2.62217 3.96287 62.4072 63.6187 57.457 57.1859 53.7775 58.3087 52.9573 56.0169 48.5232 48.5164 51.4406 41.9911 53.0161 45.8622 50.2254 50.4352 48.3573 43.604 43.955 46.4883 37.673 45.4935 38.2302 41.3851 63.5425 52.6082 62.0763 51.3669 34.7961 33.5593 36.8229 35.5992 63.0355 63.5563 56.032 63.8413 64.9114 74.3893 72.619 62.1739 67.1823 59.3908 8.48299 10.5865 15.1265 17.0972 46.9219 50.0195 97.1581 92.6671 44.4254 37.1537 60.746 27.9057 23.6319 26.6766 27.1426 24.4338 25.4353 24.3102 73.1197 75.4049 71.4093 66.9595 69.3213 66.3632 67.8563 62.3669 40.4308 35.53 35.712 35.3572 41.8741 45.1026 43.3221 39.296 23.4723 22.7763 24.5694 25.8208 55.6319 60.7974 65.1334 55.4286 50.695 47.9456 54.2473 54.9359 58.4014 55.5341 59.4851 53.7334 100.111 89.4614 104.779 89.8654 73.247 65.0302 73.1878 68.3869 42.3601 38.1242 42.0145 42.7209 61.8934 74.7802 49.3253 25.8733 25.7547 32.4023 30.5196 62.7835 16.2742 45.8035 72.5432 71.338 87.9771 80.8929 83.5115 55.4278 21.0135 53.108 88.3832 79.522 24.4929 52.7866 44.9019 68.8933 45.1937 74.8437 83.9981 77.1922 46.6447 64.0019 60.1098 62.2259 89.8136 56.9245 98.5555 34.7 76.436 76.8885 69.4362 25.0767
20.3459 17.7747 18.3601 17.8565 20.8215 18.5794 12.7718 11.3172 9.56136 8.69873 17.1397 14.232 14.3976 12.5265 20.7013 18.9394 18.4151 17.6051 25.2883 25.0167 23.9242 23.9555 5.66256 5.75633 5.86937 5.56874 1.19775 0 1.20975 2.75377 67.3292 67.646 64.385 61.3451 52.8627 59.8125 55.4969 61.3919 55.8788 53.7171 44.6755 48.5363 57.3898 53.0101 48.5664 51.4953 43.0084 43.1754 49.059 48.4535 40.5715 42.8991 41.5613 42.1271 61.9913 55.0735 52.9049 52.0398 40.2574 39.5093 35.3324 37.7408 65.8428 66.466 65.408 62.4419 66.5438 76.5888 73.3256 67.5057 63.2816 63.7256 8.85806 10.7857 13.6616 17.997 50.1156 49.781 99.7975 108.767 43.2055 42.583 61.2483 30.9407 22.0402 28.4959 25.5209 28.0837 27.7152 24.9347 67.3345 73.4208 67.1124 63.9898 64.8152 70.1989 66.2444 64.2072 43.336 38.6532 37.9633 35.8838 43.6087 38.7563 39.3575 40.4756 26.0892 25.8621 25.7638 26.4206 64.8429 56.4127 58.1862 62.5175 48.5134 53.7888 52.7186 52.8181 58.2781 52.1823 53.9472 52.783 89.6824 94.6094 102.505 92.9233 75.368 64.0834 69.9943 74.7571 39.4937 37.0486 43.4852 38.7972 63.51 72.6128 50.2701 24.1104 25.4566 35.5719 27.4128 64.4514 15.1596 41.3191 78.8774 72.8151 89.7771 91.5049 92.3408 55.8079 22.8002 59.0028 90.6631 86.7503 29.408 46.4213 46.6292 78.9915 47.5908 71.5736 88.5758 89.2499 54.7895 57.7843 70.4608 63.9597 99.1454 67.591 95.782 31.771 79.7633 78.4137 67.4585 29.3994
19.0828 19.1521 20.5048 18.9263 21.5721 20.7179 14.1463 11.9 11.5 10.591 15.149 15.0347 16.1436 13.6691 19.9447 21.0455 19.8237 18.5524 26.1425 24.0203 27.3508 24.8377 5.69106 5.54135 4.92378 5.27475 2.62217 1.20975 0 1.36817 68.2386 68.1188 62.9729 67.9831 60.8629 58.154 53.8906 53.3163 48.246 50.625 52.3271 52.2068 55.4514 51.6873 53.9483 46.739 45.8933 44.9321 45.4397 49.5911 39.7077 38.5932 41.855 41.7123 56.3513 57.2338 58.4559 52.5178 35.6084 38.488 37.8785 36.5498 60.5679 65.5883 68.0872 55.1653 75.4603 68.8595 65.849 76.465 59.564 60.6697 7.76297 10.2404 15.8415 18.0499 51.6443 51.7149 98.6885 106.636 43.9284 44.6715 60.6691 29.3839 27.06 31.527 30.4502 29.7139 25.5914 29.506 64.4795 71.3731 65.6886 66.3172 68.3414 69.1242 61.8822 69.6794 43.7628 38.2356 37.0159 37.3523 44.2642 43.5812 46.0989 42.8368 26.3113 23.9845 25.0669 25.4855 61.807 63.214 62.9591 62.37 55.3243 58.8364 52.9214 57.4457 59.8388 63.5648 52.3854 57.2662 94.6748 95.9516 91.2758 107.192 69.11 69.9974 66.5936 67.8261 41.94 42.0061 40.3384 37.1022 60.5431 76.6225 52.4847 25.7088 27.1645 31.0708 29.0443 65.2019 15.2632 42.9365 85.7303 68.4061 81.6966 85.2628 83.1578 65.3462 21.2373 61.5703 99.9934 91.253 27.2017 52.0982 53.4398 71.2005 45.4553 80.2915 80.35 84.0241 53.7503 69.5528 63.2022 73.0172 90.7627 63.3762 96.794 39.2209 77.1936 84.2041 68.0097 26.2753
22.5103 20.0587 22.4682 19.9253 25.5862 21.0151 14.8564 13.6067 11.0931 11.3804 17.0204 17.5888 14.9483 16.3121 20.8471 20.5831 19.1102 19.4782 23.8239 28.206 24.23 22.3877 5.96336 6.18171 5.46463 5.92001 3.96287 2.75377 1.36817 0 58.5572 69.107 61.6473 63.0961 55.0654 55.9112 60.1869 58.5431 58.7152 56.4526 48.4781 52.0473 56.9978 49.9879 48.2852 46.0257 43.3721 45.7308 43.9215 45.4282 43.0336 40.0567 38.2517 44.3159 59.7341 57.6975 61.3201 60.2509 37.4702 37.7571 37.7272 34.3411 67.8537 64.8815 64.681 60.1813 70.757 72.2542 69.7438 64.9325 60.0721 68.5379 7.87993 10.152 14.5794 15.7589 51.2065 50.411 111.632 105.69 40.7054 43.2133 59.7426 30.2741 23.6951 34.3465 29.2781 28.9732 29.4745 26.7685 79.5442 77.6071 76.0838 65.3488 73.4459 66.808 72.614 71.1675 38.8479 38.8468 45.2298 42.7265 47.8397 43.7031 45.6846 40.079 29.2046 25.719 27.7699 29.0331 53.8992 62.1704 55.5322 54.1397 51.5706 57.7342 55.2574 50.6237 60.945 65.2611 60.3202 61.2185 93.1129 94.2595 90.5181 96.9939 76.2388 78.8755 76.6051 69.35 39.1971 45.1176 41.5041 38.102 57.8497 80.3511 54.9986 28.0311 26.9622 31.11 28.7057 73.5045 17.8409 45.2816 84.5751 67.5987 81.9901 81.1651 92.372 59.3423 25.2219 63.0135 94.7674 98.1063 28.9974 52.6468 51.1849 80.6485 54.5674 78.0775 84.3013 87.2141 56.8067 66.9011 68.6811 63.334 99.7919 66.551 99.0551 35.9347 93.8054 90.2524 69.9165 30.5779
48.1154 53.1288 54.5402 50.8549 53.0161 58.0217 65.3559 62.4212 73.7318 67.7356 75.0272 78.7522 80.3839 72.2816 77.5041 79.9117 73.4249 87.913 93.0514 85.6126 93.9095 81.641 62.5457 62.5816 57.0764 53.8757 62.4072 67.3292 68.2386 58.5572 0 1.22556 2.59856 3.72431 5.03077 5.94415 6.44872 7.09641 88.9932 76.9783 77.4741 86.6184 84.3989 81.3406 89.1695 92.0863 17.2933 16.6106 16.5295 16.8659 23.5544 20.3342 20.2951 20.048 22.8809 21.8478 20.2905 23.4744 54.3857 67.314 61.1912 55.1348 68.4053 70.8607 64.4642 63.042 102.824 117.455 96.4721 116.414 13.229 13.9068 68.8466 75.5914 77.9485 81.9535 88.5224 101.2 80.2493 68.0391 29.0733 30.8196 93.6795 100.806 44.8368 73.6545 67.3936 63.9479 64.5138 56.7617 87.1297 94.844 94.5376 102.026 95.1555 91.0191 79.7472 84.2017 42.4734 45.666 48.896 43.0791 21.5931 21.5592 22.0761 21.5247 39.7802 37.156 41.5986 40.4834 5.57048 6.55525 6.9334 6.49649 77.356 81.392 83.5947 76.3373 66.0188 57.3907 63.8999 61.6084 72.1921 71.747 71.3406 69.8768 89.2121 99.9394 100.851 95.9115 54.1117 54.8639 49.1925 52.1534 33.2739 56.636 28.6669 90.8607 76.5181 29.3773 48.2672 26.3675 75.0556 86.1365 83.7831 38.4764 77.246 80.9906 115.411 58.2262 74.7865 49.1134 90.1316 58.4858 93.0383 64.1694 60.4601 103.8 31.2096 61.9915 73.0466 89.5773 13.1758 69.8007 19.5647 71.9843 75.4502 94.1065 75.6364 69.8609 107.865 93.6443 46.968 77.5795
51.3163 55.2331 57.7826 56.3128 52.9395 52.1995 74.4702 63.9204 70.2548 68.0165 68.4279 74.0094 68.0345 77.6091 82.403 78.0079 83.4125 80.8666 85.7919 77.9563 80.1878 78.6122 53.7886 58.0624 59.6965 61.0358 63.6187 67.646 68.1188 69.107 1.22556 0 1.25965 2.65515 5.96582 5.33868 5.33352 5.76207 91.8765 86.6837 75.2255 82.6899 84.4597 96.099 84.7301 81.7374 17.3106 16.338 14.7794 15.8054 20.2372 21.4028 22.9526 22.4845 22.203 23.3272 23.6307 23.2724 56.3188 59.7963 60.6698 65.2416 67.0874 71.4806 58.6874 64.408 116.436 114.458 98.6932 103.126 13.2852 13.8419 65.0871 70.282 83.7448 83.4266 101.294 88.4094 74.3353 71.8128 27.1607 31.8489 104.661 83.1016 41.9953 71.56 59.4911 65.646 59.1109 62.5653 89.4191 103.553 90.0909 93.7552 95.5106 87.5422 94.0073 95.8099 46.11 48.7561 44.1617 45.2794 23.471 25.0106 21.9273 24.9415 44.0423 39.2695 38.5003 42.3057 4.44574 4.82901 5.07532 5.57826 81.41 87.3408 79.4873 77.0894 65.0202 66.5855 63.6226 57.2335 82.7857 73.5667 84.4079 71.0647 91.1409 100.015 104.214 98.4852 48.5573 52.2554 53.6025 50.876 38.4506 66.2023 29.6299 87.5054 74.7574 32.2225 41.381 26.2865 71.0092 87.1043 90.5784 38.9491 74.3561 89.0113 126.585 58.8972 76.9655 46.8374 86.1751 66.5671 91.1938 63.1338 69.858 97.6811 26.3978 74.487 68.3249 77.4347 13.9086 68.9557 22.5003 77.9354 80.5976 94.6917 82.8431 77.9581 94.0448 101.893 57.7829 71.367
48.6676 58.7106 60.0331 61.3223 53.061 62.8601 63.6388 69.0103 69.135 64.3419 72.2476 67.7546 80.0155 76.1163 85.8776 84.4575 78.9886 85.779 91.0103 82.4275 88.8555 85.5847 62.0065 57.7046 53.2598 54.2732 57.457 64.385 62.9729 61.6473 2.59856 1.25965 0 1.16984 5.54822 5.04299 5.75228 5.46703 82.1971 77.993 80.3159 90.9161 96.0873 85.4706 82.247 84.9293 16.0345 15.0491 17.8842 14.9003 23.0697 23.8719 23.2935 21.4839 27.5594 27.4666 21.3262 25.7205 56.8063 68.787 65.01 64.6387 70.8379 64.9687 58.6941 63.4804 98.9102 120.942 108.476 118.724 14.0034 16.1528 75.8974 76.7582 70.9316 83.4102 87.516 106.931 74.1357 75.0997 28.8741 28.3666 97.1094 87.4641 46.5913 62.4144 61.0568 59.55 66.2829 60.5672 90.6071 96.8569 94.369 106.175 85.0902 97.7948 88.9396 86.1949 44.4701 45.3162 50.2411 45.9818 22.8925 25.9414 22.3003 21.3791 39.491 39.8133 38.2777 37.1826 3.94348 5.056 4.62266 5.15685 85.5376 78.2763 86.6754 90.2119 70.1414 59.6029 69.0878 63.3374 72.2739 74.5943 77.6029 75.2501 90.2041 94.6855 108.393 107.104 54.0451 48.7844 49.3898 55.6426 39.9721 59.8291 28.23 90.1449 85.416 28.1282 47.3697 26.1841 81.9844 92.3604 89.7578 40.107 70.0506 87.7642 123.837 66.6013 81.5183 51.3494 93.6291 69.0381 95.2726 61.3968 63.385 94.9392 31.6924 66.0659 75.692 76.7626 12.7725 78.5201 22.3106 75.701 83.4947 100.47 84.3184 70.839 110.796 95.5166 56.1684 71.2847
50.7494 49.5588 56.1524 52.5587 49.9049 53.7357 65.7606 75.4642 67.5582 65.2991 77.5673 71.0104 76.7444 74.0469 78.2697 85.0257 85.5873 76.0336 83.8183 82.9652 92.4389 79.5615 55.9758 55.545 56.8302 54.0181 57.1859 61.3451 67.9831 63.0961 3.72431 2.65515 1.16984 0 6.66417 6.1721 5.14996 5.90205 90.6193 90.8207 82.8088 89.1481 85.0838 96.4979 87.1886 87.3871 16.7646 16.9123 15.2775 14.7169 24.4165 23.8818 20.472 22.491 27.3552 26.7766 22.1547 25.9522 63.4668 58.5254 65.3326 68.5302 60.6216 67.3451 65.8356 72.2741 100.332 120.113 118.55 112.444 17.4453 15.8122 74.7707 67.9873 73.1217 80.2868 93.7877 101.215 81.469 71.1933 28.4419 30.8978 101.647 99.0388 43.7416 61.9417 62.0269 63.5947 57.418 69.0614 94.8183 101.133 101.719 89.6452 88.2473 96.7183 84.4264 93.2962 52.7009 44.0932 48.1419 44.1055 21.4654 22.5476 23.8542 23.6813 43.4967 39.7313 43.37 41.5968 3.41639 4.22125 3.33 4.10824 91.7806 78.1073 83.6264 91.2667 69.3969 69.9597 68.6801 65.9894 75.1316 87.5963 82.4823 73.5225 97.7209 102.429 107.868 99.4321 56.6634 49.3221 48.7882 48.1934 40.7779 57.0529 28.3277 81.392 81.9298 27.5558 42.9124 27.5119 75.3887 85.0792 98.2878 38.8541 77.4746 91.9278 109.296 66.8159 82.3871 46.3923 86.1496 66.2757 85.3802 59.363 67.0638 96.3459 32.3983 76.4428 79.3307 80.6184 15.208 75.0366 22.4004 75.4978 73.9019 104.626 84.2784 80.4968 115.09 113.291 58.3071 72.4412
49.5226 53.2636 46.5758 50.1192 48.2639 48.3889 65.7535 62.9347 62.9749 66.7942 64.9168 63.8646 69.8142 75.0255 68.7641 78.3952 72.6616 82.7628 78.5939 88.1198 88.0383 80.9395 56.1411 49.0033 47.8654 56.7815 53.7775 52.8627 60.8629 55.0654 5.03077 5.96582 5.54822 6.66417 0 1.18368 2.35424 3.72726 81.102 74.9456 78.3329 80.0118 75.7766 81.3177 89.0095 78.4167 10.421 10.8391 10.9703 11.0968 14.7988 15.4107 15.8394 17.692 21.8024 23.1508 18.6428 19.5191 50.1214 58.6259 57.6968 53.3526 66.0794 66.8647 52.7267 54.8974 101.338 109.551 97.1229 112.923 12.3711 12.3533 65.3789 66.7801 66.6536 71.7315 84.0842 83.8404 79.6498 72.4424 20.2104 22.1338 86.8715 83.9419 39.7193 61.2356 54.0751 59.9824 53.0736 55.9526 99.2155 99.2916 96.7201 88.711 76.1096 88.2224 82.4756 79.6122 41.6353 45.8253 42.8918 41.5332 17.7001 18.309 16.548 15.9742 33.2568 38.5473 32.9923 36.716 5.43564 4.74827 6.40968 5.43349 80.0725 70.5486 82.2958 80.1548 62.7885 59.6496 57.8847 61.0655 76.742 78.0099 75.3179 79.8049 95.527 91.9881 90.0816 94.8355 42.0034 49.4373 42.8041 46.0935 35.7884 55.0153 21.3527 87.8887 79.7775 26.7131 42.6958 27.129 69.7251 83.8599 81.8923 38.1993 73.2892 81.7079 117.335 60.5297 72.1723 46.1994 91.1631 58.2702 82.5 62.1143 68.5574 94.6737 25.0083 64.6736 69.9034 79.4841 7.95755 63.1935 20.6883 64.2586 82.5365 101.112 74.2434 63.9027 103.295 98.5318 50.3838 65.8018
50.2617 47.2137 44.7513 48.964 47.5623 56.3092 68.3474 69.6527 57.3327 59.8989 67.7528 74.9059 62.8867 73.1764 75.5832 79.8442 68.5279 79.8364 85.8397 82.8134 75.1305 87.3267 48.7308 49.0457 49.9486 50.3188 58.3087 59.8125 58.154 55.9112 5.94415 5.33868 5.04299 6.1721 1.18368 0 1.35279 2.59978 78.9605 73.8859 80.1729 71.4746 90.4072 75.5812 75.2184 87.5823 11.7213 10.5644 11.4212 10.78 15.7812 16.7143 16.9563 15.8552 23.7493 21.5332 19.6724 19.8416 55.3605 59.4931 58.5303 53.431 61.5434 57.0042 65.0299 62.4339 108.098 110.904 101.366 106.275 14.4718 14.1269 64.0804 70.195 67.1461 81.0582 89.4447 93.6173 74.9102 74.0379 24.8985 23.9462 99.3626 82.3912 36.5812 67.9651 52.3266 61.9405 62.2975 62.1996 100.568 86.5286 83.2285 88.632 81.9048 87.3641 86.556 89.0233 45.0789 45.7236 37.9682 42.4295 17.8019 18.7169 16.0605 18.9729 33.7903 35.9158 35.677 37.2543 4.54897 3.55757 4.65344 4.58757 85.129 76.3285 74.8528 71.412 59.005 60.1203 56.5912 56.0294 76.7718 72.1548 72.7488 69.5547 97.2713 89.3394 102.892 101.461 43.5688 44.2091 42.0657 48.4553 38.9544 65.133 24.6968 78.1693 77.6946 26.1527 40.713 26.5344 67.2107 80.9867 91.1478 39.998 76.3725 88.6437 105.098 56.2961 69.0969 46.0051 84.5567 59.1187 90.1341 59.9545 61.8343 94.0673 26.0197 61.4149 69.145 75.6895 8.50416 67.6252 21.0697 63.961 76.2523 93.2207 73.2203 64.1117 91.8393 108.256 46.3767 70.3984
51.2581 44.3635 48.7226 50.5379 47.5005 56.1744 69.5367 57.6049 65.8667 59.8462 63.9461 65.6088 73.5497 67.6292 71.0232 76.4296 80.7668 81.5733 75.8133 87.5578 75.0213 82.7647 54.8203 51.6679 50.5843 47.3208 52.9573 55.4969 53.8906 60.1869 6.44872 5.33352 5.75228 5.14996 2.35424 1.35279 0 1.35308 83.6896 81.0919 77.2968 83.391 88.8421 79.1045 76.7647 84.2074 12.9658 11.1254 11.4404 10.8216 17.8019 16.5909 17.7152 17.6611 24.623 22.5746 22.7058 22.1485 60.3811 56.9921 56.4769 58.8242 67.575 58.5821 56.516 65.2471 105.564 111.541 99.2348 113.969 17.0392 15.8735 67.6419 62.6221 71.0582 66.8885 94.2621 99.1828 82.5526 71.9902 26.2601 24.3905 83.9514 85.924 38.2213 62.7437 61.9003 62.9852 57.5601 56.4028 96.6541 103.603 99.4103 85.3119 88.1223 80.328 77.7946 92.4388 44.6979 40.1261 38.2624 41.3929 19.1114 17.8017 17.0491 17.434 34.5916 33.8312 36.0134 34.0971 3.26593 2.73854 3.90301 3.57952 81.0792 74.7361 80.7616 76.2216 65.0696 59.1226 61.8804 58.8733 83.1186 78.4302 72.1973 76.4127 91.9202 103.793 103.672 88.1166 44.9982 48.2241 48.1217 44.3403 37.3027 63.9452 27.3222 79.4848 70.1101 26.8985 43.2194 26.4959 67.3447 84.2226 87.6706 41.6194 65.7864 79.9292 114.072 62.8871 74.3086 42.8678 85.431 64.8813 80.9082 63.9818 65.9826 101.18 26.1203 72.0188 67.1386 86.7984 8.19196 74.017 22.5018 71.5142 76.768 101.663 79.7113 73.2967 110.294 104.646 47.4256 70.8107
46.6752 45.1455 46.6474 48.0999 43.8489 50.625 59.0449 67.2838 65.0301 65.5943 62.8157 68.5756 68.7711 69.8186 71.3922 71.9453 76.0147 72.0834 80.1273 85.4272 81.9731 86.2179 51.6569 50.7344 50.2816 56.9461 56.0169 61.3919 53.3163 58.5431 7.09641 5.76207 5.46703 5.90205 3.72726 2.59978 1.35308 0 84.5017 79.3301 81.7237 79.5582 90.9276 81.671 83.6184 88.5278 13.3445 10.9413 11.9486 12.0625 18.1322 18.2832 17.5497 17.2376 26.4373 23.0836 24.5205 22.8843 56.7931 59.6672 59.5504 53.3568 69.5247 66.2783 66.8086 67.2731 108.08 106.981 95.5293 101.747 17.3925 17.2636 61.4117 60.9869 73.9134 72.0185 89.5529 93.4699 75.3656 80.9974 26.8008 25.9892 92.1439 94.1175 42.1405 60.9511 60.3906 64.3468 60.2229 63.115 88.4517 90.9344 101.762 99.9101 92.8425 80.5263 83.4458 81.3238 46.5188 43.2532 45.7708 43.3036 18.3544 19.4532 19.0217 19.789 34.0715 33.2966 35.7467 34.0027 2.35389 1.81539 2.97668 2.54639 76.0123 78.3252 77.5228 74.131 56.9195 62.6322 61.488 63.6363 75.8989 82.9223 81.3684 76.9722 92.1898 105.441 105.692 91.8427 50.1914 50.4602 51.0729 44.3196 38.3116 60.2399 25.4952 82.6243 68.7561 23.9241 44.1058 27.3667 70.4038 84.1581 96.8123 37.3251 65.9359 92.6838 113.285 60.7758 67.1284 52.8345 84.481 71.2582 76.5699 61.0449 69.195 101.257 26.9655 67.7606 74.647 77.2338 9.40287 64.2375 22.3616 77.816 80.5567 99.8019 81.1966 69.4416 92.4752 105.248 49.0698 64.3259
39.1073 41.721 39.845 35.7622 39.2471 38.5209 36.7733 38.9601 39.6102 43.7118 39.2705 41.3975 39.9785 47.7405 43.7917 41.9005 44.2242 47.5298 45.6853 45.5086 44.9598 47.7735 55.2264 54.3248 49.4883 58.5224 48.5232 55.8788 48.246 58.7152 88.9932 91.8765 82.1971 90.6193 81.102 78.9605 83.6896 84.5017 0 1.31452 2.35753 3.78055 4.91056 6.04688 6.43136 7.02803 64.2703 71.604 71.1243 73.4132 61.6466 60.6649 68.8566 72.7453 68.8942 59.1298 65.3761 68.9475 23.2324 20.2555 23.5208 22.615 37.0557 30.529 35.1231 30.1804 23.0023 28.0293 21.399 27.1848 74.551 69.1931 59.1576 56.8075 47.6944 47.272 17.3876 19.2848 86.7224 82.6085 56.3437 55.5722 10.724 59.264 42.9498 19.9966 23.9196 28.2673 29.0052 26.6675 19.3243 19.6051 18.4655 19.9962 15.3018 16.8011 15.8202 14.2753 40.8497 38.3652 34.492 39.8909 68.277 60.6886 65.5872 63.2407 51.7449 45.5251 53.6921 50.0531 90.8637 85.4794 83.9482 84.1329 5.04315 3.88264 4.55656 3.92608 31.8305 26.9327 32.2503 29.8599 72.9811 65.8051 74.2526 61.7924 19.0548 18.862 19.7155 19.6811 34.5035 30.8477 31.9762 31.916 52.5375 57.1319 59.8164 45.3025 31.4694 56.3463 40.1964 76.0019 39.0284 13.6193 35.2851 69.9873 57.086 42.6901 39.3349 35.1609 36.3999 46.567 46.2814 61.5888 44.3454 24.5013 17.2206 22.8574 50.4692 51.709 51.5795 51.5778 70.0979 24.3163 69.1075 29.7521 56.081 19.0754 62.4377 17.2187 31.9906 30.3996 50.2006 25.3805
33.6966 40.158 35.6749 39.8415 36.3337 34.2259 40.3729 40.5243 43.372 42.7823 36.4505 41.875 44.6561 40.63 40.2809 44.7513 40.9158 47.1228 45.2909 41.159 43.7669 51.7089 51.7423 48.1705 56.2238 50.8973 48.5164 53.7171 50.625 56.4526 76.9783 86.6837 77.993 90.8207 74.9456 73.8859 81.0919 79.3301 1.31452 0 1.21209 2.54981 5.76928 5.12658 5.46944 6.09177 69.5103 73.3423 64.7059 76.9136 64.7921 69.3964 68.994 68.7481 67.9815 62.1566 71.9674 64.7992 24.1366 21.4517 22.1641 21.2112 34.5379 35.0482 33.2794 28.6545 24.2088 25.7901 21.8415 23.446 69.5118 79.176 48.0647 56.7851 46.6798 55.3343 16.7942 18.1829 74.7624 69.5229 53.5396 49.7767 12.5719 64.1271 41.1631 19.0006 24.1107 25.2031 25.5831 24.4714 20.4259 18.8133 20.9561 21.2905 19.1964 19.2313 18.5654 16.938 36.3061 37.8315 37.0433 39.9234 63.0689 62.2819 65.5485 58.5869 51.0595 47.8251 50.4549 48.3013 82.8389 81.959 91.6215 80.2445 5.9565 5.56489 4.96419 4.42093 29.7165 32.1618 29.1767 28.8104 69.7165 66.9869 63.7833 73.3534 18.9956 22.9281 20.7284 18.2115 31.5417 34.9384 32.5163 35.9302 59.178 62.2928 59.702 41.9397 33.7115 64.2052 38.3507 73.6544 44.9937 13.7312 36.8228 64.1873 62.8881 45.7012 39.5402 33.2196 32.1278 42.5602 47.3021 70.3801 43.053 22.9862 19.5425 26.9659 55.0023 50.2577 56.6849 48.1121 76 28.1129 72.8717 30.8988 58.7183 20.2499 65.7918 14.2765 33.0906 34.3914 55.1137 24.5706
37.7814 37.69 38.3811 34.9168 37.4045 34.0681 33.8394 36.1004 39.4827 43.6273 37.6692 35.5179 36.9723 42.7091 36.7866 42.4077 41.8567 44.2327 45.2426 44.2347 43.3164 44.9112 50.2782 44.9411 51.0121 47.7473 51.4406 44.6755 52.3271 48.4781 77.4741 75.2255 80.3159 82.8088 78.3329 80.1729 77.2968 81.7237 2.35753 1.21209 0 1.23993 6.32726 5.73176 5.05412 5.80536 64.3427 67.6675 67.238 72.7111 68.5812 62.8601 66.0962 58.6875 62.2192 60.7145 70.3072 57.939 24.2841 18.5027 23.3442 23.6976 36.4452 30.8824 34.7627 32.1824 24.6451 28.4589 22.9195 23.9213 79.1931 74.1475 52.0312 46.7987 47.4639 50.2365 17.2688 19.979 82.6234 72.2218 50.9118 58.2108 12.174 56.0103 47.1189 19.0527 24.7774 25.6003 26.0727 22.9328 23.6689 23.5047 18.8752 21.7287 19.3555 19.0364 17.3099 16.1781 37.2856 34.704 33.807 33.8839 62.9806 55.1304 65.1215 56.9652 46.5005 49.5248 47.4237 42.1529 79.3507 73.749 80.213 83.7099 6.70793 6.57655 6.17622 5.06175 32.2047 28.4584 33.0179 28.9057 69.2501 76.344 70.0915 74.5578 23.2328 23.9823 21.8754 20.849 30.7249 31.2207 31.3749 34.009 56.8083 56.4565 56.5577 44.4891 30.9305 52.048 35.7445 72.0897 40.8569 11.3307 37.2233 69.1551 57.3992 45.6012 41.2186 36.5879 32.263 44.6538 51.0403 69.3504 37.6136 21.819 16.4828 25.7282 60.4772 54.2536 55.4685 48.6995 74.8689 27.1698 76.8999 33.8865 56.7828 20.673 71.5236 12.9747 36.8548 34.9295 50.8009 22.118
32.29 34.0408 31.5305 34.2681 35.8662 31.3093 39.8018 38.2324 38.8872 39.3339 33.0269 36.2714 35.4439 39.2996 43.0074 42.3671 43.9131 43.6115 43.8307 40.4725 42.4346 44.6416 49.0993 51.5038 51.4618 54.3576 41.9911 48.5363 52.2068 52.0473 86.6184 82.6899 90.9161 89.1481 80.0118 71.4746 83.391 79.5582 3.78055 2.54981 1.23993 0 6.29408 6.50466 5.4011 5.89036 72.9407 63.4739 67.0315 67.3496 56.6167 60.1817 68.0067 68.2518 64.5536 64.043 60.4536 62.4563 22.307 19.8125 23.5725 21.6291 33.5933 33.1613 34.0369 35.4289 23.8839 29.2787 26.5607 28.0784 80.0639 66.6856 54.6492 50.5975 50.2669 52.3062 16.9245 18.2813 78.818 84.7808 55.4607 55.6239 13.056 58.9385 43.7349 18.8667 24.487 20.3883 25.5356 23.2301 22.9849 22.8021 21.6906 22.3294 18.4606 18.233 18.5045 18.8371 35.8465 38.5618 38.5593 33.5958 60.1799 60.0399 63.076 64.8809 47.4281 44.3126 45.6433 49.3175 80.8496 78.9624 81.328 86.4772 7.55979 7.84828 6.7627 6.04155 31.862 27.2733 31.2147 30.5581 69.3539 74.8221 71.0858 64.0829 24.2272 23.345 22.9828 20.9381 35.1361 30.2417 32.186 32.7618 54.9101 57.307 51.7721 39.5678 26.7602 53.7126 35.6906 74.8091 42.9541 11.0703 36.5309 66.4386 62.6213 45.2619 38.115 31.58 31.9244 48.2312 53.109 60.8421 44.3073 21.7382 19.5925 25.8151 53.6104 49.8996 57.6767 53.6991 66.01 28.961 66.7426 34.1979 66.6954 21.1371 69.5675 12.9816 34.7369 38.9132 56.3999 22.3546
39.6036 38.977 37.6328 43.835 42.6147 37.4629 43.6989 41.8875 44.1846 46.5355 37.3065 38.2484 38.5408 40.3661 45.9788 46.473 41.222 50.005 44.7556 49.0059 46.8237 44.3527 57.2436 54.0816 50.1108 51.4962 53.0161 57.3898 55.4514 56.9978 84.3989 84.4597 96.0873 85.0838 75.7766 90.4072 88.8421 90.9276 4.91056 5.76928 6.32726 6.29408 0 1.29011 2.74846 3.89753 72.1717 69.0327 78.394 76.2346 64.4339 66.098 67.6654 77.2727 72.8258 66.9131 75.6925 71.6808 28.5531 26.078 30.6808 27.4963 41.5026 40.1021 35.684 36.4216 20.0434 22.6775 18.2001 21.4411 79.7656 86.7556 51.8157 54.0419 56.0394 52.8922 13.5864 16.9389 79.0954 88.3796 66.2471 56.2112 7.08122 59.8015 51.3391 23.2355 29.3407 31.28 31.3463 29.2214 20.0855 18.2658 19.88 19.4366 20.6914 19.7244 20.2929 19.3292 42.3229 45.4202 41.2888 38.0604 62.544 69.557 66.3556 65.5489 52.2513 54.4327 54.317 51.8648 90.5959 79.6295 91.5965 93.539 9.83226 8.57873 9.39523 8.10018 34.1246 34.0634 32.7754 31.6708 75.2954 67.2603 70.0432 72.5494 17.0083 19.5302 17.1821 19.303 42.3977 37.6925 40.1064 35.0675 59.5659 62.2958 68.7445 42.7769 34.0363 63.926 49.1834 84.8608 47.0621 9.99564 35.3333 74.4818 61.8414 52.6109 36.9841 40.2487 34.0253 48.9007 49.0035 66.7666 41.6465 26.4761 22.4344 23.4167 65.4728 58.1349 59.779 54.5153 74.0442 29.3216 80.2005 32.1731 66.2695 12.5631 66.4397 19.9029 36.4067 30.3282 53.7865 26.4037
36.7168 40.0718 35.832 37.5759 38.0797 37.8732 38.1559 41.871 37.9497 41.1188 40.6353 40.6695 41 44.7794 42.5329 44.3876 40.0719 42.7001 42.2364 42.0122 41.7357 48.3332 53.6546 56.9697 51.1193 58.8877 45.8622 53.0101 51.6873 49.9879 81.3406 96.099 85.4706 96.4979 81.3177 75.5812 79.1045 81.671 6.04688 5.12658 5.73176 6.50466 1.29011 0 1.1469 2.67929 79.0696 65.9694 72.7206 73.4994 69.6551 65.2211 70.719 66.9708 65.5339 65.3965 65.9766 61.8129 29.7555 23.69 26.4869 24.2026 38.2955 39.0524 36.6891 35.4127 19.3556 20.6321 17.264 22.4901 73.7249 73.6281 57.1629 56.6659 45.8713 50.5128 11.3837 14.3664 82.4008 77.2721 55.7908 55.7341 7.60199 57.4811 45.3379 25.4743 25.7982 25.3162 30.2874 26.1189 18.7459 21.1281 18.2798 20.6075 19.4864 21.6375 21.2383 21.1875 43.7034 42.775 39.4041 39.544 61.5395 60.3715 72.0682 68.1351 52.7447 50.3039 49.2245 47.0581 90.5227 93.4133 84.8777 81.2672 10.9475 9.20826 9.0536 8.73046 32.6163 33.3661 37.376 35.5686 76.2465 77.4652 77.068 66.8084 21.0879 20.703 18.3806 20.6015 35.9652 38.1927 42.6061 34.8084 54.2974 58.5047 65.0488 39.5955 32.1597 56.9701 42.018 74.5086 40.3421 10.4634 34.6431 78.5222 60.4245 48.823 37.2058 42.3373 30.6124 55.0726 50.4116 76.8781 44.8332 26.7613 21.5127 26.8172 59.8405 59.4184 55.4207 58.2592 75.6913 32.8111 71.4987 35.3489 61.8882 15.6679 70.0653 16.6091 36.2796 34.8028 51.5906 24.9726
42.7838 40.7064 39.2328 39.2808 35.0408 33.6036 35.4805 41.0677 40.1057 39.7051 35.7884 41.5542 38.2464 44.0768 37.916 41.0654 44.2429 41.4772 38.6655 43.3947 42.5039 48.8068 53.871 56.6844 58.032 56.8757 50.2254 48.5664 53.9483 48.2852 89.1695 84.7301 82.247 87.1886 89.0095 75.2184 76.7647 83.6184 6.43136 5.46944 5.05412 5.4011 2.74846 1.1469 0 1.24563 71.396 71.1334 73.7231 67.8359 64.1631 69.0968 64.9674 70.4086 70.8959 66.7332 77.0636 65.1257 25.7902 23.3862 25.5449 25.0994 37.6525 37.3096 40.5027 37.4496 23.1104 23.0839 18.0247 20.6877 80.6199 76.8276 56.6336 53.4192 50.7311 52.6371 12.3833 14.6834 88.3665 74.7288 64.117 53.4707 9.55258 57.3286 50.9059 20.1102 29.1621 25.9487 30.4159 26.7553 21.0857 22.8402 22.3677 20.486 21.8384 19.5125 20.6923 19.3399 40.2925 39.5012 43.7264 44.0429 70.5141 58.2574 63.3832 60.8733 54.3838 51.6616 54.7337 49.7554 81.5929 87.8545 93.1405 83.4807 11.8948 11.0718 10.7995 9.99158 33.4015 35.2035 34.8035 38.3365 68.7526 68.8496 76.3052 68.9411 21.3276 20.1265 20.3005 22.2785 34.5382 34.9662 36.6143 36.6445 58.1784 56.7573 66.7823 39.6381 30.8642 66.6524 45.9685 74.9797 39.6724 9.15993 36.7278 67.2829 65.8996 57.2308 34.5516 37.6303 33.6988 51.1573 56.6681 65.9789 39.6558 28.1289 21.3379 26.3253 62.5104 54.5544 65.172 53.2067 70.3291 29.9284 80.0761 37.0063 62.9032 15.1059 75.042 15.5606 34.6654 35.7673 58.1278 23.2728
38.4272 41.0754 36.8606 34.0303 40.1408 33.5191 33.9261 35.8158 41.7237 42.8746 36.799 35.3068 35.2155 43.5342 37.7397 43.3386 43.4985 44.4338 35.8398 43.5418 43.6549 42.4601 46.0721 47.4173 46.9203 52.4621 50.4352 51.4953 46.739 46.0257 92.0863 81.7374 84.9293 87.3871 78.4167 87.5823 84.2074 88.5278 7.02803 6.09177 5.80536 5.89036 3.89753 2.67929 1.24563 0 67.9793 74.1953 73.9039 69.4957 64.5826 72.7704 64.7681 62.9329 73.9588 63.7023 73.36 64.7509 26.5504 25.2774 28.1856 24.41 41.8658 38.9487 41.0952 37.6069 23.2889 25.9508 21.8548 23.8075 85.9377 81.5401 50.0929 54.1934 46.054 51.8588 12.025 14.9417 82.14 85.6861 63.1326 60.3747 11.2027 59.8323 44.9001 21.9439 24.4661 27.4706 25.5719 24.3391 24.6326 21.4304 23.6322 23.6764 23.486 22.3535 21.6203 20.564 40.8385 36.9198 42.0439 41.8426 67.11 67.1163 65.5618 68.2646 51.4491 46.9988 47.6059 53.9041 83.3379 80.4295 90.6943 90.6238 12.3824 10.2711 12.2015 11.1164 38.0266 32.9211 32.7497 38.6271 74.1466 74.1327 82.552 70.3721 21.4361 23.4194 19.8453 22.82 39.2989 33.4792 41.5578 37.7265 59.3718 61.2942 64.4849 39.7724 27.9449 62.3066 40.0473 83.6363 39.8097 7.75303 40.859 79.6194 62.6295 52.7822 39.2504 37.5077 30.2561 49.4592 59.5058 73.5211 35.2798 26.6085 23.8236 29.3084 63.8037 51.2934 56.9648 58.9373 72.497 35.2074 79.6121 39.5095 66.9395 16.6475 74.414 14.589 39.6692 36.2658 60.109 23.2598
34.1831 41.148 40.9275 36.319 33.6939 37.3586 53.2899 51.752 57.4791 48.5078 56.7165 52.6113 60.0624 60.7001 70.6778 69.4347 58.8231 59.2573 75.5202 75.4459 75.4134 76.0986 40.9294 43.7583 42.8326 40.3396 48.3573 43.0084 45.8933 43.3721 17.2933 17.3106 16.0345 16.7646 10.421 11.7213 12.9658 13.3445 64.2703 69.5103 64.3427 72.9407 72.1717 79.0696 71.396 67.9793 0 1.36031 2.32418 4.06433 5.4825 5.69005 6.54882 6.54254 18.9493 19.0953 16.1979 16.1008 48.1054 49.9105 45.2153 46.7168 50.1018 54.6219 50.7678 53.1237 92.0087 85.9264 97.7076 96.7908 16.6086 17.3543 57.6021 54.2853 58.4547 70.7219 82.7764 74.8764 73.1014 75.6775 12.3299 15.521 82.6581 83.1115 26.4351 54.4615 49.7838 45.5645 47.871 47.8074 89.7951 82.0358 87.3594 86.5712 72.5076 77.2861 71.946 74.6551 30.1194 33.742 31.8521 34.755 5.82213 7.55507 5.72667 6.20695 23.1045 26.859 21.5607 24.1444 14.4064 15.4149 16.2536 14.5972 66.9742 64.0417 73.0069 64.494 54.7018 48.4423 50.7791 54.9109 79.4192 75.0991 79.542 72.1296 83.2084 89.8963 83.4668 89.8716 36.9277 39.289 34.3713 34.1623 32.2133 60.1942 18.253 65.6103 70.8771 14.4573 31.3886 25.1952 64.5849 73.6108 81.6634 33.8172 70.4895 80.3004 110.887 44.1696 60.5823 36.927 84.0049 53.6638 78.7453 45.2671 57.3192 91.7636 17.6828 55.5466 60.7853 75.1431 4.32592 60.4789 22.5132 66.4084 73.985 81.7778 70.2396 58.9183 92.8393 94.3419 40.9295 61.3706
36.989 38.1425 37.9175 40.8531 39.8326 43.7711 52.4412 50.7278 57.3565 58.1071 58.5729 53.1607 62.3061 56.5093 69.8031 61.7302 60.8922 70.8382 63.8812 70.6486 72.2374 68.1258 43.3214 45.5003 39.2354 44.2628 43.604 43.1754 44.9321 45.7308 16.6106 16.338 15.0491 16.9123 10.8391 10.5644 11.1254 10.9413 71.604 73.3423 67.6675 63.4739 69.0327 65.9694 71.1334 74.1953 1.36031 0 1.38068 2.49034 5.84294 5.56719 5.20731 5.51769 20.7429 21.4719 16.6686 16.1905 47.3126 46.268 47.6595 44.1866 55.3788 60.8011 48.6762 48.6321 102.149 98.6634 85.6559 91.9438 19.5349 18.5469 49.5304 56.9609 61.102 64.2415 79.3397 90.0069 75.1551 73.4543 14.5743 16.2617 75.3042 72.4997 25.9747 55.615 44.311 51.8124 42.2807 44.1064 76.464 79.3063 90.5449 86.1221 75.7691 72.8141 70.6299 72.2134 33.6047 35.6295 34.8491 30.9896 7.23819 7.404 6.24929 7.89178 25.5496 25.5525 23.1267 23.5647 14.4499 12.1752 14.8422 14.4001 66.2888 71.9746 68.3984 70.3639 55.4495 47.1303 49.2037 51.2497 79.073 71.0659 75.9809 67.3517 90.1457 84.2946 91.1781 87.6415 37.847 39.214 35.9371 33.346 30.6707 51.3021 17.4534 70.6032 67.7706 14.5209 28.7453 30.6011 55.19 73.5173 75.6275 39.6418 68.7652 74.7172 97.0073 51.6045 67.3555 39.3478 90.4031 60.0985 74.6499 50.3656 49.4383 79.7281 17.0247 57.8546 61.8396 77.3528 5.10125 63.2453 21.076 61.2729 79.8148 83.6151 79.7747 60.9237 94.1365 96.949 45.2691 54.8471
38.9738 39.167 35.4575 43.4791 38.6209 38.9164 56.8383 47.7494 47.634 56.1156 53.1398 52.5527 57.3596 59.4277 69.3288 64.0933 64.2296 71.2782 69.8022 73.7116 69.9118 70.88 38.2504 43.0732 38.4683 42.2631 43.955 49.059 45.4397 43.9215 16.5295 14.7794 17.8842 15.2775 10.9703 11.4212 11.4404 11.9486 71.1243 64.7059 67.238 67.0315 78.394 72.7206 73.7231 73.9039 2.32418 1.38068 0 1.16825 6.19386 5.38374 5.87103 6.07495 23.3373 18.915 20.0094 18.4881 44.4951 50.5012 47.8254 46.0405 53.9543 52.128 50.5306 50.7552 85.8713 102.179 87.6974 85.878 19.1973 16.7177 52.6019 53.6148 62.2765 58.9201 81.9923 85.4117 71.0682 79.3857 13.8013 16.4006 76.0801 73.4284 26.0042 53.9277 46.3398 50.2487 44.8374 51.8858 88.5957 84.4386 89.3583 88.6132 69.4479 76.7322 71.4807 83.2346 30.1165 32.5179 31.4069 36.1826 8.92363 9.14827 6.7955 7.83725 23.3396 26.4603 24.7528 27.2361 14 12.0619 15.2747 13.1836 66.5714 63.785 67.2356 66.509 47.3663 54.1953 52.3597 48.5851 75.2485 73.8883 81.9027 74.841 91.2458 89.2104 78.3914 92.5006 37.3368 39.2758 34.2538 34.3158 32.8058 58.2227 20.1894 69.6025 71.5987 14.0438 32.2384 30.0426 57.9524 79.0748 80.9061 34.4167 67.2236 78.3177 111.109 50.6817 61.4075 44.3026 83.7136 58.7764 72.5869 49.9013 52.4926 86.2607 21.9401 62.2351 75.4957 73.87 4.91155 63.0897 21.0172 64.9849 76.5424 93.2504 77.6139 57.9887 84.3155 83.4333 50.5844 57.8174
41.783 36.7292 40.7729 42.3163 36.8755 41.5946 51.0081 51.9346 52.2252 50.6743 53.0219 58.8436 62.241 58.9797 66.2668 70.2892 63.455 65.0056 70.6435 64.3857 73.012 68.0262 41.8381 44.3151 44.5413 45.1719 46.4883 48.4535 49.5911 45.4282 16.8659 15.8054 14.9003 14.7169 11.0968 10.78 10.8216 12.0625 73.4132 76.9136 72.7111 67.3496 76.2346 73.4994 67.8359 69.4957 4.06433 2.49034 1.16825 0 6.8892 6.20387 5.90319 5.87495 24.0264 22.6427 18.6608 19.844 46.2916 44.8063 48.5274 43.9785 53.3485 62.1635 58.0424 50.2082 98.0934 98.9168 92.9849 100.891 20.0483 19.8566 52.7993 55.2391 62.5716 68.0808 85.5186 76.163 74.1286 83.8222 15.8475 15.6374 75.1525 80.4774 26.2359 52.8241 45.3321 49.491 44.4613 46.6255 93.5574 87.6232 78.1788 87.5501 71.685 80.3724 75.1426 81.7387 35.1826 37.904 35.8582 37.1897 8.91132 10.5208 7.87979 9.84213 25.7852 27.0232 25.2869 26.762 14.8282 13.318 13.7585 12.1645 75.0757 72.2375 70.1955 69.3462 56.1109 53.9229 57.6096 52.4772 75.4132 75.9789 83.134 78.1327 83.9754 88.3021 85.4452 86.7074 41.3072 42.0521 40.0272 39.9378 34.6948 63.4487 23.0117 71.5883 68.3007 15.5401 31.673 31.7748 58.5683 78.6935 85.9637 41.9774 64.6662 77.1764 107.907 47.4439 57.3674 43.1077 88.2246 56.8522 78.4828 56.6693 59.0603 84.8107 19.4847 66.6708 68.0334 77.0895 6.51162 57.0519 26.1654 67.6697 83.7152 85.3549 77.5938 54.1879 86.6063 89.6976 48.8985 61.6006
32.066 32.3073 31.4158 34.8978 27.8633 36.641 43.116 52.1202 43.9655 49.6964 49.3249 54.9365 48.0797 51.3469 56.5129 63.9165 63.6378 64.4103 64.5503 59.3375 62.3437 70.8811 32.7668 37.1009 35.4382 36.5038 37.673 40.5715 39.7077 43.0336 23.5544 20.2372 23.0697 24.4165 14.7988 15.7812 17.8019 18.1322 61.6466 64.7921 68.5812 56.6167 64.4339 69.6551 64.1631 64.5826 5.4825 5.84294 6.19386 6.8892 0 1.21552 2.32672 4.04178 20.4188 18.3329 20.0892 19.5582 43.4079 42.2815 38.3986 40.5229 50.558 56.1841 45.4765 51.1518 80.0263 82.7209 79.4953 89.9252 20.7872 18.8964 54.4895 50.1493 55.9958 57.4225 82.1039 70.022 70.4304 72.7391 10.5759 10.2039 78.4959 74.838 22.8988 42.0834 42.8103 41.9298 44.5205 44.9562 74.1964 71.8627 81.5796 79.8285 75.3892 75.7828 73.6675 74.6514 25.6547 27.0331 27.6865 29.9003 3.83586 3.88687 3.30249 3.0492 18.6955 19.285 18.8578 19.5477 18.7307 18.9224 21.3457 20.2826 68.9286 58.4367 57.3897 58.5325 50.7327 43.629 44.2357 44.2053 72.4739 67.7411 78.8763 67.6884 77.6748 75.1298 80.431 81.2998 30.6255 31.0254 31.5786 33.3044 29.9789 56.9902 18.5663 58.273 61.4234 9.0133 25.5778 33.0292 55.453 66.7791 72.5089 36.2491 60.2837 73.2943 101.726 49.0767 56.3715 36.1981 73.2443 64.2639 72.1013 45.5733 49.6044 74.4463 15.6546 64.9058 67.9179 74.9609 10.124 54.2466 22.2581 59.7208 73.3522 77.6567 78.2539 52.5983 86.4041 88.5669 46.2971 51.8061
31.4802 35.4473 33.4016 34.5732 29.5207 39.6333 44.8796 43.6461 51.4703 51.3016 52.0833 56.521 48.7576 52.4446 62.6342 64.3191 64.0722 56.599 65.6887 59.421 67.2159 65.6653 39.1796 40.0023 37.7697 36.2494 45.4935 42.8991 38.5932 40.0567 20.3342 21.4028 23.8719 23.8818 15.4107 16.7143 16.5909 18.2832 60.6649 69.3964 62.8601 60.1817 66.098 65.2211 69.0968 72.7704 5.69005 5.56719 5.38374 6.20387 1.21552 0 1.24294 2.34874 22.1763 21.3973 21.352 17.2837 41.8771 44.6986 43.6195 45.716 53.7661 57.8692 50.4425 54.2559 92.9323 92.9266 93.1378 90.2062 22.2092 20.27 45.0029 54.8745 60.331 57.9912 74.836 80.6675 76.1709 70.1525 12.3828 12.4558 73.6785 66.1752 20.539 51.0668 39.3743 45.6361 42.9881 41.2994 80.2377 84.3159 71.6524 86.9779 72.482 66.072 64.7509 76.764 27.03 31.3338 30.9733 28.9523 5.55207 5.67179 4.73238 3.92427 16.9001 17.8829 18.4204 19.8968 17.8495 17.9009 18.8815 17.662 60.452 65.3212 69.3055 59.0413 52.7055 48.1515 47.3587 48.466 81.0289 76.4357 77.3856 72.0547 77.4445 81.0682 79.5509 79.9045 35.732 33.9547 35.6077 30.6698 27.7783 59.6387 18.8736 62.0872 57.9327 8.8828 26.9296 31.3761 53.9117 64.6634 78.3933 38.809 60.9283 74.4634 92.8372 47.1793 54.5177 40.5065 80.0878 67.4868 70.6148 50.1522 55.6152 89.0095 18.8435 59.6685 73.3138 71.6536 10.0701 62.8816 26.8158 57.9982 68.466 90.9259 80.4351 50.2941 91.7764 84.0537 46.8994 58.2811
30.0978 33.9051 35.0012 33.7064 28.6521 39.268 45.347 49.3113 44.2983 50.5967 52.1013 47.5546 47.8953 53.8595 53.5289 55.7953 59.197 60.7866 65.8489 70.9216 62.0637 69.2 38.1213 34.0274 35.7555 36.6345 38.2302 41.5613 41.855 38.2517 20.2951 22.9526 23.2935 20.472 15.8394 16.9563 17.7152 17.5497 68.8566 68.994 66.0962 68.0067 67.6654 70.719 64.9674 64.7681 6.54882 5.20731 5.87103 5.90319 2.32672 1.24294 0 1.17787 23.3559 22.3915 22.0678 18.6886 43.2418 42.8064 38.3165 40.9549 57.2714 59.8593 56.2703 47.5062 90.5285 94.0339 91.9572 87.903 25.2693 22.8113 47.6967 56.4771 54.1961 54.7469 82.5754 77.1035 76.1998 79.7614 13.8754 13.6695 84.2831 74.3229 21.205 45.7809 46.7585 43.3995 38.8282 40.6506 74.4023 74.4679 85.8591 83.3887 68.0508 74.5274 65.2578 65.6788 28.9352 32.463 26.3981 29.9455 7.14325 7.21751 6.04171 5.65664 20.0866 20.148 17.8381 19.5029 19.8936 18.2522 17.8097 17.5643 60.0636 64.1263 63.8247 62.5527 45.948 54.4943 50.2887 52.7854 77.7668 84.0438 78.4492 81.0197 79.642 78.2066 89.425 82.8401 37.3212 38.3316 31.6659 32.3623 31.0458 58.1528 22.0606 67.1971 62.015 8.79915 25.7143 36.1274 58.2482 65.4276 75.5355 40.1978 65.7502 75.7408 98.2609 45.429 55.0174 40.5127 90.6044 57.4855 65.0101 44.5817 48.5001 76.0808 18.2202 60.818 69.5652 68.6717 10.6488 58.2023 24.4014 66.4843 73.6136 88.9976 70.0995 55.9634 97.1072 92.4157 45.2796 51.1566
35.2886 31.812 33.666 32.4827 31.293 37.2099 44.6659 45.3135 46.1254 51.6158 50.5804 57.8216 52.6489 56.0784 58.8767 59.7016 54.1896 61.4174 58.9354 61.539 66.9152 66.523 39.1234 38.5756 34.5917 36.8084 41.3851 42.1271 41.7123 44.3159 20.048 22.4845 21.4839 22.491 17.692 15.8552 17.6611 17.2376 72.7453 68.7481 58.6875 68.2518 77.2727 66.9708 70.4086 62.9329 6.54254 5.51769 6.07495 5.87495 4.04178 2.34874 1.17787 0 22.6 24.5432 20.3966 19.4105 46.3873 40.8226 42.0041 43.106 49.5656 59.462 48.0113 57.396 96.3153 88.2246 84.0913 99.5106 27.2059 20.7784 44.8339 54.3516 58.2602 58.0708 83.9276 81.1877 83.6746 84.2272 13.9982 15.8856 81.3864 65.5742 24.6435 45.9513 43.8805 39.7191 42.9251 41.7379 82.1647 75.3715 74.5467 81.0035 66.4129 80.8987 78.2452 74.7635 32.8436 28.8924 29.3158 30.3275 8.28797 7.09888 6.44514 7.02526 19.0223 20.675 21.0058 18.9341 19.6171 17.674 20.6626 16.6802 64.0496 60.0392 66.5148 68.8893 54.099 55.483 45.7673 47.4838 84.5378 78.0609 82.2864 80.1851 87.3942 77.2067 90.4389 90.5949 37.9086 37.2558 33.1433 38.0792 35.4845 54.8333 20.0839 60.2173 65.2409 9.76558 25.1803 34.6251 56.5788 66.9701 78.3251 37.0448 68.5834 82.5275 103.785 52.5624 52.7354 41.3943 89.9619 64.4728 73.0064 48.7609 49.1699 80.6449 21.5383 60.9479 76.1719 78.6402 10.6134 60.9749 25.8447 68.8888 78.9126 88.8127 84.8519 54.8687 93.0596 86.3319 53.0103 53.7621
46.0451 47.6603 44.1125 47.4026 43.0379 47.7158 64.7863 61.3439 67.739 64.0605 72.8692 71.7141 64.8743 71.3542 70.6553 80.9802 78.8513 79.6903 71.1557 71.8727 85.5551 78.8143 50.8539 58.0489 59.4135 53.8674 63.5425 61.9913 56.3513 59.7341 22.8809 22.203 27.5594 27.3552 21.8024 23.7493 24.623 26.4373 68.8942 67.9815 62.2192 64.5536 72.8258 65.5339 70.8959 73.9588 18.9493 20.7429 23.3373 24.0264 20.4188 22.1763 23.3559 22.6 0 2.36223 2.69562 3.84668 40.4043 46.246 40.2684 44.6105 39.5417 44.5474 40.6434 45.2195 86.5697 83.1522 80.8677 96.3976 12.9203 10.1652 62.8902 74.756 70.2931 70.6536 85.3587 89.0228 53.8132 60.0256 17.1992 18.6417 69.9916 96.5326 37.181 57.3866 49.3924 47.0028 53.5427 51.7585 79.2164 79.5757 71.5188 70.3422 68.6913 66.1021 66.0398 63.7649 30.2776 31.8966 25.8001 29.8735 18.786 18.9119 19.8265 17.3415 32.903 31.2894 32.7026 32.6222 26.7111 24.341 24.5792 29.6797 61.1203 62.4258 57.7425 66.7364 36.825 41.3246 41.2953 39.4363 56.98 55.1864 53.2346 53.5899 70.5543 73.3419 82.7791 81.5216 28.7663 34.4656 34.1094 32.0366 14.4547 40.3031 8.52554 73.0867 74.6232 27.0097 35.6075 10.6062 70.5478 69.8818 72.8925 16.1224 49.0732 65.8396 89.7169 39.6108 65.0239 26.1931 61.9031 40.7069 86.4277 39.3416 45.0748 75.9491 9.80417 44.306 54.7313 64.2288 15.6898 46.1267 6.38491 51.2846 57.2908 88.3766 58.3741 55.587 82.367 82.2378 28.3098 59.0755
44.804 39.5376 42.2657 42.7035 36.12 47.4192 58.8573 64.2467 54.4912 60.0262 60.9137 66.5644 58.7941 70.0968 64.5342 74.0921 65.8609 69.5702 83.3694 84.0297 73.8686 82.337 46.804 50.8751 58.056 54.5471 52.6082 55.0735 57.2338 57.6975 21.8478 23.3272 27.4666 26.7766 23.1508 21.5332 22.5746 23.0836 59.1298 62.1566 60.7145 64.043 66.9131 65.3965 66.7332 63.7023 19.0953 21.4719 18.915 22.6427 18.3329 21.3973 22.3915 24.5432 2.36223 0 3.7428 2.5429 36.3847 46.9144 36.3041 46.3504 41.973 40.706 38.3584 39.7904 83.213 82.332 91.2543 89.9289 13.0118 13.5251 63.1897 61.3996 69.6053 72.071 84.7384 77.0943 55.0899 58.4875 14.8092 15.9937 74.8235 80.1745 35.8469 55.3406 47.5864 47.3052 46.093 51.3122 67.182 81.155 67.4665 73.43 66.591 67.9082 59.1914 66.0551 25.0105 25.3223 27.8278 25.7187 16.0367 16.962 18.5129 16.5445 28.304 32.1128 27.9687 28.5359 28.9617 24.885 29.492 29.6093 65.9061 62.7765 59.3757 56.739 35.6233 37.2234 39.9329 34.9166 58.1823 50.4921 58.7058 56.0627 70.8883 76.9811 81.8899 74.5317 28.1398 30.3246 29.0494 27.806 12.909 38.4584 5.26179 82.8653 63.5314 28.8884 32.4383 13.2118 67.4584 69.9999 70.914 16.5672 46.4094 67.9495 89.9221 34.8239 61.0101 23.0618 66.8238 40.4116 74.5362 39.5009 49.2366 76.634 7.56363 39.807 51.4109 58.5053 18.8438 43.6636 8.13781 48.8148 54.4379 84.2008 61.8247 53.4212 74.5394 85.626 29.4948 57.0703
41.6829 42.6316 48.3617 46.9702 45.5433 46.1142 59.7603 57.0261 63.2964 55.7466 70.8565 60.8588 64.9878 63.9106 76.0618 75.6911 69.4099 80.8646 85.1424 78.6117 81.4416 74.141 52.6443 48.2946 56.8885 51.5932 62.0763 52.9049 58.4559 61.3201 20.2905 23.6307 21.3262 22.1547 18.6428 19.6724 22.7058 24.5205 65.3761 71.9674 70.3072 60.4536 75.6925 65.9766 77.0636 73.36 16.1979 16.6686 20.0094 18.6608 20.0892 21.352 22.0678 20.3966 2.69562 3.7428 0 2.34202 46.9507 49.3727 44.3433 48.911 45.9688 45.0507 40.1428 42.7197 87.6257 95.0809 90.8814 85.3732 11.6721 7.97255 72.5649 65.549 68.776 68.4195 75.5397 77.3525 54.4404 58.4778 15.6443 18.3052 79.8712 91.7611 37.8515 48.5292 46.1604 49.4608 50.0901 46.2676 74.7544 83.2973 78.8094 85.1824 65.9881 67.8439 67.7633 62.7573 28.1658 32.0585 30.4548 32.144 15.4964 15.7782 15.1576 18.4168 33.9935 32.1824 34.5784 34.9337 25.827 21.3274 24.2865 23.0901 60.8126 62.4308 60.3557 62.1289 41.2313 42.8395 40.0317 38.3939 54.9227 58.3747 61.5577 57.0476 86.4023 80.5756 79.4831 73.4249 35.303 33.1867 30.8409 31.4034 14.702 37.419 7.5941 72.7637 66.9641 28.3627 31.3666 12.4114 72.8956 78.495 78.7675 18.047 46.5817 65.6405 100.753 36.4593 63.355 29.6789 76.3642 40.2456 83.7332 42.6883 46.0489 86.8299 9.94492 45.1133 57.0299 62.4362 13.5582 48.7779 6.46175 47.987 55.1313 83.1821 57.8046 55.3571 74.8611 80.8199 28.6519 65.5495
42.0834 40.2798 41.8813 45.0489 39.2383 46.5428 59.8977 63.1384 53.6209 54.3899 67.5548 58.4583 67.1502 60.3784 70.4849 63.6976 65.6457 68.7948 75.0958 68.4125 69.4952 82.9786 53.1809 54.7957 46.6004 56.251 51.3669 52.0398 52.5178 60.2509 23.4744 23.2724 25.7205 25.9522 19.5191 19.8416 22.1485 22.8843 68.9475 64.7992 57.939 62.4563 71.6808 61.8129 65.1257 64.7509 16.1008 16.1905 18.4881 19.844 19.5582 17.2837 18.6886 19.4105 3.84668 2.5429 2.34202 0 41.6556 41.6614 39.6186 43.7582 40.4863 42.1405 36.9861 39.193 85.5918 83.7215 90.7546 86.1189 12.0597 9.91195 65.7804 68.5756 65.4601 72.2855 74.6165 76.6782 62.042 57.068 13.3222 13.3581 77.6349 83.6869 32.4853 48.3717 48.4833 45.3076 49.0187 43.8922 78.6944 69.5622 71.8831 79.4317 67.1333 67.6446 60.0661 61.6846 28.834 30.3858 26.5417 26.5427 13.1769 15.9699 13.8795 15.5816 30.8474 32.1873 28.7333 28.7258 24.9362 25.3316 23.2319 26.3629 66.344 65.3872 56.3935 57.9529 38.6756 44.0482 37.7429 39.9632 54.4169 60.5955 51.9281 54.998 78.63 76.9875 70.4082 78.6814 27.4724 33.2698 27.5451 31.255 13.9204 36.5221 5.50506 67.7068 73.1193 27.0179 30.4338 14.2914 71.6634 67.1713 65.3754 19.4408 47.5393 64.7572 100.795 39.543 67.0512 25.9157 73.599 45.6481 83.9459 40.516 46.2843 79.2903 8.41977 46.6641 56.1633 60.0458 15.2634 54.0371 8.17259 55.5979 61.0898 75.6614 59.1528 58.2414 73.6088 84.9872 27.7159 65.8694
21.7299 19.9781 19.8829 22.3105 19.8786 17.8251 30.2995 30.6591 34.5489 33.5263 37.6793 35.291 36.3166 38.3342 38.5094 39.6765 41.8331 43.3257 42.7963 49.0884 42.2817 52.2279 36.7162 39.5163 36.3451 40.9465 34.7961 40.2574 35.6084 37.4702 54.3857 56.3188 56.8063 63.4668 50.1214 55.3605 60.3811 56.7931 23.2324 24.1366 24.2841 22.307 28.5531 29.7555 25.7902 26.5504 48.1054 47.3126 44.4951 46.2916 43.4079 41.8771 43.2418 46.3873 40.4043 36.3847 46.9507 41.6556 0 2.32461 2.76619 3.55877 27.7221 22.3487 22.9321 22.9398 46.8472 45.983 46.8528 45.024 54.4622 49.737 42.8176 43.4455 44.3473 46.2876 36.9582 36.4556 76.0144 68.2836 34.025 32.3565 35.2223 58.7194 23.4393 14.051 12.1435 13.2378 13.0627 12.8867 38.6894 43.4157 37.3865 40.6363 28.9609 30.1051 33.3439 32.926 15.0736 14.3526 13.4376 15.0328 37.6888 37.7413 40.0839 37.0579 26.2981 26.4791 28.2216 26.2249 64.4547 58.3708 63.6808 59.6948 23.5957 20.8103 22.9699 21.9895 21.2007 18.612 18.1323 18.4897 62.7674 67.6172 62.6569 66.1673 37.7275 40.8741 40.7567 42.6309 10.9019 9.05082 11.2669 10.8007 31.1037 48.5806 36.8936 47.5446 31.3113 36.9616 19.7167 51.2787 36.446 29.1768 41.9782 46.627 49.2763 52.7181 58.7248 24.0026 34.8352 25.4601 56.2749 58.858 43.5049 12.7366 10.4826 40.5606 35.7562 44.069 44.6539 49.7228 45.9561 22.5056 52.652 28.2642 59.4929 42.0588 57.1967 15.4045 48.3433 50.8173 34.4775 22.9205
21.9284 20.9547 20.2197 22.03 19.9581 17.5781 27.618 32.8 33.3253 32.5946 30.3759 33.29 32.3349 34.1399 36.1473 40.9346 40.9996 46.046 38.911 42.7614 42.5857 45.9975 32.6854 38.6549 40.8196 35.6787 33.5593 39.5093 38.488 37.7571 67.314 59.7963 68.787 58.5254 58.6259 59.4931 56.9921 59.6672 20.2555 21.4517 18.5027 19.8125 26.078 23.69 23.3862 25.2774 49.9105 46.268 50.5012 44.8063 42.2815 44.6986 42.8064 40.8226 46.246 46.9144 49.3727 41.6614 2.32461 0 3.59637 2.42905 26.2906 26.8386 27.5172 23.4714 42.4647 51.3909 47.1336 48.3472 61.1156 57.1932 46.6428 46.048 47.5579 47.382 32.8498 35.7887 64.8611 65.978 34.7195 32.6931 35.4908 62.69 28.0517 11.8223 9.9161 11.4581 11.6866 12.0239 38.2507 38.8869 40.3628 37.5224 30.4499 28.4516 27.1415 30.1718 16.4214 15.7845 15.6212 15.7967 38.3671 39.4017 38.6563 39.2704 27.2251 26.2043 28.3138 28.8201 58.9891 61.5368 61.443 66.8478 19.8274 19.4395 21.4525 19.8695 20.2937 18.522 19.0469 18.1325 64.8399 57.4784 68.9025 56.4119 40.5927 39.8694 35.7703 39.2544 13.8833 12.7289 14.2927 13.7061 33.7693 47.6187 39.7333 38.4393 31.6711 36.5432 20.7485 56.39 37.1568 24.2323 45.1702 49.8993 50.2314 46.8779 56.8938 24.2091 28.444 27.5439 48.1232 53.3302 39.4153 12.1515 10.666 38.0156 32.3076 44.5587 48.9541 48.3705 45.1398 27.3777 55.234 28.6583 52.9225 41.018 63.9797 11.983 47.3079 45.8926 36.1585 24.2175
18.6517 17.4137 17.8449 17.0832 15.0477 16.211 27.0428 33.3847 33.6535 32.097 33.2728 33.6107 33.3159 35.8966 41.1323 41.6043 42.3866 38.0714 40.0022 39.9129 45.6307 44.7971 31.5018 35.6492 34.9961 36.1317 36.8229 35.3324 37.8785 37.7272 61.1912 60.6698 65.01 65.3326 57.6968 58.5303 56.4769 59.5504 23.5208 22.1641 23.3442 23.5725 30.6808 26.4869 25.5449 28.1856 45.2153 47.6595 47.8254 48.5274 38.3986 43.6195 38.3165 42.0041 40.2684 36.3041 44.3433 39.6186 2.76619 3.59637 0 2.44623 29.6007 27.255 23.4471 21.9425 46.3314 47.627 49.9651 53.2576 49.665 47.8324 39.5014 44.2838 45.9164 43.4287 36.3595 38.5194 65.8085 65.1884 29.0449 29.0417 34.0119 56.2036 20.6554 11.2141 10.5217 11.9219 10.633 12.8753 42.0545 42.0335 41.0063 43.6719 33.9538 36.5559 31.2847 30.9347 12.8624 12.2424 13.6417 12.7226 34.1645 37.3095 40.596 35.1996 25.8266 23.5011 24.2641 23.1476 58.2957 54.111 60.369 55.7865 24.5034 24.6407 21.575 23.6848 20.8837 19.6367 18.8924 22.1096 59.8688 60.0173 64.676 67.4741 45.743 42.3214 39.0863 41.7045 9.90537 9.32604 11.0263 9.23222 30.6821 49.0743 31.5069 42.979 35.2756 33.8769 14.5177 50.0046 38.0483 27.5347 49.5291 43.4371 54.3803 54.8598 60.0382 24.104 29.2385 29.7256 58.6584 58.7292 40.4166 14.1116 15.0077 40.2858 30.6275 45.9471 48.3834 51.9225 44.663 24.8991 45.184 33.735 57.1926 40.0561 58.3373 13.9842 53.8892 53.1515 35.8209 21.6464
18.0594 19.3644 17.3854 18.2178 16.8405 14.4481 28.8767 29.4235 27.9811 31.5158 34.3502 29.7822 32.1651 31.1809 40.3438 38.9247 38.3715 37.5573 43.9398 41.7046 43.0518 40.638 34.3381 34.612 32.3043 36.974 35.5992 37.7408 36.5498 34.3411 55.1348 65.2416 64.6387 68.5302 53.3526 53.431 58.8242 53.3568 22.615 21.2112 23.6976 21.6291 27.4963 24.2026 25.0994 24.41 46.7168 44.1866 46.0405 43.9785 40.5229 45.716 40.9549 43.106 44.6105 46.3504 48.911 43.7582 3.55877 2.42905 2.44623 0 31.6846 26.9231 27.6253 24.5912 51.4028 45.224 41.8683 47.0889 59.7174 49.7924 43.5506 43.9206 42.3216 42.846 33.5813 40.8308 72.878 74.727 35.7687 29.5213 33.7429 50.0948 22.7666 9.31265 9.49517 9.02824 8.96435 9.90793 43.6315 41.9891 35.0776 42.7145 34.886 33.8802 32.1874 34.3489 15.8777 14.505 17.414 15.5803 37.7422 37.7566 36.3088 36.8337 25.547 26.3598 27.1109 24.6054 66.0637 55.8385 66.6678 54.4469 24.1697 24.0574 19.9179 23.3608 21.2992 22.1954 22.5853 21.0451 72.133 62.9743 64.5704 61.5573 43.1753 45.1919 43.6421 44.0802 12.8969 11.4577 13.7272 13.322 32.8481 52.1899 36.0338 42.967 32.9613 38.3444 18.3044 56.1282 34.9803 24.7041 46.6779 47.8916 48.0432 53.0639 58.0815 26.7863 28.1485 29.5857 52.6154 55.252 42.0618 16.1894 12.6226 45.3011 37.5301 48.7317 55.1209 53.0379 46.425 30.2904 46.7913 30.0791 54.1787 42.8625 65.4129 12.3704 56.2846 49.18 40.693 19.1443
44.1852 40.4614 42.4659 46.3938 39.3723 41.3171 51.6263 57.051 64.1261 60.4744 58.4083 64.7482 59.037 60.8095 72.7198 64.2927 66.7434 71.6212 70.4615 69.8643 66.0899 75.6746 64.1229 60.4313 59.4355 62.5129 63.0355 65.8428 60.5679 67.8537 68.4053 67.0874 70.8379 60.6216 66.0794 61.5434 67.575 69.5247 37.0557 34.5379 36.4452 33.5933 41.5026 38.2955 37.6525 41.8658 50.1018 55.3788 53.9543 53.3485 50.558 53.7661 57.2714 49.5656 39.5417 41.973 45.9688 40.4863 27.7221 26.2906 29.6007 31.6846 0 2.47708 2.59375 3.3714 54.5831 57.1057 58.283 54.177 53.705 49.7132 66.2547 72.7412 68.6859 70.503 50.6821 58.7033 45.2539 40.0972 39.2552 39.2374 38.9527 79.6814 47.2189 39.9452 41.267 40.6903 34.9217 37.4089 36.3731 35.8091 35.0404 36.9108 29.5511 31.1762 24.5865 27.4594 26.6926 27.1351 27.5151 28.0435 44.9468 44.4661 48.3867 45.2297 44.2098 43.0113 42.2603 43.9024 71.8268 64.9984 66.2672 59.7924 29.0631 30.3428 27.3859 32.0826 5.89006 6.84832 6.46815 7.18386 37.7705 33.2563 38.1289 35.5779 37.1066 37.3443 37.0227 41.4299 21.8032 22.6932 25.2562 23.305 27.4814 24.0294 39.5377 65.0258 57.3222 56.0125 36.2042 50.1646 69.616 43.8292 30.3681 39.5686 23.1085 25.8602 55.934 5.60544 61.5801 16.078 31.4748 33.67 66.9224 13.3937 19.5882 39.4229 32.5589 15.1963 20.4703 21.5354 54.0004 8.39993 50.9135 9.73876 27.868 44.9634 32.3947 35.2218 41.5909 37.1867 17.1688 44.4302
45.3106 42.1599 41.5643 40.6119 41.7913 39.9192 56.8395 52.8812 53.3641 57.5526 63.5851 57.1782 55.0214 56.7412 60.9375 67.8992 66.5783 73.7403 64.0394 65.6863 70.4336 72.9323 64.253 65.7509 55.853 68.1766 63.5563 66.466 65.5883 64.8815 70.8607 71.4806 64.9687 67.3451 66.8647 57.0042 58.5821 66.2783 30.529 35.0482 30.8824 33.1613 40.1021 39.0524 37.3096 38.9487 54.6219 60.8011 52.128 62.1635 56.1841 57.8692 59.8593 59.462 44.5474 40.706 45.0507 42.1405 22.3487 26.8386 27.255 26.9231 2.47708 0 3.30435 2.44806 50.2713 56.0956 51.7234 49.2465 60.2648 50.3891 70.9955 70.8558 63.6008 71.9912 45.2414 51.9385 49.9879 42.4619 40.4365 43.4184 39.4425 88.4166 47.8772 35.1996 39.2228 38.9684 34.8693 40.1595 36.3513 32.3658 36.4979 38.6487 24.6267 24.5898 26.6063 28.1866 28.4548 26.3698 29.2494 26.6115 47.1322 49.3597 47.5853 47.4523 46.6239 48.3275 44.8867 49.7875 63.5449 64.5751 71.2399 72.0736 29.744 30.2277 29.3981 30.0512 5.34279 4.74995 6.45265 6.37477 38.9513 36.5705 38.4261 39.692 41.4643 41.0995 40.1521 40.5075 22.3459 25.0323 24.9 21.9569 30.3436 27.0304 37.099 60.7007 61.0772 51.2868 33.0488 47.6769 66.0154 41.6575 28.7227 41.2619 25.1836 27.3829 56.0794 6.32606 58.8046 19.3713 31.7011 35.9884 65.8293 11.6732 16.6691 35.0286 37.4309 16.412 25.9378 23.8291 52.6053 6.77965 51.3047 7.72408 33.4072 44.5028 36.2882 35.137 36.6205 35.5275 21.5393 43.4916
42.2146 45.2684 46.1068 39.3714 39.6142 39.7315 53.1398 57.0678 57.8414 60.9822 57.119 58.0781 58.5976 62.3332 64.9146 64.0431 60.0357 63.9081 70.9764 70.597 73.7135 67.2708 61.2098 54.4949 54.0917 62.6586 56.032 65.408 68.0872 64.681 64.4642 58.6874 58.6941 65.8356 52.7267 65.0299 56.516 66.8086 35.1231 33.2794 34.7627 34.0369 35.684 36.6891 40.5027 41.0952 50.7678 48.6762 50.5306 58.0424 45.4765 50.4425 56.2703 48.0113 40.6434 38.3584 40.1428 36.9861 22.9321 27.5172 23.4471 27.6253 2.59375 3.30435 0 2.58781 52.3819 54.4458 51.7359 56.1276 50.0191 52.6427 66.6394 72.5227 70.149 70.3077 47.0883 49.0639 42.5178 47.3583 36.2153 41.0011 44.9148 85.5653 38.776 38.0124 33.369 34.2003 32.9645 35.5448 37.5394 39.164 40.8889 36.3154 29.1982 29.1937 30.3914 30.959 25.5246 23.3098 25.4531 26.3648 49.5262 47.5144 48.7792 45.7687 42.1285 44.7403 46.0417 40.7088 67.8848 65.7753 69.9063 65.4886 28.0048 30.8699 27.5709 31.8574 3.74517 4.69392 4.33477 5.35265 35.8537 41.437 41.7076 39.7838 42.4466 38.1058 38.007 42.7057 21.0633 20.6089 19.5004 22.085 25.3805 24.9423 36.5492 67.8852 53.6295 52.1273 33.2513 42.5494 67.6825 44.7316 30.2755 38.2996 26.3614 30.181 57.6198 2.47386 52.7071 15.2662 31.8321 29.7656 72.62 12.0013 17.3738 40.2127 35.3293 18.5481 22.7506 28.6895 52.5817 10.7733 43.944 11.0159 28.9572 48.4264 35.6147 35.3268 42.3751 42.9951 17.4316 51.4538
40.7778 43.7712 38.4374 42.8542 38.3905 43.0327 49.5818 57.4455 54.361 52.516 56.6948 62.3512 58.3658 56.9583 63.839 65.3481 68.0056 70.2708 61.1545 63.9687 67.0984 67.6113 59.0938 61.9943 60.8822 57.9862 63.8413 62.4419 55.1653 60.1813 63.042 64.408 63.4804 72.2741 54.8974 62.4339 65.2471 67.2731 30.1804 28.6545 32.1824 35.4289 36.4216 35.4127 37.4496 37.6069 53.1237 48.6321 50.7552 50.2082 51.1518 54.2559 47.5062 57.396 45.2195 39.7904 42.7197 39.193 22.9398 23.4714 21.9425 24.5912 3.3714 2.44806 2.58781 0 53.4428 51.4215 50.5227 52.2556 57.8055 50.6076 71.8003 72.538 61.4056 65.5389 47.4981 48.1062 47.1853 44.0763 41.8474 37.6184 44.1292 74.0608 40.931 31.5221 34.7363 34.3195 37.7486 33.3027 33.8922 39.7689 33.6626 37.3928 26.2275 26.1453 24.4485 23.9675 24.1966 22.8752 24.171 24.4998 47.6587 42.106 48.3434 51.0385 42.1125 40.9125 42.6523 40.1144 61.0097 60.9808 68.2136 60.0211 27.1652 29.294 29.5395 30.0101 2.41409 2.88889 3.64253 4.16396 37.9672 36.3584 43.0351 39.3191 36.6309 43.1719 37.1207 39.0267 19.8601 18.4605 21.1888 21.3267 29.6655 25.9356 39.7734 62.891 53.6214 51.5282 32.8938 49.6223 63.6135 41.0094 28.2069 37.0175 28.0624 31.1212 57.6543 4.41787 49.9359 16.1945 32.0119 37.8789 67.2307 9.86259 14.417 37.6778 36.1902 20.4054 27.9651 28.6887 54.8013 7.88618 46.6632 9.93735 33.4478 42.327 37.6966 32.6028 40.6261 37.1358 20.1022 48.373
67.1992 59.8897 55.5579 58.556 55.202 62.885 58.3095 60.0112 66.2461 66.8651 52.8554 60.1912 54.2237 61.2441 54.1529 59.1671 56.1007 58.344 60.6616 55.7195 56.0869 54.3042 73.995 78.7378 68.5154 68.6252 64.9114 66.5438 75.4603 70.757 102.824 116.436 98.9102 100.332 101.338 108.098 105.564 108.08 23.0023 24.2088 24.6451 23.8839 20.0434 19.3556 23.1104 23.2889 92.0087 102.149 85.8713 98.0934 80.0263 92.9323 90.5285 96.3153 86.5697 83.213 87.6257 85.5918 46.8472 42.4647 46.3314 51.4028 54.5831 50.2713 52.3819 53.4428 0 2.68816 2.55044 3.93678 96.2856 89.1379 72.5724 72.0913 64.2699 71.879 20.4417 22.1168 88.9163 84.2872 82.9274 78.2523 12.237 68.4067 73.4786 45.2051 53.7957 49.8322 53.8964 53.922 19.4059 18.5208 18.1832 17.7055 28.956 25.8915 28.4987 27.192 62.0576 55.8598 61.7055 64.5665 83.567 89.333 84.0349 88.673 74.0982 72.2532 77.9664 79.2867 105.657 96.1232 112.59 116.573 24.7542 27.4648 27.0514 24.212 48.0422 46.3456 56.3804 47.9654 79.3239 78.9768 79.917 88.1978 14.9463 13.0816 14.9516 14.8853 52.8322 59.3417 61.785 55.4919 72.2459 74.5605 76.6123 60.1526 51.2119 85.9829 58.3585 96.0158 61.6862 27.8522 38.2473 86.3764 76.2656 52.5414 20.067 53.688 46.369 67.7575 54.4481 90.1177 60.0027 46.0342 45.1 21.5163 85.6902 64.1897 68.2729 60.614 92.3036 47.4031 92.8589 50.0181 67.3732 6.44576 78.2193 34.6496 28.5053 26.2337 68.118 40.5043
64.789 64.9861 64.093 65.0914 61.5844 60.6403 63.5676 59.9144 62.3818 57.401 55.7906 55.3036 58.5485 65.6036 59.3417 53.3942 64.561 66.9562 53.8463 59.9333 57.1177 60.6411 77.6732 78.0539 81.2789 71.4824 74.3893 76.5888 68.8595 72.2542 117.455 114.458 120.942 120.113 109.551 110.904 111.541 106.981 28.0293 25.7901 28.4589 29.2787 22.6775 20.6321 23.0839 25.9508 85.9264 98.6634 102.179 98.9168 82.7209 92.9266 94.0339 88.2246 83.1522 82.332 95.0809 83.7215 45.983 51.3909 47.627 45.224 57.1057 56.0956 54.4458 51.4215 2.68816 0 3.56077 2.37736 102.909 107.554 77.0251 67.4261 73.5562 66.5043 21.4887 22.8082 94.3719 86.6761 74.5003 82.8642 15.4254 77.859 68.2442 42.0716 46.1622 49.5257 50.037 50.0776 20.8481 19.4588 21.7744 19.1063 30.8858 30.7938 32.1869 28.6305 70.2619 64.1537 63.6675 63.8238 87.3818 96.3113 87.2056 85.7949 71.8763 79.479 68.7298 79.3426 112.273 117.286 99.7139 113.939 26.55 26.1686 27.0578 26.9834 51.4836 57.4154 50.3009 53.0023 87.0921 89.5742 89.0728 85.4992 18.1672 15.4411 15.8868 16.0864 60.9801 55.0079 60.0631 60.0574 72.6602 77.863 79.9476 59.1339 44.5164 89.5924 61.4119 91.043 54.9345 28.2242 36.2979 85.3433 76.6087 58.9086 18.144 63.0432 47.3584 69.3775 60.9072 79.0572 59.9938 45.0784 40.1548 24.4547 82.6686 60.8368 76.2848 57.6164 96.4517 48.1382 103.192 51.3432 75.2801 8.62633 86.5024 42.2705 35.9707 31.2997 66.4091 47.1767
62.8458 62.9441 55.9656 54.4759 55.9087 54.5731 58.2226 54.9597 55.981 54.6235 57.7798 59.9983 54.9068 57.4862 56.8813 58.9219 60.2987 59.7443 49.2799 50.3157 53.0414 53.4342 70.5961 66.0559 65.4135 72.735 72.619 73.3256 65.849 69.7438 96.4721 98.6932 108.476 118.55 97.1229 101.366 99.2348 95.5293 21.399 21.8415 22.9195 26.5607 18.2001 17.264 18.0247 21.8548 97.7076 85.6559 87.6974 92.9849 79.4953 93.1378 91.9572 84.0913 80.8677 91.2543 90.8814 90.7546 46.8528 47.1336 49.9651 41.8683 58.283 51.7234 51.7359 50.5227 2.55044 3.56077 0 2.51535 103.784 103.037 72.3253 68.1522 58.5958 59.7374 17.9362 16.4332 85.0503 96.8285 83.635 80.3689 12.444 66.5335 66.9971 38.8002 45.2404 43.8283 43.9686 51.3848 19.7169 18.8581 17.7966 16.4372 26.2512 27.0826 28.0577 25.5358 64.2576 57.0174 64.8424 57.4595 92.5616 91.3425 93.1281 77.7967 63.509 69.8247 75.3595 67.0484 114.354 95.6742 98.6361 106.815 25.9504 24.5219 23.5298 22.9731 53.4299 46.8061 53.7935 54.1334 78.0925 84.0542 90.4903 90.3944 15.9583 14.5804 15.0803 16.5332 58.1431 56.7152 59.797 60.1515 69.592 80.9549 82.6284 47.2654 42.2218 76.1176 69.094 90.2374 51.8492 23.8256 39.7615 89.4001 68.7498 58.8686 22.1797 49.6659 46.6867 67.7446 57.9772 87.6329 54.6776 43.9991 36.682 20.6324 71.9945 66.1722 63.6988 64.6064 98.4513 48.3594 101.123 49.8305 69.6077 4.42677 82.266 39.7424 30.9662 32.156 67.8714 37.2636
66.7917 59.1067 57.8797 56.304 61.1821 54.8509 52.4713 52.9121 58.2521 56.2754 59.4856 56.378 57.8011 59.7673 56.5883 59.946 56.3521 56.4836 58.0782 56.6095 57.8178 55.6698 64.411 64.7496 74.5236 80.7345 62.1739 67.5057 76.465 64.9325 116.414 103.126 118.724 112.444 112.923 106.275 113.969 101.747 27.1848 23.446 23.9213 28.0784 21.4411 22.4901 20.6877 23.8075 96.7908 91.9438 85.878 100.891 89.9252 90.2062 87.903 99.5106 96.3976 89.9289 85.3732 86.1189 45.024 48.3472 53.2576 47.0889 54.177 49.2465 56.1276 52.2556 3.93678 2.37736 2.51535 0 97.2956 103.699 69.1672 75.3092 68.108 62.6456 20.5939 17.9967 95.2697 93.2218 76.3775 78.1024 13.3849 70.4102 63.8812 42.0099 49.3359 45.6174 50.8898 50.6711 23.0804 21.7426 20.9414 19.7012 28.4099 27.2929 31.9625 29.1643 64.5853 61.8187 68.7966 61.6264 91.9421 81.7329 88.6146 83.2507 70.208 68.4947 66.7386 72.6921 105.792 108.038 106.677 110.763 28.6713 27.9381 28.4981 24.6908 50.5589 49.8008 50.0457 56.2735 90.4393 93.0995 92.0521 90.8791 18.1947 16.9989 17.7546 18.6727 56.7585 56.9647 55.4917 60.0327 84.1337 85.0787 78.054 57.0544 46.3177 90.3043 67.8739 98.4493 58.261 27.3032 37.0507 87.4969 76.114 58.5173 23.1686 57.2414 48.7012 71.5034 55.0514 86.4994 52.0185 48.9656 42.6028 22.1314 86.2169 73.3763 76.2535 58.6607 90.7745 46.8482 97.3842 49.1241 79.9096 6.53577 82.372 36.9585 32.3133 28.987 78.3802 38.0855
51.0228 54.2584 53.8716 52.5187 47.1141 59.3795 74.6204 64.5533 65.0452 69.9809 69.4011 71.1403 70.958 69.9916 72.9094 88.3874 86.87 74.0916 80.2116 81.612 80.0821 90.4891 54.1655 65.2682 64.662 60.1937 67.1823 63.2816 59.564 60.0721 13.229 13.2852 14.0034 17.4453 12.3711 14.4718 17.0392 17.3925 74.551 69.5118 79.1931 80.0639 79.7656 73.7249 80.6199 85.9377 16.6086 19.5349 19.1973 20.0483 20.7872 22.2092 25.2693 27.2059 12.9203 13.0118 11.6721 12.0597 54.4622 61.1156 49.665 59.7174 53.705 60.2648 50.0191 57.8055 96.2856 102.909 103.784 97.2956 0 2.58224 71.3685 76.7519 80.8702 74.8379 81.5897 97.2217 64.8463 64.732 25.0868 24.877 96.7916 87.1235 39.5805 66.1001 57.5872 59.6623 58.9689 62.9584 82.9019 92.2376 79.8381 91.105 70.9166 78.7812 84.3817 74.571 39.8072 40.077 38.3417 44.1026 22.6148 20.7629 19.9203 21.1934 40.2972 39.3992 42.2615 36.3957 16.7964 19.021 18.4959 19.8329 73.6787 74.052 67.2003 73.8249 49.4835 57.463 54.6331 48.6806 64.2356 65.1823 62.7815 62.1038 85.4479 93.2159 85.4171 82.6672 45.2511 46.4719 45.4608 47.3977 26.1573 43.3125 18.1918 80.4978 77.5667 33.7662 42.1624 13.437 69.6034 87.608 77.5499 24.4704 56.9358 69.4964 117.797 48.6975 74.6406 35.8535 80.8355 44.6775 95.9023 58.1922 61.2129 89.4895 21.7549 52.3141 64.4488 65.7564 15.371 62.0436 7.01613 69.5985 69.8286 86.6313 67.2413 62.4423 86.6532 85.5374 43.2502 77.6035
51.0651 51.5174 49.6719 55.4116 49.4255 47.6024 71.3255 61.7412 71.2457 61.7391 70.1999 67.4708 72.1723 76.5369 72.7146 74.5236 81.4713 85.4363 85.8458 92.1938 87.1168 78.9319 59.2709 54.6981 55.7396 56.7118 59.3908 63.7256 60.6697 68.5379 13.9068 13.8419 16.1528 15.8122 12.3533 14.1269 15.8735 17.2636 69.1931 79.176 74.1475 66.6856 86.7556 73.6281 76.8276 81.5401 17.3543 18.5469 16.7177 19.8566 18.8964 20.27 22.8113 20.7784 10.1652 13.5251 7.97255 9.91195 49.737 57.1932 47.8324 49.7924 49.7132 50.3891 52.6427 50.6076 89.1379 107.554 103.037 103.699 2.58224 0 74.5621 77.6455 73.9282 74.7017 86.402 89.1683 61.2056 59.3099 20.2348 21.8269 83.3071 87.9258 40.524 56.5995 56.4631 54.0068 56.9741 57.0632 91.5535 81.4273 81.8602 91.352 80.5225 72.1433 81.1367 79.0048 36.0276 37.3157 37.2985 39.5814 18.7701 19.8593 18.1485 18.9332 33.225 36.2617 33.7134 39.7204 17.9018 16.2528 16.8099 19.4962 74.5299 80.3824 67.3052 68.8215 51.8548 47.2029 49.1198 48.2863 60.1528 59.5806 66.0408 66.9875 92.4989 82.409 91.8085 95.8853 43.0392 43.4583 41.8619 43.4738 26.0992 49.9185 15.2614 87.1689 81.3162 29.7934 35.0575 12.301 66.8496 80.3186 84.6371 20.8525 58.49 71.788 113.463 46.4784 72.9937 39.1103 72.9502 46.7881 91.8805 56.1325 61.9916 83.5924 19.6242 54.658 57.8543 73.1671 11.4592 59.0292 7.42497 56.9785 64.6897 83.6072 71.2674 68.5464 87.9476 86.7958 41.6004 75.5389
27.4221 23.696 26.046 27.0681 28.944 27.5092 15.0871 13.1927 12.5619 11.0782 16.2778 14.0184 13.8309 10.5521 18.2215 14.7714 15.2337 13.9295 18.7611 20.4386 18.3696 20.5744 13.8543 13.6308 12.6379 12.5136 8.48299 8.85806 7.76297 7.87993 68.8466 65.0871 75.8974 74.7707 65.3789 64.0804 67.6419 61.4117 59.1576 48.0647 52.0312 54.6492 51.8157 57.1629 56.6336 50.0929 57.6021 49.5304 52.6019 52.7993 54.4895 45.0029 47.6967 44.8339 62.8902 63.1897 72.5649 65.7804 42.8176 46.6428 39.5014 43.5506 66.2547 70.9955 66.6394 71.8003 72.5724 77.0251 72.3253 69.1672 71.3685 74.5621 0 2.29235 7.99422 11.4698 54.9343 47.1734 109.408 113.62 55.811 46.8371 65.0797 20.6119 34.3064 33.2472 34.216 34.4197 33.7939 29.7505 72.2741 68.8516 67.1427 78.8043 64.6123 73.2265 67.6338 61.9153 43.7783 50.5047 48.9222 47.9898 46.854 50.088 47.9807 50.6379 38.0176 33.9065 36.4756 32.3874 68.0947 62.701 62.3181 62.5238 56.4232 61.2901 50.9453 61.603 69.8555 59.0585 68.6978 61.9855 109.261 113.15 111.414 107.265 76.1734 70.436 66.2368 67.4294 45.0796 48.7879 47.8955 50.9598 66.6579 86.2984 63.1841 22.1503 26.6515 39.971 38.6982 71.6082 13.7465 48.461 86.3967 77.1974 85.1477 88.8565 92.3378 66.3921 22.0945 69.5532 94.7786 92.1307 25.0342 59.5062 50.9987 71.9261 55.7854 86.4668 100.814 87.2477 62.457 69.2336 69.2024 78.6972 92.8188 64.4263 92.9175 35.7084 95.9223 83.394 77.4862 27.8251
29.0154 29.9701 29.4765 24.351 32.5868 29.9743 14.4476 13.4838 12.8022 10.6244 14.0408 13.5579 11.6141 11.2371 16.2908 14.6376 12.6814 13.2041 19.8111 17.4127 17.1565 16.0522 14.9809 14.2259 14.269 13.756 10.5865 10.7857 10.2404 10.152 75.5914 70.282 76.7582 67.9873 66.7801 70.195 62.6221 60.9869 56.8075 56.7851 46.7987 50.5975 54.0419 56.6659 53.4192 54.1934 54.2853 56.9609 53.6148 55.2391 50.1493 54.8745 56.4771 54.3516 74.756 61.3996 65.549 68.5756 43.4455 46.048 44.2838 43.9206 72.7412 70.8558 72.5227 72.538 72.0913 67.4261 68.1522 75.3092 76.7519 77.6455 2.29235 0 6.2565 8.48148 53.5857 55.274 101.368 104.888 57.2756 50.3456 55.4754 17.6592 37.1751 38.8124 32.2759 32.3086 35.5309 33.9716 68.0705 72.5588 73.2485 65.4679 71.6607 66.2667 71.326 73.8367 45.5493 48.2206 50.9937 47.2787 58.7468 56.0443 55.7397 51.9825 37.0139 32.9394 34.1315 38.6513 66.469 74.5451 74.7609 65.4395 55.298 56.3161 61.1183 55.2765 63.2338 62.9949 67.7283 68.6819 98.9938 109.793 100.943 103.606 70.8018 72.807 74.7853 70.4655 48.447 46.8905 45.146 47.3361 74.5056 80.3395 60.5599 21.0279 26.1504 40.9836 39.7918 72.9546 12.4317 44.7644 81.7594 88.3966 99.4702 89.0892 80.9406 73.2863 20.3446 62.3862 100.216 91.9578 21.2788 62.4704 58.4758 84.5486 62.6236 83.8222 86.1355 103.009 60.6479 65.0981 74.9041 69.5145 108.113 61.6537 98.3432 40.3493 95.6855 79.9224 75.9132 28.7814
29.9778 27.9695 28.8368 30.9034 35.2054 28.6588 15.276 13.6135 12.3497 12.1522 11.9988 10.5797 9.70124 9.05345 10.1231 9.08595 8.59081 7.18384 12.9914 12.2588 12.5974 11.0951 20.76 18.0932 18.9254 18.9089 15.1265 13.6616 15.8415 14.5794 77.9485 83.7448 70.9316 73.1217 66.6536 67.1461 71.0582 73.9134 47.6944 46.6798 47.4639 50.2669 56.0394 45.8713 50.7311 46.054 58.4547 61.102 62.2765 62.5716 55.9958 60.331 54.1961 58.2602 70.2931 69.6053 68.776 65.4601 44.3473 47.5579 45.9164 42.3216 68.6859 63.6008 70.149 61.4056 64.2699 73.5562 58.5958 68.108 80.8702 73.9282 7.99422 6.2565 0 2.4531 47.1208 43.0986 110.244 106.266 58.7246 60.0436 60.3893 16.4339 35.1179 36.4542 31.1596 31.7056 35.2655 30.1171 70.2595 74.0645 67.4475 75.3416 66.8634 70.9967 65.2824 70.241 50.5901 46.1116 51.5936 49.7406 61.0637 60.8418 56.1015 56.4177 37.4259 36.0504 39.9784 40.6607 78.5957 70.1664 72.7883 72.3215 60.1353 53.4937 55.0395 59.4872 59.1001 61.5133 70.4834 62.0371 116.828 111.1 110.162 116.68 71.9189 72.8797 64.3257 73.0585 55.9389 53.1952 54.5819 54.8071 73.616 97.6187 62.383 13.5388 20.2654 50.8152 44.2909 76.5669 8.44596 38.8908 87.9682 79.1685 86.8042 93.4737 88.9643 67.4105 18.9313 69.9364 93.6895 103.413 16.1552 55.189 59.6237 69.0615 61.0704 94.3451 85.963 101.994 60.587 63.6925 76.7778 66.3126 97.755 57.2231 113.996 39.8822 82.4987 83.6194 72.0405 27.2036
32.0065 31.2957 30.8552 30.2951 34.8965 30.1075 14.7219 14.2206 14.9522 13.4688 11.7805 12.3792 11.2487 8.82755 9.59929 8.81914 6.88284 5.98842 12.2515 10.9633 9.64796 9.22177 24.5276 24.346 22.3366 24.0634 17.0972 17.997 18.0499 15.7589 81.9535 83.4266 83.4102 80.2868 71.7315 81.0582 66.8885 72.0185 47.272 55.3343 50.2365 52.3062 52.8922 50.5128 52.6371 51.8588 70.7219 64.2415 58.9201 68.0808 57.4225 57.9912 54.7469 58.0708 70.6536 72.071 68.4195 72.2855 46.2876 47.382 43.4287 42.846 70.503 71.9912 70.3077 65.5389 71.879 66.5043 59.7374 62.6456 74.8379 74.7017 11.4698 8.48148 2.4531 0 48.2792 49.3883 123.215 120.249 60.9784 55.0516 52.472 14.0384 36.9608 38.1931 35.8734 32.5349 34.3502 34.5477 64.6162 75.7637 70.6809 69.8437 73.26 62.9736 64.3591 64.9074 55.8545 55.3816 50.7934 52.0581 55.8498 54.7356 61.0108 54.0311 41.6324 42.0464 38.9702 40.6275 71.15 80.0123 77.8944 75.8674 50.5461 54.5252 58.6546 51.4864 61.0565 72.7831 63.7008 61.3497 119.624 110.486 113.213 104.692 67.733 68.5828 71.7371 73.5296 48.2358 50.5622 56.1425 49.536 77.6242 88.9676 70.4519 13.6917 20.2559 54.8328 40.8049 91.683 9.2373 44.8513 88.4969 87.9272 90.6642 101.823 87.2494 66.9729 17.5848 71.0657 92.6527 106.181 13.0334 57.4581 50.5236 68.3979 69.8049 80.7046 94.7462 102.614 71.0573 68.8651 87.4106 77.3936 109.1 60.5173 97.7108 42.3057 85.951 79.6601 87.8185 25.1065
40.7466 40.5477 44.3643 46.1876 44.9711 38.1904 41.3215 37.0002 41.127 41.9956 36.4425 36.1589 38.3103 39.8298 34.4321 36.5375 35.5433 38.4166 35.2294 33.736 39.5788 40.4961 52.8873 57.642 51.0715 54.7074 46.9219 50.1156 51.6443 51.2065 88.5224 101.294 87.516 93.7877 84.0842 89.4447 94.2621 89.5529 17.3876 16.7942 17.2688 16.9245 13.5864 11.3837 12.3833 12.025 82.7764 79.3397 81.9923 85.5186 82.1039 74.836 82.5754 83.9276 85.3587 84.7384 75.5397 74.6165 36.9582 32.8498 36.3595 33.5813 50.6821 45.2414 47.0883 47.4981 20.4417 21.4887 17.9362 20.5939 81.5897 86.402 54.9343 53.5857 47.1208 48.2792 0 2.77244 99.8271 93.0893 69.9223 65.4255 13.387 49.3137 57.9826 26.707 36.5888 30.4995 35.8119 34.0313 32.3281 28.094 27.0542 25.8931 32.0095 33.0298 29.93 31.2829 54.8649 53.7629 51.7117 52.4725 68.405 79.5266 79.3459 72.6068 55.054 61.3072 52.8665 60.472 86.5089 85.2486 96.0397 87.4016 22.6953 21.7544 23.929 23.6627 50.6261 49.1593 48.719 47.2724 88.9072 90.4083 78.393 86.9447 28.4539 29.3315 29.3791 27.3324 43.8056 50.1066 52.3779 50.7664 67.05 74.2935 76.0837 32.7595 28.7551 62.7345 50.2132 84.0203 38.4917 7.939 45.1097 91.5251 69.6824 69.7291 36.9207 57.1091 26.866 58.1139 67.5583 92.2201 30.7673 39.339 37.4638 33.1671 72.046 62.4606 65.0033 68.5922 76.9406 46.9004 92.1626 43.0858 85.4268 15.7544 83.8539 25.5391 43.1212 41.3556 72.143 24.755
43.9269 44.2274 44.4733 41.2489 49.0183 43.881 36.3808 41.3313 42.8436 44.4306 36.4871 37.9652 35.6709 42.8238 35.8107 35.9432 42.2861 37.2891 32.9635 34.3243 38.5992 35.699 52.4622 58.7006 55.6205 62.0906 50.0195 49.781 51.7149 50.411 101.2 88.4094 106.931 101.215 83.8404 93.6173 99.1828 93.4699 19.2848 18.1829 19.979 18.2813 16.9389 14.3664 14.6834 14.9417 74.8764 90.0069 85.4117 76.163 70.022 80.6675 77.1035 81.1877 89.0228 77.0943 77.3525 76.6782 36.4556 35.7887 38.5194 40.8308 58.7033 51.9385 49.0639 48.1062 22.1168 22.8082 16.4332 17.9967 97.2217 89.1683 47.1734 55.274 43.0986 49.3883 2.77244 0 106.984 103.778 67.6005 64.5161 14.6022 50.7347 51.5331 28.3813 34.8452 32.9129 33.2309 37.8764 29.9468 30.1138 29.0895 29.5077 31.956 33.6671 33.2517 33.0335 50.1183 53.855 49.6845 50.9005 82.6815 69.7501 83.6418 76.9457 63.3153 53.7859 65.4307 56.6233 95.0359 87.8344 93.2298 92.915 22.9176 22.424 25.9085 25.2209 46.8876 53.7791 50.809 47.6024 95.8664 90.7326 91.0214 84.1255 27.175 29.7713 27.0698 29.2422 55.0862 47.5653 46.203 49.9248 77.5197 82.6755 79.2092 31.7257 24.8283 68.4923 50.1013 99.8102 39.6384 10.9201 46.8611 84.9807 73.7526 71.2628 41.0154 57.095 28.9244 68.8058 66.7231 81.2188 34.4542 47.0373 37.513 32.7995 75.8377 67.6977 73.059 70.5464 88.0855 45.7462 92.6542 45.1921 85.8411 16.3186 77.9682 24.9127 43.5712 48.6525 64.7842 23.1891
85.8591 80.2796 81.3994 81.1469 79.7202 92.2335 98.2917 104.16 109.809 103.898 105.759 94.6259 103.129 112.037 104.717 100.466 115.471 119.048 103.495 115.411 117.644 125.635 102.642 105.065 108.119 108.861 97.1581 99.7975 98.6885 111.632 80.2493 74.3353 74.1357 81.469 79.6498 74.9102 82.5526 75.3656 86.7224 74.7624 82.6234 78.818 79.0954 82.4008 88.3665 82.14 73.1014 75.1551 71.0682 74.1286 70.4304 76.1709 76.1998 83.6746 53.8132 55.0899 54.4404 62.042 76.0144 64.8611 65.8085 72.878 45.2539 49.9879 42.5178 47.1853 88.9163 94.3719 85.0503 95.2697 64.8463 61.2056 109.408 101.368 110.244 123.215 99.8271 106.984 0 2.76562 63.5666 70.2233 89.2215 130.191 84.4252 78.8997 76.2029 86.1046 85.8108 90.7063 72.7811 80.6703 75.0246 75.9571 62.1052 71.3101 67.5303 67.6606 59.8065 64.0442 59.8965 66.7928 72.4462 68.0054 71.6923 73.3119 80.2851 81.5165 82.833 82.7765 79.4918 87.1838 79.869 73.1682 79.3103 82.008 80.7119 72.7684 50.1629 47.4398 49.7684 48.6702 10.3568 12.7457 10.2884 12.0306 75.9779 71.6475 82.7268 76.1587 61.2089 63.4175 63.9597 69.6891 50.2171 25.9366 58.1304 106.547 96.1795 75.7095 78.3707 46.205 101.051 94.9886 53.4062 37.5392 20.1402 41.2469 89.7308 45.9897 101.326 47.0056 40.6575 15.1326 116.23 57.0913 62.5855 81.0155 65.1297 29.7125 27.6994 33.5332 65.2922 52.9807 60.4817 46.7881 21.2569 95.5816 19.6289 77.3791 74.795 70.8334 33.4067 97.9983
83.3015 79.6107 84.8656 79.1599 73.0304 79.2503 104.098 102.242 102.169 96.8532 94.6808 98.6592 95.0303 102.397 98.5789 107.253 112.37 107.889 112.932 111.772 120.711 117.747 88.4989 90.4161 93.856 103.659 92.6671 108.767 106.636 105.69 68.0391 71.8128 75.0997 71.1933 72.4424 74.0379 71.9902 80.9974 82.6085 69.5229 72.2218 84.7808 88.3796 77.2721 74.7288 85.6861 75.6775 73.4543 79.3857 83.8222 72.7391 70.1525 79.7614 84.2272 60.0256 58.4875 58.4778 57.068 68.2836 65.978 65.1884 74.727 40.0972 42.4619 47.3583 44.0763 84.2872 86.6761 96.8285 93.2218 64.732 59.3099 113.62 104.888 106.266 120.249 93.0893 103.778 2.76562 0 68.9343 61.5976 82.7525 115.202 71.9869 84.565 71.7578 87.5779 78.5188 78.831 70.2704 69.7025 67.7786 75.1703 66.0341 63.0989 65.568 65.8798 58.6794 65.148 63.0891 66.516 74.9685 73.5755 64.7321 76.0044 79.4882 73.3482 85.7019 82.9794 83.9911 76.6489 86.6336 87.8711 70.3536 67.4444 74.8684 70.2259 50.1977 47.0243 48.3933 46.0455 8.1291 10.3646 7.80212 9.72883 68.5551 79.971 68.7153 83.4791 64.5247 65.1293 59.1339 57.8182 42.2008 20.483 57.5223 116.724 93.9078 76.4883 75.9758 50.4186 102.962 85.4635 54.4053 41.5044 18.5624 35.5508 91.9097 43.3732 107.164 42.6869 39.2389 14.1364 108.553 61.5615 60.9052 78.0753 63.9753 30.3229 22.4573 33.9469 73.6131 45.9859 59.7798 42.4314 16.9711 85.829 14.5982 77.7724 60.9041 67.4952 30.2241 93.3233
31.6713 30.6434 28.6091 31.3957 24.7848 32.0319 43.479 50.0649 49.1041 47.1183 49.4714 48.0892 46.8231 56.199 56.7304 53.9045 55.5875 59.3533 60.6689 63.5505 63.755 62.5344 35.6171 37.358 37.4991 43.9481 44.4254 43.2055 43.9284 40.7054 29.0733 27.1607 28.8741 28.4419 20.2104 24.8985 26.2601 26.8008 56.3437 53.5396 50.9118 55.4607 66.2471 55.7908 64.117 63.1326 12.3299 14.5743 13.8013 15.8475 10.5759 12.3828 13.8754 13.9982 17.1992 14.8092 15.6443 13.3222 34.025 34.7195 29.0449 35.7687 39.2552 40.4365 36.2153 41.8474 82.9274 74.5003 83.635 76.3775 25.0868 20.2348 55.811 57.2756 58.7246 60.9784 69.9223 67.6005 63.5666 68.9343 0 2.75025 63.9645 72.894 20.7628 42.2563 34.6667 38.8892 34.1178 36.6289 68.0666 69.5838 65.1861 70.0992 63.4937 59.3339 65.8006 65.4297 18.0163 18.4267 19.6971 19.7488 7.32208 5.78797 7.00676 7.09714 15.3703 19.2718 17.6732 16.5785 28.2394 25.1494 29.2086 28.5757 59.7228 52.4903 53.4998 57.1832 34.0857 40.9032 34.2313 39.4688 58.7865 70.5745 64.6389 63.1567 67.0277 75.9156 72.1916 67.7482 25.1397 21.9463 23.0052 22.0134 20.6836 48.9042 8.82756 58.5721 53.6702 14.9898 19.4221 27.4304 50.002 63.9363 66.252 28.6214 55.8876 70.4561 89.2423 35.684 53.1024 25.0167 68.2099 45.9954 68.989 34.1333 39.2856 79.9655 7.32046 51.2795 54.2731 62.4724 15.3276 51.01 22.1582 46.9002 65.0351 71.4954 65.2409 46.4373 79.6067 82.2253 37.567 47.7777
28.9663 27.9073 26.8839 29.6754 26.4781 27.0927 40.3543 45.0013 42.3607 41.9991 45.5076 52.8118 50.9441 45.4609 53.4835 54.2502 56.6402 57.6932 66.8217 65.5113 59.1695 59.0787 36.0804 39.5005 40.5632 39.1877 37.1537 42.583 44.6715 43.2133 30.8196 31.8489 28.3666 30.8978 22.1338 23.9462 24.3905 25.9892 55.5722 49.7767 58.2108 55.6239 56.2112 55.7341 53.4707 60.3747 15.521 16.2617 16.4006 15.6374 10.2039 12.4558 13.6695 15.8856 18.6417 15.9937 18.3052 13.3581 32.3565 32.6931 29.0417 29.5213 39.2374 43.4184 41.0011 37.6184 78.2523 82.8642 80.3689 78.1024 24.877 21.8269 46.8371 50.3456 60.0436 55.0516 65.4255 64.5161 70.2233 61.5976 2.75025 0 66.3822 75.7048 16.1686 41.3308 31.2541 36.8501 34.2526 34.912 73.0305 72.3801 67.2617 71.7566 63.8194 54.668 56.053 64.5676 15.4715 16.997 15.7138 17.3613 8.586 8.13187 9.43888 8.70062 15.3256 16.5325 14.7428 16.495 31.0127 30.378 29.4094 28.1452 55.27 49.2213 53.2749 48.8116 38.2774 34.9215 32.3652 32.6159 70.5464 63.0702 61.64 60.2366 71.0675 74.756 67.6206 65.0576 22.058 22.13 19.8028 20.8929 20.861 47.4577 10.1547 59.0207 54.7422 14.0058 16.0292 31.2799 50.9284 59.1202 62.7842 34.6201 53.496 66.2104 88.0941 37.7802 54.6029 26.8937 72.888 54.5857 66.781 36.5353 39.1092 65.3349 9.08284 45.2832 56.5741 61.0732 17.6933 48.6928 25.6466 48.3416 61.3467 73.6792 64.3706 46.5574 79.6304 74.098 37.3286 46.3191
52.1681 50.142 49.1911 51.1296 49.1433 40.4125 50.5726 45.6497 49.3093 50.1013 46.1082 48.8888 47.8069 47.2322 45.791 45.2074 46.4634 50.3767 52.4969 50.9672 49.4034 54.868 61.7745 61.5087 61.4302 65.7031 60.746 61.2483 60.6691 59.7426 93.6795 104.661 97.1094 101.647 86.8715 99.3626 83.9514 92.1439 10.724 12.5719 12.174 13.056 7.08122 7.60199 9.55258 11.2027 82.6581 75.3042 76.0801 75.1525 78.4959 73.6785 84.2831 81.3864 69.9916 74.8235 79.8712 77.6349 35.2223 35.4908 34.0119 33.7429 38.9527 39.4425 44.9148 44.1292 12.237 15.4254 12.444 13.3849 96.7916 83.3071 65.0797 55.4754 60.3893 52.472 13.387 14.6022 89.2215 82.7525 63.9645 66.3822 0 67.9467 52.8515 29.5992 35.0681 38.2105 38.8164 33.941 14.03 16.2916 13.3056 12.752 20.6767 18.5148 20.5688 16.325 48.7087 47.7534 49.203 43.7595 68.8607 72.5242 76.6271 67.4699 59.908 63.4764 59.0599 59.9011 91.1293 90.346 100.677 93.8592 14.2834 12.3793 14.2662 13.1598 41.9273 38.5979 37.9814 38.652 72.1185 80.9036 78.0671 75.5979 15.2845 13.3112 13.5216 12.154 46.5671 47.8305 41.4453 43.6335 64.4846 68.8863 66.5009 47.6787 37.3054 64.886 48.3878 87.2696 49.1077 16.6979 31.4086 82.4822 58.413 48.1946 30.1808 45.4633 37.6098 51.5692 50.5644 70.5303 51.1892 37.1797 26.8002 21.7568 61.2262 52.78 62.0275 49.2703 89.2825 35.8931 90.6116 33.7788 63.1465 6.75528 67.2536 23.4297 31.906 27.9613 64.7512 35.1881
45.5915 45.0017 47.7858 40.7428 49.232 44.7334 29.2061 28.3769 27.4508 26.9004 25.1802 22.5311 24.7765 22.1996 18.3959 17.7129 16.84 14.5562 17.5183 14.9229 14.341 12.2972 36.8996 34.8356 34.8591 31.9662 27.9057 30.9407 29.3839 30.2741 100.806 83.1016 87.4641 99.0388 83.9419 82.3912 85.924 94.1175 59.264 64.1271 56.0103 58.9385 59.8015 57.4811 57.3286 59.8323 83.1115 72.4997 73.4284 80.4774 74.838 66.1752 74.3229 65.5742 96.5326 80.1745 91.7611 83.6869 58.7194 62.69 56.2036 50.0948 79.6814 88.4166 85.5653 74.0608 68.4067 77.859 66.5335 70.4102 87.1235 87.9258 20.6119 17.6592 16.4339 14.0384 49.3137 50.7347 130.191 115.202 72.894 75.7048 67.9467 0 53.77 48.8872 46.7107 43.8012 48.6089 49.4218 71.5836 72.1317 81.7362 83.7395 77.0897 82.9668 83.9607 83.0985 66.2557 61.6056 70.9173 65.0191 76.4658 65.2359 79.1418 71.723 55.1041 59.3275 55.0458 59.6997 88.8935 93.8644 91.0569 79.709 66.4613 65.0869 69.3548 58.8243 73.3723 79.271 73.6529 83.1713 123.459 122.277 132.642 114.669 78.469 70.0235 75.1124 84.3228 62.4754 59.6594 61.9624 64.1419 81.1321 109.861 83.3925 17.5768 26.9169 60.5196 55.3621 100.903 21.4076 51.6596 100.538 98.1907 107.071 102.126 94.2847 87.7109 29.8242 79.8263 107.945 107.089 17.7782 67.9618 70.2334 84.1507 78.2353 99.5729 111.648 110.085 75.59 81.5673 95.0848 84.5796 104.322 67.4624 121.855 49.568 86.4122 87.9797 93.4485 35.6933
10.9022 9.7815 11.8703 12.2346 9.8598 13.5856 25.7836 28.0678 26.8043 25.1283 29.5101 34.9978 34.7609 32.9488 39.0647 37.4707 41.1952 40.1469 47.3621 47.725 47.1468 46.454 20.2924 21.5039 21.8865 23.8871 23.6319 22.0402 27.06 23.6951 44.8368 41.9953 46.5913 43.7416 39.7193 36.5812 38.2213 42.1405 42.9498 41.1631 47.1189 43.7349 51.3391 45.3379 50.9059 44.9001 26.4351 25.9747 26.0042 26.2359 22.8988 20.539 21.205 24.6435 37.181 35.8469 37.8515 32.4853 23.4393 28.0517 20.6554 22.7666 47.2189 47.8772 38.776 40.931 73.4786 68.2442 66.9971 63.8812 39.5805 40.524 34.3064 37.1751 35.1179 36.9608 57.9826 51.5331 84.4252 71.9869 20.7628 16.1686 52.8515 53.77 0 25.859 20.6673 20.5614 20.1568 22.2815 60.1825 57.4723 64.055 67.3521 54.6888 54.1531 59.5384 57.1594 18.0857 19.616 17.7669 16.6293 23.5087 20.5666 20.4985 19.0502 3.53088 2.44841 3.31924 2.80339 41.1416 38.2385 44.3434 38.5115 46.3857 46.4413 42.0074 47.0928 41.5408 41.7247 41.5395 41.1837 78.6158 80.1772 81.9886 71.7629 64.8952 62.7387 63.0075 69.6837 21.6832 20.6059 21.8811 19.4936 34.9344 60.1309 29.9183 45.6696 34.8206 13.711 7.32677 42.065 34.3296 42.8658 71.8249 44.7701 70.3183 76.2163 91.5126 37.68 34.058 39.5986 76.8902 68.7466 47.7095 33.3047 35.4213 62.0743 25.1336 54.5041 62.5843 65.2748 32.4106 43.1881 41.8838 50.1558 72.0016 67.1276 67.7717 31.4158 74.0198 70.3213 47.9084 32.5876
16.2053 16.2301 17.6158 16.687 17.2168 12.8494 18.9026 19.8472 23.705 22.1268 21.574 23.6896 24.0653 23.6976 27.4686 27.0689 28.6261 30.366 32.5685 35.5107 33.0176 33.5895 32.2307 29.7038 34.5452 34.97 26.6766 28.4959 31.527 34.3465 73.6545 71.56 62.4144 61.9417 61.2356 67.9651 62.7437 60.9511 19.9966 19.0006 19.0527 18.8667 23.2355 25.4743 20.1102 21.9439 54.4615 55.615 53.9277 52.8241 42.0834 51.0668 45.7809 45.9513 57.3866 55.3406 48.5292 48.3717 14.051 11.8223 11.2141 9.31265 39.9452 35.1996 38.0124 31.5221 45.2051 42.0716 38.8002 42.0099 66.1001 56.5995 33.2472 38.8124 36.4542 38.1931 26.707 28.3813 78.8997 84.565 42.2563 41.3308 29.5992 48.8872 25.859 0 5.06213 4.75283 5.31742 5.01069 44.2276 40.4104 42.3355 40.0138 38.573 32.8693 35.236 37.5981 26.2734 26.1211 24.9656 23.4011 47.8027 46.5064 44.0753 45.9699 31.5664 26.2444 27.3524 28.147 71.7255 69.0746 65.5503 59.5416 21.5198 23.1005 21.1101 22.2429 31.1549 28.419 32.4474 27.882 68.2484 70.0132 68.0491 78.0679 40.6908 41.4121 36.6505 38.2863 23.8795 23.3802 24.4038 23.3845 41.975 63.2458 42.2258 31.4679 22.5912 36.9789 24.2078 62.3162 28.6776 18.488 51.4726 63.2718 63.5101 58.6857 61.2653 37.3171 21.7431 45.1527 60.8427 60.8711 33.0128 24.4096 21.2577 41.6396 38.8739 52.4018 64.1987 58.6156 59.485 36.6075 53.7514 41.1108 63.7314 40.7832 72.7288 5.71593 55.4718 54.5135 53.315 11.7846
12.5682 12.346 12.4298 10.757 12.1813 8.19161 18.2538 20.1003 22.0013 24.6237 24.0245 23.5004 26.1351 24.4956 28.6891 29.2786 30.6487 32.7788 36.0817 33.0968 34.0512 35.8578 27.9313 27.4112 28.7283 30.5089 27.1426 25.5209 30.4502 29.2781 67.3936 59.4911 61.0568 62.0269 54.0751 52.3266 61.9003 60.3906 23.9196 24.1107 24.7774 24.487 29.3407 25.7982 29.1621 24.4661 49.7838 44.311 46.3398 45.3321 42.8103 39.3743 46.7585 43.8805 49.3924 47.5864 46.1604 48.4833 12.1435 9.9161 10.5217 9.49517 41.267 39.2228 33.369 34.7363 53.7957 46.1622 45.2404 49.3359 57.5872 56.4631 34.216 32.2759 31.1596 35.8734 36.5888 34.8452 76.2029 71.7578 34.6667 31.2541 35.0681 46.7107 20.6673 5.06213 0 1.0836 0.93584 1.37181 41.1542 46.5581 44.7056 46.5858 36.4389 41.3787 38.5052 38.9938 21.0068 20.2288 19.5853 19.0038 38.8476 42.7584 39.5564 38.5599 25.7141 24.9218 22.2882 23.7777 63.3605 54.5497 61.4838 62.0589 28.9495 26.8492 24.1635 24.8649 31.8865 32.2081 32.5455 31.7274 71.6822 79.9678 69.1869 67.3262 47.0848 43.9578 48.4467 48.6162 19.1359 18.6244 18.2722 20.4997 41.461 59.69 44.1459 30.9026 24.7198 37.7491 18.5847 57.2454 28.11 26.1353 50.4693 59.0808 62.8758 66.2515 68.6556 32.2557 20.7771 39.3097 63.4537 63.3459 31.03 22.0914 23.2385 45.3939 38.7161 56.3524 61.8092 57.1998 53.6305 39.5075 60.5485 43.5155 68.913 42.7949 66.6036 10.347 54.7734 60.2793 51.459 14.8038
12.3515 11.3858 11.2997 12.5646 12.89 9.72047 20.3358 20.8719 19.4282 22.2971 23.1163 24.3261 22.6526 27.3916 27.6531 26.6661 29.4381 28.8619 29.3637 33.7568 31.6209 35.0484 24.7304 27.7662 26.4688 27.454 24.4338 28.0837 29.7139 28.9732 63.9479 65.646 59.55 63.5947 59.9824 61.9405 62.9852 64.3468 28.2673 25.2031 25.6003 20.3883 31.28 25.3162 25.9487 27.4706 45.5645 51.8124 50.2487 49.491 41.9298 45.6361 43.3995 39.7191 47.0028 47.3052 49.4608 45.3076 13.2378 11.4581 11.9219 9.02824 40.6903 38.9684 34.2003 34.3195 49.8322 49.5257 43.8283 45.6174 59.6623 54.0068 34.4197 32.3086 31.7056 32.5349 30.4995 32.9129 86.1046 87.5779 38.8892 36.8501 38.2105 43.8012 20.5614 4.75283 1.0836 0 1.39717 0.999586 41.5563 46.6565 47.4581 45.6419 38.2847 38.6675 40.6789 40.7696 22.9704 19.5067 20.663 20.0638 37.6276 39.5228 41.0477 40.0559 22.8374 23.1331 26.254 22.8379 67.5898 65.4547 62.8073 67.7533 28.7926 25.8087 25.8335 24.4892 31.8089 29.9168 32.5405 28.4705 79.863 79.6207 80.5754 72.562 42.7882 48.9917 42.6046 41.2024 22.9283 19.0851 18.6288 19.98 45.9255 57.2488 45.1754 29.4894 23.9676 38.4559 17.6236 55.1678 23.3097 25.4104 53.9058 61.5515 58.4233 65.3272 57.0886 31.9622 21.1305 36.5885 60.9711 73.1328 35.9637 23.2394 22.2923 45.1557 41.8494 55.4902 56.8858 54.8845 54.4556 36.7768 52.81 37.209 62.5815 44.6674 70.7251 9.00121 61.9895 59.5308 44.3841 13.7929
11.799 12.0195 9.74029 10.5051 11.4642 8.51459 19.0622 20.8724 21.2042 22.5883 23.3697 22.0071 23.7755 26.2594 29.3129 28.5039 27.2823 30.9005 32.7722 34.9514 36.8899 35.962 24.7472 26.3966 27.8343 29.0384 25.4353 27.7152 25.5914 29.4745 64.5138 59.1109 66.2829 57.418 53.0736 62.2975 57.5601 60.2229 29.0052 25.5831 26.0727 25.5356 31.3463 30.2874 30.4159 25.5719 47.871 42.2807 44.8374 44.4613 44.5205 42.9881 38.8282 42.9251 53.5427 46.093 50.0901 49.0187 13.0627 11.6866 10.633 8.96435 34.9217 34.8693 32.9645 37.7486 53.8964 50.037 43.9686 50.8898 58.9689 56.9741 33.7939 35.5309 35.2655 34.3502 35.8119 33.2309 85.8108 78.5188 34.1178 34.2526 38.8164 48.6089 20.1568 5.31742 0.93584 1.39717 0 0.995314 47.6747 41.5718 48.015 45.5707 40.1563 43.4449 39.4082 41.9822 20.2623 20.114 20.3785 19.321 41.1306 37.3536 43.72 42.5924 22.8641 24.0592 22.9269 21.9031 60.9304 60.5784 64.1956 57.6688 27.0226 25.7807 26.0596 30.104 34.9109 30.3061 32.3459 30.6955 72.0092 69.2878 71.7745 68.72 43.6207 42.3813 49.2558 49.6739 20.9847 17.8637 21.8863 18.7479 44.1406 53.0245 41.7846 28.7186 22.7524 32.2377 18.5009 65.0289 24.2875 26.5287 49.6255 54.4318 58.6718 67.332 59.3202 36.7629 19.1361 42.8169 67.8047 71.9816 34.5169 27.5011 23.338 47.5843 41.4666 53.0455 64.8571 64.4571 52.5601 36.9576 52.019 39.0305 62.2992 42.8762 72.3478 11.064 54.2862 61.187 46.0386 13.8167
11.9573 11.8052 11.4388 10.0444 11.0472 8.11979 19.047 19.2383 21.8739 21.3608 22.0994 20.5872 24.8741 23.8922 25.8698 29.0985 26.5576 31.7229 29.3644 29.3838 31.6605 32.3453 26.6458 28.5076 29.9517 27.1868 24.3102 24.9347 29.506 26.7685 56.7617 62.5653 60.5672 69.0614 55.9526 62.1996 56.4028 63.115 26.6675 24.4714 22.9328 23.2301 29.2214 26.1189 26.7553 24.3391 47.8074 44.1064 51.8858 46.6255 44.9562 41.2994 40.6506 41.7379 51.7585 51.3122 46.2676 43.8922 12.8867 12.0239 12.8753 9.90793 37.4089 40.1595 35.5448 33.3027 53.922 50.0776 51.3848 50.6711 62.9584 57.0632 29.7505 33.9716 30.1171 34.5477 34.0313 37.8764 90.7063 78.831 36.6289 34.912 33.941 49.4218 22.2815 5.01069 1.37181 0.999586 0.995314 0 46.3513 41.5235 47.1258 44.9638 40.313 42.9737 41.459 41.4098 21.8444 22.5283 21.0693 20.274 41.7372 38.425 41.0376 37.7384 23.3515 21.6398 24.5159 25.0906 65.4054 61.1455 62.6684 66.5607 30.3713 26.9203 28.2876 28.75 33.5467 30.2807 33.4703 30.6411 72.2967 75.5483 72.739 76.861 42.0019 48.8826 46.2544 43.4163 19.7513 19.6992 20.2296 19.2639 39.9154 55.7791 45.0039 31.4852 23.1765 35.0967 19.5277 62.2436 24.166 22.7011 56.0331 63.0868 64.459 58.5942 60.7093 32.2748 19.739 42.6213 59.7046 70.8478 29.5799 24.2657 21.967 46.6926 38.9967 56.2553 59.7892 58.5393 50.7193 34.4799 61.5708 39.3506 66.9578 46.705 79.1022 10.9208 55.2824 55.0918 50.4677 13.62
51.9148 54.9593 51.3561 60.0452 55.5586 55.794 61.5787 65.4576 59.3721 65.8875 59.804 58.3388 55.4216 58.8688 64.3191 58.2599 58.996 61.1821 61.072 63.1175 63.8159 73.0234 69.6514 67.6823 79.4987 79.7943 73.1197 67.3345 64.4795 79.5442 87.1297 89.4191 90.6071 94.8183 99.2155 100.568 96.6541 88.4517 19.3243 20.4259 23.6689 22.9849 20.0855 18.7459 21.0857 24.6326 89.7951 76.464 88.5957 93.5574 74.1964 80.2377 74.4023 82.1647 79.2164 67.182 74.7544 78.6944 38.6894 38.2507 42.0545 43.6315 36.3731 36.3513 37.5394 33.8922 19.4059 20.8481 19.7169 23.0804 82.9019 91.5535 72.2741 68.0705 70.2595 64.6162 32.3281 29.9468 72.7811 70.2704 68.0666 73.0305 14.03 71.5836 60.1825 44.2276 41.1542 41.5563 47.6747 46.3513 0 1.03468 1.01412 1.53201 9.21956 9.38099 10.0269 9.03296 55.068 46.4628 55.3667 50.9474 82.5721 78.8576 69.9364 69.4444 65.0891 66.1016 67.9226 66.1742 89.8084 90.2241 104.87 96.1564 17.9813 17.6757 19.2196 19.7621 34.811 36.8966 39.5865 33.9759 69.152 59.4394 58.7964 58.845 2.92212 4.17325 3.39259 3.92623 46.5504 42.55 48.5232 46.2558 64.7975 61.7757 74.943 55.6959 49.443 79.513 61.9475 78.1596 55.7514 31.7235 19.2084 75.197 53.5737 36.3062 23.1836 37.2927 58.0421 51.9355 39.4796 59.2857 59.1424 33.0928 28.9282 5.02838 68.2187 45.2662 53.2075 44.1715 92.4938 28.7483 81.8713 27.6477 57.0626 15.534 56.2118 35.3373 15.2516 14.9646 57.6323 42.0302
61.6679 57.3567 58.7008 52.9954 60.5981 58.3173 56.9999 56.8049 59.774 65.7737 58.6126 55.6803 59.6129 63.9597 60.3819 68.7321 66.3176 64.8389 61.2037 60.3482 68.6876 66.8817 73.483 66.2254 68.2392 67.8624 75.4049 73.4208 71.3731 77.6071 94.844 103.553 96.8569 101.133 99.2916 86.5286 103.603 90.9344 19.6051 18.8133 23.5047 22.8021 18.2658 21.1281 22.8402 21.4304 82.0358 79.3063 84.4386 87.6232 71.8627 84.3159 74.4679 75.3715 79.5757 81.155 83.2973 69.5622 43.4157 38.8869 42.0335 41.9891 35.8091 32.3658 39.164 39.7689 18.5208 19.4588 18.8581 21.7426 92.2376 81.4273 68.8516 72.5588 74.0645 75.7637 28.094 30.1138 80.6703 69.7025 69.5838 72.3801 16.2916 72.1317 57.4723 40.4104 46.5581 46.6565 41.5718 41.5235 1.03468 0 1.36127 0.953322 11.7124 9.50964 11.3158 9.34567 54.6292 47.5932 48.0727 52.9746 80.8291 69.9275 75.7589 73.7739 69.9109 61.0306 61.1331 71.3643 88.6849 88.606 104.48 104.84 17.3032 18.7904 18.7812 17.2505 37.1588 36.0078 38.1861 34.2702 71.4326 64.5541 63.2682 66.2994 1.94875 3.24555 2.35768 2.92046 51.4893 46.6024 52.1127 45.7254 59.9728 56.2707 77.2392 54.812 48.8013 68.7889 57.71 87.7386 57.6827 27.463 20.3988 80.4432 54.0142 39.8042 20.8103 40.3103 55.4144 52.7838 34.1664 73.0795 60.8322 31.5619 29.0264 5.04379 62.8056 52.4982 49.5453 39.5117 85.609 29.7059 80.4705 31.268 59.8437 14.8058 59.1701 33.6785 16.5364 14.061 55.4579 42.2414
58.103 50.5348 52.1756 54.723 55.459 52.1099 60.3094 62.8215 60.161 67.5687 63.0258 64.6201 57.2876 65.3877 65.9807 60.0506 65.7361 60.4646 60.0924 61.4134 65.583 65.886 62.6327 76.9273 68.5818 75.796 71.4093 67.1124 65.6886 76.0838 94.5376 90.0909 94.369 101.719 96.7201 83.2285 99.4103 101.762 18.4655 20.9561 18.8752 21.6906 19.88 18.2798 22.3677 23.6322 87.3594 90.5449 89.3583 78.1788 81.5796 71.6524 85.8591 74.5467 71.5188 67.4665 78.8094 71.8831 37.3865 40.3628 41.0063 35.0776 35.0404 36.4979 40.8889 33.6626 18.1832 21.7744 17.7966 20.9414 79.8381 81.8602 67.1427 73.2485 67.4475 70.6809 27.0542 29.0895 75.0246 67.7786 65.1861 67.2617 13.3056 81.7362 64.055 42.3355 44.7056 47.4581 48.015 47.1258 1.01412 1.36127 0 1.08861 10.3949 8.23247 9.1297 8.0784 46.4552 47.96 48.5114 52.1613 74.7983 77.0564 82.2763 83.048 60.6715 60.0132 60.1684 59.5067 102.112 97.3969 98.4309 97.9678 17.074 17.0581 17.6025 17.9995 39.101 38.1099 34.9109 37.4405 62.4007 67.8644 62.1266 67.4823 3.19074 4.22603 3.07878 3.89263 45.857 49.8168 45.1548 48.0076 67.4874 51.9596 67.3224 54.9689 54.123 72.268 59.2977 75.8236 63.557 31.7359 18.1355 75.4906 51.1582 37.6189 23.6634 43.1366 57.0118 57.1801 38.5921 70.6101 66.4173 33.1541 29.0304 5.92534 63.7731 45.9053 51.6772 39.5397 76.9983 29.8695 79.7035 25.773 50.7719 15.192 56.3785 33.9364 15.6255 16.0995 49.8701 43.0476
51.4059 53.5617 56.1951 60.4667 57.1876 52.1766 62.0637 63.6658 60.8807 57.5911 58.0834 62.057 58.9783 64.8617 58.3337 65.6159 63.7027 69.0695 58.3123 67.9243 60 67.8586 69.9308 70.0909 68.5868 73.696 66.9595 63.9898 66.3172 65.3488 102.026 93.7552 106.175 89.6452 88.711 88.632 85.3119 99.9101 19.9962 21.2905 21.7287 22.3294 19.4366 20.6075 20.486 23.6764 86.5712 86.1221 88.6132 87.5501 79.8285 86.9779 83.3887 81.0035 70.3422 73.43 85.1824 79.4317 40.6363 37.5224 43.6719 42.7145 36.9108 38.6487 36.3154 37.3928 17.7055 19.1063 16.4372 19.7012 91.105 91.352 78.8043 65.4679 75.3416 69.8437 25.8931 29.5077 75.9571 75.1703 70.0992 71.7566 12.752 83.7395 67.3521 40.0138 46.5858 45.6419 45.5707 44.9638 1.53201 0.953322 1.08861 0 9.47116 8.91582 11.0867 8.97253 54.1326 54.0717 50.2103 52.3143 78.6154 71.1502 84.7856 80.8106 58.7382 70.6055 62.1463 61.7987 88.4573 95.0187 102.286 92.3674 17.511 17.8698 16.6975 17.5117 33.5972 36.3018 36.8462 38.5028 67.141 68.7755 71.0831 64.119 1.96524 3.09417 1.8898 3.12177 43.0975 41.9505 51.908 46.0766 68.6122 60.9956 71.2833 60.9247 47.0894 75.2215 62.0053 81.3363 56.4012 30.2143 19.9579 71.3432 57.1424 41.3586 20.4997 43.9436 49.0157 53.317 34.6317 68.7525 58.051 36.0217 29.46 6.45983 66.5786 50.853 51.3416 43.0277 86.8159 30.2953 86.2674 29.9053 59.7653 16.284 59.2209 36.5231 17.4836 14.4712 56.3375 40.4682
51.6716 54.7713 47.3878 47.2517 46.0596 43.7673 55.8157 51.708 53.9247 57.2078 59.5006 55.7965 57.7325 60.9304 60.1781 56.8623 57.6122 62.4834 57.7474 68.8698 62.0905 62.8814 69.8138 67.3619 67.0026 67.0541 69.3213 64.8152 68.3414 73.4459 95.1555 95.5106 85.0902 88.2473 76.1096 81.9048 88.1223 92.8425 15.3018 19.1964 19.3555 18.4606 20.6914 19.4864 21.8384 23.486 72.5076 75.7691 69.4479 71.685 75.3892 72.482 68.0508 66.4129 68.6913 66.591 65.9881 67.1333 28.9609 30.4499 33.9538 34.886 29.5511 24.6267 29.1982 26.2275 28.956 30.8858 26.2512 28.4099 70.9166 80.5225 64.6123 71.6607 66.8634 73.26 32.0095 31.956 62.1052 66.0341 63.4937 63.8194 20.6767 77.0897 54.6888 38.573 36.4389 38.2847 40.1563 40.313 9.21956 11.7124 10.3949 9.47116 0 0.922775 0.936333 1.52933 39.3092 40.5542 42.9287 46.7341 66.6384 62.3034 63.1943 70.3721 59.42 58.5308 59.5314 55.5914 88.1825 84.1333 90.4977 84.2938 11.8831 14.0123 12.8978 14.5533 25.7404 24.0342 25.0295 28.0178 55.212 54.1624 53.0416 51.0083 13.6195 14.1619 11.2577 13.8687 35.7963 36.2963 41.323 40.1671 49.9755 47.5673 58.079 62.001 49.4884 73.7812 46.3887 73.9767 55.4322 31.0384 14.7986 70.4718 48.9625 30.5383 28.795 32.6112 48.1617 46.5572 34.0022 62.0745 65.915 21.693 19.4317 10.8328 52.7772 40.7719 39.658 37.7456 82.9461 20.1264 65.0676 18.7809 43.1102 24.2085 54.0363 30.5019 20.0501 18.5098 48.5363 40.192
52.7014 47.2275 48.5194 49.2228 52.5203 43.3836 57.1721 58.3336 55.6243 58.0178 55.3892 61.315 63.6155 58.0261 63.1618 66.6018 59.6427 67.4888 63.7315 56.2567 66.6905 64.6992 64.4938 59.4251 70.1519 71.3509 66.3632 70.1989 69.1242 66.808 91.0191 87.5422 97.7948 96.7183 88.2224 87.3641 80.328 80.5263 16.8011 19.2313 19.0364 18.233 19.7244 21.6375 19.5125 22.3535 77.2861 72.8141 76.7322 80.3724 75.7828 66.072 74.5274 80.8987 66.1021 67.9082 67.8439 67.6446 30.1051 28.4516 36.5559 33.8802 31.1762 24.5898 29.1937 26.1453 25.8915 30.7938 27.0826 27.2929 78.7812 72.1433 73.2265 66.2667 70.9967 62.9736 33.0298 33.6671 71.3101 63.0989 59.3339 54.668 18.5148 82.9668 54.1531 32.8693 41.3787 38.6675 43.4449 42.9737 9.38099 9.50964 8.23247 8.91582 0.922775 0 1.3029 0.922635 44.6586 42.1146 41.7452 45.2379 66.1042 68.3297 66.5594 69.0726 62.8538 63.2936 55.6907 54.238 86.3109 80.9968 95.283 89.6299 12.0329 11.9776 13.4104 14.8614 29.3008 27.5083 27.1154 25.5076 58.6955 53.6972 57.6756 56.265 12.3902 11.7082 12.3528 11.474 37.1459 41.768 37.8529 42.1112 56.4416 48.3346 59.017 61.058 46.1411 68.6558 45.0082 76.6249 55.0824 29.0167 16.1062 68.4126 47.269 30.961 33.0592 30.9993 51.0281 40.0711 32.4603 61.9364 58.8546 22.9192 20.2008 11.4483 55.5617 42.2775 44.0974 35.6593 82.9714 17.7269 71.8914 21.3074 51.0556 23.6192 50.6318 33.0383 18.1943 17.5751 47.7233 37.9979
48.7405 45.9196 50.1472 53.0251 49.9988 50.8831 51.2624 52.1301 55.0873 58.6932 50.5732 61.1408 55.9878 62.2481 63.1981 59.6593 62.0882 61.8143 64.0084 58.4418 61.0721 70.5188 66.4757 62.3797 66.0981 64.995 67.8563 66.2444 61.8822 72.614 79.7472 94.0073 88.9396 84.4264 82.4756 86.556 77.7946 83.4458 15.8202 18.5654 17.3099 18.5045 20.2929 21.2383 20.6923 21.6203 71.946 70.6299 71.4807 75.1426 73.6675 64.7509 65.2578 78.2452 66.0398 59.1914 67.7633 60.0661 33.3439 27.1415 31.2847 32.1874 24.5865 26.6063 30.3914 24.4485 28.4987 32.1869 28.0577 31.9625 84.3817 81.1367 67.6338 71.326 65.2824 64.3591 29.93 33.2517 67.5303 65.568 65.8006 56.053 20.5688 83.9607 59.5384 35.236 38.5052 40.6789 39.4082 41.459 10.0269 11.3158 9.1297 11.0867 0.936333 1.3029 0 0.960432 43.1725 40.9214 38.299 42.2395 64.4223 66.1663 73.3362 60.814 60.9272 58.114 60.8437 52.6477 85.7516 92.681 79.2994 81.1893 11.1437 11.2944 13.4458 13.1082 24.5642 24.2041 26.3833 26.7484 55.9985 54.9015 59.0163 57.5796 12.7732 13.7928 13.5863 12.972 39.4362 36.7655 37.2588 41.3317 53.4885 48.4208 61.8377 53.8481 53.1752 60.5963 46.4865 66.3101 55.5984 31.6281 16.5003 57.7958 49.223 33.8493 34.5604 31.0664 50.5369 44.3378 33.7632 59.8095 64.5799 21.9556 21.0503 11.2599 60.6512 37.1886 43.767 37.1315 76.5219 18.9574 68.1973 19.3383 50.7919 23.1318 50.7522 29.7601 19.9508 18.0852 48.1269 44.8258
48.1796 45.7069 54.0782 47.8182 51.4624 50.244 59.46 55.6801 55.5217 54.5649 58.4985 56.3892 53.8651 54.3691 54.1147 60.0171 58.8323 58.8885 57.8697 67.3034 60.7378 66.1409 68.6365 65.2449 71.5852 65.4059 62.3669 64.2072 69.6794 71.1675 84.2017 95.8099 86.1949 93.2962 79.6122 89.0233 92.4388 81.3238 14.2753 16.938 16.1781 18.8371 19.3292 21.1875 19.3399 20.564 74.6551 72.2134 83.2346 81.7387 74.6514 76.764 65.6788 74.7635 63.7649 66.0551 62.7573 61.6846 32.926 30.1718 30.9347 34.3489 27.4594 28.1866 30.959 23.9675 27.192 28.6305 25.5358 29.1643 74.571 79.0048 61.9153 73.8367 70.241 64.9074 31.2829 33.0335 67.6606 65.8798 65.4297 64.5676 16.325 83.0985 57.1594 37.5981 38.9938 40.7696 41.9822 41.4098 9.03296 9.34567 8.0784 8.97253 1.52933 0.922635 0.960432 0 43.5726 44.5143 40.8716 40.5061 62.2458 61.3374 73.3728 72.2698 54.1967 60.8677 54.4153 59.6564 79.8443 93.1406 80.8064 89.1214 11.4836 10.6551 13.7132 12.1037 25.2163 24.6681 26.735 26.4508 53.6539 56.0805 60.1463 52.3595 12.6813 13.1341 10.8329 12.3751 35.294 38.5125 37.9373 37.8175 58.3795 45.8509 61.3306 60.9559 49.288 73.456 48.4599 67.9689 53.2516 28.8622 17.6408 58.4481 46.8897 32.2591 33.2093 32.5271 48.218 43.2674 30.4136 61.9032 63.7612 23.9863 19.901 11.9259 60.1775 41.3523 44.8465 39.8841 83.5551 20.7935 66.6321 21.8999 44.637 23.2002 47.4459 29.0806 20.0475 17.3313 46.5041 41.235
19.1682 23.2382 23.4664 24.4498 19.7315 24.0741 39.7144 34.9176 42.3306 43.06 42.4005 45.7264 45.0855 47.8947 51.3193 51.1373 51.1484 53.036 53.9845 49.1379 60.1333 60.9952 37.5541 36.0019 37.9257 41.0951 40.4308 43.336 43.7628 38.8479 42.4734 46.11 44.4701 52.7009 41.6353 45.0789 44.6979 46.5188 40.8497 36.3061 37.2856 35.8465 42.3229 43.7034 40.2925 40.8385 30.1194 33.6047 30.1165 35.1826 25.6547 27.03 28.9352 32.8436 30.2776 25.0105 28.1658 28.834 15.0736 16.4214 12.8624 15.8777 26.6926 28.4548 25.5246 24.1966 62.0576 70.2619 64.2576 64.5853 39.8072 36.0276 43.7783 45.5493 50.5901 55.8545 54.8649 50.1183 59.8065 58.6794 18.0163 15.4715 48.7087 66.2557 18.0857 26.2734 21.0068 22.9704 20.2623 21.8444 55.068 54.6292 46.4552 54.1326 39.3092 44.6586 43.1725 43.5726 0 0.917117 1.00677 1.31293 25.9842 23.85 27.7336 23.7169 18.3778 18.0084 20.0835 18.6099 47.2512 43.2342 50.111 42.9786 32.3328 35.5078 36.6311 32.5208 23.2697 20.3086 20.6896 22.4896 59.3406 61.2189 57.8165 59.4283 54.6102 50.0031 47.9008 48.6934 4.06468 5.18687 3.33526 4.19881 22.4074 36.0188 20.7244 51.7853 43.3278 26.8329 10.6917 39.3115 46.5528 46.3373 46.2396 37.8816 46.7724 48.339 65.5858 20.8466 39.1362 20.7303 57.7873 45.331 55.8696 19.2929 20.7209 58.5397 17.2306 41.1832 43.038 52.8652 32.1071 31.594 34.1758 30.7003 50.0344 56.1419 60.072 30.4066 56.0261 59.4938 30.9553 35.6278
20.2668 21.1467 22.7281 21.9363 17.9691 19.5724 39.8307 35.1907 38.7393 35.305 38.0922 41.4577 39.2498 39.9713 50.6585 46.1945 50.0587 48.5647 47.7382 50.3688 49.506 51.7263 38.197 36.922 40.1749 37.6624 35.53 38.6532 38.2356 38.8468 45.666 48.7561 45.3162 44.0932 45.8253 45.7236 40.1261 43.2532 38.3652 37.8315 34.704 38.5618 45.4202 42.775 39.5012 36.9198 33.742 35.6295 32.5179 37.904 27.0331 31.3338 32.463 28.8924 31.8966 25.3223 32.0585 30.3858 14.3526 15.7845 12.2424 14.505 27.1351 26.3698 23.3098 22.8752 55.8598 64.1537 57.0174 61.8187 40.077 37.3157 50.5047 48.2206 46.1116 55.3816 53.7629 53.855 64.0442 65.148 18.4267 16.997 47.7534 61.6056 19.616 26.1211 20.2288 19.5067 20.114 22.5283 46.4628 47.5932 47.96 54.0717 40.5542 42.1146 40.9214 44.5143 0.917117 0 1.33511 1.0674 26.0315 24.2811 29.2519 24.4972 16.7018 16.625 20.6235 18.8415 44.0649 43.3795 46.8052 48.4763 33.7101 33.5098 34.8951 33.3316 21.6881 19.4308 19.9996 19.323 63.7144 60.9169 54.9641 52.4523 51.0101 52.4214 47.9159 57.2521 3.92099 4.40225 2.6292 3.68121 20.0437 42.0656 20.5477 53.7653 40.8278 25.4044 10.683 37.6228 40.3788 44.559 53.1387 35.1101 45.996 57.1723 67.8143 21.9489 37.9875 21.531 60.03 51.2141 53.9315 18.9013 22.0799 51.2151 19.2444 41.1897 44.0214 45.5522 32.0833 29.3431 38.5657 34.5764 57.5136 55.2788 52.003 26.5982 53.9697 57.5763 30.8499 31.9495
21.0262 20.9992 20.5755 23.801 17.2724 23.3353 38.184 39.618 38.2954 39.1744 39.7667 40.7436 43.5937 44.0771 48.3043 48.866 51.0512 47.3406 57.0634 50.4616 53.5277 54.4378 33.4008 35.5129 34.687 39.4146 35.712 37.9633 37.0159 45.2298 48.896 44.1617 50.2411 48.1419 42.8918 37.9682 38.2624 45.7708 34.492 37.0433 33.807 38.5593 41.2888 39.4041 43.7264 42.0439 31.8521 34.8491 31.4069 35.8582 27.6865 30.9733 26.3981 29.3158 25.8001 27.8278 30.4548 26.5417 13.4376 15.6212 13.6417 17.414 27.5151 29.2494 25.4531 24.171 61.7055 63.6675 64.8424 68.7966 38.3417 37.2985 48.9222 50.9937 51.5936 50.7934 51.7117 49.6845 59.8965 63.0891 19.6971 15.7138 49.203 70.9173 17.7669 24.9656 19.5853 20.663 20.3785 21.0693 55.3667 48.0727 48.5114 50.2103 42.9287 41.7452 38.299 40.8716 1.00677 1.33511 0 0.931919 24.8937 23.1139 26.5559 25.3141 19.0183 17.7705 17.784 18.2022 49.2175 48.5996 47.3971 45.3559 34.6805 33.8081 33.9225 38.2861 23.8418 24.7534 21.6143 19.9663 64.7084 63.7838 62.2509 55.21 51.1885 54.754 51.2795 49.9347 5.45183 5.43731 4.53995 4.5632 23.0099 38.4391 21.9397 52.6785 42.8866 22.558 10.8412 36.257 42.3699 39.7962 50.4524 38.9752 51.6155 49.4391 75.9908 22.4585 43.4605 21.886 57.8186 49.8542 50.3553 19.2507 24.3309 53.3803 17.4112 40.9276 44.1294 51.4868 34.7434 29.8429 32.0303 36.4292 54.5197 56.1213 59.5408 29.1831 61.5066 58.7027 29.0736 35.5437
19.5703 21.4645 20.2562 22.8847 16.0667 22.8385 39.2991 38.5154 36.3751 39.1087 40.3514 44.1439 41.5926 46.9034 51.0138 45.1358 45.6736 52.1078 49.964 52.4015 57.547 50.5229 36.7426 34.2709 38.298 37.7451 35.3572 35.8838 37.3523 42.7265 43.0791 45.2794 45.9818 44.1055 41.5332 42.4295 41.3929 43.3036 39.8909 39.9234 33.8839 33.5958 38.0604 39.544 44.0429 41.8426 34.755 30.9896 36.1826 37.1897 29.9003 28.9523 29.9455 30.3275 29.8735 25.7187 32.144 26.5427 15.0328 15.7967 12.7226 15.5803 28.0435 26.6115 26.3648 24.4998 64.5665 63.8238 57.4595 61.6264 44.1026 39.5814 47.9898 47.2787 49.7406 52.0581 52.4725 50.9005 66.7928 66.516 19.7488 17.3613 43.7595 65.0191 16.6293 23.4011 19.0038 20.0638 19.321 20.274 50.9474 52.9746 52.1613 52.3143 46.7341 45.2379 42.2395 40.5061 1.31293 1.0674 0.931919 0 25.7975 25.9081 27.3613 27.2694 16.5097 17.1017 19.835 16.8328 47.3172 48.6453 45.7415 45.3019 37.2523 35.5449 32.6277 32.5433 23.3135 23.1694 22.2547 23.457 61.4815 58.9197 59.5035 57.8806 48.8858 58.4878 48.0991 48.4877 4.67999 5.18063 3.62361 4.41865 21.762 43.4877 19.9255 48.3715 41.9195 27.7429 8.90159 36.4736 45.8233 45.1486 55.6567 36.2375 44.8697 53.3447 68.7273 23.5034 40.4076 21.5353 52.991 50.0891 54.5531 18.521 22.8973 53.4842 20.9288 36.4138 43.5102 48.9693 31.8971 33.6603 32.34 36.5968 51.0406 60.8254 56.6652 27.3707 64.4751 56.2264 31.3595 37.3048
30.4229 34.2573 33.2574 36.2438 28.2535 34.1815 51.3578 47.9567 52.4884 46.6046 56.5036 56.5 55.3016 55.2443 58.4157 61.7085 61.7957 60.8572 66.8606 66.1165 60.8745 64.9462 40.8478 37.6895 35.0267 39.7254 41.8741 43.6087 44.2642 47.8397 21.5931 23.471 22.8925 21.4654 17.7001 17.8019 19.1114 18.3544 68.277 63.0689 62.9806 60.1799 62.544 61.5395 70.5141 67.11 5.82213 7.23819 8.92363 8.91132 3.83586 5.55207 7.14325 8.28797 18.786 16.0367 15.4964 13.1769 37.6888 38.3671 34.1645 37.7422 44.9468 47.1322 49.5262 47.6587 83.567 87.3818 92.5616 91.9421 22.6148 18.7701 46.854 58.7468 61.0637 55.8498 68.405 82.6815 72.4462 74.9685 7.32208 8.586 68.8607 76.4658 23.5087 47.8027 38.8476 37.6276 41.1306 41.7372 82.5721 80.8291 74.7983 78.6154 66.6384 66.1042 64.4223 62.2458 25.9842 26.0315 24.8937 25.7975 0 0.907991 1.06776 1.44497 18.6938 19.781 17.5274 19.5913 23.1632 18.8306 20.3693 21.4653 62.8611 55.6505 63.9233 59.1561 40.5881 48.3914 40.5933 41.8493 73.1363 63.7777 72.1881 72.8837 71.9189 86.2694 73.9497 75.8005 30.1897 27.1076 29.7858 30.1303 22.8219 52.3699 13.5828 69.0514 63.3385 10.9906 22.7525 28.1489 59.7583 70.6457 69.4928 36.6358 55.8769 67.3524 100.273 43.4334 53.5449 36.953 80.2818 50.6416 66.0666 43.6383 43.4664 83.9833 13.0381 57.3066 64.3808 68.5565 10.3149 57.9052 21.5382 60.7915 70.8194 86.3743 73.648 51.4918 82.9773 80.5206 39.2661 53.9057
33.5914 32.05 34.6259 30.6664 26.6995 36.5751 43.2845 47.1858 50.6256 50.4738 56.7441 49.8688 48.5385 52.2997 59.7524 54.6279 63.2226 59.078 64.1519 71.0273 63.1961 69.5214 37.0381 34.7952 36.0927 38.4276 45.1026 38.7563 43.5812 43.7031 21.5592 25.0106 25.9414 22.5476 18.309 18.7169 17.8017 19.4532 60.6886 62.2819 55.1304 60.0399 69.557 60.3715 58.2574 67.1163 7.55507 7.404 9.14827 10.5208 3.88687 5.67179 7.21751 7.09888 18.9119 16.962 15.7782 15.9699 37.7413 39.4017 37.3095 37.7566 44.4661 49.3597 47.5144 42.106 89.333 96.3113 91.3425 81.7329 20.7629 19.8593 50.088 56.0443 60.8418 54.7356 79.5266 69.7501 68.0054 73.5755 5.78797 8.13187 72.5242 65.2359 20.5666 46.5064 42.7584 39.5228 37.3536 38.425 78.8576 69.9275 77.0564 71.1502 62.3034 68.3297 66.1663 61.3374 23.85 24.2811 23.1139 25.9081 0.907991 0 1.34277 0.97931 18.1058 17.1368 15.9256 17.4629 23.2815 20.188 21.7824 20.7697 54.6945 58.5821 63.8016 56.4419 48.094 43.4112 39.093 46.6787 77.1088 76.7935 63.6952 69.9517 83.0014 79.7698 77.1177 73.5775 26.3073 29.9574 25.6124 26.7872 23.5878 48.9304 15.1169 69.7604 56.3531 10.2662 22.9345 27.5902 52.8461 67.2325 73.6595 32.1609 57.8582 79.7304 93.2971 46.3107 55.0431 36.0228 79.0182 57.9397 66.275 43.3847 49.3597 80.321 12.7178 56.0599 59.1321 65.0571 11.487 51.1533 23.8633 53.4508 63.5093 73.5501 73.9028 45.2347 78.2456 83.2445 42.8157 52.1783
31.1907 35.4746 33.4923 35.7689 28.7716 33.8595 51.2241 48.6446 44.347 45.2925 54.8239 54.0015 57.307 51.2729 64.0482 55.5205 59.4817 54.4346 65.4574 67.0663 66.4231 71.6021 38.7358 40.2946 40.9985 40.3906 43.3221 39.3575 46.0989 45.6846 22.0761 21.9273 22.3003 23.8542 16.548 16.0605 17.0491 19.0217 65.5872 65.5485 65.1215 63.076 66.3556 72.0682 63.3832 65.5618 5.72667 6.24929 6.7955 7.87979 3.30249 4.73238 6.04171 6.44514 19.8265 18.5129 15.1576 13.8795 40.0839 38.6563 40.596 36.3088 48.3867 47.5853 48.7792 48.3434 84.0349 87.2056 93.1281 88.6146 19.9203 18.1485 47.9807 55.7397 56.1015 61.0108 79.3459 83.6418 71.6923 64.7321 7.00676 9.43888 76.6271 79.1418 20.4985 44.0753 39.5564 41.0477 43.72 41.0376 69.9364 75.7589 82.2763 84.7856 63.1943 66.5594 73.3362 73.3728 27.7336 29.2519 26.5559 27.3613 1.06776 1.34277 0 1.04782 19.8167 17.9543 18.5275 20.9564 22.682 18.8703 20.2013 18.6717 60.1477 60.9481 59.2137 59.5971 44.3027 47.8542 48.7614 43.5442 71.1714 75.8911 64.5371 68.4494 81.3508 72.727 71.8418 79.4238 27.6305 29.955 27.3525 33.0752 24.87 50.1478 15.4243 60.7374 58.6452 11.2871 22.2678 26.6507 51.0622 71.1394 74.4062 37.4769 65.2756 72.234 101.587 41.4447 51.383 32.3579 72.7606 59.8575 63.9387 41.1302 47.9193 73.7319 13.9402 54.8835 62.6596 75.4433 9.67596 57.363 21.0913 59.7256 69.4045 82.5941 78.5571 50.8304 78.029 82.7844 42.4518 53.4875
29.2298 31.5161 30.5836 34.8372 28.3226 37.3861 44.9611 46.1355 43.4471 48.2876 49.2779 55.5662 48.2781 48.4496 53.7779 60.6988 54.2176 54.6075 67.8283 61.7184 63.1154 59.0712 37.964 35.4711 40.3262 40.8442 39.296 40.4756 42.8368 40.079 21.5247 24.9415 21.3791 23.6813 15.9742 18.9729 17.434 19.789 63.2407 58.5869 56.9652 64.8809 65.5489 68.1351 60.8733 68.2646 6.20695 7.89178 7.83725 9.84213 3.0492 3.92427 5.65664 7.02526 17.3415 16.5445 18.4168 15.5816 37.0579 39.2704 35.1996 36.8337 45.2297 47.4523 45.7687 51.0385 88.673 85.7949 77.7967 83.2507 21.1934 18.9332 50.6379 51.9825 56.4177 54.0311 72.6068 76.9457 73.3119 76.0044 7.09714 8.70062 67.4699 71.723 19.0502 45.9699 38.5599 40.0559 42.5924 37.7384 69.4444 73.7739 83.048 80.8106 70.3721 69.0726 60.814 72.2698 23.7169 24.4972 25.3141 27.2694 1.44497 0.97931 1.04782 0 16.037 18.7626 16.5456 16.9266 20.339 19.9255 24.3079 21.0441 64.4795 62.5017 54.1226 58.2152 46.8488 48.2191 46.9644 42.2278 78.2134 69.4812 71.4771 73.2013 84.1235 86.6043 83.7491 70.7316 30.8278 30.9471 27.8826 32.1528 26.399 50.9959 15.1173 62.2984 63.8236 9.73802 21.7797 28.6484 59.0483 66.1794 74.9644 34.8446 63.2388 78.4596 91.9484 43.8008 60.9178 31.7318 76.3035 51.826 67.4475 42.7604 51.008 78.161 14.148 58.853 62.2268 69.8911 9.93955 53.5593 22.5949 60.2355 71.6558 85.8479 69.9341 46.0806 78.2031 78.0627 41.8484 54.2061
14.0058 14.6447 13.8568 15.0175 11.7886 15.6185 29.5542 31.8259 27.8862 31.3417 36.5647 36.7417 37.8521 38.4472 41.0028 45.3613 39.4397 46.3838 51.3229 48.5793 43.6842 51.5071 19.6761 22.4613 22.1124 26.1034 23.4723 26.0892 26.3113 29.2046 39.7802 44.0423 39.491 43.4967 33.2568 33.7903 34.5916 34.0715 51.7449 51.0595 46.5005 47.4281 52.2513 52.7447 54.3838 51.4491 23.1045 25.5496 23.3396 25.7852 18.6955 16.9001 20.0866 19.0223 32.903 28.304 33.9935 30.8474 26.2981 27.2251 25.8266 25.547 44.2098 46.6239 42.1285 42.1125 74.0982 71.8763 63.509 70.208 40.2972 33.225 38.0176 37.0139 37.4259 41.6324 55.054 63.3153 80.2851 79.4882 15.3703 15.3256 59.908 55.1041 3.53088 31.5664 25.7141 22.8374 22.8641 23.3515 65.0891 69.9109 60.6715 58.7382 59.42 62.8538 60.9272 54.1967 18.3778 16.7018 19.0183 16.5097 18.6938 18.1058 19.8167 16.037 0 0.989403 1.05309 1.5368 41.758 40.7458 35.8871 36.9058 52.7247 48.5322 50.3629 47.4741 38.4972 36.0965 40.3081 38.197 70.3517 75.8491 73.9995 79.0121 63.9366 73.0407 67.7433 72.0244 23.3391 22.8642 19.1349 20.8081 30.4855 59.509 24.0565 50.4454 38.5124 10.8519 8.91789 42.3515 39.1303 46.9131 68.2629 48.4482 57.7337 66.2355 94.477 41.6826 38.3206 37.4198 74.8274 64.397 47.4792 38.8876 39.9697 71.7783 24.4628 58.6007 61.0216 66.7653 25.3546 49.1883 41.4837 48.6721 70.2765 60.1229 68.0499 37.4527 77.1988 76.8901 48.7047 33.8653
12.6368 12.0191 12.7037 14.1998 11.7623 17.0571 31.4221 27.0198 31.4295 29.6291 31.6417 35.467 34.4368 34.3408 43.1309 39.1532 40.7303 39.6055 48.7575 50.7154 43.069 46.8134 21.3856 20.6886 22.1332 21.5344 22.7763 25.8621 23.9845 25.719 37.156 39.2695 39.8133 39.7313 38.5473 35.9158 33.8312 33.2966 45.5251 47.8251 49.5248 44.3126 54.4327 50.3039 51.6616 46.9988 26.859 25.5525 26.4603 27.0232 19.285 17.8829 20.148 20.675 31.2894 32.1128 32.1824 32.1873 26.4791 26.2043 23.5011 26.3598 43.0113 48.3275 44.7403 40.9125 72.2532 79.479 69.8247 68.4947 39.3992 36.2617 33.9065 32.9394 36.0504 42.0464 61.3072 53.7859 81.5165 73.3482 19.2718 16.5325 63.4764 59.3275 2.44841 26.2444 24.9218 23.1331 24.0592 21.6398 66.1016 61.0306 60.0132 70.6055 58.5308 63.2936 58.114 60.8677 18.0084 16.625 17.7705 17.1017 19.781 17.1368 17.9543 18.7626 0.989403 0 1.38048 0.957649 36.9949 35.6795 35.5751 37.2054 52.1292 50.2208 42.6512 51.9456 35.8175 37.6779 36.7074 41.9974 76.5825 74.1285 70.322 72.6592 59.6374 65.08 62.5296 61.4854 20.4929 20.1238 21.638 19.9869 31.0497 54.241 24.5876 49.8814 42.3148 11.6733 7.46921 44.4865 37.2282 51.8562 68.278 41.7761 65.067 68.2612 83.0182 41.7069 38.1369 33.4498 79.6752 61.6354 50.1221 37.1114 38.654 68.8494 21.8774 62.1065 65.1262 68.1678 29.7158 50.0186 38.1437 55.7293 68.2108 71.1755 71.0948 31.9559 74.8046 68.3675 41.5279 32.1418
13.0182 14.8549 16.1366 16.7727 13.0835 18.4727 31.2659 31.0349 27.2274 32.1593 32.0561 36.682 31.8326 33.763 44.2807 40.7881 43.8711 39.3008 45.9644 50.611 49.5611 44.7381 21.8924 19.6381 20.38 22.5872 24.5694 25.7638 25.0669 27.7699 41.5986 38.5003 38.2777 43.37 32.9923 35.677 36.0134 35.7467 53.6921 50.4549 47.4237 45.6433 54.317 49.2245 54.7337 47.6059 21.5607 23.1267 24.7528 25.2869 18.8578 18.4204 17.8381 21.0058 32.7026 27.9687 34.5784 28.7333 28.2216 28.3138 24.2641 27.1109 42.2603 44.8867 46.0417 42.6523 77.9664 68.7298 75.3595 66.7386 42.2615 33.7134 36.4756 34.1315 39.9784 38.9702 52.8665 65.4307 82.833 85.7019 17.6732 14.7428 59.0599 55.0458 3.31924 27.3524 22.2882 26.254 22.9269 24.5159 67.9226 61.1331 60.1684 62.1463 59.5314 55.6907 60.8437 54.4153 20.0835 20.6235 17.784 19.835 17.5274 15.9256 18.5275 16.5456 1.05309 1.38048 0 1.02803 39.5489 33.2541 41.5563 33.9666 46.1739 50.3317 44.8663 44.0302 40.4225 38.3156 42.4366 42.2196 70.3911 82.2607 80.6018 82.3733 63.2973 62.9254 63.9251 67.7966 20.6956 22.5799 21.2154 20.0338 31.4896 59.1084 24.5934 41.9056 43.9197 10.4905 9.37702 39.5465 36.6224 45.7328 65.6301 48.3631 66.6538 64.7624 93.9105 36.8525 38.4495 39.3999 70.3247 62.0039 51.7012 35.8876 38.4963 69.0063 25.5447 53.2483 61.8211 63.3306 25.3861 46.5915 38.0764 47.5113 71.5147 66.2441 75.8592 35.1557 69.7048 78.1325 42.8187 36.7258
12.1687 12.3738 14.3246 14.7822 12.6093 15.7273 27.5628 30.396 27.9905 27.8919 34.4179 37.1953 35.267 31.0414 39.4497 36.9794 38.1749 41.8566 42.0915 43.8463 45.5753 44.1949 20.3266 22.0262 22.3685 24.1324 25.8208 26.4206 25.4855 29.0331 40.4834 42.3057 37.1826 41.5968 36.716 37.2543 34.0971 34.0027 50.0531 48.3013 42.1529 49.3175 51.8648 47.0581 49.7554 53.9041 24.1444 23.5647 27.2361 26.762 19.5477 19.8968 19.5029 18.9341 32.6222 28.5359 34.9337 28.7258 26.2249 28.8201 23.1476 24.6054 43.9024 49.7875 40.7088 40.1144 79.2867 79.3426 67.0484 72.6921 36.3957 39.7204 32.3874 38.6513 40.6607 40.6275 60.472 56.6233 82.7765 82.9794 16.5785 16.495 59.9011 59.6997 2.80339 28.147 23.7777 22.8379 21.9031 25.0906 66.1742 71.3643 59.5067 61.7987 55.5914 54.238 52.6477 59.6564 18.6099 18.8415 18.2022 16.8328 19.5913 17.4629 20.9564 16.9266 1.5368 0.957649 1.02803 0 35.7279 39.2037 35.5135 38.2972 48.8389 50.5992 46.5358 49.9528 43.8118 39.9726 43.5709 43.604 74.6808 74.5113 70.311 78.5238 70.9387 71.103 62.7399 69.4623 21.3205 21.653 23.1797 22.8836 32.1057 52.9281 28.934 47.9332 41.7755 10.625 8.344 48.395 33.9344 47.1577 71.7476 46.8288 71.6652 68.7675 89.7381 44.1503 39.1145 36.794 78.0567 65.1073 42.7344 33.1304 34.0123 75.2399 25.1443 56.8289 66.8025 70.6458 29.953 44.4021 39.2279 53.0457 67.366 62.1261 69.7948 35.4911 77.2646 69.737 48.4851 32.7201
50.2145 50.0971 55.8434 57.1229 54.6609 53.5849 60.3668 71.1508 69.6003 64.6763 73.7088 67.2959 73.484 67.6093 83.0033 73.2581 81.1262 71.1265 81.0781 81.5201 79.341 83.7872 58.7516 54.0764 51.531 59.4181 55.6319 64.8429 61.807 53.8992 5.57048 4.44574 3.94348 3.41639 5.43564 4.54897 3.26593 2.35389 90.8637 82.8389 79.3507 80.8496 90.5959 90.5227 81.5929 83.3379 14.4064 14.4499 14 14.8282 18.7307 17.8495 19.8936 19.6171 26.7111 28.9617 25.827 24.9362 64.4547 58.9891 58.2957 66.0637 71.8268 63.5449 67.8848 61.0097 105.657 112.273 114.354 105.792 16.7964 17.9018 68.0947 66.469 78.5957 71.15 86.5089 95.0359 79.4918 83.9911 28.2394 31.0127 91.1293 88.8935 41.1416 71.7255 63.3605 67.5898 60.9304 65.4054 89.8084 88.6849 102.112 88.4573 88.1825 86.3109 85.7516 79.8443 47.2512 44.0649 49.2175 47.3172 23.1632 23.2815 22.682 20.339 41.758 36.9949 39.5489 35.7279 0 0.901569 0.954264 1.42342 80.7588 85.7652 80.4392 74.3357 59.4885 67.0762 66.2459 69.2301 89.0289 84.7355 77.8925 85.7815 93.9212 107.674 100.361 97.6936 52.3873 51.1488 45.0741 50.5643 42.6963 64.5398 26.9451 82.6812 71.1887 30.2641 46.9046 33.1248 69.3811 88.8816 85.664 44.1918 69.8261 87.8779 125.028 65.9445 78.9936 52.4525 92.2749 68.1517 83.4561 63.0742 68.6709 92.1588 32.8662 69.7123 84.1425 84.9871 11.3241 79.0122 25.6852 72.0656 80.1746 99.3853 91.3622 66.7662 106.652 96.8128 56.726 71.9891
54.9626 48.1317 54.409 47.5104 53.0334 49.8166 71.2243 68.9154 70.0904 67.5799 73.7695 77.6056 73.0598 76.3155 71.4932 82.7262 80.5699 77.3016 90.3196 87.0114 80.3515 74.221 49.0764 56.2317 57.814 57.3662 60.7974 56.4127 63.214 62.1704 6.55525 4.82901 5.056 4.22125 4.74827 3.55757 2.73854 1.81539 85.4794 81.959 73.749 78.9624 79.6295 93.4133 87.8545 80.4295 15.4149 12.1752 12.0619 13.318 18.9224 17.9009 18.2522 17.674 24.341 24.885 21.3274 25.3316 58.3708 61.5368 54.111 55.8385 64.9984 64.5751 65.7753 60.9808 96.1232 117.286 95.6742 108.038 19.021 16.2528 62.701 74.5451 70.1664 80.0123 85.2486 87.8344 87.1838 76.6489 25.1494 30.378 90.346 93.8644 38.2385 69.0746 54.5497 65.4547 60.5784 61.1455 90.2241 88.606 97.3969 95.0187 84.1333 80.9968 92.681 93.1406 43.2342 43.3795 48.5996 48.6453 18.8306 20.188 18.8703 19.9255 40.7458 35.6795 33.2541 39.2037 0.901569 0 1.34737 1.04294 76.5227 78.4519 86.6466 79.1522 62.1493 60.6322 56.4399 64.9518 81.1317 89.1392 79.3799 80.1714 99.0908 94.6977 98.6528 103.271 49.6969 45.8242 49.5896 51.2761 37.2704 69.6377 28.7403 82.6843 81.1755 28.8559 46.919 31.8367 78.2705 80.728 94.0338 38.7656 81.2166 86.9074 110.376 65.744 75.3361 54.7176 89.3917 63.2914 90.6827 57.8712 73.8432 95.0705 29.1817 75.45 81.5476 83.1855 11.8214 77.8209 25.0981 81.7151 86.948 109.498 80.1534 70.2926 111.901 98.6983 60.3877 70.1061
55.5981 50.7629 49.4158 52.1947 47.7499 51.6129 67.6804 67.1191 66.891 60.7 73.7484 68.0874 64.5375 72.7068 71.776 72.3102 82.2338 72.8158 85.4165 88.9895 76.4684 74.9485 53.6692 53.5922 50.7081 53.7201 65.1334 58.1862 62.9591 55.5322 6.9334 5.07532 4.62266 3.33 6.40968 4.65344 3.90301 2.97668 83.9482 91.6215 80.213 81.328 91.5965 84.8777 93.1405 90.6943 16.2536 14.8422 15.2747 13.7585 21.3457 18.8815 17.8097 20.6626 24.5792 29.492 24.2865 23.2319 63.6808 61.443 60.369 66.6678 66.2672 71.2399 69.9063 68.2136 112.59 99.7139 98.6361 106.677 18.4959 16.8099 62.3181 74.7609 72.7883 77.8944 96.0397 93.2298 79.869 86.6336 29.2086 29.4094 100.677 91.0569 44.3434 65.5503 61.4838 62.8073 64.1956 62.6684 104.87 104.48 98.4309 102.286 90.4977 95.283 79.2994 80.8064 50.111 46.8052 47.3971 45.7415 20.3693 21.7824 20.2013 24.3079 35.8871 35.5751 41.5563 35.5135 0.954264 1.34737 0 1.054 86.2937 90.3821 86.6378 89.8777 66.9954 67.1029 61.1146 60.2863 82.3429 76.142 73.6302 74.4531 98.4848 108.673 105.902 99.6977 48.6266 54.3703 47.3019 46.2648 42.8361 63.6013 32.3342 75.2967 83.5765 28.214 41.936 28.8551 68.0147 87.785 88.7743 41.8153 75.7189 85.4873 130.773 58.5446 74.0166 46.6533 102.607 63.8825 92.1842 69.217 69.5596 98.9134 33.5804 67.9464 71.7315 91.1294 13.5077 70.305 26.7564 83.5405 78.6214 100.399 79.3232 66.4951 99.365 102.255 57.0745 77.8774
46.4322 47.4973 51.9326 51.9834 50.5085 51.303 61.111 64.3299 60.0537 59.3868 72.6165 68.3859 77.5531 69.2247 75.3388 74.6384 78.054 80.8343 74.2804 88.1628 87.3897 80.5536 50.8981 50.3578 51.6446 51.0582 55.4286 62.5175 62.37 54.1397 6.49649 5.57826 5.15685 4.10824 5.43349 4.58757 3.57952 2.54639 84.1329 80.2445 83.7099 86.4772 93.539 81.2672 83.4807 90.6238 14.5972 14.4001 13.1836 12.1645 20.2826 17.662 17.5643 16.6802 29.6797 29.6093 23.0901 26.3629 59.6948 66.8478 55.7865 54.4469 59.7924 72.0736 65.4886 60.0211 116.573 113.939 106.815 110.763 19.8329 19.4962 62.5238 65.4395 72.3215 75.8674 87.4016 92.915 73.1682 87.8711 28.5757 28.1452 93.8592 79.709 38.5115 59.5416 62.0589 67.7533 57.6688 66.5607 96.1564 104.84 97.9678 92.3674 84.2938 89.6299 81.1893 89.1214 42.9786 48.4763 45.3559 45.3019 21.4653 20.7697 18.6717 21.0441 36.9058 37.2054 33.9666 38.2972 1.42342 1.04294 1.054 0 82.5318 75.7384 83.8976 83.6009 61.3267 59.9082 58.1397 64.8796 75.1287 76.1516 73.9202 79.5084 95.2601 109.685 107.07 102.869 48.9738 46.8505 52.8909 48.2038 37.1103 64.0112 29.9958 82.4611 84.2895 26.6483 46.8423 31.0261 67.5511 77.8932 102.693 39.7932 70.6737 96.4016 124.843 60.3911 68.1896 52.1313 86.574 67.3279 88.9804 69.5366 65.8234 91.3144 32.4817 75.1605 79.7319 91.4691 11.3977 68.4608 27.5018 80.2214 78.693 100.048 83.9754 73.8816 97.4413 94.0128 50.6064 79.8386
40.1921 36.3913 40.9454 39.2958 34.8023 37.0665 40.0036 47.2896 42.3039 47.9104 46.4578 43.4289 43.9183 47.3529 46.096 45.5574 45.6513 47.652 44.7391 48.6312 55.5741 53.1908 52.2418 57.8837 51.3943 56.5833 50.695 48.5134 55.3243 51.5706 77.356 81.41 85.5376 91.7806 80.0725 85.129 81.0792 76.0123 5.04315 5.9565 6.70793 7.55979 9.83226 10.9475 11.8948 12.3824 66.9742 66.2888 66.5714 75.0757 68.9286 60.452 60.0636 64.0496 61.1203 65.9061 60.8126 66.344 23.5957 19.8274 24.5034 24.1697 29.0631 29.744 28.0048 27.1652 24.7542 26.55 25.9504 28.6713 73.6787 74.5299 56.4232 55.298 60.1353 50.5461 22.6953 22.9176 79.3103 70.3536 59.7228 55.27 14.2834 66.4613 46.3857 21.5198 28.9495 28.7926 27.0226 30.3713 17.9813 17.3032 17.074 17.511 11.8831 12.0329 11.1437 11.4836 32.3328 33.7101 34.6805 37.2523 62.8611 54.6945 60.1477 64.4795 52.7247 52.1292 46.1739 48.8389 80.7588 76.5227 86.2937 82.5318 0 1.00598 0.943388 1.39185 26.5935 24.538 28.3279 25.9934 69.7652 66.9722 67.6555 68.633 18.7833 17.4323 16.0829 16.8873 32.4456 30.0163 29.975 32.558 51.0522 50.8689 54.9238 45.6524 36.9016 54.8724 37.7168 64.8607 44.4885 19.6284 30.006 66.1555 46.8166 43.7003 35.219 32.3552 41.2386 44.6611 41.6722 60.2951 50.4423 22.0229 15.2577 20.6479 53.3317 40.4133 48.014 45.8881 70.9947 21.4815 68.2378 24.0992 49.883 21.8368 63.8318 17.1406 29.3881 31.7974 50.5891 26.7682
43.5985 35.7178 38.5931 41.027 36.3919 34.8648 46.8582 40.7701 42.9395 42.876 42.1925 43.9749 46.0908 50.4559 51.4914 43.9476 45.7501 52.5307 50.3209 53.4256 50.7188 52.2881 52.7326 50.7738 57.0354 51.8262 47.9456 53.7888 58.8364 57.7342 81.392 87.3408 78.2763 78.1073 70.5486 76.3285 74.7361 78.3252 3.88264 5.56489 6.57655 7.84828 8.57873 9.20826 11.0718 10.2711 64.0417 71.9746 63.785 72.2375 58.4367 65.3212 64.1263 60.0392 62.4258 62.7765 62.4308 65.3872 20.8103 19.4395 24.6407 24.0574 30.3428 30.2277 30.8699 29.294 27.4648 26.1686 24.5219 27.9381 74.052 80.3824 61.2901 56.3161 53.4937 54.5252 21.7544 22.424 82.008 67.4444 52.4903 49.2213 12.3793 65.0869 46.4413 23.1005 26.8492 25.8087 25.7807 26.9203 17.6757 18.7904 17.0581 17.8698 14.0123 11.9776 11.2944 10.6551 35.5078 33.5098 33.8081 35.5449 55.6505 58.5821 60.9481 62.5017 48.5322 50.2208 50.3317 50.5992 85.7652 78.4519 90.3821 75.7384 1.00598 0 1.52752 0.968869 29.1706 24.5646 27.1831 24.7317 61.3961 65.1932 61.0362 65.5524 16.672 18.8577 17.3974 17.155 30.8689 33.6605 35.0504 32.21 54.938 52.1784 55.7334 51.3351 39.702 56.6885 39.1682 65.6907 46.8845 16.0669 27.7484 58.541 52.5371 46.5714 37.3906 30.8861 40.9625 46.3129 47.7785 61.9068 46.8502 22.3255 15.8462 23.0397 57.1146 48.0835 49.2103 45.6445 65.902 22.7741 65.373 23.7482 59.6951 19.7433 61.0089 17.8529 32.1656 26.6167 45.9574 29.683
38.4109 35.0753 40.5895 40.7182 34.2164 33.6535 40.7885 45.9264 41.3338 45.2561 45.46 46.6353 48.1106 46.2046 49.5109 44.481 49.5011 48.818 51.2789 49.0348 50.5502 55.304 56.2962 50.5195 52.5212 49.9909 54.2473 52.7186 52.9214 55.2574 83.5947 79.4873 86.6754 83.6264 82.2958 74.8528 80.7616 77.5228 4.55656 4.96419 6.17622 6.7627 9.39523 9.0536 10.7995 12.2015 73.0069 68.3984 67.2356 70.1955 57.3897 69.3055 63.8247 66.5148 57.7425 59.3757 60.3557 56.3935 22.9699 21.4525 21.575 19.9179 27.3859 29.3981 27.5709 29.5395 27.0514 27.0578 23.5298 28.4981 67.2003 67.3052 50.9453 61.1183 55.0395 58.6546 23.929 25.9085 80.7119 74.8684 53.4998 53.2749 14.2662 69.3548 42.0074 21.1101 24.1635 25.8335 26.0596 28.2876 19.2196 18.7812 17.6025 16.6975 12.8978 13.4104 13.4458 13.7132 36.6311 34.8951 33.9225 32.6277 63.9233 63.8016 59.2137 54.1226 50.3629 42.6512 44.8663 46.5358 80.4392 86.6466 86.6378 83.8976 0.943388 1.52752 0 1.08519 28.1494 26.8771 28.3808 26.1198 61.405 59.4595 59.9219 64.952 18.4127 18.1326 17.6 19.2357 34.007 29.8921 31.6631 27.8685 49.4028 56.4292 51.1131 48.3214 34.9181 58.1305 39.3791 71.2406 43.4892 17.3507 31.2184 61.654 55.0481 39.264 38.2188 29.1726 36.2675 45.4224 44.3996 60.3156 43.992 19.4418 13.6818 21.7398 48.4703 46.085 53.8437 40.6012 66.9916 23.9335 63.1614 23.6514 58.5334 22.7385 54.5286 17.3905 30.7053 30.7995 44.4384 25.9239
42.157 39.5268 41.5486 35.7515 35.545 32.9596 45.5732 47.0892 47.5664 47.2913 40.9509 42.8047 41.4219 46.7642 41.538 50.3878 44.1501 46.3822 51.4034 44.7501 52.2225 51.0596 54.8575 57.2312 54.1087 54.0584 54.9359 52.8181 57.4457 50.6237 76.3373 77.0894 90.2119 91.2667 80.1548 71.412 76.2216 74.131 3.92608 4.42093 5.06175 6.04155 8.10018 8.73046 9.99158 11.1164 64.494 70.3639 66.509 69.3462 58.5325 59.0413 62.5527 68.8893 66.7364 56.739 62.1289 57.9529 21.9895 19.8695 23.6848 23.3608 32.0826 30.0512 31.8574 30.0101 24.212 26.9834 22.9731 24.6908 73.8249 68.8215 61.603 55.2765 59.4872 51.4864 23.6627 25.2209 72.7684 70.2259 57.1832 48.8116 13.1598 58.8243 47.0928 22.2429 24.8649 24.4892 30.104 28.75 19.7621 17.2505 17.9995 17.5117 14.5533 14.8614 13.1082 12.1037 32.5208 33.3316 38.2861 32.5433 59.1561 56.4419 59.5971 58.2152 47.4741 51.9456 44.0302 49.9528 74.3357 79.1522 89.8777 83.6009 1.39185 0.968869 1.08519 0 26.8786 25.2952 28.7065 27.7817 60.0363 67.3275 67.0352 62.47 20.7216 19.8468 19.0671 17.5901 33.9228 28.3728 34.5581 28.7419 47.9442 50.5275 59.1782 48.4363 34.9219 54.3383 38.654 64.5106 41.2231 16.4627 27.4914 59.667 51.8297 45.0809 36.3129 32.1157 36.5026 45.7462 40.8597 57.2966 44.1716 20.9764 15.3017 22.7083 53.4445 46.4148 54.5786 45.0038 69.9699 21.4999 65.71 24.9071 57.0564 21.8939 57.7005 17.956 32.318 29.4758 44.0159 28.8405
36.5092 36.7891 39.0478 36.5958 38.4935 41.0895 51.7113 50.9368 52.3745 50.2644 56.9479 50.7975 53.1721 57.2922 62.856 55.4499 57.4732 65.4809 66.26 69.496 64.4579 64.3202 53.6932 53.1121 54.3333 60.5444 58.4014 58.2781 59.8388 60.945 66.0188 65.0202 70.1414 69.3969 62.7885 59.005 65.0696 56.9195 31.8305 29.7165 32.2047 31.862 34.1246 32.6163 33.4015 38.0266 54.7018 55.4495 47.3663 56.1109 50.7327 52.7055 45.948 54.099 36.825 35.6233 41.2313 38.6756 21.2007 20.2937 20.8837 21.2992 5.89006 5.34279 3.74517 2.41409 48.0422 51.4836 53.4299 50.5589 49.4835 51.8548 69.8555 63.2338 59.1001 61.0565 50.6261 46.8876 50.1629 50.1977 34.0857 38.2774 41.9273 73.3723 41.5408 31.1549 31.8865 31.8089 34.9109 33.5467 34.811 37.1588 39.101 33.5972 25.7404 29.3008 24.5642 25.2163 23.2697 21.6881 23.8418 23.3135 40.5881 48.094 44.3027 46.8488 38.4972 35.8175 40.4225 43.8118 59.4885 62.1493 66.9954 61.3267 26.5935 29.1706 28.1494 26.8786 0 0.953263 0.988101 1.29777 39.1286 45.3966 41.9796 41.0668 39.5668 40.7133 40.7633 38.7028 19.3315 18.2267 18.6934 20.0166 28.0922 29.2076 37.786 56.5496 48.561 49.3666 34.2044 46.4237 57.8273 44.3588 29.5771 40.2284 27.9224 33.3007 58.0092 4.06239 55.7458 15.3609 36.4507 33.8292 62.9475 7.69845 13.5562 41.0319 36.7939 19.5353 30.5076 31.97 49.4325 8.67587 47.9333 11.3198 32.6878 45.7519 37.4913 29.5674 36.3212 42.6529 18.6165 42.4548
41.2491 39.0131 36.7131 41.6309 37.1467 41.1516 54.8749 48.5289 53.4567 53.8666 56.2686 58.3304 57.165 51.7228 62.9919 59.5061 58.1487 62.5734 60.0577 59.4277 61.1715 64.839 49.253 51.2858 56.9869 56.2325 55.5341 52.1823 63.5648 65.2611 57.3907 66.5855 59.6029 69.9597 59.6496 60.1203 59.1226 62.6322 26.9327 32.1618 28.4584 27.2733 34.0634 33.3661 35.2035 32.9211 48.4423 47.1303 54.1953 53.9229 43.629 48.1515 54.4943 55.483 41.3246 37.2234 42.8395 44.0482 18.612 18.522 19.6367 22.1954 6.84832 4.74995 4.69392 2.88889 46.3456 57.4154 46.8061 49.8008 57.463 47.2029 59.0585 62.9949 61.5133 72.7831 49.1593 53.7791 47.4398 47.0243 40.9032 34.9215 38.5979 79.271 41.7247 28.419 32.2081 29.9168 30.3061 30.2807 36.8966 36.0078 38.1099 36.3018 24.0342 27.5083 24.2041 24.6681 20.3086 19.4308 24.7534 23.1694 48.3914 43.4112 47.8542 48.2191 36.0965 37.6779 38.3156 39.9726 67.0762 60.6322 67.1029 59.9082 24.538 24.5646 26.8771 25.2952 0.953263 0 1.50408 0.939262 39.4678 40.6151 40.6244 39.7822 39.8303 35.0132 35.5246 38.387 16.9569 18.3559 17.7455 20.09 30.0167 30.1071 35.0281 67.623 56.5133 51.0528 31.6443 48.119 57.7085 41.2458 31.9288 38.2503 29.7495 29.2234 58.0935 4.78118 50.7939 16.5426 35.4325 40.8734 61.3933 7.18533 11.5406 34.4512 37.8048 24.328 30.8328 27.2498 57.1474 9.00358 51.1425 10.6988 39.5916 44.3059 37.1719 31.6035 38.7734 38.9 21.1789 38.4269
33.9282 35.9337 40.4483 38.6125 32.1591 33.4567 51.9401 48.8265 53.795 56.6754 52.6035 58.9394 60.4783 52.4407 56.151 58.3464 61.9795 67.6051 69.2855 68.7914 59.0805 64.3256 49.393 56.5852 56.7918 51.6996 59.4851 53.9472 52.3854 60.3202 63.8999 63.6226 69.0878 68.6801 57.8847 56.5912 61.8804 61.488 32.2503 29.1767 33.0179 31.2147 32.7754 37.376 34.8035 32.7497 50.7791 49.2037 52.3597 57.6096 44.2357 47.3587 50.2887 45.7673 41.2953 39.9329 40.0317 37.7429 18.1323 19.0469 18.8924 22.5853 6.46815 6.45265 4.33477 3.64253 56.3804 50.3009 53.7935 50.0457 54.6331 49.1198 68.6978 67.7283 70.4834 63.7008 48.719 50.809 49.7684 48.3933 34.2313 32.3652 37.9814 73.6529 41.5395 32.4474 32.5455 32.5405 32.3459 33.4703 39.5865 38.1861 34.9109 36.8462 25.0295 27.1154 26.3833 26.735 20.6896 19.9996 21.6143 22.2547 40.5933 39.093 48.7614 46.9644 40.3081 36.7074 42.4366 43.5709 66.2459 56.4399 61.1146 58.1397 28.3279 27.1831 28.3808 28.7065 0.988101 1.50408 0 0.970689 41.8269 46.6982 45.835 44.4949 39.5367 43.543 37.018 40.5767 16.977 15.9901 19.4275 16.9149 25.446 25.2729 34.1752 67.3943 47.6092 49.0466 32.2056 48.6299 53.5532 42.2538 31.7433 35.0279 28.9395 31.975 53.7627 4.16966 56.0455 17.6861 35.9052 40.3951 65.9226 7.16011 13.8878 35.7026 30.0167 22.0161 31.4348 29.1885 53.1883 9.47303 44.7552 13.3685 37.0709 45.0475 42.3815 32.7087 37.4701 39.0813 20.3279 44.5135
40.3409 34.4657 39.8063 38.4527 34.0296 36.0238 50.5201 51.6641 56.3325 57.792 49.9285 59.3316 55.0303 55.8122 63.4736 57.0555 65.9397 60.103 65.6142 57.2393 69.0038 63.5304 54.5224 53.8042 60.2159 61.7065 53.7334 52.783 57.2662 61.2185 61.6084 57.2335 63.3374 65.9894 61.0655 56.0294 58.8733 63.6363 29.8599 28.8104 28.9057 30.5581 31.6708 35.5686 38.3365 38.6271 54.9109 51.2497 48.5851 52.4772 44.2053 48.466 52.7854 47.4838 39.4363 34.9166 38.3939 39.9632 18.4897 18.1325 22.1096 21.0451 7.18386 6.37477 5.35265 4.16396 47.9654 53.0023 54.1334 56.2735 48.6806 48.2863 61.9855 68.6819 62.0371 61.3497 47.2724 47.6024 48.6702 46.0455 39.4688 32.6159 38.652 83.1713 41.1837 27.882 31.7274 28.4705 30.6955 30.6411 33.9759 34.2702 37.4405 38.5028 28.0178 25.5076 26.7484 26.4508 22.4896 19.323 19.9663 23.457 41.8493 46.6787 43.5442 42.2278 38.197 41.9974 42.2196 43.604 69.2301 64.9518 60.2863 64.8796 25.9934 24.7317 26.1198 27.7817 1.29777 0.939262 0.970689 0 47.6921 44.073 42.3922 45.2322 41.7086 39.8359 39.1007 35.8868 18.1844 15.6732 19.1734 16.4098 27.5742 26.6854 37.088 61.9637 51.6655 44.5778 30.5697 50.7543 57.7007 37.2846 28.3715 42.0065 28.4393 34.2635 53.611 5.69757 46.2838 18.325 37.4353 37.1899 62.8332 7.5138 12.6362 39.8223 30.9661 23.7821 28.2129 31.481 48.9588 9.77442 45.5362 12.4645 33.2809 41.3055 41.0573 30.3773 42.5099 41.0613 21.6487 40.96
83.615 73.631 84.2371 73.2309 76.3902 71.6371 98.7404 86.5477 99.7224 95.8872 93.8243 105.461 95.0277 95.041 102.429 112.159 109.751 103.078 106.061 101.267 116.919 101.174 101.744 91.6397 100.385 104.562 100.111 89.6824 94.6748 93.1129 72.1921 82.7857 72.2739 75.1316 76.742 76.7718 83.1186 75.8989 72.9811 69.7165 69.2501 69.3539 75.2954 76.2465 68.7526 74.1466 79.4192 79.073 75.2485 75.4132 72.4739 81.0289 77.7668 84.5378 56.98 58.1823 54.9227 54.4169 62.7674 64.8399 59.8688 72.133 37.7705 38.9513 35.8537 37.9672 79.3239 87.0921 78.0925 90.4393 64.2356 60.1528 109.261 98.9938 116.828 119.624 88.9072 95.8664 10.3568 8.1291 58.7865 70.5464 72.1185 123.459 78.6158 68.2484 71.6822 79.863 72.0092 72.2967 69.152 71.4326 62.4007 67.141 55.212 58.6955 55.9985 53.6539 59.3406 63.7144 64.7084 61.4815 73.1363 77.1088 71.1714 78.2134 70.3517 76.5825 70.3911 74.6808 89.0289 81.1317 82.3429 75.1287 69.7652 61.3961 61.405 60.0363 39.1286 39.4678 41.8269 47.6921 0 1.01226 0.931708 1.38116 64.9411 71.8363 69.6181 67.4533 56.4368 58.6375 60.0466 61.014 45.6475 20.0766 52.4189 115.201 97.0042 73.6191 67.3002 48.3119 105.69 76.5049 52.1895 42.6017 12.4201 31.107 85.5033 43.1198 101.808 42.0717 32.8989 15.6584 112.604 55.8401 50.537 67.1609 58.7285 20.0633 14.519 23.2851 73.7582 39.2159 51.6215 43.3324 10.4651 83.7536 7.84499 77.1862 62.3153 58.7943 27.3086 77.4405
73.0912 77.9738 82.0481 71.5936 77.3141 83.8505 84.4676 87.3013 102.208 103.814 86.8686 94.6181 99.5015 96.2853 109.183 93.275 103.089 114.533 107.571 107.724 107.162 115.818 94.783 101.109 98.2711 96.9785 89.4614 94.6094 95.9516 94.2595 71.747 73.5667 74.5943 87.5963 78.0099 72.1548 78.4302 82.9223 65.8051 66.9869 76.344 74.8221 67.2603 77.4652 68.8496 74.1327 75.0991 71.0659 73.8883 75.9789 67.7411 76.4357 84.0438 78.0609 55.1864 50.4921 58.3747 60.5955 67.6172 57.4784 60.0173 62.9743 33.2563 36.5705 41.437 36.3584 78.9768 89.5742 84.0542 93.0995 65.1823 59.5806 113.15 109.793 111.1 110.486 90.4083 90.7326 12.7457 10.3646 70.5745 63.0702 80.9036 122.277 80.1772 70.0132 79.9678 79.6207 69.2878 75.5483 59.4394 64.5541 67.8644 68.7755 54.1624 53.6972 54.9015 56.0805 61.2189 60.9169 63.7838 58.9197 63.7777 76.7935 75.8911 69.4812 75.8491 74.1285 82.2607 74.5113 84.7355 89.1392 76.142 76.1516 66.9722 65.1932 59.4595 67.3275 45.3966 40.6151 46.6982 44.073 1.01226 0 1.27631 0.927002 62.9815 68.8165 73.6827 67.3938 51.7626 59.3241 61.2518 60.8412 42.6643 19.7133 52.1879 96.3229 88.1386 78.4094 66.5253 48.6834 103.94 75.1227 48.5247 42.4533 13.228 27.3138 71.8421 42.4765 98.6925 35.4654 28.0996 16.6222 116.016 53.5259 55.6051 63.0144 52.5069 20.705 14.8489 20.1513 72.0933 43.5106 59.1416 39.7321 8.3154 73.2595 5.8787 77.4961 55.9365 60.7822 28.819 80.693
71.1965 80.016 80.4575 85.3396 78.2073 82.7498 90.5943 100.883 92.9305 97.235 89.5884 100.169 100.803 103.331 94.9833 106.114 113.14 97.1094 109.207 114.077 101.5 103.963 90.6261 97.3253 98.8205 95.104 104.779 102.505 91.2758 90.5181 71.3406 84.4079 77.6029 82.4823 75.3179 72.7488 72.1973 81.3684 74.2526 63.7833 70.0915 71.0858 70.0432 77.068 76.3052 82.552 79.542 75.9809 81.9027 83.134 78.8763 77.3856 78.4492 82.2864 53.2346 58.7058 61.5577 51.9281 62.6569 68.9025 64.676 64.5704 38.1289 38.4261 41.7076 43.0351 79.917 89.0728 90.4903 92.0521 62.7815 66.0408 111.414 100.943 110.162 113.213 78.393 91.0214 10.2884 7.80212 64.6389 61.64 78.0671 132.642 81.9886 68.0491 69.1869 80.5754 71.7745 72.739 58.7964 63.2682 62.1266 71.0831 53.0416 57.6756 59.0163 60.1463 57.8165 54.9641 62.2509 59.5035 72.1881 63.6952 64.5371 71.4771 73.9995 70.322 80.6018 70.311 77.8925 79.3799 73.6302 73.9202 67.6555 61.0362 59.9219 67.0352 41.9796 40.6244 45.835 42.3922 0.931708 1.27631 0 0.950433 72.4938 66.3051 65.5209 74.8192 59.3675 59.6138 55.3902 61.428 42.1094 17.361 60.0588 109.714 95.8521 79.061 70.167 47.1573 94.8504 75.676 48.2181 36.7193 11.1558 30.2066 86.526 38.0843 101.89 37.8771 33.1714 13.8559 113.496 48.1734 50.7722 67.5577 57.1655 19.235 14.23 22.128 74.0404 38.7691 53.949 41.6078 8.93108 76.1756 8.12201 78.5034 61.6372 55.2989 26.6928 88.8859
84.6982 73.6854 84.2563 85.8005 80.1328 74.897 85.8444 91.1203 87.8587 92.3319 90.035 97.4046 90.9252 106.845 91.8999 104.668 95.0965 96.163 107.66 108.266 100.53 98.7103 98.1955 100.937 87.4274 95.8824 89.8654 92.9233 107.192 96.9939 69.8768 71.0647 75.2501 73.5225 79.8049 69.5547 76.4127 76.9722 61.7924 73.3534 74.5578 64.0829 72.5494 66.8084 68.9411 70.3721 72.1296 67.3517 74.841 78.1327 67.6884 72.0547 81.0197 80.1851 53.5899 56.0627 57.0476 54.998 66.1673 56.4119 67.4741 61.5573 35.5779 39.692 39.7838 39.3191 88.1978 85.4992 90.3944 90.8791 62.1038 66.9875 107.265 103.606 116.68 104.692 86.9447 84.1255 12.0306 9.72883 63.1567 60.2366 75.5979 114.669 71.7629 78.0679 67.3262 72.562 68.72 76.861 58.845 66.2994 67.4823 64.119 51.0083 56.265 57.5796 52.3595 59.4283 52.4523 55.21 57.8806 72.8837 69.9517 68.4494 73.2013 79.0121 72.6592 82.3733 78.5238 85.7815 80.1714 74.4531 79.5084 68.633 65.5524 64.952 62.47 41.0668 39.7822 44.4949 45.2322 1.38116 0.927002 0.950433 0 70.7257 71.2677 67.7951 71.3051 57.4097 53.4839 58.7855 59.4962 41.1731 20.0966 58.1379 100.038 102.863 83.5403 68.3351 55.7836 104.434 76.9987 48.2547 40.8599 11.9505 29.1872 83.9677 40.1817 84.7242 39.5731 32.2228 14.8633 105.444 47.197 51.953 58.7885 60.747 18.948 14.0251 20.5411 75.7756 41.0635 54.1948 35.6061 9.08762 77.4563 6.99834 69.9702 54.5688 53.6405 27.3953 90.6271
56.8317 59.195 53.2853 55.8012 61.4831 58.5311 58.1425 54.6712 57.0832 59.8141 63.3666 60.8861 56.6835 64.0113 66.4671 58.2714 62.2184 71.4427 65.0315 64.2628 69.3616 71.741 76.3676 70.8734 74.3678 70.4891 73.247 75.368 69.11 76.2388 89.2121 91.1409 90.2041 97.7209 95.527 97.2713 91.9202 92.1898 19.0548 18.9956 23.2328 24.2272 17.0083 21.0879 21.3276 21.4361 83.2084 90.1457 91.2458 83.9754 77.6748 77.4445 79.642 87.3942 70.5543 70.8883 86.4023 78.63 37.7275 40.5927 45.743 43.1753 37.1066 41.4643 42.4466 36.6309 14.9463 18.1672 15.9583 18.1947 85.4479 92.4989 76.1734 70.8018 71.9189 67.733 28.4539 27.175 75.9779 68.5551 67.0277 71.0675 15.2845 78.469 64.8952 40.6908 47.0848 42.7882 43.6207 42.0019 2.92212 1.94875 3.19074 1.96524 13.6195 12.3902 12.7732 12.6813 54.6102 51.0101 51.1885 48.8858 71.9189 83.0014 81.3508 84.1235 63.9366 59.6374 63.2973 70.9387 93.9212 99.0908 98.4848 95.2601 18.7833 16.672 18.4127 20.7216 39.5668 39.8303 39.5367 41.7086 64.9411 62.9815 72.4938 70.7257 0 0.952788 1.09737 1.37757 52.5472 52.6332 46.4539 47.4266 70.0427 54.6182 71.7622 56.489 53.0929 75.5086 56.5233 83.0219 61.5928 27.9695 19.481 81.6042 52.3877 40.3577 20.3108 44.0655 52.2532 57.9291 40.1454 74.463 57.1653 35.4408 31.0589 6.17482 65.2156 51.2586 52.775 43.3104 85.0392 33.6015 80.0875 33.1025 61.7212 13.1054 61.1031 38.6029 17.5382 15.2593 53.9468 46.7224
58.4352 59.0816 61.4462 54.6645 51.4179 49.9129 60.2143 63.3388 66.563 59.5591 53.0341 57.9268 58.4305 68.512 61.9251 56.9712 64.8245 71.2018 56.5369 68.8888 58.9566 59.4691 74.5294 73.2016 72.8384 76.215 65.0302 64.0834 69.9974 78.8755 99.9394 100.015 94.6855 102.429 91.9881 89.3394 103.793 105.441 18.862 22.9281 23.9823 23.345 19.5302 20.703 20.1265 23.4194 89.8963 84.2946 89.2104 88.3021 75.1298 81.0682 78.2066 77.2067 73.3419 76.9811 80.5756 76.9875 40.8741 39.8694 42.3214 45.1919 37.3443 41.0995 38.1058 43.1719 13.0816 15.4411 14.5804 16.9989 93.2159 82.409 70.436 72.807 72.8797 68.5828 29.3315 29.7713 71.6475 79.971 75.9156 74.756 13.3112 70.0235 62.7387 41.4121 43.9578 48.9917 42.3813 48.8826 4.17325 3.24555 4.22603 3.09417 14.1619 11.7082 13.7928 13.1341 50.0031 52.4214 54.754 58.4878 86.2694 79.7698 72.727 86.6043 73.0407 65.08 62.9254 71.103 107.674 94.6977 108.673 109.685 17.4323 18.8577 18.1326 19.8468 40.7133 35.0132 43.543 39.8359 71.8363 68.8165 66.3051 71.2677 0.952788 0 1.37026 1.04119 46.9509 51.3442 49.8068 46.7355 69.0112 59.6885 74.6849 62.0487 48.9047 71.9576 56.5305 87.5622 63.0067 26.2821 24.2448 82.4455 58.7543 42.3677 18.877 42.5817 51.5298 57.0319 40.0881 75.9737 57.2537 38.8253 34.7087 6.96274 65.0983 55.3503 56.4334 43.4464 93.2569 30.6903 92.797 32.1897 58.6277 14.515 67.4566 35.781 16.5862 15.0389 55.5445 48.1352
59.7213 54.6377 59.9035 56.5136 53.1135 50.4369 59.2433 61.7714 64.0071 64.2627 58.812 54.8928 65.2733 56.6307 56.5067 60.4307 65.3215 61.94 55.7308 57.1373 57.1812 67.1567 68.5292 65.8158 67.629 70.6085 73.1878 69.9943 66.5936 76.6051 100.851 104.214 108.393 107.868 90.0816 102.892 103.672 105.692 19.7155 20.7284 21.8754 22.9828 17.1821 18.3806 20.3005 19.8453 83.4668 91.1781 78.3914 85.4452 80.431 79.5509 89.425 90.4389 82.7791 81.8899 79.4831 70.4082 40.7567 35.7703 39.0863 43.6421 37.0227 40.1521 38.007 37.1207 14.9516 15.8868 15.0803 17.7546 85.4171 91.8085 66.2368 74.7853 64.3257 71.7371 29.3791 27.0698 82.7268 68.7153 72.1916 67.6206 13.5216 75.1124 63.0075 36.6505 48.4467 42.6046 49.2558 46.2544 3.39259 2.35768 3.07878 1.8898 11.2577 12.3528 13.5863 10.8329 47.9008 47.9159 51.2795 48.0991 73.9497 77.1177 71.8418 83.7491 67.7433 62.5296 63.9251 62.7399 100.361 98.6528 105.902 107.07 16.0829 17.3974 17.6 19.0671 40.7633 35.5246 37.018 39.1007 69.6181 73.6827 65.5209 67.7951 1.09737 1.37026 0 1.07264 51.0437 44.3923 48.0563 49.3423 71.318 57.4016 67.9188 62.0398 54.0705 73.3642 55.6649 82.134 59.1961 28.7114 23.9095 83.5296 56.9501 39.6197 20.3998 40.0677 51.3841 55.8831 41.6432 69.0942 61.3276 35.5375 29.0054 6.58007 74.515 50.5463 54.5074 43.3327 92.5427 28.9017 76.6226 31.842 62.9643 13.7537 59.1006 31.9852 19.7646 17.3873 60.7849 43.6781
61.7652 56.4181 55.8985 54.9583 57.7104 56.2974 60.8998 56.8978 61.1171 67.2283 63.0517 64.3176 64.5866 58.5952 65.8949 59.6719 59.3478 59.2901 59.9555 60.0276 63.9194 70.215 65.6291 72.8086 66.1787 78.6735 68.3869 74.7571 67.8261 69.35 95.9115 98.4852 107.104 99.4321 94.8355 101.461 88.1166 91.8427 19.6811 18.2115 20.849 20.9381 19.303 20.6015 22.2785 22.82 89.8716 87.6415 92.5006 86.7074 81.2998 79.9045 82.8401 90.5949 81.5216 74.5317 73.4249 78.6814 42.6309 39.2544 41.7045 44.0802 41.4299 40.5075 42.7057 39.0267 14.8853 16.0864 16.5332 18.6727 82.6672 95.8853 67.4294 70.4655 73.0585 73.5296 27.3324 29.2422 76.1587 83.4791 67.7482 65.0576 12.154 84.3228 69.6837 38.2863 48.6162 41.2024 49.6739 43.4163 3.92623 2.92046 3.89263 3.12177 13.8687 11.474 12.972 12.3751 48.6934 57.2521 49.9347 48.4877 75.8005 73.5775 79.4238 70.7316 72.0244 61.4854 67.7966 69.4623 97.6936 103.271 99.6977 102.869 16.8873 17.155 19.2357 17.5901 38.7028 38.387 40.5767 35.8868 67.4533 67.3938 74.8192 71.3051 1.37757 1.04119 1.07264 0 52.2521 44.7204 48.9409 47.7559 71.0244 61.5254 73.6072 58.9784 52.08 82.5337 57.7581 77.0667 66.1263 29.8251 20.9128 84.5508 55.8761 42.3577 21.3614 46.4667 56.0807 53.7913 39.149 64.3033 57.9013 37.7338 32.2613 7.09507 68.8628 54.1634 50.6912 50.0321 92.3214 29.0999 87.3838 29.546 54.4901 12.3414 58.9744 31.5688 17.9322 15.8524 60.0673 42.3812
21.2519 23.9751 21.2136 24.862 19.1942 21.8505 35.6221 40.1835 42.2271 41.9657 40.8335 41.0405 45.9263 42.1763 52.8225 48.6275 51.4506 51.6747 57.5084 50.0599 56.3086 53.1486 36.7248 41.0271 39.138 44.6015 42.3601 39.4937 41.94 39.1971 54.1117 48.5573 54.0451 56.6634 42.0034 43.5688 44.9982 50.1914 34.5035 31.5417 30.7249 35.1361 42.3977 35.9652 34.5382 39.2989 36.9277 37.847 37.3368 41.3072 30.6255 35.732 37.3212 37.9086 28.7663 28.1398 35.303 27.4724 10.9019 13.8833 9.90537 12.8969 21.8032 22.3459 21.0633 19.8601 52.8322 60.9801 58.1431 56.7585 45.2511 43.0392 45.0796 48.447 55.9389 48.2358 43.8056 55.0862 61.2089 64.5247 25.1397 22.058 46.5671 62.4754 21.6832 23.8795 19.1359 22.9283 20.9847 19.7513 46.5504 51.4893 45.857 43.0975 35.7963 37.1459 39.4362 35.294 4.06468 3.92099 5.45183 4.67999 30.1897 26.3073 27.6305 30.8278 23.3391 20.4929 20.6956 21.3205 52.3873 49.6969 48.6266 48.9738 32.4456 30.8689 34.007 33.9228 19.3315 16.9569 16.977 18.1844 56.4368 51.7626 59.3675 57.4097 52.5472 46.9509 51.0437 52.2521 0 0.968977 0.961007 1.32269 24.4211 35.7542 22.2728 55.2352 45.2902 27.6756 13.686 42.2562 41.3549 40.9667 49.1158 37.4103 43.7453 48.1288 65.8782 16.5689 41.2058 17.381 54.0267 44.7328 54.4199 15.6284 17.491 50.7598 21.8153 37.6838 43.679 50.6009 38.6768 24.7701 39.9969 30.2221 48.4996 51.4568 54.4813 25.1599 52.3704 53.4173 26.3911 33.2285
20.7283 21.2361 22.1836 24.5404 17.2698 21.0773 39.6903 35.0898 38.573 37.451 42.2786 40.0732 41.8536 46.4761 44.353 49.8397 46.0836 52.8777 55.1005 50.301 54.3695 51.072 40.3923 40.3103 40.6926 41.6457 38.1242 37.0486 42.0061 45.1176 54.8639 52.2554 48.7844 49.3221 49.4373 44.2091 48.2241 50.4602 30.8477 34.9384 31.2207 30.2417 37.6925 38.1927 34.9662 33.4792 39.289 39.214 39.2758 42.0521 31.0254 33.9547 38.3316 37.2558 34.4656 30.3246 33.1867 33.2698 9.05082 12.7289 9.32604 11.4577 22.6932 25.0323 20.6089 18.4605 59.3417 55.0079 56.7152 56.9647 46.4719 43.4583 48.7879 46.8905 53.1952 50.5622 50.1066 47.5653 63.4175 65.1293 21.9463 22.13 47.8305 59.6594 20.6059 23.3802 18.6244 19.0851 17.8637 19.6992 42.55 46.6024 49.8168 41.9505 36.2963 41.768 36.7655 38.5125 5.18687 4.40225 5.43731 5.18063 27.1076 29.9574 29.955 30.9471 22.8642 20.1238 22.5799 21.653 51.1488 45.8242 54.3703 46.8505 30.0163 33.6605 29.8921 28.3728 18.2267 18.3559 15.9901 15.6732 58.6375 59.3241 59.6138 53.4839 52.6332 51.3442 44.3923 44.7204 0.968977 0 1.45549 0.914706 25.5755 35.4649 26.3516 47.6455 42.4974 28.2778 12.6023 42.6961 44.5616 35.5022 48.1711 36.731 44.1859 51.3477 61.4837 20.0659 39.7524 21.4893 48.2301 51.2622 48.5499 15.2073 17.6007 50.4012 22.3047 38.5541 40.7489 50.4363 37.74 24.8179 39.1785 30.952 50.4753 46.7191 53.1041 25.3663 54.8685 50.9391 30.8192 35.3705
23.4151 22.1644 22.6954 21.1998 19.9108 20.8503 35.3662 38.2748 37.4607 41.0845 45.0093 46.1119 44.495 46.4073 52.7399 50.893 47.5719 49.8196 48.6521 51.6532 57.2134 58.6739 37.0066 36.237 40.2152 36.323 42.0145 43.4852 40.3384 41.5041 49.1925 53.6025 49.3898 48.7882 42.8041 42.0657 48.1217 51.0729 31.9762 32.5163 31.3749 32.186 40.1064 42.6061 36.6143 41.5578 34.3713 35.9371 34.2538 40.0272 31.5786 35.6077 31.6659 33.1433 34.1094 29.0494 30.8409 27.5451 11.2669 14.2927 11.0263 13.7272 25.2562 24.9 19.5004 21.1888 61.785 60.0631 59.797 55.4917 45.4608 41.8619 47.8955 45.146 54.5819 56.1425 52.3779 46.203 63.9597 59.1339 23.0052 19.8028 41.4453 61.9624 21.8811 24.4038 18.2722 18.6288 21.8863 20.2296 48.5232 52.1127 45.1548 51.908 41.323 37.8529 37.2588 37.9373 3.33526 2.6292 4.53995 3.62361 29.7858 25.6124 27.3525 27.8826 19.1349 21.638 21.2154 23.1797 45.0741 49.5896 47.3019 52.8909 29.975 35.0504 31.6631 34.5581 18.6934 17.7455 19.4275 19.1734 60.0466 61.2518 55.3902 58.7855 46.4539 49.8068 48.0563 48.9409 0.961007 1.45549 0 1.07959 23.8112 38.2855 23.774 49.4644 44.2305 28.9605 13.9491 39.7677 48.3949 40.5974 50.7481 39.0053 44.9762 53.1465 72.2909 18.1203 38.0504 21.6665 49.2373 48.8001 56.9762 16.7765 18.1319 54.5815 21.1423 39.728 46.072 48.7628 40.3855 25.5304 38.4579 32.6875 47.6267 57.0214 52.0647 25.9741 51.5858 58.2414 30.2214 30.6348
21.1323 22.503 22.4537 23.927 18.6915 20.541 37.0724 35.6738 34.4654 39.9381 42.0345 44.486 45.7687 41.8335 46.0257 43.42 50.2738 48.9891 48.9275 56.9297 55.3854 50.8861 33.058 36.1158 35.5283 37.57 42.7209 38.7972 37.1022 38.102 52.1534 50.876 55.6426 48.1934 46.0935 48.4553 44.3403 44.3196 31.916 35.9302 34.009 32.7618 35.0675 34.8084 36.6445 37.7265 34.1623 33.346 34.3158 39.9378 33.3044 30.6698 32.3623 38.0792 32.0366 27.806 31.4034 31.255 10.8007 13.7061 9.23222 13.322 23.305 21.9569 22.085 21.3267 55.4919 60.0574 60.1515 60.0327 47.3977 43.4738 50.9598 47.3361 54.8071 49.536 50.7664 49.9248 69.6891 57.8182 22.0134 20.8929 43.6335 64.1419 19.4936 23.3845 20.4997 19.98 18.7479 19.2639 46.2558 45.7254 48.0076 46.0766 40.1671 42.1112 41.3317 37.8175 4.19881 3.68121 4.5632 4.41865 30.1303 26.7872 33.0752 32.1528 20.8081 19.9869 20.0338 22.8836 50.5643 51.2761 46.2648 48.2038 32.558 32.21 27.8685 28.7419 20.0166 20.09 16.9149 16.4098 61.014 60.8412 61.428 59.4962 47.4266 46.7355 49.3423 47.7559 1.32269 0.914706 1.07959 0 21.7313 42.7546 22.9959 46.86 41.5965 29.3959 14.0731 39.9127 42.1795 42.2754 44.6623 41.8391 41.3039 54.7656 73.8346 17.6642 42.768 18.9933 48.8283 45.9701 50.9327 16.2984 16.5374 54.553 23.8227 38.7245 48.4873 49.2703 40.9482 25.2902 42.2467 31.099 55.2649 53.3001 57.3461 24.0068 56.758 59.4819 27.4696 34.1877
39.6896 44.6423 41.9425 41.3818 35.7468 44.4182 57.3807 57.9449 62.5473 58.1821 60.9008 65.9702 63.0196 64.7445 63.2915 64.9134 70.2351 69.9808 80.3077 68.2169 79.8533 74.1833 52.6553 57.027 51.3389 57.9741 61.8934 63.51 60.5431 57.8497 33.2739 38.4506 39.9721 40.7779 35.7884 38.9544 37.3027 38.3116 52.5375 59.178 56.8083 54.9101 59.5659 54.2974 58.1784 59.3718 32.2133 30.6707 32.8058 34.6948 29.9789 27.7783 31.0458 35.4845 14.4547 12.909 14.702 13.9204 31.1037 33.7693 30.6821 32.8481 27.4814 30.3436 25.3805 29.6655 72.2459 72.6602 69.592 84.1337 26.1573 26.0992 66.6579 74.5056 73.616 77.6242 67.05 77.5197 50.2171 42.2008 20.6836 20.861 64.4846 81.1321 34.9344 41.975 41.461 45.9255 44.1406 39.9154 64.7975 59.9728 67.4874 68.6122 49.9755 56.4416 53.4885 58.3795 22.4074 20.0437 23.0099 21.762 22.8219 23.5878 24.87 26.399 30.4855 31.0497 31.4896 32.1057 42.6963 37.2704 42.8361 37.1103 51.0522 54.938 49.4028 47.9442 28.0922 30.0167 25.446 27.5742 45.6475 42.6643 42.1094 41.1731 70.0427 69.0112 71.318 71.0244 24.4211 25.5755 23.8112 21.7313 0 24.4051 12.6257 73.7121 59.7831 36.892 31.3554 17.9493 65.8038 59.6796 55.1774 13.2229 37.7868 47.0646 87.1563 25.0985 66.7377 10.9978 55.6479 29.4294 72.2179 30.9909 34.3466 65.4845 11.7056 31.2577 39.7657 46.1525 27.7926 33.8697 17.7988 39.9048 39.8152 67.6215 40.8883 43.1213 68.0999 71.6108 15.686 56.7561
56.9151 63.668 60.9088 59.4056 58.7383 56.8438 70.0359 83.6372 69.7119 73.9736 82.7741 78.0696 78.6896 84.3054 87.3964 87.4763 91.3768 90.6711 89.8288 97.8466 95.1133 96.5462 72.4645 78.5837 71.1699 84.5826 74.7802 72.6128 76.6225 80.3511 56.636 66.2023 59.8291 57.0529 55.0153 65.133 63.9452 60.2399 57.1319 62.2928 56.4565 57.307 62.2958 58.5047 56.7573 61.2942 60.1942 51.3021 58.2227 63.4487 56.9902 59.6387 58.1528 54.8333 40.3031 38.4584 37.419 36.5221 48.5806 47.6187 49.0743 52.1899 24.0294 27.0304 24.9423 25.9356 74.5605 77.863 80.9549 85.0787 43.3125 49.9185 86.2984 80.3395 97.6187 88.9676 74.2935 82.6755 25.9366 20.483 48.9042 47.4577 68.8863 109.861 60.1309 63.2458 59.69 57.2488 53.0245 55.7791 61.7757 56.2707 51.9596 60.9956 47.5673 48.3346 48.4208 45.8509 36.0188 42.0656 38.4391 43.4877 52.3699 48.9304 50.1478 50.9959 59.509 54.241 59.1084 52.9281 64.5398 69.6377 63.6013 64.0112 50.8689 52.1784 56.4292 50.5275 29.2076 30.1071 25.2729 26.6854 20.0766 19.7133 17.361 20.0966 54.6182 59.6885 57.4016 61.5254 35.7542 35.4649 38.2855 42.7546 24.4051 0 40.9425 79.7837 80.0758 53.3415 52.5552 38.9942 79.3173 75.157 47.8551 27.3797 10.2469 27.7613 76.6463 25.1627 77.928 19.1619 36.1675 9.8366 97.3609 34.7481 38.3763 55.9692 35.1269 10.884 15.0555 22.0107 59.238 32.5241 43.5846 30.6758 18.4356 71.501 20.7019 54.6497 52.2419 54.3876 11.0149 66.4732
38.5967 36.6576 40.9636 41.3676 37.3931 38.1474 51.6506 56.9378 56.1029 57.5761 58.865 53.9671 62.5133 59.4189 70.783 72.5032 66.5364 64.2205 72.6527 73.0537 74.6948 72.5025 50.4014 48.6041 46.318 51.9818 49.3253 50.2701 52.4847 54.9986 28.6669 29.6299 28.23 28.3277 21.3527 24.6968 27.3222 25.4952 59.8164 59.702 56.5577 51.7721 68.7445 65.0488 66.7823 64.4849 18.253 17.4534 20.1894 23.0117 18.5663 18.8736 22.0606 20.0839 8.52554 5.26179 7.5941 5.50506 36.8936 39.7333 31.5069 36.0338 39.5377 37.099 36.5492 39.7734 76.6123 79.9476 82.6284 78.054 18.1918 15.2614 63.1841 60.5599 62.383 70.4519 76.0837 79.2092 58.1304 57.5223 8.82756 10.1547 66.5009 83.3925 29.9183 42.2258 44.1459 45.1754 41.7846 45.0039 74.943 77.2392 67.3224 71.2833 58.079 59.017 61.8377 61.3306 20.7244 20.5477 21.9397 19.9255 13.5828 15.1169 15.4243 15.1173 24.0565 24.5876 24.5934 28.934 26.9451 28.7403 32.3342 29.9958 54.9238 55.7334 51.1131 59.1782 37.786 35.0281 34.1752 37.088 52.4189 52.1879 60.0588 58.1379 71.7622 74.6849 67.9188 73.6072 22.2728 26.3516 23.774 22.9959 12.6257 40.9425 0 64.4267 58.2741 21.7391 25.9643 17.962 57.1322 67.4868 65.3469 22.6432 47.2372 56.9078 100.441 29.4251 59.285 23.6315 65.5526 43.945 72.3658 37.5306 37.8153 76.9766 2.66469 46.9472 50.9381 61.5825 17.1161 47.2872 13.4221 50.6591 58.7951 70.0831 54.3546 49.9504 69.3185 82.9759 29.6657 59.4546
34.7244 34.4302 35.83 29.8623 36.0043 29.7044 15.7833 18.562 15.4422 16.2254 10.648 12.4476 10.8432 11.271 5.61397 5.41576 6.24646 7.75757 1.84958 3.02449 3.83307 5.89803 30.2886 32.2205 30.7619 31.7104 25.8733 24.1104 25.7088 28.0311 90.8607 87.5054 90.1449 81.392 87.8887 78.1693 79.4848 82.6243 45.3025 41.9397 44.4891 39.5678 42.7769 39.5955 39.6381 39.7724 65.6103 70.6032 69.6025 71.5883 58.273 62.0872 67.1971 60.2173 73.0867 82.8653 72.7637 67.7068 47.5446 38.4393 42.979 42.967 65.0258 60.7007 67.8852 62.891 60.1526 59.1339 47.2654 57.0544 80.4978 87.1689 22.1503 21.0279 13.5388 13.6917 32.7595 31.7257 106.547 116.724 58.5721 59.0207 47.6787 17.5768 45.6696 31.4679 30.9026 29.4894 28.7186 31.4852 55.6959 54.812 54.9689 60.9247 62.001 61.058 53.8481 60.9559 51.7853 53.7653 52.6785 48.3715 69.0514 69.7604 60.7374 62.2984 50.4454 49.8814 41.9056 47.9332 82.6812 82.6843 75.2967 82.4611 45.6524 51.3351 48.3214 48.4363 56.5496 67.623 67.3943 61.9637 115.201 96.3229 109.714 100.038 56.489 62.0487 62.0398 58.9784 55.2352 47.6455 49.4644 46.86 73.7121 79.7837 64.4267 0 11.1805 52.1276 45.5073 87.4046 10.2961 31.9805 68.28 95.6277 85.3513 81.0761 71.5842 62.7087 9.95395 77.6561 90.4113 100.248 1.91187 52.0517 51.2871 71.0681 68.5789 79.4361 86.8416 81.1181 74.6405 58.4944 85.8668 74.7152 88.2654 44.8856 99.9762 31.175 79.8458 68.0818 75.3673 18.9445
26.1186 27.839 25.7457 24.8522 26.3256 25.4382 14.2226 14.656 15.0182 15.3688 9.613 11.4412 13.1447 12.0645 9.86437 11.4505 12.1474 14.2648 13.1734 13.8476 13.9883 15.8357 31.634 28.4298 30.2386 30.9889 25.7547 25.4566 27.1645 26.9622 76.5181 74.7574 85.416 81.9298 79.7775 77.6946 70.1101 68.7561 31.4694 33.7115 30.9305 26.7602 34.0363 32.1597 30.8642 27.9449 70.8771 67.7706 71.5987 68.3007 61.4234 57.9327 62.015 65.2409 74.6232 63.5314 66.9641 73.1193 31.3113 31.6711 35.2756 32.9613 57.3222 61.0772 53.6295 53.6214 51.2119 44.5164 42.2218 46.3177 77.5667 81.3162 26.6515 26.1504 20.2654 20.2559 28.7551 24.8283 96.1795 93.9078 53.6702 54.7422 37.3054 26.9169 34.8206 22.5912 24.7198 23.9676 22.7524 23.1765 49.443 48.8013 54.123 47.0894 49.4884 46.1411 53.1752 49.288 43.3278 40.8278 42.8866 41.9195 63.3385 56.3531 58.6452 63.8236 38.5124 42.3148 43.9197 41.7755 71.1887 81.1755 83.5765 84.2895 36.9016 39.702 34.9181 34.9219 48.561 56.5133 47.6092 51.6655 97.0042 88.1386 95.8521 102.863 53.0929 48.9047 54.0705 52.08 45.2902 42.4974 44.2305 41.5965 59.7831 80.0758 58.2741 11.1805 0 55.2126 36.2112 75.0547 11.6171 20.1488 71.4883 76.3246 77.9897 83.7354 68.6568 56.2961 3.2454 57.2462 77.3939 95.5263 11.7032 41.993 43.0504 55.2754 55.4196 70.7274 73.6861 73.4313 70.9094 58.1549 69.7231 58.2889 90.4955 41.3624 95.7962 23.7906 61.4951 63.5347 71.7984 8.59318
24.4292 24.8645 25.6765 25.5845 21.5146 26.0766 40.2665 39.9212 42.362 41.1079 42.8748 47.5447 45.4008 42.9277 51.5341 54.9122 50.253 47.4023 52.2132 54.9056 58.1384 55.5654 28.5702 29.3608 26.2636 26.0948 32.4023 35.5719 31.0708 31.11 29.3773 32.2225 28.1282 27.5558 26.7131 26.1527 26.8985 23.9241 56.3463 64.2052 52.048 53.7126 63.926 56.9701 66.6524 62.3066 14.4573 14.5209 14.0438 15.5401 9.0133 8.8828 8.79915 9.76558 27.0097 28.8884 28.3627 27.0179 36.9616 36.5432 33.8769 38.3444 56.0125 51.2868 52.1273 51.5282 85.9829 89.5924 76.1176 90.3043 33.7662 29.7934 39.971 40.9836 50.8152 54.8328 62.7345 68.4923 75.7095 76.4883 14.9898 14.0058 64.886 60.5196 13.711 36.9789 37.7491 38.4559 32.2377 35.0967 79.513 68.7889 72.268 75.2215 73.7812 68.6558 60.5963 73.456 26.8329 25.4044 22.558 27.7429 10.9906 10.2662 11.2871 9.73802 10.8519 11.6733 10.4905 10.625 30.2641 28.8559 28.214 26.6483 54.8724 56.6885 58.1305 54.3383 49.3666 51.0528 49.0466 44.5778 73.6191 78.4094 79.061 83.5403 75.5086 71.9576 73.3642 82.5337 27.6756 28.2778 28.9605 29.3959 36.892 53.3415 21.7391 52.1276 55.2126 0 17.8256 39.2272 47.9421 62.1858 70.7448 43.3388 71.4952 77.5021 101.655 44.607 43.9812 40.3995 73.6985 62.7019 59.0151 41.4981 48.4003 82.5375 20.4961 58.3202 71.4772 71.7314 19.3913 51.1957 35.6563 64.41 78.7373 81.3625 72.8472 43.005 84.5613 79.0367 45.6687 48.481
10.6641 11.2514 12.2551 14.3164 9.04603 13.1712 29.1888 31.8778 29.1682 28.1109 32.2661 37.1741 31.6147 38.107 38.4689 44.7482 43.0506 41.3789 46.4271 47.2167 46.1581 43.3712 22.9992 24.7902 24.7686 30.588 30.5196 27.4128 29.0443 28.7057 48.2672 41.381 47.3697 42.9124 42.6958 40.713 43.2194 44.1058 40.1964 38.3507 35.7445 35.6906 49.1834 42.018 45.9685 40.0473 31.3886 28.7453 32.2384 31.673 25.5778 26.9296 25.7143 25.1803 35.6075 32.4383 31.3666 30.4338 19.7167 20.7485 14.5177 18.3044 36.2042 33.0488 33.2513 32.8938 58.3585 61.4119 69.094 67.8739 42.1624 35.0575 38.6982 39.7918 44.2909 40.8049 50.2132 50.1013 78.3707 75.9758 19.4221 16.0292 48.3878 55.3621 7.32677 24.2078 18.5847 17.6236 18.5009 19.5277 61.9475 57.71 59.2977 62.0053 46.3887 45.0082 46.4865 48.4599 10.6917 10.683 10.8412 8.90159 22.7525 22.9345 22.2678 21.7797 8.91789 7.46921 9.37702 8.344 46.9046 46.919 41.936 46.8423 37.7168 39.1682 39.3791 38.654 34.2044 31.6443 32.2056 30.5697 67.3002 66.5253 70.167 68.3351 56.5233 56.5305 55.6649 57.7581 13.686 12.6023 13.9491 14.0731 31.3554 52.5552 25.9643 45.5073 36.2112 17.8256 0 40.7856 35.6261 41.8085 56.0655 41.9337 59.6874 67.0627 73.9605 29.2393 34.7154 32.337 63.205 58.8303 49.6224 24.7119 30.0742 54.7003 22.6295 51.4224 61.771 66.1321 32.8094 40.9302 41.2388 41.5686 63.659 62.7517 72.1328 27.7772 68.6119 64.4626 43.3181 32.192
54.5399 51.575 54.4718 61.3135 48.4618 55.893 66.397 73.1948 76.8004 80.7251 76.0921 80.4025 72.1719 77.4579 79.4232 91.9914 79.0731 87.3971 87.0341 83.7694 84.8984 86.4084 65.5248 71.2962 65.2812 66.2204 62.7835 64.4514 65.2019 73.5045 26.3675 26.2865 26.1841 27.5119 27.129 26.5344 26.4959 27.3667 76.0019 73.6544 72.0897 74.8091 84.8608 74.5086 74.9797 83.6363 25.1952 30.6011 30.0426 31.7748 33.0292 31.3761 36.1274 34.6251 10.6062 13.2118 12.4114 14.2914 51.2787 56.39 50.0046 56.1282 50.1646 47.6769 42.5494 49.6223 96.0158 91.043 90.2374 98.4493 13.437 12.301 71.6082 72.9546 76.5669 91.683 84.0203 99.8102 46.205 50.4186 27.4304 31.2799 87.2696 100.903 42.065 62.3162 57.2454 55.1678 65.0289 62.2436 78.1596 87.7386 75.8236 81.3363 73.9767 76.6249 66.3101 67.9689 39.3115 37.6228 36.257 36.4736 28.1489 27.5902 26.6507 28.6484 42.3515 44.4865 39.5465 48.395 33.1248 31.8367 28.8551 31.0261 64.8607 65.6907 71.2406 64.5106 46.4237 48.119 48.6299 50.7543 48.3119 48.6834 47.1573 55.7836 83.0219 87.5622 82.134 77.0667 42.2562 42.6961 39.7677 39.9127 17.9493 38.9942 17.962 87.4046 75.0547 39.2272 40.7856 0 82.3499 84.4167 76.9346 10.946 48.1597 68.4863 100.252 42.9945 82.3044 31.0456 68.7282 36.6591 87.7636 55.0868 51.6918 76.5597 22.1621 49.0994 48.7111 60.7405 26.2877 50.2883 6.94721 52.2173 57.2792 99.0711 57.4366 61.3417 78.7583 87.0363 31.4665 73.0413
24.0116 26.552 23.9354 21.7415 25.7959 21.1643 7.98467 6.8437 6.98805 7.05417 3.19775 2.44001 1.96616 2.1415 4.98141 5.04163 5.05383 5.39693 9.63158 10.4088 10.6605 10.9537 18.5751 19.6083 21.161 22.1293 16.2742 15.1596 15.2632 17.8409 75.0556 71.0092 81.9844 75.3887 69.7251 67.2107 67.3447 70.4038 39.0284 44.9937 40.8569 42.9541 47.0621 40.3421 39.6724 39.8097 64.5849 55.19 57.9524 58.5683 55.453 53.9117 58.2482 56.5788 70.5478 67.4584 72.8956 71.6634 36.446 37.1568 38.0483 34.9803 69.616 66.0154 67.6825 63.6135 61.6862 54.9345 51.8492 58.261 69.6034 66.8496 13.7465 12.4317 8.44596 9.2373 38.4917 39.6384 101.051 102.962 50.002 50.9284 49.1077 21.4076 34.3296 28.6776 28.11 23.3097 24.2875 24.166 55.7514 57.6827 63.557 56.4012 55.4322 55.0824 55.5984 53.2516 46.5528 40.3788 42.3699 45.8233 59.7583 52.8461 51.0622 59.0483 39.1303 37.2282 36.6224 33.9344 69.3811 78.2705 68.0147 67.5511 44.4885 46.8845 43.4892 41.2231 57.8273 57.7085 53.5532 57.7007 105.69 103.94 94.8504 104.434 61.5928 63.0067 59.1961 66.1263 41.3549 44.5616 48.3949 42.1795 65.8038 79.3173 57.1322 10.2961 11.6171 47.9421 35.6261 82.3499 0 30.716 69.1671 74.4343 86.4444 77.4771 82.6635 62.7153 9.46286 58.9108 81.7349 84.9315 11.2703 50.8308 44.0483 67.7646 55.1791 72.0139 82.645 89.8987 63.4832 59.5537 69.4082 68.6643 87.528 54.9751 104.054 31.2187 71.8339 73.1145 73.4688 18.3195
39.3235 39.3324 32.2496 34.3543 38.6348 33.1538 33.91 33.0274 32.771 37.4622 31.7166 28.7053 31.2424 33.0584 33.6096 35.3048 34.7999 34.4373 31.4577 31.2605 37.5767 37.595 42.9437 48.5336 46.8156 47.4155 45.8035 41.3191 42.9365 45.2816 86.1365 87.1043 92.3604 85.0792 83.8599 80.9867 84.2226 84.1581 13.6193 13.7312 11.3307 11.0703 9.99564 10.4634 9.15993 7.75303 73.6108 73.5173 79.0748 78.6935 66.7791 64.6634 65.4276 66.9701 69.8818 69.9999 78.495 67.1713 29.1768 24.2323 27.5347 24.7041 43.8292 41.6575 44.7316 41.0094 27.8522 28.2242 23.8256 27.3032 87.608 80.3186 48.461 44.7644 38.8908 44.8513 7.939 10.9201 94.9886 85.4635 63.9363 59.1202 16.6979 51.6596 42.8658 18.488 26.1353 25.4104 26.5287 22.7011 31.7235 27.463 31.7359 30.2143 31.0384 29.0167 31.6281 28.8622 46.3373 44.559 39.7962 45.1486 70.6457 67.2325 71.1394 66.1794 46.9131 51.8562 45.7328 47.1577 88.8816 80.728 87.785 77.8932 19.6284 16.0669 17.3507 16.4627 44.3588 41.2458 42.2538 37.2846 76.5049 75.1227 75.676 76.9987 27.9695 26.2821 28.7114 29.8251 40.9667 35.5022 40.5974 42.2754 59.6796 75.157 67.4868 31.9805 20.1488 62.1858 41.8085 84.4167 30.716 0 43.2227 77.8033 76.0869 62.6487 45.3516 47.7894 21.8779 56.9042 63.214 84.152 34.4897 33.4683 29.9321 34.0328 67.0111 63.9394 60.9789 68.495 70.9457 35.7367 81.0598 40.2402 69.8305 20.295 71.7159 15.8812 48.5851 39.4788 65.963 18.8024
67.7516 68.3369 63.5229 59.2898 58.0797 63.3787 77.0343 77.1764 68.383 77.9631 66.9941 75.7364 79.3174 77.5181 70.0848 83.6311 73.4006 82.9371 71.5915 80.7791 77.9796 80.598 79.7452 75.7246 74.0368 82.2894 72.5432 78.8774 85.7303 84.5751 83.7831 90.5784 89.7578 98.2878 81.8923 91.1478 87.6706 96.8123 35.2851 36.8228 37.2233 36.5309 35.3333 34.6431 36.7278 40.859 81.6634 75.6275 80.9061 85.9637 72.5089 78.3933 75.5355 78.3251 72.8925 70.914 78.7675 65.3754 41.9782 45.1702 49.5291 46.6779 30.3681 28.7227 30.2755 28.2069 38.2473 36.2979 39.7615 37.0507 77.5499 84.6371 86.3967 81.7594 87.9682 88.4969 45.1097 46.8611 53.4062 54.4053 66.252 62.7842 31.4086 100.538 71.8249 51.4726 50.4693 53.9058 49.6255 56.0331 19.2084 20.3988 18.1355 19.9579 14.7986 16.1062 16.5003 17.6408 46.2396 53.1387 50.4524 55.6567 69.4928 73.6595 74.4062 74.9644 68.2629 68.278 65.6301 71.7476 85.664 94.0338 88.7743 102.693 30.006 27.7484 31.2184 27.4914 29.5771 31.9288 31.7433 28.3715 52.1895 48.5247 48.2181 48.2547 19.481 24.2448 23.9095 20.9128 49.1158 48.1711 50.7481 44.6623 55.1774 47.8551 65.3469 68.28 71.4883 70.7448 56.0655 76.9346 69.1671 43.2227 0 68.0331 41.4579 20.9298 35.3146 35.3664 64.2684 46.3995 18.3586 49.5739 69.1734 34.8008 30.0898 14.7353 68.5225 35.1799 30.5171 23.1293 74.4912 19.8342 73.8141 17.6173 39.5311 35.6253 36.4184 48.3939 11.206 13.1973 47.4815 57.7019
56.3443 53.1076 58.9816 57.0787 53.9036 58.9413 74.4994 78.4165 80.0845 67.4645 72.6952 83.4607 78.7006 84.6726 78.8769 87.857 82.9872 85.8156 93.862 85.5824 86.8644 82.4689 61.7647 60.7883 70.4771 62.8563 71.338 72.8151 68.4061 67.5987 38.4764 38.9491 40.107 38.8541 38.1993 39.998 41.6194 37.3251 69.9873 64.1873 69.1551 66.4386 74.4818 78.5222 67.2829 79.6194 33.8172 39.6418 34.4167 41.9774 36.2491 38.809 40.1978 37.0448 16.1224 16.5672 18.047 19.4408 46.627 49.8993 43.4371 47.8916 39.5686 41.2619 38.2996 37.0175 86.3764 85.3433 89.4001 87.4969 24.4704 20.8525 77.1974 88.3966 79.1685 87.9272 91.5251 84.9807 37.5392 41.5044 28.6214 34.6201 82.4822 98.1907 44.7701 63.2718 59.0808 61.5515 54.4318 63.0868 75.197 80.4432 75.4906 71.3432 70.4718 68.4126 57.7958 58.4481 37.8816 35.1101 38.9752 36.2375 36.6358 32.1609 37.4769 34.8446 48.4482 41.7761 48.3631 46.8288 44.1918 38.7656 41.8153 39.7932 66.1555 58.541 61.654 59.667 40.2284 38.2503 35.0279 42.0065 42.6017 42.4533 36.7193 40.8599 81.6042 82.4455 83.5296 84.5508 37.4103 36.731 39.0053 41.8391 13.2229 27.3797 22.6432 95.6277 76.3246 43.3388 41.9337 10.946 74.4343 77.8033 68.0331 0 34.3612 51.9851 94.1331 34.9786 75.1513 21.8126 59.742 23.493 85.8058 47.5679 45.1852 74.3124 24.6923 37.5038 36.9388 50.9544 30.0971 44.4833 16.0514 42.8442 43.473 78.1966 46.4208 57.9029 69.8087 72.4433 21.0771 65.7877
70.9658 67.2215 72.4875 63.2067 70.2783 68.6363 84.5592 81.2717 88.3269 91.3788 85.5896 90.4514 86.5626 86.0116 96.804 83.0489 84.9859 101.457 95.3907 97.2026 90.9768 105.399 86.7551 86.2441 83.1351 84.1598 87.9771 89.7771 81.6966 81.9901 77.246 74.3561 70.0506 77.4746 73.2892 76.3725 65.7864 65.9359 57.086 62.8881 57.3992 62.6213 61.8414 60.4245 65.8996 62.6295 70.4895 68.7652 67.2236 64.6662 60.2837 60.9283 65.7502 68.5834 49.0732 46.4094 46.5817 47.5393 49.2763 50.2314 54.3803 48.0432 23.1085 25.1836 26.3614 28.0624 76.2656 76.6087 68.7498 76.114 56.9358 58.49 85.1477 99.4702 86.8042 90.6642 69.6824 73.7526 20.1402 18.5624 55.8876 53.496 58.413 107.071 70.3183 63.5101 62.8758 58.4233 58.6718 64.459 53.5737 54.0142 51.1582 57.1424 48.9625 47.269 49.223 46.8897 46.7724 45.996 51.6155 44.8697 55.8769 57.8582 65.2756 63.2388 57.7337 65.067 66.6538 71.6652 69.8261 81.2166 75.7189 70.6737 46.8166 52.5371 55.0481 51.8297 27.9224 29.7495 28.9395 28.4393 12.4201 13.228 11.1558 11.9505 52.3877 58.7543 56.9501 55.8761 43.7453 44.1859 44.9762 41.3039 37.7868 10.2469 47.2372 85.3513 77.9897 71.4952 59.6874 48.1597 86.4444 76.0869 41.4579 34.3612 0 22.8977 71.2592 29.3967 80.7057 29.0011 23.8249 14.4764 85.6557 37.8569 44.3594 48.2313 44.6243 8.71273 3.94936 15.4667 61.2826 28.6792 48.2601 28.9742 7.65105 66.0525 9.12645 59.6914 45.8273 53.6245 19.8959 68.8246
75.9156 75.7543 70.1979 66.3985 66.3392 61.3719 78.5103 75.5786 74.8382 76.0322 87.4709 85.4352 92.3586 81.2274 82.3016 86.992 83.8391 87.988 82.666 83.2987 84.1711 101.84 86.3845 84.5383 81.3868 81.4184 80.8929 91.5049 85.2628 81.1651 80.9906 89.0113 87.7642 91.9278 81.7079 88.6437 79.9292 92.6838 42.6901 45.7012 45.6012 45.2619 52.6109 48.823 57.2308 52.7822 80.3004 74.7172 78.3177 77.1764 73.2943 74.4634 75.7408 82.5275 65.8396 67.9495 65.6405 64.7572 52.7181 46.8779 54.8598 53.0639 25.8602 27.3829 30.181 31.1212 52.5414 58.9086 58.8686 58.5173 69.4964 71.788 88.8565 89.0892 93.4737 101.823 69.7291 71.2628 41.2469 35.5508 70.4561 66.2104 48.1946 102.126 76.2163 58.6857 66.2515 65.3272 67.332 58.5942 36.3062 39.8042 37.6189 41.3586 30.5383 30.961 33.8493 32.2591 48.339 57.1723 49.4391 53.3447 67.3524 79.7304 72.234 78.4596 66.2355 68.2612 64.7624 68.7675 87.8779 86.9074 85.4873 96.4016 43.7003 46.5714 39.264 45.0809 33.3007 29.2234 31.975 34.2635 31.107 27.3138 30.2066 29.1872 40.3577 42.3677 39.6197 42.3577 48.1288 51.3477 53.1465 54.7656 47.0646 27.7613 56.9078 81.0761 83.7354 77.5021 67.0627 68.4863 77.4771 62.6487 20.9298 51.9851 22.8977 0 53.4734 33.7878 75.2177 42.9079 4.55487 32.8165 81.4402 36.6351 42.5966 34.7213 61.9206 19.3671 16.5117 6.03187 82.0219 23.669 63.0576 19.1776 19.339 57.0273 21.0553 55.9318 29.1097 30.8237 37.1522 70.0291
83.0953 71.7725 71.9031 77.7897 73.1143 73.2953 73.3623 75.9219 77.933 87.0551 77.7879 78.4544 77.4643 80.994 68.3305 79.1865 76.0185 76.4073 70.4851 72.0962 73.5502 72.1529 88.8365 87.9216 96.0523 89.9779 83.5115 92.3408 83.1578 92.372 115.411 126.585 123.837 109.296 117.335 105.098 114.072 113.285 39.3349 39.5402 41.2186 38.115 36.9841 37.2058 34.5516 39.2504 110.887 97.0073 111.109 107.907 101.726 92.8372 98.2609 103.785 89.7169 89.9221 100.753 100.795 58.7248 56.8938 60.0382 58.0815 55.934 56.0794 57.6198 57.6543 20.067 18.144 22.1797 23.1686 117.797 113.463 92.3378 80.9406 88.9643 87.2494 36.9207 41.0154 89.7308 91.9097 89.2423 88.0941 30.1808 94.2847 91.5126 61.2653 68.6556 57.0886 59.3202 60.7093 23.1836 20.8103 23.6634 20.4997 28.795 33.0592 34.5604 33.2093 65.5858 67.8143 75.9908 68.7273 100.273 93.2971 101.587 91.9484 94.477 83.0182 93.9105 89.7381 125.028 110.376 130.773 124.843 35.219 37.3906 38.2188 36.3129 58.0092 58.0935 53.7627 53.611 85.5033 71.8421 86.526 83.9677 20.3108 18.877 20.3998 21.3614 65.8782 61.4837 72.2909 73.8346 87.1563 76.6463 100.441 71.5842 68.6568 101.655 73.9605 100.252 82.6635 45.3516 35.3146 94.1331 71.2592 53.4734 0 61.98 65.3339 77.5033 47.2253 76.147 80.2442 54.6481 46.5728 21.2818 90.3951 62.0657 64.7598 52.5386 108.635 45.0147 98.284 50.0218 72.0567 21.8994 75.8168 56.3843 23.812 21.6171 68.7818 61.8393
35.8415 36.8066 37.1899 39.1388 36.5557 38.3796 50.9993 58.5298 58.105 52.0766 55.3301 54.2421 54.6198 62.1658 65.4113 69.7762 64.665 68.0373 68.3365 73.7959 71.7703 62.6368 51.4499 55.7086 55.3842 55.1963 55.4278 55.8079 65.3462 59.3423 58.2262 58.8972 66.6013 66.8159 60.5297 56.2961 62.8871 60.7758 35.1609 33.2196 36.5879 31.58 40.2487 42.3373 37.6303 37.5077 44.1696 51.6045 50.6817 47.4439 49.0767 47.1793 45.429 52.5624 39.6108 34.8239 36.4593 39.543 24.0026 24.2091 24.104 26.7863 5.60544 6.32606 2.47386 4.41787 53.688 63.0432 49.6659 57.2414 48.6975 46.4784 66.3921 73.2863 67.4105 66.9729 57.1091 57.095 45.9897 43.3732 35.684 37.7802 45.4633 87.7109 37.68 37.3171 32.2557 31.9622 36.7629 32.2748 37.2927 40.3103 43.1366 43.9436 32.6112 30.9993 31.0664 32.5271 20.8466 21.9489 22.4585 23.5034 43.4334 46.3107 41.4447 43.8008 41.6826 41.7069 36.8525 44.1503 65.9445 65.744 58.5446 60.3911 32.3552 30.8861 29.1726 32.1157 4.06239 4.78118 4.16966 5.69757 43.1198 42.4765 38.0843 40.1817 44.0655 42.5817 40.0677 46.4667 16.5689 20.0659 18.1203 17.6642 25.0985 25.1627 29.4251 62.7087 56.2961 44.607 29.2393 42.9945 62.7153 47.7894 35.3664 34.9786 29.3967 33.7878 61.98 0 51.8297 13.2105 32.2515 32.3385 66.5135 10.5583 16.842 40.2199 34.276 20.4566 28.7242 26.6913 48.115 11.5249 41.5642 12.9794 33.2979 54.0288 38.3517 31.2382 46.8026 42.6563 15.3249 49.561
26.6675 25.0798 21.5 21.8131 24.4237 20.2087 11.6079 12.3719 12.9686 13.4302 6.41 8.35375 10.2034 10.4634 8.74015 10.0436 11.5598 13.853 12.1783 12.9449 13.3421 15.1046 24.9323 28.24 27.174 28.1291 21.0135 22.8002 21.2373 25.2219 74.7865 76.9655 81.5183 82.3871 72.1723 69.0969 74.3086 67.1284 36.3999 32.1278 32.263 31.9244 34.0253 30.6124 33.6988 30.2561 60.5823 67.3555 61.4075 57.3674 56.3715 54.5177 55.0174 52.7354 65.0239 61.0101 63.355 67.0512 34.8352 28.444 29.2385 28.1485 61.5801 58.8046 52.7071 49.9359 46.369 47.3584 46.6867 48.7012 74.6406 72.9937 22.0945 20.3446 18.9313 17.5848 26.866 28.9244 101.326 107.164 53.1024 54.6029 37.6098 29.8242 34.058 21.7431 20.7771 21.1305 19.1361 19.739 58.0421 55.4144 57.0118 49.0157 48.1617 51.0281 50.5369 48.218 39.1362 37.9875 43.4605 40.4076 53.5449 55.0431 51.383 60.9178 38.3206 38.1369 38.4495 39.1145 78.9936 75.3361 74.0166 68.1896 41.2386 40.9625 36.2675 36.5026 55.7458 50.7939 56.0455 46.2838 101.808 98.6925 101.89 84.7242 52.2532 51.5298 51.3841 56.0807 41.2058 39.7524 38.0504 42.768 66.7377 77.928 59.285 9.95395 3.2454 43.9812 34.7154 82.3044 9.46286 21.8779 64.2684 75.1513 80.7057 75.2177 65.3339 51.8297 0 60.365 85.1641 94.5496 12.3922 47.746 41.1987 53.0985 56.076 76.3118 78.3571 86.0851 62.238 49.5529 81.1501 54.3301 83.3017 46.669 84.6169 21.4765 74.2708 71.5428 62.4285 8.8209
41.299 38.2172 44.2371 40.9462 37.417 40.4668 55.1279 56.689 63.8769 60.8265 63.7277 62.3818 58.853 63.7906 62.7272 66.5632 70.7877 64.992 78.8497 76.9868 71.4714 70.9942 61.1213 52.6966 54.8381 61.6136 53.108 59.0028 61.5703 63.0135 49.1134 46.8374 51.3494 46.3923 46.1994 46.0051 42.8678 52.8345 46.567 42.5602 44.6538 48.2312 48.9007 55.0726 51.1573 49.4592 36.927 39.3478 44.3026 43.1077 36.1981 40.5065 40.5127 41.3943 26.1931 23.0618 29.6789 25.9157 25.4601 27.5439 29.7256 29.5857 16.078 19.3713 15.2662 16.1945 67.7575 69.3775 67.7446 71.5034 35.8535 39.1103 69.5532 62.3862 69.9364 71.0657 58.1139 68.8058 47.0056 42.6869 25.0167 26.8937 51.5692 79.8263 39.5986 45.1527 39.3097 36.5885 42.8169 42.6213 51.9355 52.7838 57.1801 53.317 46.5572 40.0711 44.3378 43.2674 20.7303 21.531 21.886 21.5353 36.953 36.0228 32.3579 31.7318 37.4198 33.4498 39.3999 36.794 52.4525 54.7176 46.6533 52.1313 44.6611 46.3129 45.4224 45.7462 15.3609 16.5426 17.6861 18.325 42.0717 35.4654 37.8771 39.5731 57.9291 57.0319 55.8831 53.7913 17.381 21.4893 21.6665 18.9933 10.9978 19.1619 23.6315 77.6561 57.2462 40.3995 32.337 31.0456 58.9108 56.9042 46.3995 21.8126 29.0011 42.9079 77.5033 13.2105 60.365 0 41.0059 26.1115 71.1862 23.7247 24.9902 58.3261 21.1825 21.8206 27.8534 38.0364 42.3906 25.9803 29.6148 28.4856 32.3421 58.602 39.2385 42.5822 50.0496 59.8518 9.36221 51.756
68.8943 66.3345 71.5776 76.273 76.6024 72.1772 85.0516 88.6812 79.3957 87.371 83.7863 78.6863 90.4249 81.2559 92.3943 84.0037 87.1373 101.759 86.0464 87.3841 93.3623 98.6194 95.716 83.7234 91.9897 88.7779 88.3832 90.6631 99.9934 94.7674 90.1316 86.1751 93.6291 86.1496 91.1631 84.5567 85.431 84.481 46.2814 47.3021 51.0403 53.109 49.0035 50.4116 56.6681 59.5058 84.0049 90.4031 83.7136 88.2246 73.2443 80.0878 90.6044 89.9619 61.9031 66.8238 76.3642 73.599 56.2749 48.1232 58.6584 52.6154 31.4748 31.7011 31.8321 32.0119 54.4481 60.9072 57.9772 55.0514 80.8355 72.9502 94.7786 100.216 93.6895 92.6527 67.5583 66.7231 40.6575 39.2389 68.2099 72.888 50.5644 107.945 76.8902 60.8427 63.4537 60.9711 67.8047 59.7046 39.4796 34.1664 38.5921 34.6317 34.0022 32.4603 33.7632 30.4136 57.7873 60.03 57.8186 52.991 80.2818 79.0182 72.7606 76.3035 74.8274 79.6752 70.3247 78.0567 92.2749 89.3917 102.607 86.574 41.6722 47.7785 44.3996 40.8597 36.4507 35.4325 35.9052 37.4353 32.8989 28.0996 33.1714 32.2228 40.1454 40.0881 41.6432 39.149 54.0267 48.2301 49.2373 48.8283 55.6479 36.1675 65.5526 90.4113 77.3939 73.6985 63.205 68.7282 81.7349 63.214 18.3586 59.742 23.8249 4.55487 47.2253 32.2515 85.1641 41.0059 0 35.7806 95.2995 39.8076 37.7315 32.2154 60.6566 26.3236 22.6613 10.1051 76.4795 26.4737 72.0047 26.2487 23.7916 50.6436 25.0004 61.5511 27.6199 29.8625 37.8188 74.5084
74.511 73.6748 64.6782 73.6994 62.0605 66.2833 77.9475 83.0625 91.885 87.5445 90.2161 88.8847 88.8091 81.73 93.0305 90.4181 88.2582 102.911 90.0462 92.1482 93.9528 95.7664 79.8824 77.6852 82.577 92.4383 79.522 86.7503 91.253 98.1063 58.4858 66.5671 69.0381 66.2757 58.2702 59.1187 64.8813 71.2582 61.5888 70.3801 69.3504 60.8421 66.7666 76.8781 65.9789 73.5211 53.6638 60.0985 58.7764 56.8522 64.2639 67.4868 57.4855 64.4728 40.7069 40.4116 40.2456 45.6481 58.858 53.3302 58.7292 55.252 33.67 35.9884 29.7656 37.8789 90.1177 79.0572 87.6329 86.4994 44.6775 46.7881 92.1307 91.9578 103.413 106.181 92.2201 81.2188 15.1326 14.1364 45.9954 54.5857 70.5303 107.089 68.7466 60.8711 63.3459 73.1328 71.9816 70.8478 59.2857 73.0795 70.6101 68.7525 62.0745 61.9364 59.8095 61.9032 45.331 51.2141 49.8542 50.0891 50.6416 57.9397 59.8575 51.826 64.397 61.6354 62.0039 65.1073 68.1517 63.2914 63.8825 67.3279 60.2951 61.9068 60.3156 57.2966 33.8292 40.8734 40.3951 37.1899 15.6584 16.6222 13.8559 14.8633 74.463 75.9737 69.0942 64.3033 44.7328 51.2622 48.8001 45.9701 29.4294 9.8366 43.945 100.248 95.5263 62.7019 58.8303 36.6591 84.9315 84.152 49.5739 23.493 14.4764 32.8165 76.147 32.3385 94.5496 26.1115 35.7806 0 92.5138 48.0596 54.2585 60.5338 42.5047 18.1575 16.7987 31.3411 56.0822 37.5945 44.4199 34.1566 17.7514 72.7858 18.0187 71.2705 62.9615 69.039 17.1258 73.1114
36.3225 34.1526 33.6096 34.5448 35.1474 35.9153 17.6391 20.0903 17.451 20.4717 13.8954 14.5828 14.0696 12.9569 6.72116 6.77956 8.49753 7.95672 2.05682 3.54355 4.49199 5.29927 34.7882 29.5352 32.359 32.7887 24.4929 29.408 27.2017 28.9974 93.0383 91.1938 95.2726 85.3802 82.5 90.1341 80.9082 76.5699 44.3454 43.053 37.6136 44.3073 41.6465 44.8332 39.6558 35.2798 78.7453 74.6499 72.5869 78.4828 72.1013 70.6148 65.0101 73.0064 86.4277 74.5362 83.7332 83.9459 43.5049 39.4153 40.4166 42.0618 66.9224 65.8293 72.62 67.2307 60.0027 59.9938 54.6776 52.0185 95.9023 91.8805 25.0342 21.2788 16.1552 13.0334 30.7673 34.4542 116.23 108.553 68.989 66.781 51.1892 17.7782 47.7095 33.0128 31.03 35.9637 34.5169 29.5799 59.1424 60.8322 66.4173 58.051 65.915 58.8546 64.5799 63.7612 55.8696 53.9315 50.3553 54.5531 66.0666 66.275 63.9387 67.4475 47.4792 50.1221 51.7012 42.7344 83.4561 90.6827 92.1842 88.9804 50.4423 46.8502 43.992 44.1716 62.9475 61.3933 65.9226 62.8332 112.604 116.016 113.496 105.444 57.1653 57.2537 61.3276 57.9013 54.4199 48.5499 56.9762 50.9327 72.2179 97.3609 72.3658 1.91187 11.7032 59.0151 49.6224 87.7636 11.2703 34.4897 69.1734 85.8058 85.6557 81.4402 80.2442 66.5135 12.3922 71.1862 95.2995 92.5138 0 61.0022 54.1997 62.1427 69.2463 84.099 89.0437 92.2702 68.9449 66.2922 81.8722 74.8277 95.8947 54.5935 112.812 33.2463 84.0432 73.9649 80.2856 22.3695
30.2988 33.5041 32.0042 31.5895 31.6815 28.4044 45.3974 48.4531 43.4996 46.2783 44.3358 44.9983 51.7249 51.8323 51.1766 56.8772 58.1974 52.3008 57.2863 57.9243 59.4077 63.7151 50.5035 47.5751 52.9765 51.5427 52.7866 46.4213 52.0982 52.6468 64.1694 63.1338 61.3968 59.363 62.1143 59.9545 63.9818 61.0449 24.5013 22.9862 21.819 21.7382 26.4761 26.7613 28.1289 26.6085 45.2671 50.3656 49.9013 56.6693 45.5733 50.1522 44.5817 48.7609 39.3416 39.5009 42.6883 40.516 12.7366 12.1515 14.1116 16.1894 13.3937 11.6732 12.0013 9.86259 46.0342 45.0784 43.9991 48.9656 58.1922 56.1325 59.5062 62.4704 55.189 57.4581 39.339 47.0373 57.0913 61.5615 34.1333 36.5353 37.1797 67.9618 33.3047 24.4096 22.0914 23.2394 27.5011 24.2657 33.0928 31.5619 33.1541 36.0217 21.693 22.9192 21.9556 23.9863 19.2929 18.9013 19.2507 18.521 43.6383 43.3847 41.1302 42.7604 38.8876 37.1114 35.8876 33.1304 63.0742 57.8712 69.217 69.5366 22.0229 22.3255 19.4418 20.9764 7.69845 7.18533 7.16011 7.5138 55.8401 53.5259 48.1734 47.197 35.4408 38.8253 35.5375 37.7338 15.6284 15.2073 16.7765 16.2984 30.9909 34.7481 37.5306 52.0517 41.993 41.4981 24.7119 55.0868 50.8308 33.4683 34.8008 47.5679 37.8569 36.6351 54.6481 10.5583 47.746 23.7247 39.8076 48.0596 61.0022 0 5.73118 38.0482 32.4453 29.9364 34.6074 39.2825 53.5555 12.3058 49.0894 17.4041 42.2752 37.2085 47.6887 25.0329 44.0987 39.8861 27.9662 33.3975
28.9135 32.9054 30.8021 31.1536 31.1846 27.6973 41.5063 44.962 39.2041 40.871 39.3249 45.6959 43.0449 47.5047 49.3788 46.9247 53.6827 51.7531 47.3203 53.7464 56.3562 57.9123 43.0337 50.9806 45.8241 46.5497 44.9019 46.6292 53.4398 51.1849 60.4601 69.858 63.385 67.0638 68.5574 61.8343 65.9826 69.195 17.2206 19.5425 16.4828 19.5925 22.4344 21.5127 21.3379 23.8236 57.3192 49.4383 52.4926 59.0603 49.6044 55.6152 48.5001 49.1699 45.0748 49.2366 46.0489 46.2843 10.4826 10.666 15.0077 12.6226 19.5882 16.6691 17.3738 14.417 45.1 40.1548 36.682 42.6028 61.2129 61.9916 50.9987 58.4758 59.6237 50.5236 37.4638 37.513 62.5855 60.9052 39.2856 39.1092 26.8002 70.2334 35.4213 21.2577 23.2385 22.2923 23.338 21.967 28.9282 29.0264 29.0304 29.46 19.4317 20.2008 21.0503 19.901 20.7209 22.0799 24.3309 22.8973 43.4664 49.3597 47.9193 51.008 39.9697 38.654 38.4963 34.0123 68.6709 73.8432 69.5596 65.8234 15.2577 15.8462 13.6818 15.3017 13.5562 11.5406 13.8878 12.6362 50.537 55.6051 50.7722 51.953 31.0589 34.7087 29.0054 32.2613 17.491 17.6007 18.1319 16.5374 34.3466 38.3763 37.8153 51.2871 43.0504 48.4003 30.0742 51.6918 44.0483 29.9321 30.0898 45.1852 44.3594 42.5966 46.5728 16.842 41.1987 24.9902 37.7315 54.2585 54.1997 5.73118 0 33.3285 42.8257 32.833 37.0229 37.68 51.8209 15.1876 56.8708 17.2593 46.6854 35.5899 46.9256 17.8232 38.9778 41.3039 35.8259 31.79
55.5728 60.7155 57.9156 60.738 61.1646 55.9925 69.8512 59.5481 66.9142 72.785 67.3072 71.2376 66.0844 69.7863 71.9204 63.3523 71.2918 75.7507 66.6982 66.8563 70.2486 71.6816 76.4619 75.2489 75.6437 71.4993 68.8933 78.9915 71.2005 80.6485 103.8 97.6811 94.9392 96.3459 94.6737 94.0673 101.18 101.257 22.8574 26.9659 25.7282 25.8151 23.4167 26.8172 26.3253 29.3084 91.7636 79.7281 86.2607 84.8107 74.4463 89.0095 76.0808 80.6449 75.9491 76.634 86.8299 79.2903 40.5606 38.0156 40.2858 45.3011 39.4229 35.0286 40.2127 37.6778 21.5163 24.4547 20.6324 22.1314 89.4895 83.5924 71.9261 84.5486 69.0615 68.3979 33.1671 32.7995 81.0155 78.0753 79.9655 65.3349 21.7568 84.1507 62.0743 41.6396 45.3939 45.1557 47.5843 46.6926 5.02838 5.04379 5.92534 6.45983 10.8328 11.4483 11.2599 11.9259 58.5397 51.2151 53.3803 53.4842 83.9833 80.321 73.7319 78.161 71.7783 68.8494 69.0063 75.2399 92.1588 95.0705 98.9134 91.3144 20.6479 23.0397 21.7398 22.7083 41.0319 34.4512 35.7026 39.8223 67.1609 63.0144 67.5577 58.7885 6.17482 6.96274 6.58007 7.09507 50.7598 50.4012 54.5815 54.553 65.4845 55.9692 76.9766 71.0681 55.2754 82.5375 54.7003 76.5597 67.7646 34.0328 14.7353 74.3124 48.2313 34.7213 21.2818 40.2199 53.0985 58.3261 32.2154 60.5338 62.1427 38.0482 33.3285 0 63.4959 42.4007 50.6282 37.2517 85.2665 26.1053 90.3825 26.455 51.6113 22.4669 61.3068 37.3635 10.1116 9.44486 56.1584 48.4567
34.6434 35.4821 33.4027 37.9344 34.5883 36.9096 52.5526 53.586 53.9255 57.2822 57.4516 57.7028 60.5191 51.9996 66.4022 65.0805 57.7633 67.7754 73.8954 70.0078 67.2488 70.0007 40.6823 41.0642 47.8667 43.1723 45.1937 47.5908 45.4553 54.5674 31.2096 26.3978 31.6924 32.3983 25.0083 26.0197 26.1203 26.9655 50.4692 55.0023 60.4772 53.6104 65.4728 59.8405 62.5104 63.8037 17.6828 17.0247 21.9401 19.4847 15.6546 18.8435 18.2202 21.5383 9.80417 7.56363 9.94492 8.41977 35.7562 32.3076 30.6275 37.5301 32.5589 37.4309 35.3293 36.1902 85.6902 82.6686 71.9945 86.2169 21.7549 19.6242 55.7854 62.6236 61.0704 69.8049 72.046 75.8377 65.1297 63.9753 7.32046 9.08284 61.2262 78.2353 25.1336 38.8739 38.7161 41.8494 41.4666 38.9967 68.2187 62.8056 63.7731 66.5786 52.7772 55.5617 60.6512 60.1775 17.2306 19.2444 17.4112 20.9288 13.0381 12.7178 13.9402 14.148 24.4628 21.8774 25.5447 25.1443 32.8662 29.1817 33.5804 32.4817 53.3317 57.1146 48.4703 53.4445 36.7939 37.8048 30.0167 30.9661 58.7285 52.5069 57.1655 60.747 65.2156 65.0983 74.515 68.8628 21.8153 22.3047 21.1423 23.8227 11.7056 35.1269 2.66469 68.5789 55.4196 20.4961 22.6295 22.1621 55.1791 67.0111 68.5225 24.6923 44.6243 61.9206 90.3951 34.276 56.076 21.1825 60.6566 42.5047 69.2463 32.4453 42.8257 63.4959 0 42.0879 48.5853 53.5935 17.8764 39.1612 16.173 49.5171 59.6361 69.8612 55.2196 44.5446 68.5711 73.0878 29.5926 48.5328
57.6682 55.1023 55.6302 57.4549 59.2996 57.4769 69.0991 78.4413 77.1385 70.9767 75.7448 72.3677 80.0178 79.0814 88.6667 74.5767 88.3838 83.2567 78.3 82.7641 86.0704 80.2079 72.0284 70.0017 75.1034 73.5289 74.8437 71.5736 80.2915 78.0775 61.9915 74.487 66.0659 76.4428 64.6736 61.4149 72.0188 67.7606 51.709 50.2577 54.2536 49.8996 58.1349 59.4184 54.5544 51.2934 55.5466 57.8546 62.2351 66.6708 64.9058 59.6685 60.818 60.9479 44.306 39.807 45.1133 46.6641 44.069 44.5587 45.9471 48.7317 15.1963 16.412 18.5481 20.4054 64.1897 60.8368 66.1722 73.3763 52.3141 54.658 86.4668 83.8222 94.3451 80.7046 62.4606 67.6977 29.7125 30.3229 51.2795 45.2832 52.78 99.5729 54.5041 52.4018 56.3524 55.4902 53.0455 56.2553 45.2662 52.4982 45.9053 50.853 40.7719 42.2775 37.1886 41.3523 41.1832 41.1897 40.9276 36.4138 57.3066 56.0599 54.8835 58.853 58.6007 62.1065 53.2483 56.8289 69.7123 75.45 67.9464 75.1605 40.4133 48.0835 46.085 46.4148 19.5353 24.328 22.0161 23.7821 20.0633 20.705 19.235 18.948 51.2586 55.3503 50.5463 54.1634 37.6838 38.5541 39.728 38.7245 31.2577 10.884 46.9472 79.4361 70.7274 58.3202 51.4224 49.0994 72.0139 63.9394 35.1799 37.5038 8.71273 19.3671 62.0657 20.4566 76.3118 21.8206 26.3236 18.1575 84.099 29.9364 32.833 42.4007 42.0879 0 7.63324 15.8228 65.5431 21.3606 49.5091 18.9085 13.8211 67.008 18.4993 52.3744 45.5582 45.0021 14.4821 64.2041
66.0269 70.9439 60.0063 60.7263 66.9293 69.6987 83.9117 80.3316 76.5672 88.1687 80.9507 86.7549 84.9469 78.127 90.5646 92.7864 86.1678 94.8102 98.6124 86.7309 95.5126 86.3301 82.0957 80.9383 81.0547 80.3821 83.9981 88.5758 80.35 84.3013 73.0466 68.3249 75.692 79.3307 69.9034 69.145 67.1386 74.647 51.5795 56.6849 55.4685 57.6767 59.779 55.4207 65.172 56.9648 60.7853 61.8396 75.4957 68.0334 67.9179 73.3138 69.5652 76.1719 54.7313 51.4109 57.0299 56.1633 44.6539 48.9541 48.3834 55.1209 20.4703 25.9378 22.7506 27.9651 68.2729 76.2848 63.6988 76.2535 64.4488 57.8543 100.814 86.1355 85.963 94.7462 65.0033 73.059 27.6994 22.4573 54.2731 56.5741 62.0275 111.648 62.5843 64.1987 61.8092 56.8858 64.8571 59.7892 53.2075 49.5453 51.6772 51.3416 39.658 44.0974 43.767 44.8465 43.038 44.0214 44.1294 43.5102 64.3808 59.1321 62.6596 62.2268 61.0216 65.1262 61.8211 66.8025 84.1425 81.5476 71.7315 79.7319 48.014 49.2103 53.8437 54.5786 30.5076 30.8328 31.4348 28.2129 14.519 14.8489 14.23 14.0251 52.775 56.4334 54.5074 50.6912 43.679 40.7489 46.072 48.4873 39.7657 15.0555 50.9381 86.8416 73.6861 71.4772 61.771 48.7111 82.645 60.9789 30.5171 36.9388 3.94936 16.5117 64.7598 28.7242 78.3571 27.8534 22.6613 16.7987 89.0437 34.6074 37.0229 50.6282 48.5853 7.63324 0 10.3169 61.1756 25.3303 54.4016 22.6908 7.02144 61.0474 9.99271 56.3043 47.824 45.1283 19.9402 73.8442
70.0155 70.5554 71.4063 71.7197 71.5455 61.8196 84.757 83.9846 78.1295 80.2736 83.9768 87.2594 86.8301 84.0062 79.654 83.8578 89.5828 86.8364 93.2858 83.2067 94.3886 93.395 84.1176 86.9422 79.7555 89.8104 77.1922 89.2499 84.0241 87.2141 89.5773 77.4347 76.7626 80.6184 79.4841 75.6895 86.7984 77.2338 51.5778 48.1121 48.6995 53.6991 54.5153 58.2592 53.2067 58.9373 75.1431 77.3528 73.87 77.0895 74.9609 71.6536 68.6717 78.6402 64.2288 58.5053 62.4362 60.0458 49.7228 48.3705 51.9225 53.0379 21.5354 23.8291 28.6895 28.6887 60.614 57.6164 64.6064 58.6607 65.7564 73.1671 87.2477 103.009 101.994 102.614 68.5922 70.5464 33.5332 33.9469 62.4724 61.0732 49.2703 110.085 65.2748 58.6156 57.1998 54.8845 64.4571 58.5393 44.1715 39.5117 39.5397 43.0277 37.7456 35.6593 37.1315 39.8841 52.8652 45.5522 51.4868 48.9693 68.5565 65.0571 75.4433 69.8911 66.7653 68.1678 63.3306 70.6458 84.9871 83.1855 91.1294 91.4691 45.8881 45.6445 40.6012 45.0038 31.97 27.2498 29.1885 31.481 23.2851 20.1513 22.128 20.5411 43.3104 43.4464 43.3327 50.0321 50.6009 50.4363 48.7628 49.2703 46.1525 22.0107 61.5825 81.1181 73.4313 71.7314 66.1321 60.7405 89.8987 68.495 23.1293 50.9544 15.4667 6.03187 52.5386 26.6913 86.0851 38.0364 10.1051 31.3411 92.2702 39.2825 37.68 37.2517 53.5935 15.8228 10.3169 0 77.2282 25.6318 58.8609 19.9867 12.2042 54.6375 14.8233 56.951 36.3335 39.5948 29.6099 73.1825
38.269 38.3405 38.6153 44.5937 40.315 48.9079 52.4624 54.1181 62.175 55.2829 65.3964 56.8767 60.9256 58.9855 63.093 70.2444 64.3203 64.6512 79.7065 71.9966 74.5873 73.2024 50.0257 41.9722 50.6969 46.0398 46.6447 54.7895 53.7503 56.8067 13.1758 13.9086 12.7725 15.208 7.95755 8.50416 8.19196 9.40287 70.0979 76 74.8689 66.01 74.0442 75.6913 70.3291 72.497 4.32592 5.10125 4.91155 6.51162 10.124 10.0701 10.6488 10.6134 15.6898 18.8438 13.5582 15.2634 45.9561 45.1398 44.663 46.425 54.0004 52.6053 52.5817 54.8013 92.3036 96.4517 98.4513 90.7745 15.371 11.4592 62.457 60.6479 60.587 71.0573 76.9406 88.0855 65.2922 73.6131 15.3276 17.6933 89.2825 75.59 32.4106 59.485 53.6305 54.4556 52.5601 50.7193 92.4938 85.609 76.9983 86.8159 82.9461 82.9714 76.5219 83.5551 32.1071 32.0833 34.7434 31.8971 10.3149 11.487 9.67596 9.93955 25.3546 29.7158 25.3861 29.953 11.3241 11.8214 13.5077 11.3977 70.9947 65.902 66.9916 69.9699 49.4325 57.1474 53.1883 48.9588 73.7582 72.0933 74.0404 75.7756 85.0392 93.2569 92.5427 92.3214 38.6768 37.74 40.3855 40.9482 27.7926 59.238 17.1161 74.6405 70.9094 19.3913 32.8094 26.2877 63.4832 70.9457 74.4912 30.0971 61.2826 82.0219 108.635 48.115 62.238 42.3906 76.4795 56.0822 68.9449 53.5555 51.8209 85.2665 17.8764 65.5431 61.1756 77.2282 0 58.4484 19.2023 61.7415 72.6893 85.5568 78.057 53.6466 93.7595 94.0273 48.596 67.701
46.5906 41.5109 42.6613 47.7298 42.8582 45.0914 57.2146 53.849 59.9511 63.6824 59.3102 57.8681 60.8969 58.4248 61.2896 69.748 64.5319 70.6761 59.9266 63.3991 66.6871 74.0044 61.7514 65.0735 62.8342 64.7379 64.0019 57.7843 69.5528 66.9011 69.8007 68.9557 78.5201 75.0366 63.1935 67.6252 74.017 64.2375 24.3163 28.1129 27.1698 28.961 29.3216 32.8111 29.9284 35.2074 60.4789 63.2453 63.0897 57.0519 54.2466 62.8816 58.2023 60.9749 46.1267 43.6636 48.7779 54.0371 22.5056 27.3777 24.8991 30.2904 8.39993 6.77965 10.7733 7.88618 47.4031 48.1382 48.3594 46.8482 62.0436 59.0292 69.2336 65.0981 63.6925 68.8651 46.9004 45.7462 52.9807 45.9859 51.01 48.6928 35.8931 81.5673 43.1881 36.6075 39.5075 36.7768 36.9576 34.4799 28.7483 29.7059 29.8695 30.2953 20.1264 17.7269 18.9574 20.7935 31.594 29.3431 29.8429 33.6603 57.9052 51.1533 57.363 53.5593 49.1883 50.0186 46.5915 44.4021 79.0122 77.8209 70.305 68.4608 21.4815 22.7741 23.9335 21.4999 8.67587 9.00358 9.47303 9.77442 39.2159 43.5106 38.7691 41.0635 33.6015 30.6903 28.9017 29.0999 24.7701 24.8179 25.5304 25.2902 33.8697 32.5241 47.2872 58.4944 58.1549 51.1957 40.9302 50.2883 59.5537 35.7367 19.8342 44.4833 28.6792 23.669 45.0147 11.5249 49.5529 25.9803 26.4737 37.5945 66.2922 12.3058 15.1876 26.1053 39.1612 21.3606 25.3303 25.6318 58.4484 0 56.6418 3.748 31.2507 42.5049 39.6517 34.311 33.7402 32.0514 26.4415 47.7942
51.4493 49.3111 53.6705 47.1939 47.411 56.917 63.6518 70.3753 69.4429 70.8413 72.2976 67.2266 80.0747 68.8495 74.1531 73.3884 75.8643 79.254 81.7017 93.0765 87.0177 80.9259 53.8924 61.5965 61.1016 65.5887 60.1098 70.4608 63.2022 68.6811 19.5647 22.5003 22.3106 22.4004 20.6883 21.0697 22.5018 22.3616 69.1075 72.8717 76.8999 66.7426 80.2005 71.4987 80.0761 79.6121 22.5132 21.076 21.0172 26.1654 22.2581 26.8158 24.4014 25.8447 6.38491 8.13781 6.46175 8.17259 52.652 55.234 45.184 46.7913 50.9135 51.3047 43.944 46.6632 92.8589 103.192 101.123 97.3842 7.01613 7.42497 69.2024 74.9041 76.7778 87.4106 92.1626 92.6542 60.4817 59.7798 22.1582 25.6466 90.6116 95.0848 41.8838 53.7514 60.5485 52.81 52.019 61.5708 81.8713 80.4705 79.7035 86.2674 65.0676 71.8914 68.1973 66.6321 34.1758 38.5657 32.0303 32.34 21.5382 23.8633 21.0913 22.5949 41.4837 38.1437 38.0764 39.2279 25.6852 25.0981 26.7564 27.5018 68.2378 65.373 63.1614 65.71 47.9333 51.1425 44.7552 45.5362 51.6215 59.1416 53.949 54.1948 80.0875 92.797 76.6226 87.3838 39.9969 39.1785 38.4579 42.2467 17.7988 43.5846 13.4221 85.8668 69.7231 35.6563 41.2388 6.94721 69.4082 81.0598 73.8141 16.0514 48.2601 63.0576 98.284 41.5642 81.1501 29.6148 72.0047 44.4199 81.8722 49.0894 56.8708 90.3825 16.173 49.5091 54.4016 58.8609 19.2023 56.6418 0 60.1646 57.1084 92.7862 53.9703 67.3425 85.6616 80.3628 30.2107 75.098
44.2092 51.6754 48.0672 43.9684 42.6113 46.3974 64.7127 63.1162 55.9914 65.3784 55.8023 57.0468 63.9941 62.2446 66.1733 67.4365 66.5757 72.2805 68.4849 71.7866 74.7908 65.796 63.1268 68.7317 67.8423 72.3219 62.2259 63.9597 73.0172 63.334 71.9843 77.9354 75.701 75.4978 64.2586 63.961 71.5142 77.816 29.7521 30.8988 33.8865 34.1979 32.1731 35.3489 37.0063 39.5095 66.4084 61.2729 64.9849 67.6697 59.7208 57.9982 66.4843 68.8888 51.2846 48.8148 47.987 55.5979 28.2642 28.6583 33.735 30.0791 9.73876 7.72408 11.0159 9.93735 50.0181 51.3432 49.8305 49.1241 69.5985 56.9785 78.6972 69.5145 66.3126 77.3936 43.0858 45.1921 46.7881 42.4314 46.9002 48.3416 33.7788 84.5796 50.1558 41.1108 43.5155 37.209 39.0305 39.3506 27.6477 31.268 25.773 29.9053 18.7809 21.3074 19.3383 21.8999 30.7003 34.5764 36.4292 36.5968 60.7915 53.4508 59.7256 60.2355 48.6721 55.7293 47.5113 53.0457 72.0656 81.7151 83.5405 80.2214 24.0992 23.7482 23.6514 24.9071 11.3198 10.6988 13.3685 12.4645 43.3324 39.7321 41.6078 35.6061 33.1025 32.1897 31.842 29.546 30.2221 30.952 32.6875 31.099 39.9048 30.6758 50.6591 74.7152 58.2889 64.41 41.5686 52.2173 68.6643 40.2402 17.6173 42.8442 28.9742 19.1776 50.0218 12.9794 54.3301 28.4856 26.2487 34.1566 74.8277 17.4041 17.2593 26.455 49.5171 18.9085 22.6908 19.9867 61.7415 3.748 60.1646 0 33.3622 39.7293 34.6196 38.7761 31.8425 29.4935 25.0391 48.3092
77.5841 70.6271 73.2562 77.3463 70.6135 78.3981 86.2904 80.8272 93.4616 91.3282 98.5523 84.8365 83.103 83.7369 98.4053 100.936 89.6645 89.8946 105.274 100.849 99.4954 92.6532 82.4451 91.3308 94.2428 94.6504 89.8136 99.1454 90.7627 99.7919 75.4502 80.5976 83.4947 73.9019 82.5365 76.2523 76.768 80.5567 56.081 58.7183 56.7828 66.6954 66.2695 61.8882 62.9032 66.9395 73.985 79.8148 76.5424 83.7152 73.3522 68.466 73.6136 78.9126 57.2908 54.4379 55.1313 61.0898 59.4929 52.9225 57.1926 54.1787 27.868 33.4072 28.9572 33.4478 67.3732 75.2801 69.6077 79.9096 69.8286 64.6897 92.8188 108.113 97.755 109.1 85.4268 85.8411 21.2569 16.9711 65.0351 61.3467 63.1465 104.322 72.0016 63.7314 68.913 62.5815 62.2992 66.9578 57.0626 59.8437 50.7719 59.7653 43.1102 51.0556 50.7919 44.637 50.0344 57.5136 54.5197 51.0406 70.8194 63.5093 69.4045 71.6558 70.2765 68.2108 71.5147 67.366 80.1746 86.948 78.6214 78.693 49.883 59.6951 58.5334 57.0564 32.6878 39.5916 37.0709 33.2809 10.4651 8.3154 8.93108 9.08762 61.7212 58.6277 62.9643 54.4901 48.4996 50.4753 47.6267 55.2649 39.8152 18.4356 58.7951 88.2654 90.4955 78.7373 63.659 57.2792 87.528 69.8305 39.5311 43.473 7.65105 19.339 72.0567 33.2979 83.3017 32.3421 23.7916 17.7514 95.8947 42.2752 46.6854 51.6113 59.6361 13.8211 7.02144 12.2042 72.6893 31.2507 57.1084 33.3622 0 66.122 3.78116 65.6135 50.6454 45.5983 29.7194 77.9195
60.241 53.1704 50.7229 51.7815 52.7616 51.8937 50.174 57.9978 53.6765 52.6972 45.7633 55.2159 51.1961 58.6367 54.5934 53.5459 55.1325 50.9021 49.6168 54.7893 56.7412 60.212 70.8564 60.5055 64.6349 68.1011 56.9245 67.591 63.3762 66.551 94.1065 94.6917 100.47 104.626 101.112 93.2207 101.663 99.8019 19.0754 20.2499 20.673 21.1371 12.5631 15.6679 15.1059 16.6475 81.7778 83.6151 93.2504 85.3549 77.6567 90.9259 88.9976 88.8127 88.3766 84.2008 83.1821 75.6614 42.0588 41.018 40.0561 42.8625 44.9634 44.5028 48.4264 42.327 6.44576 8.62633 4.42677 6.53577 86.6313 83.6072 64.4263 61.6537 57.2231 60.5173 15.7544 16.3186 95.5816 85.829 71.4954 73.6792 6.75528 67.4624 67.1276 40.7832 42.7949 44.6674 42.8762 46.705 15.534 14.8058 15.192 16.284 24.2085 23.6192 23.1318 23.2002 56.1419 55.2788 56.1213 60.8254 86.3743 73.5501 82.5941 85.8479 60.1229 71.1755 66.2441 62.1261 99.3853 109.498 100.399 100.048 21.8368 19.7433 22.7385 21.8939 45.7519 44.3059 45.0475 41.3055 83.7536 73.2595 76.1756 77.4563 13.1054 14.515 13.7537 12.3414 51.4568 46.7191 57.0214 53.3001 67.6215 71.501 70.0831 44.8856 41.3624 81.3625 62.7517 99.0711 54.9751 20.295 35.6253 78.1966 66.0525 57.0273 21.8994 54.0288 46.669 58.602 50.6436 72.7858 54.5935 37.2085 35.5899 22.4669 69.8612 67.008 61.0474 54.6375 85.5568 42.5049 92.7862 39.7293 66.122 0 70.11 33.6695 29.7188 29.6895 65.74 35.0327
79.8787 79.7044 84.052 71.923 76.6926 75.8761 91.8577 97.0885 101.307 88.9851 85.0901 89.4533 100.182 87.3266 95.6525 105.658 92.4622 109.396 106.853 107.225 112.516 97.5381 98.0411 93.5283 91.5628 86.5724 98.5555 95.782 96.794 99.0551 75.6364 82.8431 84.3184 84.2784 74.2434 73.2203 79.7113 81.1966 62.4377 65.7918 71.5236 69.5675 66.4397 70.0653 75.042 74.414 70.2396 79.7747 77.6139 77.5938 78.2539 80.4351 70.0995 84.8519 58.3741 61.8247 57.8046 59.1528 57.1967 63.9797 58.3373 65.4129 32.3947 36.2882 35.6147 37.6966 78.2193 86.5024 82.266 82.372 67.2413 71.2674 92.9175 98.3432 113.996 97.7108 83.8539 77.9682 19.6289 14.5982 65.2409 64.3706 67.2536 121.855 67.7717 72.7288 66.6036 70.7251 72.3478 79.1022 56.2118 59.1701 56.3785 59.2209 54.0363 50.6318 50.7522 47.4459 60.072 52.003 59.5408 56.6652 73.648 73.9028 78.5571 69.9341 68.0499 71.0948 75.8592 69.7948 91.3622 80.1534 79.3232 83.9754 63.8318 61.0089 54.5286 57.7005 37.4913 37.1719 42.3815 41.0573 7.84499 5.8787 8.12201 6.99834 61.1031 67.4566 59.1006 58.9744 54.4813 53.1041 52.0647 57.3461 40.8883 20.7019 54.3546 99.9762 95.7962 72.8472 72.1328 57.4366 104.054 71.7159 36.4184 46.4208 9.12645 21.0553 75.8168 38.3517 84.6169 39.2385 25.0004 18.0187 112.812 47.6887 46.9256 61.3068 55.2196 18.4993 9.99271 14.8233 78.057 39.6517 53.9703 34.6196 3.78116 70.11 0 66.4421 54.332 51.1427 31.23 78.4431
24.4272 21.2297 23.3029 20.9007 20.3128 19.5213 23.281 28.1323 25.938 27.5348 26.6026 27.8393 25.7698 31.4844 31.1938 29.9196 32.3297 32.8006 30.6212 33.4476 38.6866 35.2436 32.1279 36.9301 33.6333 37.9479 34.7 31.771 39.2209 35.9347 69.8609 77.9581 70.839 80.4968 63.9027 64.1117 73.2967 69.4416 17.2187 14.2765 12.9747 12.9816 19.9029 16.6091 15.5606 14.589 58.9183 60.9237 57.9887 54.1879 52.5983 50.2941 55.9634 54.8687 55.587 53.4212 55.3571 58.2414 15.4045 11.983 13.9842 12.3704 35.2218 35.137 35.3268 32.6028 34.6496 42.2705 39.7424 36.9585 62.4423 68.5464 35.7084 40.3493 39.8822 42.3057 25.5391 24.9127 77.3791 77.7724 46.4373 46.5574 23.4297 49.568 31.4158 5.71593 10.347 9.00121 11.064 10.9208 35.3373 33.6785 33.9364 36.5231 30.5019 33.0383 29.7601 29.0806 30.4066 26.5982 29.1831 27.3707 51.4918 45.2347 50.8304 46.0806 37.4527 31.9559 35.1557 35.4911 66.7662 70.2926 66.4951 73.8816 17.1406 17.8529 17.3905 17.956 29.5674 31.6035 32.7087 30.3773 77.1862 77.4961 78.5034 69.9702 38.6029 35.781 31.9852 31.5688 25.1599 25.3663 25.9741 24.0068 43.1213 54.6497 49.9504 31.175 23.7906 43.005 27.7772 61.3417 31.2187 15.8812 48.3939 57.9029 59.6914 55.9318 56.3843 31.2382 21.4765 42.5822 61.5511 71.2705 33.2463 25.0329 17.8232 37.3635 44.5446 52.3744 56.3043 56.951 53.6466 34.311 67.3425 38.7761 65.6135 33.6695 66.4421 0 51.3528 51.3118 47.0305 12.7424
62.6276 70.7339 68.3803 71.1507 65.9727 68.4191 74.0944 69.3351 74.228 70.1809 75.6121 71.3348 74.6849 80.7737 78.5036 77.3581 72.1937 74.5721 77.7888 81.3896 79.1231 77.5064 79.5478 79.9024 87.8971 91.381 76.436 79.7633 77.1936 93.8054 107.865 94.0448 110.796 115.09 103.295 91.8393 110.294 92.4752 31.9906 33.0906 36.8548 34.7369 36.4067 36.2796 34.6654 39.6692 92.8393 94.1365 84.3155 86.6063 86.4041 91.7764 97.1072 93.0596 82.367 74.5394 74.8611 73.6088 48.3433 47.3079 53.8892 56.2846 41.5909 36.6205 42.3751 40.6261 28.5053 35.9707 30.9662 32.3133 86.6532 87.9476 95.9223 95.6855 82.4987 85.951 43.1212 43.5712 74.795 60.9041 79.6067 79.6304 31.906 86.4122 74.0198 55.4718 54.7734 61.9895 54.2862 55.2824 15.2516 16.5364 15.6255 17.4836 20.0501 18.1943 19.9508 20.0475 56.0261 53.9697 61.5066 64.4751 82.9773 78.2456 78.029 78.2031 77.1988 74.8046 69.7048 77.2646 106.652 111.901 99.365 97.4413 29.3881 32.1656 30.7053 32.318 36.3212 38.7734 37.4701 42.5099 62.3153 55.9365 61.6372 54.5688 17.5382 16.5862 19.7646 17.9322 52.3704 54.8685 51.5858 56.758 68.0999 52.2419 69.3185 79.8458 61.4951 84.5613 68.6119 78.7583 71.8339 48.5851 11.206 69.8087 45.8273 29.1097 23.812 46.8026 74.2708 50.0496 27.6199 62.9615 84.0432 44.0987 38.9778 10.1116 68.5711 45.5582 47.824 36.3335 93.7595 33.7402 85.6616 31.8425 50.6454 29.7188 54.332 51.3528 0 2.72908 56.5685 64.1588
63.4494 61.3657 61.9517 62.502 64.6156 64.6449 71.6918 73.726 74.6548 77.6973 69.0927 78.0735 78.9985 75.6039 69.0551 81.217 79.3165 81.1373 68.9678 77.3717 76.1221 77.2093 77.531 76.7765 84.5657 92.8807 76.8885 78.4137 84.2041 90.2524 93.6443 101.893 95.5166 113.291 98.5318 108.256 104.646 105.248 30.3996 34.3914 34.9295 38.9132 30.3282 34.8028 35.7673 36.2658 94.3419 96.949 83.4333 89.6976 88.5669 84.0537 92.4157 86.3319 82.2378 85.626 80.8199 84.9872 50.8173 45.8926 53.1515 49.18 37.1867 35.5275 42.9951 37.1358 26.2337 31.2997 32.156 28.987 85.5374 86.7958 83.394 79.9224 83.6194 79.6601 41.3556 48.6525 70.8334 67.4952 82.2253 74.098 27.9613 87.9797 70.3213 54.5135 60.2793 59.5308 61.187 55.0918 14.9646 14.061 16.0995 14.4712 18.5098 17.5751 18.0852 17.3313 59.4938 57.5763 58.7027 56.2264 80.5206 83.2445 82.7844 78.0627 76.8901 68.3675 78.1325 69.737 96.8128 98.6983 102.255 94.0128 31.7974 26.6167 30.7995 29.4758 42.6529 38.9 39.0813 41.0613 58.7943 60.7822 55.2989 53.6405 15.2593 15.0389 17.3873 15.8524 53.4173 50.9391 58.2414 59.4819 71.6108 54.3876 82.9759 68.0818 63.5347 79.0367 64.4626 87.0363 73.1145 39.4788 13.1973 72.4433 53.6245 30.8237 21.6171 42.6563 71.5428 59.8518 29.8625 69.039 73.9649 39.8861 41.3039 9.44486 73.0878 45.0021 45.1283 39.5948 94.0273 32.0514 80.3628 29.4935 45.5983 29.6895 51.1427 51.3118 2.72908 0 58.3159 56.0364
53.1003 45.9258 52.7517 55.0173 48.4594 54.3998 68.3556 61.5266 62.3636 71.3441 67.7122 73.5988 66.2857 67.4717 73.9901 83.4978 74.2586 81.9787 78.2874 80.9194 84.7822 74.9641 62.8392 62.605 69.4802 62.9056 69.4362 67.4585 68.0097 69.9165 46.968 57.7829 56.1684 58.3071 50.3838 46.3767 47.4256 49.0698 50.2006 55.1137 50.8009 56.3999 53.7865 51.5906 58.1278 60.109 40.9295 45.2691 50.5844 48.8985 46.2971 46.8994 45.2796 53.0103 28.3098 29.4948 28.6519 27.7159 34.4775 36.1585 35.8209 40.693 17.1688 21.5393 17.4316 20.1022 68.118 66.4091 67.8714 78.3802 43.2502 41.6004 77.4862 75.9132 72.0405 87.8185 72.143 64.7842 33.4067 30.2241 37.567 37.3286 64.7512 93.4485 47.9084 53.315 51.459 44.3841 46.0386 50.4677 57.6323 55.4579 49.8701 56.3375 48.5363 47.7233 48.1269 46.5041 30.9553 30.8499 29.0736 31.3595 39.2661 42.8157 42.4518 41.8484 48.7047 41.5279 42.8187 48.4851 56.726 60.3877 57.0745 50.6064 50.5891 45.9574 44.4384 44.0159 18.6165 21.1789 20.3279 21.6487 27.3086 28.819 26.6928 27.3953 53.9468 55.5445 60.7849 60.0673 26.3911 30.8192 30.2214 27.4696 15.686 11.0149 29.6657 75.3673 71.7984 45.6687 43.3181 31.4665 73.4688 65.963 47.4815 21.0771 19.8959 37.1522 68.7818 15.3249 62.4285 9.36221 37.8188 17.1258 80.2856 27.9662 35.8259 56.1584 29.5926 14.4821 19.9402 29.6099 48.596 26.4415 30.2107 25.0391 29.7194 65.74 31.23 47.0305 56.5685 58.3159 0 64.3483
22.8453 21.4846 21.8676 20.7597 23.7728 18.5266 14.5326 15.8359 16.9699 18.9227 14.1538 15.6194 15.7149 18.5159 18.0608 18.4663 19.4035 23.2403 23.3453 20.3915 22.931 22.676 29.9396 26.7851 28.5003 29.4324 25.0767 29.3994 26.2753 30.5779 77.5795 71.367 71.2847 72.4412 65.8018 70.3984 70.8107 64.3259 25.3805 24.5706 22.118 22.3546 26.4037 24.9726 23.2728 23.2598 61.3706 54.8471 57.8174 61.6006 51.8061 58.2811 51.1566 53.7621 59.0755 57.0703 65.5495 65.8694 22.9205 24.2175 21.6464 19.1443 44.4302 43.4916 51.4538 48.373 40.5043 47.1767 37.2636 38.0855 77.6035 75.5389 27.8251 28.7814 27.2036 25.1065 24.755 23.1891 97.9983 93.3233 47.7777 46.3191 35.1881 35.6933 32.5876 11.7846 14.8038 13.7929 13.8167 13.62 42.0302 42.2414 43.0476 40.4682 40.192 37.9979 44.8258 41.235 35.6278 31.9495 35.5437 37.3048 53.9057 52.1783 53.4875 54.2061 33.8653 32.1418 36.7258 32.7201 71.9891 70.1061 77.8774 79.8386 26.7682 29.683 25.9239 28.8405 42.4548 38.4269 44.5135 40.96 77.4405 80.693 88.8859 90.6271 46.7224 48.1352 43.6781 42.3812 33.2285 35.3705 30.6348 34.1877 56.7561 66.4732 59.4546 18.9445 8.59318 48.481 32.192 73.0413 18.3195 18.8024 57.7019 65.7877 68.8246 70.0291 61.8393 49.561 8.8209 51.756 74.5084 73.1114 22.3695 33.3975 31.79 48.4567 48.5328 64.2041 73.8442 73.1825 67.701 47.7942 75.098 48.3092 77.9195 35.0327 78.4431 12.7424 64.1588 56.0364 64.3483 0
