6
100
174
0 0.61498 1.2418 2.06322 2.31533 4.37826 16.2862 16.4815 18.0682 19.6623 22.8211 23.6659 23.9016 24.6117 30.002 30.5706 29.5313 29.708 35.1122 38.1471 34.6098 33.8478 15.9369 16.3534 17.6431 17.7709 19.4721 19.4076 20.2467 23.2594 54.7605 48.7982 51.6212 58.7159 50.6098 47.3939 51.8 49.1924 41.9557 38.7042 34.8578 37.6643 43.4923 40.2412 36.9775 38.7064 37.8254 40.9435 37.6474 36.1265 30.6493 29.5879 32.8909 31.066 41.6922 43.7428 40.2189 40.7471 18.6052 21.2374 19.3486 16.1044 48.249 46.0735 44.015 43.4124 62.9373 65.5909 63.1773 55.4123 51.6764 48.0404 26.7172 30.0599 31.494 34.6916 43.9928 46.4536 81.74 74.49 30.4089 27.2107 46.7904 48.7608 10.9024 18.4297 11.143 13.0419 10.7367 12.9204 57.4757 54.6167 59.3978 61.0607 45.4557 54.1324 50.4507 49.6965 19.5723 21.1094 21.1978 19.7743 33.2459 28.5187 30.6775 32.0915 13.6656 13.4347 13.4698 12.6971 49.8304 48.0413 51.7767 49.8214 37.0251 37.3888 40.7273 36.8968 38.4391 35.3392 36.9298 37.0788 85.5246 85.9569 82.151 75.27 57.4999 55.3948 61.4466 61.9804 22.6294 20.2876 19.7126 21.3564 43.8628 60.7239 39.2931 34.6211 25.6428 24.28 12.0909 53.329 26.2711 36.4326 62.586 53.8654 70.6921 72.405 71.8673 43.2984 23.1812 43.7673 67.661 62.5546 32.7119 31.7518 32.9175 64.4333 31.3129 55.149 62.8733 65.4656 41.1739 47.501 51.5625 44.3765 65.8698 57.88 69.4112 23.9364 64.8205 65.9641 49.0571 24.1093
0.61498 0 0.679333 1.18256 2.91008 3.19444 15.525 17.7533 17.3529 17.473 21.182 20.34 22.3979 22.4722 29.7961 27.8222 27.0213 30.5919 32.3626 32.5053 36.4261 31.9603 14.6902 17.4209 18.3941 19.1949 17.0449 17.38 19.4105 21.4879 54.7147 54.8596 58.5775 49.3862 44.1435 44.2401 51.734 46.5639 35.6839 36.3556 35.729 34.5917 40.6761 43.1316 35.4218 35.7122 38.3591 35.46 35.9414 35.3505 34.1619 32.5735 31.9884 33.1416 45.6712 44.326 42.3341 41.939 18.4125 21.4964 16.0894 18.8425 46.683 46.1134 43.6118 43.7624 60.0595 64.2994 56.2979 57.7064 48.4963 48.7553 28.5098 26.1233 27.8464 31.0034 47.2445 49.7724 83.5318 78.1046 26.9509 28.7565 44.3639 43.8795 11.2212 18.2298 12.5232 11.7323 11.0776 12.6125 55.1416 57.8221 60.3166 56.9618 48.1389 48.609 52.814 49.4409 20.6496 20.7208 19.5884 19.9168 34.1064 31.3903 32.0627 32.5239 14.5936 12.3719 14.8086 14.4726 50.9816 49.8474 52.0497 50.454 38.8798 40.253 34.9094 35.4349 42.1682 39.6334 38.037 34.1052 74.7841 80.5549 77.9663 77.9754 56.8655 62.52 51.3508 59.5422 21.0985 20.2488 22.1809 22.2753 44.5216 58.3382 33.0712 30.5463 26.8815 22.2652 11.166 54.8167 22.6156 39.0576 68.0865 51.0404 73.4728 73.3208 82.2936 39.6195 23.9022 40.7633 67.8069 66.1675 34.6031 32.0551 32.6032 59.32 31.355 53.7449 69.6886 71.0261 42.5498 44.4952 50.5929 53.0573 66.4778 50.1273 71.0004 21.1179 63.3838 70.188 54.1281 20.8246
1.2418 0.679333 0 0.657843 3.70634 2.69911 15.9381 16.2769 17.6569 19.5204 21.6773 22.9237 20.7701 20.7369 30.2308 29.2433 30.0272 31.8984 33.7816 33.077 36.252 37.7241 14.393 18.3758 19.1595 17.5557 17.3354 18.0242 20.8107 22.7868 54.8335 51.7695 49.8417 53.8717 53.255 47.6734 52.4912 46.8088 35.204 37.9761 37.1299 32.7559 39.3335 36.1659 40.3472 37.0135 40.6487 35.5992 39.2914 35.9626 35.7523 33.1749 30.6346 32.416 41.3982 40.5628 46.6155 41.5331 19.3604 21.4582 17.1829 19.4749 47.18 42.0003 40.966 44.3241 57.9204 57.0218 62.7668 63.3799 54.2614 52.0062 28.3972 24.831 28.8008 29.8662 43.8299 45.092 76.6045 87.7694 27.6323 29.4128 49.0203 42.9088 11.8845 17.1598 10.8368 11.9275 9.92316 10.7778 61.1141 57.3954 54.6227 58.1972 53.2123 51.7282 48.1655 44.5344 23.4724 21.4042 22.0236 19.6123 34.5131 30.4373 35.816 33.4109 15.8706 13.0035 14.7971 15.3225 50.5931 50.9787 51.2798 56.9101 40.8526 39.5583 40.7029 40.6603 42.1445 38.1593 36.4343 37.5106 78.9419 75.9293 86.0063 84.5212 53.9959 59.1145 50.9319 57.1913 24.8421 24.1831 22.366 20.168 42.0063 58.6253 33.891 32.5207 28.249 27.735 11.8998 53.069 25.6217 33.4955 56.924 60.5747 62.9085 72.8963 78.8367 41.7032 25.2959 42.8883 77.2376 65.5538 32.0222 29.7536 33.1452 56.2414 35.1106 57.1118 65.8904 70.0482 45.1737 43.1956 46.3404 48.6978 71.8251 52.086 80.9983 21.7517 65.5594 65.1833 47.5479 21.346
2.06322 1.18256 0.657843 0 4.35289 2.41 15.9143 17.4274 18.4008 19.193 22.7292 21.9498 22.8906 20.2182 25.6933 30.8421 26.0623 28.7461 34.4043 34.3353 32.5931 35.3374 15.1216 15.0836 16.9537 20.298 18.0725 18.009 20.8532 19.147 51.4571 55.2052 53.3776 59.0192 54.8978 53.2183 49.6977 53.9774 39.6629 36.2375 36.3685 31.7513 43.9085 40.1077 36.2771 36.7891 39.0729 36.5288 36.7092 41.1608 35.0244 37.3428 32.7597 32.4376 44.4993 39.9298 46.0625 43.156 21.6904 18.4714 17.7633 16.9154 42.1265 44.6653 41.6719 38.7754 60.459 64.0378 54.7561 58.5974 54.3563 47.6544 25.547 26.1291 29.387 27.8953 47.0182 44.3707 92.9326 91.9477 31.0509 27.0834 44.624 45.883 11.489 15.5055 11.4299 11.1206 10.3034 11.4853 56.4786 55.3315 60.1819 54.6447 46.8923 45.6228 45.0191 52.6992 21.7276 20.8777 23.0725 20.909 35.0441 29.6166 31.243 33.1226 16.1902 14.5052 16.6989 14.768 51.4075 57.2863 49.3285 55.3775 42.4413 41.6681 36.2362 38.155 35.6553 38.0155 38.3743 40.3184 84.2146 76.2167 84.2646 80.7805 51.4958 57.9485 54.2589 57.0087 22.9264 23.8086 24.0085 21.6252 46.1886 60.4285 35.5068 33.7197 26.7689 23.5469 13.4624 59.5515 23.4015 34.5618 64.0649 60.1936 70.1304 65.3602 69.4069 44.1603 20.9215 45.5818 72.4135 64.6955 36.1535 35.1279 30.9022 55.3392 37.677 53.9712 72.5601 72.949 45.2562 42.0575 52.656 52.4765 74.3671 49.937 84.5341 20.8833 69.8367 61.2914 50.0832 21.5973
2.31533 2.91008 3.70634 4.35289 0 5.10937 20.3187 20.2622 22.5441 21.4817 24.1122 25.6227 24.5979 25.9704 28.8152 34.2045 34.4645 35.3598 37.3614 35.8929 39.6438 36.0375 18.2647 18.4358 21.5454 20.1884 18.7195 20.1073 23.0914 25.8059 48.5149 48.0802 54.4871 55.945 46.0665 47.8879 51.5361 52.1396 40.1224 35.4393 37.1808 32.7046 42.9956 42.0284 41.4228 40.5002 32.7966 35.679 37.8578 36.1664 31.5757 30.1082 28.6698 29.6032 39.1387 42.5336 44.7101 37.7718 17.4112 19.5822 15.2667 15.1706 45.3334 41.9844 36.3269 38.2261 58.6779 62.0846 58.1234 63.6802 52.6114 52.0174 29.6603 31.2547 29.481 34.6204 41.8136 45.7207 80.4081 73.0276 28.4762 24.6355 44.3359 48.6155 10.3047 17.5662 11.6569 12.3852 10.2841 11.3691 55.118 52.3024 53.4973 55.5824 51.17 45.0971 50.4054 43.9114 16.8876 16.0752 19.538 16.8539 30.5983 28.4534 33.5489 30.0487 11.8873 11.3083 13.9743 12.3483 48.8952 47.7414 55.314 48.6358 35.344 35.5017 33.8748 34.8406 35.2929 37.4201 34.507 37.2404 73.3318 78.6709 74.6402 73.7758 61.8973 59.1844 60.5245 53.2573 19.7379 18.6114 18.3526 17.4244 41.2872 58.3568 33.295 39.088 29.41 25.3862 9.24351 56.2375 29.7895 38.1533 63.9791 56.6231 65.8075 62.9312 76.9275 40.688 24.5898 41.8221 76.0988 68.523 41.4907 30.0331 27.2712 57.5107 29.7717 60.7523 64.3915 64.6053 41.4508 38.2775 49.8178 44.0135 75.0634 59.6832 74.3953 20.8408 69.1652 68.2816 46.5113 24.7115
4.37826 3.19444 2.69911 2.41 5.10937 0 15.9472 17.0304 16.5341 16.8203 19.4548 21.5885 22.5577 23.8816 24.6892 28.681 30.5378 29.0151 30.3168 31.23 29.9048 33.4576 15.7547 18.058 19.7887 22.0577 17.6831 19.6508 20.4659 21.0669 62.2126 55.5442 60.1412 63.5725 53.1449 47.2058 55.0964 48.9674 34.7626 36.3952 32.0406 32.4126 36.6258 33.4204 37.7036 33.4516 37.0616 43.2152 40.4753 38.0618 38.047 33.6107 36.3617 33.9597 42.3319 46.6206 49.8807 42.0439 18.8057 19.8545 17.8889 16.4342 47.0684 41.6889 40.2786 40.1094 52.103 64.5645 51.8475 53.1892 55.0289 57.2796 26.0048 29.7327 28.9428 33.4331 43.3795 44.6533 85.6552 84.494 32.5087 30.4171 43.2702 41.1365 14.9367 14.1675 9.75666 8.50937 7.81749 9.04589 49.1375 52.5668 50.641 50.576 48.2204 46.1697 44.9981 45.8246 22.3438 22.1306 21.0452 20.714 34.5807 37.6952 36.0166 37.6755 15.7893 15.2825 16.2311 16.3003 56.0265 51.7412 52.9967 52.7689 33.0568 34.6141 33.7263 37.7152 38.4595 35.1568 40.1973 39.3598 76.0813 73.7446 84.3846 77.9964 51.4555 49.678 51.5938 58.8272 21.9007 23.2412 20.3123 22.2131 39.7341 56.6887 37.1365 30.584 25.9573 26.5404 15.4096 53.6317 23.7511 35.1831 65.403 52.1651 66.6933 73.7463 79.6852 38.2546 23.6682 45.0374 77.0557 62.6661 35.6394 32.6484 29.5872 58.1134 39.4524 61.6385 72.3316 60.4709 41.8753 42.0928 50.4921 48.823 74.3691 49.7223 77.4957 18.8315 68.3012 65.207 54.7902 18.8698
16.2862 15.525 15.9381 15.9143 20.3187 15.9472 0 1.35364 2.39828 4.03776 5.73766 5.57577 5.96675 7.10083 11.8569 11.3855 12.0655 13.9024 18.1086 16.117 16.6502 18.086 16.4186 16.4496 16.0353 17.3003 10.3405 11.5839 14.0175 15.5896 73.3102 70.3849 75.0355 62.8409 67.508 64.02 64.1741 67.769 41.5836 36.5383 39.2648 38.6418 39.7988 43.0172 35.3706 39.8591 54.6561 48.0638 56.475 57.7874 50.4178 43.0124 46.2952 52.0899 59.3457 62.9483 57.2817 63.1974 33.8788 27.6013 31.5545 30.9777 62.0071 58.3168 58.1252 56.1945 61.5002 61.2532 58.3962 62.5243 74.0041 68.6175 14.0976 14.5884 15.1544 14.6693 40.4355 40.0707 105.417 103.079 48.2337 43.0464 46.2768 26.5777 24.0463 22.4677 18.8282 17.6567 17.7118 16.5078 62.7489 56.5972 62.7064 59.144 52.2495 50.1094 51.2049 51.9391 37.6976 36.3296 40.5183 36.9226 44.5749 46.3512 46.8198 47.1962 29.8636 30.705 31.3423 30.4304 65.2867 64.5376 63.8175 65.7933 41.1071 46.4143 42.2788 42.3601 49.1561 51.329 48.7094 48.135 87.8758 87.7815 98.4548 93.2913 63.154 57.2683 54.8201 55.6758 34.3236 34.0349 34.7667 39.1987 59.0205 71.2508 52.3533 16.3398 13.577 36.3981 28.7412 69.5334 7.94 29.6462 72.5404 73.8687 74.4122 84.178 72.1999 49.3546 11.496 62.383 89.8117 81.0341 19.9673 41.5557 39.6723 63.3505 54.6146 70.9491 76.2085 78.0539 59.2811 60.7134 61.3235 60.2655 81.3028 50.8954 93.7736 24.6894 71.5633 70.8424 69.0816 15.476
16.4815 17.7533 16.2769 17.4274 20.2622 17.0304 1.35364 0 1.29901 2.39838 5.39018 5.77862 5.9364 5.40454 11.4907 12.8905 11.7156 13.051 15.8893 16.202 16.2324 18.4151 14.5849 15.5776 15.321 16.0252 9.99099 10.983 11.0321 12.7964 74.9547 69.4063 71.6774 73.2025 64.3005 66.0315 58.199 69.7727 43.2624 39.6033 35.6211 37.1932 45.6476 37.1038 43.2438 40.9453 50.6358 55.3123 52.0661 53.6758 46.4407 43.5163 50.2682 46.2822 58.6961 57.9046 62.5747 57.1324 34.5531 33.4704 27.8327 31.3128 63.1052 57.7332 55.0061 59.0358 60.5775 64.2233 62.533 57.1255 63.8407 69.5041 12.6091 13.7543 12.5366 14.9488 40.2699 40.6305 97.1202 94.0835 46.1938 46.0616 50.2608 26.8172 24.6327 20.311 21.7951 19.358 20.0969 17.4786 66.2275 61.9485 65.3659 63.5447 51.9271 57.0865 53.1331 60.9129 36.3898 38.8809 34.423 38.6083 49.456 42.6952 47.5973 48.779 29.6157 26.9854 29.9136 28.1931 62.7063 60.5281 63.6711 69.9599 46.132 40.8227 44.1785 39.5572 47.5583 55.3564 47.7453 54.3328 103.369 92.1124 95.5612 88.0885 59.4097 64.9318 63.9798 57.046 35.1443 37.4058 36.6464 35.091 58.2391 71.3027 49.201 15.6439 14.0215 39.6642 31.5599 79.8076 7.37576 32.1918 75.9585 76.815 85.961 85.7653 73.2375 57.5471 10.6587 53.4081 81.8723 90.7973 20.21 48.3638 44.0928 70.9739 51.8959 76.2762 85.7702 83.9456 55.1636 53.2402 71.3818 55.9177 86.2062 54.5232 93.6219 26.0521 67.8233 66.4433 66.4613 16.9079
18.0682 17.3529 17.6569 18.4008 22.5441 16.5341 2.39828 1.29901 0 1.19618 5.93855 5.40951 5.62606 5.84216 12.5114 12.8584 11.7798 12.9112 17.3783 18.9009 19.054 18.0091 14.4748 15.1661 15.3275 15.0993 10.0259 10.9867 11.7673 12.4742 66.5287 65.7245 72.5654 73.7797 63.0634 63.0909 66.1637 63.5038 41.2753 42.182 36.1529 38.9591 43.08 43.9343 37.2785 36.1336 49.5 53.2703 51.8528 53.8254 45.9072 50.077 43.9393 45.9426 62.2873 61.7617 61.9988 53.1016 33.8117 35.8828 31.2972 29.7093 57.7234 58.1351 60.6094 54.4387 59.3239 57.6154 60.6142 57.6215 67.4571 63.9903 12.132 11.9996 12.1462 14.5683 39.6444 39.4319 94.2699 105.328 43.2974 47.4977 45.6664 26.6628 27.6671 24.8482 21.9128 20.1037 22.7887 19.8227 63.942 61.8472 63.8293 62.6343 57.4051 60.4328 61.5741 61.1365 41.2577 37.538 41.5435 40.3111 43.7469 47.4493 45.5904 42.4026 32.4274 30.4483 31.1902 31.3564 70.236 63.7397 69.3151 60.6791 48.9794 43.9526 44.0082 40.3386 52.4135 54.2824 56.8633 52.2491 100.35 103.331 90.2999 93.7718 64.4891 67.2513 63.27 59.146 40.5687 39.3228 38.9913 38.9912 59.8522 81.6049 50.6604 17.2959 16.7916 36.9097 27.9607 74.7244 7.34858 33.498 72.9847 70.5669 84.8837 77.8057 70.275 57.8613 11.4479 54.3554 85.2912 78.0004 17.3866 42.6469 41.8683 62.9024 48.5047 79.9865 80.2374 85.5528 56.6506 53.3111 67.0588 63.5578 92.4551 57.9247 88.3355 29.1947 81.9419 67.5838 61.5005 17.8047
19.6623 17.473 19.5204 19.193 21.4817 16.8203 4.03776 2.39838 1.19618 0 6.4115 6.32971 5.3341 4.97364 10.9893 11.4429 11.0769 13.2995 17.5318 18.5164 17.0092 17.9613 12.6201 14.431 13.5595 13.9476 8.81714 8.27243 9.81779 9.99189 64.502 62.134 75.3782 66.9141 66.8196 62.7251 60.7154 59.8358 48.0219 42.4092 38.482 39.9483 47.4371 47.0055 40.9518 42.2222 55.9168 57.3247 52.05 51.495 47.5806 49.0761 46.9491 44.4478 58.3052 57.0543 59.2356 63.16 37.9937 33.0215 33.6584 29.9432 65.159 63.7427 63.5438 61.7811 62.8511 58.2611 59.4848 62.7914 75.3324 67.5224 9.87097 11.0223 12.2689 13.0658 41.397 42.3466 101.004 91.5329 46.4103 48.0455 50.4246 24.4634 24.7984 25.8524 23.3724 24.579 22.5231 21.2738 56.7187 63.2523 63.767 61.4316 58.9445 55.234 57.795 63.5012 38.8288 38.7198 40.4001 39.1898 49.6119 46.1715 49.8188 51.8925 33.2157 31.3349 30.9239 30.8802 65.361 58.7915 64.606 68.9191 42.7484 49.7919 44.2048 45.5742 57.86 51.7904 50.8833 50.3314 102.666 97.4286 101.982 89.3938 58.6969 60.2867 60.0576 66.8188 41.9129 43.2548 42.4759 38.0418 64.3232 80.715 54.4962 18.4149 16.7026 41.0579 29.9932 66.3977 7.92495 32.4848 69.8163 80.2941 77.6408 83.6087 77.1893 57.4746 12.397 59.751 87.9352 83.8382 20.1553 47.5036 40.7507 66.4301 51.8458 71.0847 79.7983 79.2408 59.4681 56.8324 73.8681 56.9837 97.5111 59.0779 83.9245 26.6863 81.0568 77.51 67.2475 19.4518
22.8211 21.182 21.6773 22.7292 24.1122 19.4548 5.73766 5.39018 5.93855 6.4115 0 1.39296 2.71274 4.05755 7.66673 7.96917 7.6997 9.58034 12.6403 13.3171 11.6369 12.8081 17.8609 21.6795 19.7428 22.0453 15.7243 15.101 16.6346 16.3146 77.5177 75.7884 67.673 77.0464 66.8628 62.913 75.6782 64.4882 36.0519 40.2905 36.6272 32.9766 38.6143 35.8906 38.6207 37.8804 55.5462 59.8 57.8562 56.8634 52.1751 50.6617 53.7041 53.9712 62.9386 69.9383 67.5958 61.8415 36.0357 30.2537 35.1014 33.5032 59.5718 62.7657 63.0829 59.4302 53.3311 58.3708 58.5769 52.6741 67.0349 68.3957 16.5944 14.2493 10.8339 13.1924 38.2478 34.0482 95.0447 106.044 49.0704 44.6491 48.4487 25.5513 32.3112 23.5797 24.231 20.6384 20.7007 20.5372 62.1137 58.0524 55.0867 59.3569 59.924 52.8954 59.5148 58.3176 42.9446 41.4418 38.4443 44.2558 55.0632 54.7192 51.6778 56.8486 36.2555 31.5796 36.129 37.0591 68.1141 66.7128 74.3388 77.5027 39.4313 47.4057 42.5409 45.4994 55.9365 49.0536 54.8736 55.852 88.4164 103.206 100.017 95.1942 55.1971 58.1892 54.0508 55.4692 39.0743 38.7665 43.3197 42.0791 61.9491 83.8496 62.4009 11.3127 9.02843 43.0618 31.4245 75.9154 3.38543 32.766 68.2619 70.3336 78.179 75.6572 68.5496 61.0467 6.45831 63.8199 86.3078 88.3725 12.3075 43.5234 41.0556 69.2127 56.4358 73.5548 82.5672 88.6196 58.1393 55.5808 70.4219 58.864 92.3285 50.1952 96.0427 27.4107 70.9137 79.0359 67.8667 13.4581
23.6659 20.34 22.9237 21.9498 25.6227 21.5885 5.57577 5.77862 5.40951 6.32971 1.39296 0 1.23513 2.7636 6.61749 6.39442 7.12846 7.75098 12.8107 12.4868 12.9987 13.2052 20.0461 21.3278 18.7387 20.6003 14.496 14.0893 15.7889 18.1858 67.5182 78.6919 78.7176 68.0599 73.0767 65.7829 68.145 69.8611 41.2699 38.101 40.639 37.8795 44.5155 37.3673 36.4031 40.0707 62.9005 62.0742 53.4605 59.5537 53.8694 49.9472 51.4653 53.3771 64.5067 68.8254 63.2452 65.6856 36.798 34.9102 35.3848 34.5973 58.7924 61.691 62.1374 52.1692 58.1524 58.4423 57.2368 60.0796 72.7756 69.9737 14.4377 14.1443 11.3616 10.8012 40.2172 41.1057 110.218 102.765 55.1286 47.0713 49.3597 24.6424 34.5346 21.7608 25.8804 22.3749 21.6854 23.9219 56.1584 60.2757 59.4564 62.6615 56.3901 61.0201 55.0009 56.4826 43.7893 38.5366 42.6642 42.2879 53.4152 54.7817 56.5596 48.503 35.8906 36.5696 36.185 34.8271 68.4883 77.2655 76.5713 70.688 46.7534 45.0545 44.1907 45.28 50.381 52.8539 54.9541 52.2806 103.715 91.5133 90.8054 99.8636 65.8964 63.5109 60.4279 64.4262 43.4714 40.8144 45.5516 38.5423 61.466 84.5959 61.6248 10.7505 10.4947 40.676 34.4547 75.1969 2.55204 34.0041 70.2068 83.572 92.0321 76.2344 70.7889 55.6953 7.7376 66.9783 83.9866 81.8157 14.2233 48.4061 43.1478 69.7268 54.585 70.742 90.6706 87.6024 59.9648 63.8445 70.726 68.2898 91.4993 48.3894 94.8442 25.158 76.5289 70.2986 74.8424 14.3222
23.9016 22.3979 20.7701 22.8906 24.5979 22.5577 5.96675 5.9364 5.62606 5.3341 2.71274 1.23513 0 1.28433 7.01153 6.17091 6.45117 7.69805 11.4645 12.0374 11.8049 11.9782 18.9059 18.2889 19.1602 21.7721 14.658 13.7336 14.146 15.6933 68.5476 71.0165 76.5747 73.5316 69.8257 69.8029 71.3838 63.3571 41.8993 42.9379 42.4687 41.571 39.0466 45.2941 38.2212 36.7733 55.4286 61.4234 56.7741 61.7593 53.9957 47.8978 55.8699 56.0904 67.8848 64.0538 70.3208 65.3393 39.8418 38.6387 37.3507 35.2123 60.9275 60.9482 58.0348 57.8226 64.2849 55.5275 60.6127 61.8166 74.6427 70.9349 12.0651 12.1634 9.9669 10.3819 36.3204 42.2183 114.682 103.917 50.3241 45.2698 46.7413 22.6709 31.2004 26.6029 23.7214 25.4441 24.8773 22.8993 65.8423 57.8198 59.6812 61.9006 57.6798 53.8025 55.673 54.7656 41.7593 43.4494 45.1659 43.9571 52.6466 57.1898 50.1444 54.0142 38.1115 37.2559 38.3262 35.7784 77.391 65.1892 74.8052 70.7802 47.2916 47.0958 45.8583 44.1989 51.4679 52.9051 59.1384 54.4333 106.835 94.5754 103.052 103.8 56.114 61.4303 54.4997 55.8529 42.7201 42.7802 39.19 41.8791 64.9764 74.8228 63.6604 12.679 11.6085 40.1806 36.3573 80.2967 2.01925 35.8999 69.1237 70.337 88.9571 83.7834 74.9207 60.9581 10.119 65.8635 83.8188 91.381 12.5983 48.1366 48.3861 71.1487 58.9782 74.9745 81.6619 87.2102 59.3138 64.6773 79.2793 57.8685 91.7996 55.4263 98.8849 27.8241 79.9261 77.989 66.3058 15.2932
24.6117 22.4722 20.7369 20.2182 25.9704 23.8816 7.10083 5.40454 5.84216 4.97364 4.05755 2.7636 1.28433 0 6.10898 5.9715 6.90688 6.64392 13.0994 12.9343 11.4341 13.2889 19.0179 16.9878 18.8995 20.3856 11.8976 14.0911 14.6294 14.6165 77.3621 79.8214 73.8724 77.4525 74.8256 64.4767 67.3322 74.1843 47.5728 44.5842 44.3799 43.7272 40.2918 44.8723 39.4293 41.557 59.5288 60.9402 56.6668 58.6666 51.8722 49.2786 49.1842 53.1633 68.5792 63.2164 67.4407 62.3146 40.4529 36.8484 35.5582 31.5243 60.7 61.1211 66.2013 64.1941 63.2169 57.5725 62.6616 56.86 67.6423 66.5642 11.7094 10.4796 8.47453 8.79194 39.3932 43.4385 115.489 110.939 48.7353 53.3087 45.0573 20.0784 32.7024 24.6944 27.2714 25.8854 26.4742 22.3373 67.0372 69.1007 62.8012 67.446 63.0169 64.3036 56.2426 61.2431 43.3353 39.5087 46.2888 40.8437 53.9979 53.9235 55.1635 56.9688 38.2714 35.6673 38.484 37.7406 69.0001 70.6554 74.4203 70.3425 49.1759 47.5184 42.5811 45.5791 62.3678 57.038 57.1209 60.706 102.631 107.001 89.8352 90.6687 59.8943 58.3585 67.5249 67.1883 42.2854 44.5111 40.2992 45.9382 66.7486 83.5866 63.4731 11.0381 14.1433 47.959 34.0528 82.4457 2.21168 32.0312 73.6213 70.7894 89.8867 93.3507 77.8533 55.1949 11.1592 64.8612 85.1374 96.4285 15.0237 52.3947 42.888 69.808 59.3068 81.4579 85.8561 90.6699 62.6636 55.5389 74.9344 70.9138 99.6883 51.0768 90.3453 31.3482 78.2504 75.558 70.2074 16.5997
30.002 29.7961 30.2308 25.6933 28.8152 24.6892 11.8569 11.4907 12.5114 10.9893 7.66673 6.61749 7.01153 6.10898 0 1.2127 2.61326 3.64477 5.0582 5.94246 6.15842 7.13865 25.3527 27.5687 27.5468 24.4521 21.2038 21.4032 19.0126 19.4936 83.3172 84.9254 74.4872 77.6226 73.598 72.5698 83.0446 73.0732 43.4419 42.1793 37.4319 36.9631 40.7366 38.1087 36.1318 35.6309 70.2747 61.372 66.9977 66.0067 59.6109 56.0224 54.2733 62.6682 66.7238 72.7061 79.4161 69.2263 44.761 35.6619 43.0846 39.9967 68.9727 58.9101 63.7104 57.1374 57.9906 54.2356 57.7858 50.5055 75.0896 71.0097 18.2212 15.1064 10.2767 9.73243 34.7495 37.6874 117.507 106.171 52.731 61.2815 47.9894 20.1005 40.4449 29.9218 28.4013 30.4958 30.3434 28.8226 66.7695 58.2047 63.198 60.3757 57.3939 54.1722 56.9584 53.6345 49.4623 48.8021 44.6409 50.1571 57.1932 54.1871 59.6098 58.9111 43.4442 37.3691 44.2373 43.3942 84.2251 74.7514 79.0724 74.4314 45.3871 42.8031 43.7577 43.3789 58.52 60.7593 55.0179 54.3841 104.739 94.3712 106.225 107.879 65.7672 59.2613 64.3504 59.7662 47.813 46.8906 50.2552 45.3048 76.385 81.2017 62.1831 5.57847 9.89632 47.7266 39.008 88.6198 4.49998 31.9323 69.0899 81.0871 83.1633 88.691 79.8645 67.519 8.93662 72.7946 85.1991 102.305 7.08435 54.7713 48.1613 71.5818 66.7665 80.0301 92.6904 94.2515 71.8402 67.5301 81.2602 71.9835 88.8058 52.4921 100.44 33.7906 70.1432 75.1883 80.1131 17.6161
30.5706 27.8222 29.2433 30.8421 34.2045 28.681 11.3855 12.8905 12.8584 11.4429 7.96917 6.39442 6.17091 5.9715 1.2127 0 1.35862 2.78715 5.54086 5.88632 5.24381 6.21745 22.2708 22.4753 24.2849 26.9179 17.4046 19.8805 20.8801 21.4877 84.9356 81.5293 86.9781 75.5891 71.1895 79.9521 78.8153 75.8581 47.5827 41.4237 45.6228 44.1811 43.4497 42.2666 41.3783 37.0248 69.5675 64.8358 67.7462 61.9893 62.5298 62.6457 64.7189 57.9205 73.9571 77.9264 67.3476 74.0163 43.9664 43.2394 41.0265 39.7688 60.7119 67.0911 60.471 57.777 52.7311 60.8287 58.2097 53.4514 79.4467 83.2241 14.5659 12.7063 9.47926 7.78038 34.1701 35.0741 100.185 108.557 61.8663 56.9091 46.345 16.2512 39.3596 30.5327 27.4506 26.5576 31.0057 26.8381 65.4057 66.2329 66.2716 66.6815 60.4633 66.9622 63.0631 60.2709 47.9316 47.2988 45.395 51.1384 56.991 64.1908 58.5848 62.5337 42.4069 45.0582 43.7939 38.0442 77.1859 70.1356 75.9049 83.2339 51.8447 49.1616 48.5127 47.4562 57.6568 59.8078 58.9035 62.16 96.8147 100.062 104.972 97.1051 65.4423 64.2269 64.3291 66.7063 44.3572 47.1987 45.6914 45.1491 67.9776 89.1309 71.7043 5.22292 12.1338 53.8147 41.9916 88.3885 4.36894 34.6927 81.1489 91.591 92.5923 85.5791 78.0109 60.6845 10.4714 67.4369 85.2091 89.4148 8.19287 49.8658 53.8211 69.8677 57.3775 90.5203 96.5895 95.2417 74.1664 65.351 85.8101 62.1433 94.9363 53.531 108.126 30.7858 74.4923 71.1007 82.7532 21.3669
29.5313 27.0213 30.0272 26.0623 34.4645 30.5378 12.0655 11.7156 11.7798 11.0769 7.6997 7.12846 6.45117 6.90688 2.61326 1.35862 0 1.31376 6.00685 5.00458 5.177 5.17795 23.6758 24.371 25.2967 25.5314 18.1819 19.6565 21.5289 19.3807 86.8203 88.3598 77.8218 76.3827 77.0927 71.6406 70.4227 71.4277 49.7902 41.4815 40.8856 45.041 43.863 44.8955 46.7238 44.2573 67.8377 60.1564 68.3293 61.9737 60.9637 55.1239 63.3335 55.4788 80.9926 75.7445 68.476 66.382 43.7418 41.3589 39.5609 42.1283 74.6701 66.4048 71.3562 70.3799 54.593 61.3543 59.3777 52.7398 88.6685 83.1112 15.5889 13.6172 8.25557 7.47842 37.9567 38.7491 112.856 112.548 64.4252 52.8219 50.6037 17.6822 35.477 33.4071 29.2272 30.494 28.2242 28.7482 69.8821 65.5644 59.6734 60.619 58.9747 67.3972 66.2402 64.884 55.1643 49.35 51.9563 49.915 61.7902 54.6455 54.658 55.9043 45.1458 38.9772 38.9515 39.6297 75.7307 84.1861 71.6429 76.5657 50.323 45.4606 47.6278 46.2181 61.4799 58.0429 64.5545 57.1997 97.171 103.973 105.756 93.452 61.3455 66.364 62.9884 66.2167 50.8532 47.0546 52.8125 46.8711 73.7442 95.2574 63.1512 6.2671 13.4258 54.232 44.078 91.7893 5.29475 37.0543 70.9745 91.7235 97.4011 97.9738 70.8496 69.7883 12.3244 75.3829 90.2356 102.49 8.87207 49.1883 50.4637 70.5754 64.3397 75.5215 92.9542 85.4012 72.3301 58.7937 78.0442 65.745 95.7646 55.5651 104.269 32.0853 83.3066 82.4025 71.2775 19.8944
29.708 30.5919 31.8984 28.7461 35.3598 29.0151 13.9024 13.051 12.9112 13.2995 9.58034 7.75098 7.69805 6.64392 3.64477 2.78715 1.31376 0 7.1989 6.22665 5.56153 5.6077 22.6532 26.1522 26.3237 24.4466 17.1974 19.9015 18.5613 19.8973 80.6864 77.0691 80.1389 82.4821 74.2877 69.9559 70.4462 79.1762 46.7466 42.0639 41.889 46.5809 45.5364 43.4596 47.6662 38.3463 60.118 66.0646 67.3232 60.2593 56.7792 59.87 59.329 64.4955 77.9114 77.0511 72.9847 77.0787 43.3194 44.7428 43.3172 40.6525 70.4243 68.681 63.977 60.1527 56.269 65.4307 58.3279 56.7834 86.4073 75.5721 14.4793 12.2114 7.33808 5.38248 42.8869 37.219 114.332 113.413 55.8859 55.8422 55.3287 15.9619 40.9845 32.6192 33.1898 32.0042 33.9729 28.7189 70.7562 70.9209 66.0426 64.7516 60.6835 67.8817 65.0438 61.7124 46.3969 52.8468 46.8911 50.6294 66.4711 58.9164 60.8209 53.92 40.7509 41.3374 43.9424 43.0822 72.8368 71.079 83.873 73.1414 51.4734 47.8172 51.9956 49.3172 64.3175 59.5375 67.0703 66.1473 116.069 110.526 104.521 103.846 66.309 61.2835 61.4828 62.6949 47.5679 53.4079 47.3227 53.6961 74.8462 80.3536 63.3173 7.71436 15.0708 53.2456 45.55 90.1974 5.33722 38.9046 72.3128 77.4771 97.8236 98.3719 78.7444 67.6321 12.9366 71.4081 90.1148 98.8473 9.05931 57.8581 52.2316 68.8543 63.0669 80.6584 89.1832 89.5461 66.0301 63.5877 81.6078 69.7566 100.62 56.0326 110.18 32.6786 73.6402 79.4263 72.569 20.0225
35.1122 32.3626 33.7816 34.4043 37.3614 30.3168 18.1086 15.8893 17.3783 17.5318 12.6403 12.8107 11.4645 13.0994 5.0582 5.54086 6.00685 7.1989 0 1.27315 2.61367 3.68168 30.107 32.606 30.3565 30.0336 24.0773 25.1153 27.0906 24.2273 80.1493 89.966 87.0251 80.3723 87.0413 75.6494 86.1343 77.1717 45.4597 40.3478 44.2227 39.6358 39.1163 43.7806 44.1826 36.5942 65.4904 75.1536 65.2226 70.0318 67.3822 68.0943 69.5849 65.0391 86.5954 73.0842 81.5303 74.1655 46.6098 42.6146 43.324 42.9979 65.8213 73.3401 70.4933 69.495 58.1685 57.2366 54.7768 59.0604 85.8871 79.4568 20.7898 17.5885 12.5501 11.9355 36.2415 33.7537 124.023 105.014 69.3554 63.4044 48.6583 16.9228 40.5415 30.8914 31.7469 31.9361 32.587 34.0877 61.5959 58.1443 62.0641 60.6131 59.436 63.1599 63.7104 65.021 58.6352 53.3706 49.6816 54.0691 61.1587 63.7066 60.9146 67.916 43.8071 49.31 42.989 50.1394 89.5112 86.3446 83.5666 82.9438 53.3922 53.1594 43.9143 49.5004 58.0992 62.6822 66.4778 58.5628 102.648 116.15 114.873 102.349 56.4694 57.7779 60.675 56.0847 53.7046 54.0179 49.1507 55.5545 70.2092 81.8639 64.781 1.8914 13.112 58.6048 49.4557 94.2474 9.515 34.6286 84.6591 89.9971 100.354 84.2142 68.3079 70.1593 11.617 72.2781 84.3673 103.195 2.18101 55.7315 55.8922 60.7536 64.9919 91.2868 84.6858 94.0491 80.8917 62.702 87.3146 65.438 102.275 47.7514 103.96 30.3636 74.3088 69.3421 85.1803 22.1144
38.1471 32.5053 33.077 34.3353 35.8929 31.23 16.117 16.202 18.9009 18.5164 13.3171 12.4868 12.0374 12.9343 5.94246 5.88632 5.00458 6.22665 1.27315 0 1.21151 2.56589 29.1694 30.8387 33.1793 31.6201 24.3684 23.383 25.3621 27.4808 82.7739 88.9458 90.4386 94.02 79.022 82.227 87.3187 78.293 45.3861 42.4115 46.3245 41.17 40.8289 46.4975 38.2391 41.6156 73.2589 66.7118 71.7509 69.9721 58.3786 66.1363 62.0768 66.6566 86.2631 81.1276 83.5565 73.0546 43.5125 45.0521 39.8314 42.8805 70.791 70.254 71.9799 71.6496 52.8313 53.9693 53.3296 53.8861 91.1999 75.9619 20.8843 17.0089 12.076 9.60565 35.7119 37.0097 115.912 113.903 61.0941 61.88 53.9995 15.5115 43.6987 35.8092 36.2965 31.5083 35.3603 30.5583 59.1918 65.0244 65.5534 57.8332 60.2391 61.5816 57.2175 59.8637 49.9253 54.3326 52.674 52.6177 62.6498 60.6696 61.0324 66.7178 48.2906 46.1753 49.4123 48.8944 77.1838 76.5889 80.9546 76.4242 50.8891 54.5344 53.3291 44.3773 60.7856 58.8735 67.0227 62.9269 103.215 102.337 117.394 113.751 59.6968 61.6641 67.2361 62.3901 54.0234 49.4464 49.3089 57.0088 78.5809 84.652 77.2248 2.97644 13.5253 51.8038 42.3668 96.1578 9.67401 34.0851 71.5633 93.1919 89.2598 98.387 80.0295 68.754 14.2526 76.0074 92.3448 96.44 3.3913 53.9563 56.2811 67.553 62.4529 83.7534 100.073 86.1641 67.1856 72.5851 87.9324 71.6317 108.622 52.5652 111.638 37.1045 77.0488 79.9211 76.788 22.6355
34.6098 36.4261 36.252 32.5931 39.6438 29.9048 16.6502 16.2324 19.054 17.0092 11.6369 12.9987 11.8049 11.4341 6.15842 5.24381 5.177 5.56153 2.61367 1.21151 0 1.33233 31.5217 30.7997 32.5921 27.6397 24.3314 22.2221 22.7737 23.2982 82.002 86.3552 90.3999 89.4175 80.122 88.9183 80.8339 77.1652 50.1641 45.249 41.3108 41.8642 42.7413 40.3286 42.3583 42.3035 68.3247 74.2234 76.9561 72.8121 67.2693 66.1926 68.2664 58.391 86.3022 74.236 80.7378 77.206 43.5713 46.0634 40.9061 44.1516 72.9458 69.3425 75.2691 74.1293 60.3228 61.9342 59.0599 60.8356 89.2221 81.0303 20.6027 16.7303 12.387 9.42866 37.1482 40.3768 104.619 107.842 64.0159 57.262 49.5462 14.8682 44.0067 32.0001 34.993 36.2112 31.8882 36.6308 71.5536 60.7025 58.4618 69.7295 65.7373 58.74 64.9989 63.0674 55.0978 51.362 50.4253 57.8471 66.6364 64.5659 66.707 70.5653 51.6233 46.3266 43.5579 42.4565 81.7078 83.0222 76.2031 88.1077 55.6568 55.8763 47.2316 47.3535 71.7752 67.9068 61.8729 65.3793 103.693 100.734 111.894 99.7274 60.5194 67.2296 65.6055 64.1814 50.7294 56.2318 53.4203 54.3773 77.6765 84.9671 64.8915 4.28516 13.5871 60.6799 47.8299 93.6737 10.4341 35.287 75.1423 90.4079 92.7289 85.1019 73.1258 69.2148 15.3471 75.1903 85.969 99.7471 4.62055 56.8652 54.1172 72.1196 74.3137 81.4592 85.5204 97.823 72.68 70.1151 80.5767 73.985 102.938 51.9878 101.821 36.0162 88.2006 73.3206 82.8812 22.1655
33.8478 31.9603 37.7241 35.3374 36.0375 33.4576 18.086 18.4151 18.0091 17.9613 12.8081 13.2052 11.9782 13.2889 7.13865 6.21745 5.17795 5.6077 3.68168 2.56589 1.33233 0 28.613 29.0747 27.3347 30.8348 25.8819 25.4086 25.8105 26.7605 88.3034 86.5296 79.9666 86.9846 78.4984 86.9085 82.7188 75.8335 52.3693 51.1167 42.4473 43.5837 43.2013 49.3882 40.3358 44.1075 71.701 69.8135 75.3942 69.3468 61.7231 60.5228 61.7577 59.8042 75.5232 70.4295 85.4304 81.7537 46.3083 44.2674 42.8092 47.321 71.0369 65.5663 69.6236 70.4758 61.0032 59.5037 62.1755 58.844 88.4121 87.0824 18.3289 17.2607 10.7013 8.11625 40.8862 42.1272 122.305 115.936 60.1022 62.872 48.8295 13.1745 46.1038 33.8675 34.5579 35.5119 38.3946 35.2224 68.605 69.8298 69.7328 68.0071 70.8633 58.6677 66.2229 58.9357 55.2187 50.3981 58.0421 57.7619 70.6546 62.6199 60.1891 64.1253 50.8003 44.3686 47.0034 50.5411 85.9789 87.4826 90.8938 82.5499 52.4624 53.5608 49.1045 51.5373 70.467 72.0081 59.8735 66.8268 107.159 113.02 104.724 112.139 70.1032 60.642 68.5765 61.709 57.9472 55.4828 55.5628 57.7032 76.1283 92.0779 75.354 5.67167 15.9236 58.3842 51.9808 92.7274 11.3518 34.4048 76.0244 91.4045 90.5505 99.0277 72.2169 63.0015 16.1008 76.1865 86.2433 94.9694 6.09951 63.9151 53.3143 65.4928 75.6089 85.0928 87.3251 92.9606 70.0802 67.3909 78.413 71.0321 106.951 54.7606 102.878 37.0748 74.3267 75.3011 74.9429 23.4212
15.9369 14.6902 14.393 15.1216 18.2647 15.7547 16.4186 14.5849 14.4748 12.6201 17.8609 20.0461 18.9059 19.0179 25.3527 22.2708 23.6758 22.6532 30.107 29.1694 31.5217 28.613 0 1.25918 2.53986 3.57545 4.92849 5.7551 6.1339 6.19346 59.5434 62.7107 53.1653 55.8486 47.203 52.8101 53.6165 53.5462 56.0537 47.0793 46.1452 42.9863 49.7006 49.5449 52.9076 47.7744 38.5635 39.9992 44.3216 40.5284 39.2076 35.9713 39.4459 33.3797 57.7465 48.7865 53.3965 53.5284 39.5023 35.0938 32.321 30.4323 61.1693 63.8421 56.9962 57.5063 71.9952 70.8384 65.1468 75.4823 61.1176 59.2735 13.5261 15.0682 18.6792 23.647 56.9197 58.1124 102.519 96.5129 34.5569 33.7451 59.393 35.9231 18.7225 32.0289 26.9085 23.8157 24.202 23.1136 68.0711 69.9248 67.3091 64.138 66.4841 63.4265 63.2826 61.8005 38.2361 36.6319 33.7726 32.7677 38.9158 35.0999 37.8717 36.8579 19.3023 21.9914 21.7183 20.1937 56.1396 50.2802 48.6602 47.7838 58.0094 49.7707 50.9444 56.643 52.3409 49.0142 56.7606 57.207 91.1275 88.4983 85.9242 97.2903 70.7124 64.8959 71.4056 73.3719 38.7875 35.9897 36.717 37.0491 48.8919 74.869 50.985 30.0632 28.8188 27.7929 22.7045 67.3722 20.9149 41.8125 73.4934 63.5475 83.1091 81.69 81.9098 55.7269 25.7659 52.7771 87.4536 90.9884 29.1852 44.7861 48.6125 67.9747 40.6302 74.6328 77.5777 76.957 43.9171 55.5563 58.0451 57.9182 80.4391 71.8999 94.2964 37.2069 90.9687 83.8717 65.878 26.9387
16.3534 17.4209 18.3758 15.0836 18.4358 18.058 16.4496 15.5776 15.1661 14.431 21.6795 21.3278 18.2889 16.9878 27.5687 22.4753 24.371 26.1522 32.606 30.8387 30.7997 29.0747 1.25918 0 1.3163 2.756 5.25078 5.27526 5.07942 5.76979 57.2814 56.5163 55.511 52.4181 54.0653 54.8304 53.8859 47.9365 54.7396 46.1687 47.405 48.8402 58.4347 57.7867 51.7801 53.2697 40.8264 43.3406 42.9039 39.6638 36.8934 34.6383 37.8721 36.187 59.6063 52.8298 55.3814 46.1648 34.207 35.777 37.6288 37.3844 58.5374 54.7315 58.8382 53.9204 66.965 72.7194 63.9714 69.1928 57.0521 60.5912 13.7079 16.2645 19.3324 22.8536 49.6571 53.4038 93.8518 106.511 38.8362 39.5215 66.5417 36.6297 21.4068 31.1063 28.1081 25.2505 25.5144 27.3391 64.8682 78.4287 70.021 75.164 62.0836 59.7376 61.0352 67.8334 38.6442 35.3471 34.0777 35.756 36.6368 36.5514 41.5292 36.3522 21.1805 21.9993 23.527 22.4197 58.5869 48.1592 57.0606 47.7588 51.1691 54.165 50.7838 57.1637 53.6986 57.8042 57.3862 50.0569 95.8349 101.9 97.7 99.4754 68.0127 78.9105 69.8008 67.6746 37.8771 35.0216 35.7784 37.5504 58.132 70.0754 48.8522 29.003 28.196 30.3076 24.2846 71.7016 20.1217 50.6137 82.1701 69.115 86.8811 83.1387 84.8073 60.186 25.9139 59.1163 80.6996 84.587 31.2888 51.787 44.8941 71.2069 48.469 79.9136 89.2365 82.8458 47.5609 59.2219 56.8481 61.1984 81.2851 60.4985 99.8384 33.7806 78.1868 87.6396 61.2635 30.3095
17.6431 18.3941 19.1595 16.9537 21.5454 19.7887 16.0353 15.321 15.3275 13.5595 19.7428 18.7387 19.1602 18.8995 27.5468 24.2849 25.2967 26.3237 30.3565 33.1793 32.5921 27.3347 2.53986 1.3163 0 1.31274 5.64504 5.17124 4.91251 5.75242 59.0528 59.4284 52.4802 59.3086 53.3729 52.9235 51.9545 48.7751 49.9143 57.2975 47.3714 52.7313 52.4157 54.6604 48.8769 47.4066 46.1058 44.693 38.1738 44.3012 37.9133 33.4427 37.297 37.7762 59.9582 55.4578 57.5499 51.032 38.5712 38.9306 33.4316 34.3784 68.4586 64.775 58.9818 53.5126 66.9992 67.6395 72.0562 71.8487 59.2888 55.891 12.4875 14.1658 19.4086 24.0307 49.1334 52.5714 94.1162 104.443 36.8947 35.8815 64.0619 36.3182 21.8777 28.9185 29.7874 28.7567 25.3733 25.3428 76.4864 79.1462 67.5846 76.7882 71.5835 66.549 72.7139 60.0128 40.3229 41.0673 37.4799 36.1364 40.8707 34.8032 35.6993 38.659 20.7468 22.3202 24.18 22.1704 52.5832 51.2797 50.7571 50.3399 59.2541 58.8711 55.674 49.9355 58.931 58.9145 58.4542 53.0599 105.85 103.614 91.5179 98.9062 67.0288 66.9868 68.1455 66.5548 39.1092 38.3086 35.5726 37.0618 57.1154 79.1879 44.8448 31.5029 27.8983 30.2834 24.8948 68.0008 19.3868 48.6107 79.1289 69.4703 91.2229 93.6216 90.3833 57.591 29.3963 60.9583 92.9864 86.9963 31.5438 46.3431 49.7081 76.0995 48.9931 82.5224 90.8735 88.8413 46.5626 58.211 63.448 67.493 99.2043 62.6554 91.5003 34.6305 84.9748 78.3904 72.6836 31.0538
17.7709 19.1949 17.5557 20.298 20.1884 22.0577 17.3003 16.0252 15.0993 13.9476 22.0453 20.6003 21.7721 20.3856 24.4521 26.9179 25.5314 24.4466 30.0336 31.6201 27.6397 30.8348 3.57545 2.756 1.31274 0 7.24698 6.49554 5.96038 5.93005 58.7948 54.0988 52.7368 59.542 52.1219 53.5037 54.1857 56.0933 59.1322 56.7895 50.8848 53.5239 60.2875 57.5138 55.7526 52.7216 40.3924 44.0095 44.9399 38.8477 36.2483 36.1175 33.7487 36.158 58.5386 55.6932 50.2505 56.8227 38.4395 42.1377 38.5324 38.1732 62.2912 58.7049 55.3552 59.9187 78.5805 83.0547 77.9586 75.2238 63.6711 52.8732 12.7386 13.6041 20.0191 21.8801 60.9147 56.4617 103.933 91.6421 37.2859 35.5008 62.3757 34.5784 22.6087 33.3397 27.9152 28.0349 27.5205 31.155 66.988 76.1337 72.1375 77.3444 63.698 66.1864 66.1697 69.5474 42.8123 35.5827 38.8545 35.1774 37.3611 41.0792 35.6115 36.8399 25.1396 25.1202 22.0835 20.2609 54.5199 52.948 52.3932 55.4721 53.1108 58.0713 56.3888 56.9653 61.5163 63.045 56.3766 56.7863 93.5539 99.8495 94.3888 98.2944 69.3608 81.0437 70.6058 79.1656 38.0517 40.6578 37.1771 38.5192 59.4685 85.8306 53.2916 29.2754 33.1722 31.0862 26.4771 72.557 22.2876 46.2251 84.8309 73.1106 93.6246 90.101 89.0698 59.6085 27.2626 63.6514 100.224 94.1254 35.2045 49.7083 48.2544 74.9974 48.3036 79.4681 81.2271 82.5806 42.4175 67.0481 60.9054 68.8009 86.1349 64.8458 102.79 39.6507 93.6673 80.0718 68.7329 29.8847
19.4721 17.0449 17.3354 18.0725 18.7195 17.6831 10.3405 9.99099 10.0259 8.81714 15.7243 14.496 14.658 11.8976 21.2038 17.4046 18.1819 17.1974 24.0773 24.3684 24.3314 25.8819 4.92849 5.25078 5.64504 7.24698 0 1.16938 2.69521 3.72608 65.6371 65.4345 62.802 60.7087 51.7115 62.335 56.6226 56.3576 47.2246 48.4416 42.9367 43.4966 53.4047 47.7323 52.9767 50.6944 43.8215 46.4064 51.0431 50.1296 37.7298 38.3994 44.2081 39.7105 57.2975 56.7025 57.5159 51.292 38.1619 32.9713 35.7829 34.2357 59.4194 65.0231 60.7966 62.0318 73.5554 72.9272 70.7915 73.4308 63.3341 57.7656 8.63882 11.0143 14.047 18.8736 53.184 53.9892 102.463 104.935 39.0283 39.4413 62.7323 28.9302 24.071 31.6372 27.9732 27.2331 25.5474 25.1118 65.0334 72.0244 67.8807 66.9654 64.9912 68.5672 59.0168 68.7335 41.3589 37.7386 41.0982 35.5813 46.2537 43.2239 45.9758 38.6631 25.9753 24.8206 25.3749 24.0841 56.8871 58.2395 63.1016 61.22 51.4232 57.27 48.1174 54.5661 56.5124 56.1656 59.9417 49.7527 100.811 100.26 105.37 93.3322 72.8915 71.076 72.8529 67.9058 44.0216 40.113 41.6413 38.1777 58.4057 77.257 52.6094 27.0867 25.3433 33.7024 29.9194 64.5933 13.8871 44.7793 79.1804 68.278 91.4896 81.7941 78.4175 58.7496 22.4263 61.0461 88.2389 89.8394 28.5064 49.6213 49.0584 67.9291 44.3217 79.9734 92.2163 81.2065 46.6532 64.3057 61.1758 69.1947 86.4697 58.7333 102.564 36.8093 85.6494 77.0948 61.9929 27.1367
19.4076 17.38 18.0242 18.009 20.1073 19.6508 11.5839 10.983 10.9867 8.27243 15.101 14.0893 13.7336 14.0911 21.4032 19.8805 19.6565 19.9015 25.1153 23.383 22.2221 25.4086 5.7551 5.27526 5.17124 6.49554 1.16938 0 1.19399 2.72194 58.1953 63.3108 66.5136 65.9716 58.7664 60.0406 56.6516 58.3344 53.1726 49.5154 48.0984 47.1674 54.1086 53.0165 51.0825 43.7128 47.1872 46.8592 44.5853 49.9264 42.3535 38.4595 44.719 42.2294 60.79 57.2467 56.2829 55.3911 38.1489 39.0236 37.9848 34.0514 60.1999 57.2121 62.9535 62.3785 69.8323 71.5197 69.2058 72.1589 68.7858 60.3323 7.59702 9.50039 13.2219 17.6278 52.6609 56.0598 110.836 93.8095 39.753 37.7965 57.1404 31.175 24.6868 28.9099 29.5562 26.5466 27.4851 24.2824 73.6151 76.0469 69.684 68.6448 66.8398 61.8273 60.1171 58.5682 40.9036 37.4615 37.5291 38.7727 44.5662 41.2693 41.0129 39.4744 28.4939 27.5566 28.4088 25.7758 60.1298 59.5516 59.901 55.1768 48.2165 56.9001 53.379 54.1128 57.9045 57.5106 57.6988 51.9304 95.0415 103.279 95.3978 102.162 72.8761 76.5496 73.5254 67.0153 38.4708 40.4712 38.2083 41.9708 55.6021 74.6764 47.1438 25.7662 27.2928 32.0443 27.806 76.0578 14.2371 40.8027 82.8948 74.496 84.3663 81.1882 88.496 62.2374 21.0163 60.0752 85.8543 95.7074 26.1479 47.0163 46.6689 72.2848 46.5249 71.3191 84.5739 78.9508 53.5319 62.5405 59.1519 62.8254 98.1059 63.1015 97.1799 38.3147 87.4252 78.0954 69.7577 25.5467
20.2467 19.4105 20.8107 20.8532 23.0914 20.4659 14.0175 11.0321 11.7673 9.81779 16.6346 15.7889 14.146 14.6294 19.0126 20.8801 21.5289 18.5613 27.0906 25.3621 22.7737 25.8105 6.1339 5.07942 4.91251 5.96038 2.69521 1.19399 0 1.19117 57.9353 67.1228 67.0465 67.1471 58.6476 57.0867 60.7064 60.3156 50.4196 46.5597 48.5026 45.9245 56.9012 47.8953 49.3596 52.237 50.4454 49.7473 49.3134 50.214 44.8217 42.1375 40.446 40.4189 63.8014 53.6634 61.4168 60.0171 40.9729 37.7687 35.6863 35.4253 61.2374 59.5093 63.0199 61.3885 65.6623 76.8773 69.0154 66.2026 70.7669 61.7688 8.2304 10.3222 15.6384 17.3117 55.9103 51.9915 104.036 102.528 45.5506 40.0321 56.8907 29.2496 23.4196 30.2172 27.5758 27.1564 28.5664 25.877 66.4402 71.4093 67.8254 69.3793 64.4292 64.0341 68.3437 61.7196 43.0283 41.0841 40.5253 41.2042 43.1665 45.6492 46.2573 44.1251 26.5593 25.2543 24.8276 27.2577 54.3211 54.9637 58.1129 52.4711 50.8623 50.8176 56.6045 48.8739 57.1636 60.202 53.4158 58.087 98.8767 97.792 107.212 96.3476 73.1463 71.5826 76.2541 67.1203 38.3529 40.7891 37.623 37.3697 63.3949 80.3593 49.4329 23.3339 27.2777 30.1222 29.4933 68.3149 15.3888 46.4783 82.5817 74.7497 82.7622 90.8103 95.2528 59.0845 21.795 64.7279 86.4929 79.9206 30.0487 56.1268 48.6419 72.2301 54.7673 80.303 81.3689 93.2065 56.1661 60.4094 67.2253 72.1029 85.1032 65.3041 90.5589 35.9747 84.7305 89.3023 62.8845 29.4583
23.2594 21.4879 22.7868 19.147 25.8059 21.0669 15.5896 12.7964 12.4742 9.99189 16.3146 18.1858 15.6933 14.6165 19.4936 21.4877 19.3807 19.8973 24.2273 27.4808 23.2982 26.7605 6.19346 5.76979 5.75242 5.93005 3.72608 2.72194 1.19117 0 61.9671 59.8741 64.7798 62.5489 53.2285 57.4199 62.1695 57.2662 48.5303 55.752 48.7858 48.1175 57.3955 48.8202 47.341 47.0411 49.1239 47.0106 45.8162 42.2587 41.0545 42.6712 44.3248 38.2039 55.0488 58.0325 57.2532 52.3613 43.2166 42.6097 38.4233 35.684 68.6084 63.6127 64.2244 57.675 66.1337 66.6359 64.9996 71.4355 71.101 64.1034 6.61497 10.0002 15.83 17.7966 57.671 50.0213 99.8649 96.6929 45.23 39.8153 56.5844 28.7679 23.4682 35.4221 30.9361 28.7807 25.9067 27.9968 69.7992 71.2204 72.9012 75.9025 65.3626 62.6835 68.2534 67.5555 40.0619 39.5428 38.7184 38.9022 43.167 43.3208 44.4649 42.545 28.2607 24.9754 26.8533 25.2706 55.0657 52.6526 59.8033 59.5208 51.8134 52.9119 51.3121 50.3406 64.0433 57.9727 62.6118 60.1911 94.1911 96.8315 103.508 107.678 70.3434 66.5515 69.3628 74.4759 44.2732 42.4494 41.781 38.4089 62.7174 77.9344 53.8736 24.8814 28.2054 33.4657 32.6875 65.3611 18.2969 43.3422 77.5019 80.451 94.4014 94.3604 87.9778 56.1384 22.5774 59.9251 95.5018 83.7621 30.8436 50.3954 52.4441 80.6939 49.5217 74.0623 84.0359 81.9048 53.7577 70.1008 63.2508 66.6069 89.996 65.5172 105.64 39.1032 82.8829 80.5003 75.6186 30.906
54.7605 54.7147 54.8335 51.4571 48.5149 62.2126 73.3102 74.9547 66.5287 64.502 77.5177 67.5182 68.5476 77.3621 83.3172 84.9356 86.8203 80.6864 80.1493 82.7739 82.002 88.3034 59.5434 57.2814 59.0528 58.7948 65.6371 58.1953 57.9353 61.9671 0 1.33913 2.52917 4.0086 5.04399 5.77443 5.51216 6.20331 90.2568 87.6486 76.3495 75.5705 90.3879 87.6843 83.2902 88.3935 17.4605 14.7903 15.0592 14.6341 23.5638 20.7289 21.5047 19.8735 22.6322 21.7353 21.8814 23.629 61.8414 63.3597 61.0081 57.8596 68.6087 70.7175 57.9986 58.7112 112.32 101.944 113.586 111.076 11.5199 12.7118 67.3128 69.233 77.6472 79.3684 94.7319 102.678 74.9743 68.1354 24.9773 26.8638 102.317 91.2901 39.7543 64.2108 62.9471 66.7372 58.7284 68.2733 94.8829 101.96 103.644 91.7881 88.6534 94.5893 81.77 84.7373 41.2753 45.93 46.9936 47.8071 23.4491 23.7041 20.7512 21.4199 39.9145 43.7945 41.0978 43.6661 6.026 6.83497 6.54405 7.12943 75.5297 80.602 87.1506 83.8576 61.6566 67.506 60.6406 65.048 82.4514 81.108 70.9643 81.797 89.7737 96.6971 96.1735 94.3252 53.9123 47.6858 51.3727 52.2945 37.781 54.6321 27.5593 77.9392 86.4363 30.4966 42.9591 25.6992 77.7149 80.1186 93.1996 36.9525 67.6142 84.0444 121.559 54.6872 71.1951 48.0251 92.5389 66.7514 92.1891 67.0893 67.6266 92.499 30.033 69.4345 71.0399 89.4895 13.2222 73.5511 19.9358 79.6605 83.3765 97.7626 83.9384 73.2417 110.711 112.271 53.479 68.0541
48.7982 54.8596 51.7695 55.2052 48.0802 55.5442 70.3849 69.4063 65.7245 62.134 75.7884 78.6919 71.0165 79.8214 84.9254 81.5293 88.3598 77.0691 89.966 88.9458 86.3552 86.5296 62.7107 56.5163 59.4284 54.0988 65.4345 63.3108 67.1228 59.8741 1.33913 0 1.20799 2.55943 5.65021 4.92433 5.79606 6.40648 80.8452 78.8273 85.3778 75.095 95.9428 86.7035 91.3112 81.7088 16.3375 15.5543 14.7971 15.0341 23.9588 20.3518 23.2394 20.4838 21.7521 27.6189 21.1113 22.288 65.117 63.5222 55.442 63.6422 58.4198 72.7215 58.8267 60.6071 104.595 118.211 105.424 103.267 15.0099 14.3083 70.2858 76.9264 81.7244 74.1887 95.5493 96.2236 69.8552 68.46 30.1054 28.2786 94.6184 87.351 40.8583 67.4019 68.4763 66.8707 66.5398 63.3054 98.9285 89.5417 87.2425 102.306 90.1977 80.1283 81.2292 96.5474 44.4291 49.4395 47.9639 47.9887 21.0922 21.3102 23.774 23.666 40.3922 43.1306 36.204 41.835 4.8761 5.17768 5.51751 6.51829 76.4316 88.073 80.3347 89.9743 65.7568 59.6407 56.7267 57.6003 73.8903 70.9603 74.7329 78.4779 98.8577 100.81 89.6532 104.854 47.1113 52.8427 52.7022 48.673 41.217 58.894 26.8366 83.3507 80.6251 27.696 41.0931 25.782 82.6788 85.4558 84.5521 36.7418 74.2515 88.3948 116.34 65.4066 82.181 49.8003 87.6443 68.8366 94.8602 69.0949 66.7642 93.5985 31.3232 65.2042 79.8224 76.4514 12.9494 78.2941 20.659 76.7459 84.9607 102.051 77.6195 74.4406 94.3089 94.0927 50.3263 81.3463
51.6212 58.5775 49.8417 53.3776 54.4871 60.1412 75.0355 71.6774 72.5654 75.3782 67.673 78.7176 76.5747 73.8724 74.4872 86.9781 77.8218 80.1389 87.0251 90.4386 90.3999 79.9666 53.1653 55.511 52.4802 52.7368 62.802 66.5136 67.0465 64.7798 2.52917 1.20799 0 1.38251 6.05477 5.07613 5.89817 5.46822 86.9901 91.8394 91.3597 87.8296 88.6269 95.1249 81.1949 86.3953 18.3168 15.366 16.3513 15.6041 20.3887 23.0022 21.1735 19.7174 25.059 27.5638 24.3743 25.785 64.7449 62.0121 62.9606 58.6808 66.6925 63.8809 65.3042 59.4292 100.511 118.529 97.6782 114.866 14.9582 14.5015 70.9636 77.7513 82.5398 76.4922 86.7899 107.565 83.1859 75.269 30.5563 27.8498 91.9348 88.019 43.3585 69.9954 64.9886 67.9551 65.5283 58.635 90.5359 97.506 89.3735 95.7771 83.7762 86.6277 94.4553 94.4667 47.2955 47.1087 48.8214 43.5716 20.7819 23.0116 24.1405 23.6481 40.9494 41.3748 36.2447 38.2233 4.04815 4.69589 4.13268 5.5118 88.8068 92.0235 74.8604 74.9535 64.9356 58.6843 67.105 58.6775 81.0927 74.3585 72.9672 70.6974 104.945 103.798 106.788 96.3373 49.7145 49.8964 50.1752 55.795 36.3015 63.9718 30.4136 87.0619 76.2021 29.5452 49.2689 28.9788 76.1959 89.0195 100.202 39.5384 77.4917 94.6842 128.943 62.3856 71.6151 48.2394 89.8205 60.002 94.5627 58.4308 66.6544 91.1122 28.0779 67.967 72.9728 88.2014 12.3039 71.3052 22.1407 72.7375 85.9386 102.535 77.3676 67.8059 112.722 103.449 55.1763 73.8481
58.7159 49.3862 53.8717 59.0192 55.945 63.5725 62.8409 73.2025 73.7797 66.9141 77.0464 68.0599 73.5316 77.4525 77.6226 75.5891 76.3827 82.4821 80.3723 94.02 89.4175 86.9846 55.8486 52.4181 59.3086 59.542 60.7087 65.9716 67.1471 62.5489 4.0086 2.55943 1.38251 0 6.80457 5.39274 5.35527 5.59976 93.4725 86.1782 83.1557 76.3298 87.6029 86.5834 81.0022 85.3753 18.0587 17.8103 17.0771 16.0936 20.9581 22.8143 21.6632 19.8522 25.4562 27.5401 23.0833 24.5678 57.0237 60.922 60.5797 58.0409 71.3566 63.5538 67.8968 64.264 115.226 102.817 115.664 110.458 15.2536 15.4249 65.4084 66.6414 78.0178 77.2726 98.2217 103.76 80.6475 71.808 27.6941 29.4444 101.838 83.7943 41.9859 71.0681 60.3324 58.9822 60.9255 65.1219 91.0894 108.69 106.716 91.7756 95.8677 86.0177 83.703 90.3114 44.0073 45.5195 45.9256 52.0758 25.6975 22.4224 22.4902 25.0152 41.9409 41.0553 41.6881 43.8989 3.29947 3.87254 3.90472 4.13807 83.909 76.8905 79.2148 82.6027 68.9141 71.3967 62.4543 70.2852 76.3092 87.6409 74.5371 85.2364 110.435 102.329 109.508 100.481 55.2526 56.9714 51.1491 51.91 41.6378 58.811 29.347 79.9034 77.1777 32.2404 41.6574 28.5347 71.3068 91.9741 88.4485 39.4529 73.7255 93.5019 126.343 60.815 76.925 53.6647 102.247 63.1948 85.6341 66.7272 66.9197 102.021 33.2553 65.6346 72.6458 79.4441 15.175 74.8159 21.3737 74.623 82.2679 105.477 78.0224 76.6999 104.971 103.707 54.5747 74.508
50.6098 44.1435 53.255 54.8978 46.0665 53.1449 67.508 64.3005 63.0634 66.8196 66.8628 73.0767 69.8257 74.8256 73.598 71.1895 77.0927 74.2877 87.0413 79.022 80.122 78.4984 47.203 54.0653 53.3729 52.1219 51.7115 58.7664 58.6476 53.2285 5.04399 5.65021 6.05477 6.80457 0 1.37785 2.76166 3.88066 80.1295 80.7047 75.1872 77.5711 77.0242 86.5824 77.3156 85.707 10.9538 11.3331 10.0762 10.5945 17.053 15.1813 16.0541 16.1845 20.5815 22.3848 18.2919 18.1609 56.5613 59.0667 48.6095 58.5241 59.4056 57.0343 58.9352 56.1417 105.49 109.493 99.808 93.7399 14.0025 12.5937 67.8222 62.1441 72.1268 68.9725 87.5549 86.0547 81.3561 78.7429 20.1423 26.0189 94.4798 94.4756 35.7293 64.0389 56.0798 52.8269 53.1441 58.171 96.3884 86.9016 82.6249 100.092 78.2659 82.7981 87.4904 87.499 40.0428 41.197 42.3252 43.432 16.2542 18.6112 17.985 18.7158 37.7573 37.7273 35.5343 35.8957 5.6496 4.73031 6.54655 5.80058 79.6394 79.2172 80.5578 78.9214 61.4232 54.5035 57.9735 55.1556 73.0435 83.6055 74.1058 68.1746 88.0332 102.929 86.4113 100.874 42.5012 43.1894 43.8078 42.9838 32.227 61.1936 25.6576 84.4511 70.7202 25.1589 38.0569 23.1915 74.2636 80.2108 83.5617 34.0928 72.7809 88.151 112.638 60.3787 79.851 48.9977 91.8668 64.2975 90.1439 61.3792 62.4139 96.4583 25.6106 65.6443 74.5669 84.2988 7.54879 69.0388 18.0154 73.6689 75.531 99.6017 85.6098 69.3859 101.759 98.602 48.2057 63.1389
47.3939 44.2401 47.6734 53.2183 47.8879 47.2058 64.02 66.0315 63.0909 62.7251 62.913 65.7829 69.8029 64.4767 72.5698 79.9521 71.6406 69.9559 75.6494 82.227 88.9183 86.9085 52.8101 54.8304 52.9235 53.5037 62.335 60.0406 57.0867 57.4199 5.77443 4.92433 5.07613 5.39274 1.37785 0 1.27262 2.67111 76.9506 86.0509 79.7612 84.0696 76.1386 82.7604 84.1954 81.4022 11.4625 10.9196 11.0668 10.3027 16.621 15.506 16.8768 17.39 22.9659 21.6671 18.4473 22.0116 55.6412 59.8131 57.8104 55.3599 64.8257 57.9412 63.0331 65.9154 104.601 115.932 94.5218 95.8431 15.6978 14.9789 64.2211 64.783 79.0159 77.8417 97.6952 101.99 79.7549 83.1463 25.0429 27.6956 83.217 90.4944 36.1372 63.2024 57.6619 56.0129 57.8847 57.5406 86.6611 89.4149 89.7052 101.106 84.564 76.5606 80.9982 78.1079 45.7001 47.1463 44.3207 45.0851 18.9355 18.8652 17.2537 17.4949 31.9549 39.3788 37.8259 35.6472 3.88336 3.53628 5.23188 4.59498 75.2637 77.4814 77.1352 81.184 56.5063 58.5758 54.5846 61.2377 76.3647 77.2589 82.4462 70.148 95.1451 101.795 99.5206 91.8194 45.6477 43.2038 45.3297 49.2451 33.0528 59.8286 23.8058 75.1392 78.1627 26.5282 41.3475 29.3141 68.4775 79.2627 96.5598 35.7866 73.5324 77.2455 115.785 61.6331 66.6939 45.0129 84.7769 66.9243 76.8127 56.8341 69.5664 97.6671 25.1736 70.2575 69.4952 85.6633 7.44915 72.734 21.1045 73.1301 74.128 94.1418 85.1455 61.9996 101.598 101.592 51.4765 68.5792
51.8 51.734 52.4912 49.6977 51.5361 55.0964 64.1741 58.199 66.1637 60.7154 75.6782 68.145 71.3838 67.3322 83.0446 78.8153 70.4227 70.4462 86.1343 87.3187 80.8339 82.7188 53.6165 53.8859 51.9545 54.1857 56.6226 56.6516 60.7064 62.1695 5.51216 5.79606 5.89817 5.35527 2.76166 1.27262 0 1.38493 84.6711 87.1944 86.1993 79.7014 77.2169 87.7547 85.2443 81.1574 11.3004 11.2462 10.129 11.4918 17.4447 17.618 16.8005 16.071 23.7437 25.5559 21.1228 21.8492 59.8103 56.5341 53.1488 58.6527 64.8409 64.0764 55.8879 59.4008 110.487 107.093 107.051 112.157 15.2184 15.9547 63.8263 73.1403 71.405 68.6001 86.5571 102.805 81.5098 77.2501 23.8702 27.0226 93.4402 86.9377 36.7725 62.4036 57.8771 64.8793 52.701 58.2035 101.543 88.8984 99.0451 95.4467 87.4397 84.1698 81.5008 90.7585 39.1627 43.5732 41.9828 42.419 19.1217 19.5198 17.7236 17.5949 34.2867 35.9923 34.7048 39.3724 2.98733 2.8102 4.00924 3.66379 77.11 77.6923 80.0068 84.8813 56.7009 62.5865 54 56.6342 83.402 82.9545 79.1297 78.6721 91.246 89.706 86.1864 99.7525 50.1183 51.4699 50.9118 46.7521 34.1485 63.0623 25.0941 80.461 73.0515 23.7546 36.6527 26.5998 64.2843 77.9493 87.8071 41.2527 73.3194 79.6441 116.12 57.0368 76.8741 44.6671 83.8242 59.4877 81.1753 65.0998 60.0372 98.4755 25.1524 71.9307 80.3431 82.5019 8.68394 75.078 22.2167 66.7658 80.6594 93.4209 82.5998 63.0887 97.4877 102.671 54.9412 69.2958
49.1924 46.5639 46.8088 53.9774 52.1396 48.9674 67.769 69.7727 63.5038 59.8358 64.4882 69.8611 63.3571 74.1843 73.0732 75.8581 71.4277 79.1762 77.1717 78.293 77.1652 75.8335 53.5462 47.9365 48.7751 56.0933 56.3576 58.3344 60.3156 57.2662 6.20331 6.40648 5.46822 5.59976 3.88066 2.67111 1.38493 0 85.8752 87.3398 72.4714 79.2622 84.9179 81.4942 76.451 79.8059 13.0774 10.8889 11.151 11.2369 15.9263 16.8394 16.1205 16.8364 24.5352 25.0021 20.4959 23.0958 54.2572 65.3029 51.9762 59.7188 62.2929 62.5597 61.1293 64.3958 110.64 114.437 108.777 95.4634 15.9485 15.9218 62.5481 72.894 76.9162 76.1594 98.5384 102.352 82.388 82.9849 22.3881 24.2966 84.5676 91.7402 36.8306 60.0311 62.2764 56.496 55.604 56.0282 92.4825 102.403 103.505 88.0923 78.0163 86.7071 79.4846 88.1842 47.6035 46.93 44.5077 40.9641 17.7967 20.2551 18.1689 18.8679 37.4443 39.0784 34.7749 35.5133 2.71038 1.72769 3.20068 2.52427 80.4422 84.9381 86.0233 84.0374 61.4078 60.1002 63.5271 57.9155 76.8924 86.5031 84.8619 83.9227 102.735 88.477 88.5967 93.0885 45.485 44.5537 48.9245 46.4013 40.8669 65.3794 29.5037 73.72 80.7882 23.1658 39.3779 26.7531 76.447 82.2251 101.206 35.9139 66.09 88.4406 127.401 56.1206 67.5047 47.5612 83.185 58.5809 88.9706 58.3134 59.2082 103.197 27.9509 72.8112 74.1022 84.7585 10.1124 73.476 21.544 68.5584 80.4127 103.74 82.1727 68.531 104.581 99.3959 56.0021 73.3114
41.9557 35.6839 35.204 39.6629 40.1224 34.7626 41.5836 43.2624 41.2753 48.0219 36.0519 41.2699 41.8993 47.5728 43.4419 47.5827 49.7902 46.7466 45.4597 45.3861 50.1641 52.3693 56.0537 54.7396 49.9143 59.1322 47.2246 53.1726 50.4196 48.5303 90.2568 80.8452 86.9901 93.4725 80.1295 76.9506 84.6711 85.8752 0 1.15861 2.31098 4.14708 4.9035 5.25379 6.48696 6.17964 66.8341 63.3508 67.1479 72.5676 65.53 67.6457 62.6187 64.8988 60.1419 69.0679 72.6967 64.7367 22.7885 21.2968 25.2798 22.6622 31.7875 29.6584 35.6039 33.6193 23.691 24.6419 22.787 23.3127 74.7453 73.2647 51.7144 49.7748 51.2274 47.7185 17.9281 20.0522 79.1081 73.3046 53.7195 58.8082 10.505 59.4006 50.3702 20.1078 27.1334 25.4092 28.9568 24.2855 18.4534 21.217 19.85 17.2337 16.351 15.9318 17.0349 16.457 38.7743 37.0189 37.2569 39.5808 60.6036 57.4495 65.6428 64.2131 47.1494 49.3766 47.8915 49.6722 87.83 85.9203 82.5555 81.4481 5.13694 4.37429 4.1716 3.41887 27.3846 30.1195 29.1983 27.2163 73.6294 72.6954 71.1479 74.2131 17.596 21.7289 17.198 19.7977 37.2943 32.4085 32.6209 33.3227 56.0443 54.9674 60.0175 39.1802 32.8846 61.3612 37.0746 75.6851 43.8611 13.6219 33.6851 68.3212 56.098 42.7295 35.9364 32.833 31.0102 48.4335 47.0081 60.37 44.7248 25.5239 17.0881 23.1328 60.1248 51.3099 58.4095 53.4717 72.0177 29.0962 67.0689 26.9455 65.0267 16.6132 61.0049 15.5629 32.0047 32.8287 46.3187 26.9486
38.7042 36.3556 37.9761 36.2375 35.4393 36.3952 36.5383 39.6033 42.182 42.4092 40.2905 38.101 42.9379 44.5842 42.1793 41.4237 41.4815 42.0639 40.3478 42.4115 45.249 51.1167 47.0793 46.1687 57.2975 56.7895 48.4416 49.5154 46.5597 55.752 87.6486 78.8273 91.8394 86.1782 80.7047 86.0509 87.1944 87.3398 1.15861 0 1.29014 2.30344 5.6765 5.76661 5.62338 6.18835 66.6121 62.5882 71.4605 70.3015 59.1531 63.0724 71.257 65.337 60.4046 67.7514 71.394 63.6334 24.1608 21.4956 22.1929 23.4214 35.7778 32.2789 36.7636 30.5556 22.4228 27.2672 22.4176 24.0639 71.3833 81.4812 49.5835 51.324 54.1563 46.9046 19.1005 19.2321 82.0386 78.3007 59.9962 53.7125 12.4453 64.3957 43.7404 20.3851 26.126 26.226 23.6854 26.7655 19.2659 21.9568 20.627 18.7898 19.0924 17.8694 16.6422 17.4704 39.0276 36.5723 38.5642 37.256 62.9386 56.3601 61.4539 57.3405 49.9899 45.174 50.1605 48.6735 75.2626 78.7665 87.5348 82.6343 5.77818 5.56868 4.77454 4.66922 32.9766 31.9014 32.9156 27.996 75.6729 75.8523 69.5318 70.0852 21.1576 21.0144 19.2298 21.7924 36.274 32.7486 35.2244 29.9496 58.0073 61.7443 63.1735 44.886 29.0853 53.7873 39.7106 76.5047 44.4866 11.4577 31.5111 61.7462 58.7388 49.4685 42.2524 32.2224 32.3942 42.8628 50.0111 60.7535 44.6527 25.587 18.0657 24.1709 53.8746 53.9185 58.5822 50.0827 70.4232 28.2522 70.408 30.7789 60.7587 16.9961 66.6676 14.8232 37.4265 32.4411 48.5159 26.3587
34.8578 35.729 37.1299 36.3685 37.1808 32.0406 39.2648 35.6211 36.1529 38.482 36.6272 40.639 42.4687 44.3799 37.4319 45.6228 40.8856 41.889 44.2227 46.3245 41.3108 42.4473 46.1452 47.405 47.3714 50.8848 42.9367 48.0984 48.5026 48.7858 76.3495 85.3778 91.3597 83.1557 75.1872 79.7612 86.1993 72.4714 2.31098 1.29014 0 1.37541 5.62703 5.98515 5.48473 5.11943 66.2139 73.6764 70.8791 75.8969 57.9036 63.2037 69.569 60.7494 60.1075 68.0339 60.6326 59.007 20.8494 19.6073 21.4764 21.1133 33.5384 31.1539 35.4109 35.0264 23.7414 26.6934 24.0128 27.102 70.7416 74.9283 52.502 49.3665 49.6758 50.7014 18.4782 18.3854 87.3453 85.3911 56.9826 52.2508 13.2796 58.1362 48.1925 20.7694 25.5194 23.4656 25.5867 26.2993 22.2458 22.7351 20.1774 22.3812 17.6236 20.253 17.5532 19.5194 34.6833 32.42 35.9302 38.2318 57.839 59.0725 64.0877 54.7958 50.7299 42.2645 45.4547 43.2794 77.6801 87.0343 90.7459 74.5451 7.22153 6.68099 6.18534 5.30013 28.1811 31.866 30.0572 28.35 65.2347 63.2252 71.1154 66.572 21.9681 22.6098 20.6704 19.7736 32.5744 30.9615 36.3726 29.8344 55.2321 60.6169 59.6381 42.5275 28.886 56.2524 40.2224 69.696 36.5459 11.6653 31.9969 70.7011 56.7388 48.2641 39.7363 36.0001 28.7244 44.1249 45.2132 67.9543 45.1547 21.7863 17.2463 25.7922 58.4388 46.7653 58.8085 51.4593 72.7156 30.3515 63.7392 33.6374 56.1628 19.811 66.399 13.7077 37.5116 32.2873 49.476 23.1316
37.6643 34.5917 32.7559 31.7513 32.7046 32.4126 38.6418 37.1932 38.9591 39.9483 32.9766 37.8795 41.571 43.7272 36.9631 44.1811 45.041 46.5809 39.6358 41.17 41.8642 43.5837 42.9863 48.8402 52.7313 53.5239 43.4966 47.1674 45.9245 48.1175 75.5705 75.095 87.8296 76.3298 77.5711 84.0696 79.7014 79.2622 4.14708 2.30344 1.37541 0 6.70692 5.98072 5.16277 5.07254 64.1696 67.5498 65.0722 68.772 60.8715 63.0351 67.0671 67.4015 62.7387 65.3884 63.9061 66.7533 20.3278 21.4255 20.7104 19.5827 37.1557 33.5936 31.8531 34.2524 24.2451 30.9322 23.6793 28.2331 77.7307 68.9316 52.1626 54.0449 52.4628 49.3963 15.8496 20.0353 75.3363 74.1078 57.7619 55.7189 12.292 54.5256 44.4064 18.9312 21.0319 24.0705 22.6308 25.5265 21.9373 24.0968 19.793 21.2521 21.5173 21.2947 17.8575 20.2929 38.9715 35.2795 33.1 39.0333 59.8695 55.092 62.484 55.8693 46.8944 48.6428 42.4552 48.7127 86.8877 76.6701 77.7357 75.0914 7.23731 8.0309 7.7128 6.47735 28.1888 27.985 31.5262 32.0708 71.6288 73.3264 70.0777 67.5999 23.9827 24.0318 23.8681 24.7044 31.4879 29.5629 32.8505 29.7026 49.4275 52.9371 53.1504 42.1387 30.7349 56.2923 36.9264 70.0089 35.4767 11.6255 35.4132 69.535 53.5607 51.2021 41.7914 33.9658 32.5853 44.8738 50.2718 63.4259 44.116 24.0708 17.8168 29.504 57.8792 54.3138 57.5776 51.4749 74.3443 28.5597 69.8822 33.1507 63.7643 22.0588 71.2039 11.7492 40.6186 36.9727 51.3846 21.2481
43.4923 40.6761 39.3335 43.9085 42.9956 36.6258 39.7988 45.6476 43.08 47.4371 38.6143 44.5155 39.0466 40.2918 40.7366 43.4497 43.863 45.5364 39.1163 40.8289 42.7413 43.2013 49.7006 58.4347 52.4157 60.2875 53.4047 54.1086 56.9012 57.3955 90.3879 95.9428 88.6269 87.6029 77.0242 76.1386 77.2169 84.9179 4.9035 5.6765 5.62703 6.70692 0 1.17355 2.37048 3.46698 66.9471 79.8375 70.4095 70.3144 74.1374 66.5659 75.2067 66.3517 71.9818 72.8723 68.6661 64.1487 29.118 25.4856 28.7609 25.6703 37.7974 37.1272 38.273 39.5238 20.1382 19.829 18.5977 19.3584 75.5538 77.0508 53.6252 56.7286 49.6242 46.5984 13.7608 14.9189 92.1583 88.1939 59.9653 53.1775 6.60887 59.0205 53.2543 23.8589 28.5694 26.1782 32.4082 27.4954 20.3563 18.3448 19.5578 19.3254 20.5004 18.9996 17.3181 17.256 41.2236 41.3784 41.3618 42.9134 68.8435 68.1797 63.3945 69.9629 52.9569 48.336 54.741 53.1354 84.6429 95.1616 89.6531 95.0547 10.2294 8.42453 8.76139 8.58613 35.3272 35.7745 33.57 36.1401 79.1745 74.7572 75.4016 77.2461 18.9855 17.9863 16.7405 16.6097 41.9311 41.567 35.5445 37.066 59.2837 68.0681 65.8713 41.4663 33.1705 65.8769 41.7784 80.2801 39.5354 9.82199 35.702 68.368 60.718 46.1402 34.536 42.6704 33.8423 49.3374 51.88 71.3653 44.5063 31.939 23.3869 25.3052 60.7144 56.2666 58.8851 49.1898 75.808 33.0849 81.6279 31.5928 70.8781 14.9328 66.485 18.2498 36.16 33.5876 55.5204 27.2724
40.2412 43.1316 36.1659 40.1077 42.0284 33.4204 43.0172 37.1038 43.9343 47.0055 35.8906 37.3673 45.2941 44.8723 38.1087 42.2666 44.8955 43.4596 43.7806 46.4975 40.3286 49.3882 49.5449 57.7867 54.6604 57.5138 47.7323 53.0165 47.8953 48.8202 87.6843 86.7035 95.1249 86.5834 86.5824 82.7604 87.7547 81.4942 5.25379 5.76661 5.98515 5.98072 1.17355 0 1.14978 2.76286 68.2077 76.8808 74.5997 69.2704 70.9797 64.2391 68.3204 67.8973 68.8026 70.9514 76.889 63.0925 29.2434 27.6893 29.2159 25.8936 42.5476 39.7686 38.0604 37.6292 19.5363 21.4334 18.1602 19.5167 78.748 75.0809 56.5853 54.4391 48.8104 49.8658 13.421 15.0007 86.0546 84.2676 64.663 54.3975 7.6629 52.6142 52.5841 25.1936 25.7438 27.3296 26.4493 30.3449 20.8707 19.587 17.8186 21.3278 20.5226 19.0491 21.936 19.7006 37.8758 44.5226 39.0019 38.4484 66.9348 68.7814 68.1916 59.9771 53.1086 46.2618 46.9031 51.2149 83.4587 81.2146 86.3256 79.7891 11.0402 10.0891 9.32503 8.43583 32.9599 31.9353 35.912 33.0626 69.271 74.1726 68.7547 75.5686 20.6798 19.6932 19.6179 20.9434 41.5299 39.6058 36.2013 37.8249 64.6863 57.188 68.1958 36.4098 31.0715 67.7445 45.381 79.7634 40.0339 10.2487 34.6706 75.6969 60.8485 52.3161 38.0962 38.0373 34.6123 46.8362 57.5636 72.0074 38.7615 28.7424 25.8228 27.1775 57.7474 55.3306 55.651 56.6932 76.1125 32.8491 80.5071 33.8 61.5262 13.3031 65.3353 16.9159 35.4621 37.2832 52.6911 23.029
36.9775 35.4218 40.3472 36.2771 41.4228 37.7036 35.3706 43.2438 37.2785 40.9518 38.6207 36.4031 38.2212 39.4293 36.1318 41.3783 46.7238 47.6662 44.1826 38.2391 42.3583 40.3358 52.9076 51.7801 48.8769 55.7526 52.9767 51.0825 49.3596 47.341 83.2902 91.3112 81.1949 81.0022 77.3156 84.1954 85.2443 76.451 6.48696 5.62338 5.48473 5.16277 2.37048 1.14978 0 1.15217 65.2287 75.9538 67.6609 70.4771 73.0178 72.0806 70.7371 65.1952 71.0774 66.1115 75.0585 73.0833 27.8717 23.4111 29.4135 27.8104 39.6945 36.8064 37.327 37.7279 19.8188 24.8025 18.3295 21.0969 88.4966 74.3873 51.6499 54.2068 50.7517 49.4426 11.2841 15.7152 89.4569 88.8046 59.2839 52.1458 9.78613 53.9013 48.325 20.1493 25.3595 27.0593 26.251 28.7499 21.2249 21.0874 19.5014 22.7181 21.5367 20.0725 21.6359 22.082 42.738 43.7381 42.0341 37.1098 59.9476 65.8204 67.279 62.3993 48.1229 50.9496 51.1476 46.6497 91.3769 79.3231 81.6634 86.5023 10.0334 9.25395 10.7755 9.79428 34.5647 33.5078 38.9434 36.1365 71.7126 70.6587 81.589 72.779 21.2255 20.4367 20.232 20.0457 37.9354 37.4792 41.2463 36.8602 53.7452 57.2436 61.8455 37.2477 30.003 63.337 39.6596 80.7805 37.6439 7.6171 38.7308 69.3515 58.2615 52.8936 39.0323 43.9471 30.8189 48.6025 54.7514 78.5594 38.2594 28.4556 25.2623 29.071 64.5918 53.7816 55.7792 58.1837 75.8284 32.5472 77.6235 38.959 70.8236 16.1377 71.0211 16.13 37.1239 36.356 60.43 21.6135
38.7064 35.7122 37.0135 36.7891 40.5002 33.4516 39.8591 40.9453 36.1336 42.2222 37.8804 40.0707 36.7733 41.557 35.6309 37.0248 44.2573 38.3463 36.5942 41.6156 42.3035 44.1075 47.7744 53.2697 47.4066 52.7216 50.6944 43.7128 52.237 47.0411 88.3935 81.7088 86.3953 85.3753 85.707 81.4022 81.1574 79.8059 6.17964 6.18835 5.11943 5.07254 3.46698 2.76286 1.15217 0 68.5143 66.616 66.7987 70.8454 70.8983 68.7907 72.0885 62.8734 66.4066 71.248 72.311 61.6788 28.3824 24.7398 28.729 27.1305 44.1454 42.1276 42.1634 39.2182 23.0198 25.769 19.835 22.5237 76.5001 74.9998 50.5763 55.3274 48.0021 47.8481 11.1934 14.7467 89.3062 85.585 56.0459 57.7848 10.4496 50.5971 50.2712 21.3098 25.8572 26.4115 29.0933 27.3777 23.4993 23.7476 23.6575 21.1886 21.6075 20.8554 21.0968 23.5148 40.6044 39.465 44.9385 41.1111 65.2863 65.708 60.018 61.6216 47.1811 47.393 52.0318 49.4889 94.347 86.9113 86.3392 84.8608 12.6461 11.0597 10.8564 10.4304 33.929 32.6513 34.813 35.2033 82.1407 73.5139 71.6337 71.9675 20.6534 24.5971 23.505 20.095 35.2617 38.8068 36.4262 39.362 60.2476 58.3061 59.1733 34.1368 26.2522 64.9608 42.8718 76.6521 38.2345 7.26604 41.5397 70.0991 60.6517 50.767 38.0689 41.9805 31.2259 47.2171 49.0884 73.6116 35.1994 31.0941 21.5695 25.8867 63.8318 50.6087 62.8611 52.0069 72.6689 32.6532 77.1863 35.2507 65.4148 17.4929 68.5009 14.1033 42.264 38.5741 58.5006 23.1328
37.8254 38.3591 40.6487 39.0729 32.7966 37.0616 54.6561 50.6358 49.5 55.9168 55.5462 62.9005 55.4286 59.5288 70.2747 69.5675 67.8377 60.118 65.4904 73.2589 68.3247 71.701 38.5635 40.8264 46.1058 40.3924 43.8215 47.1872 50.4454 49.1239 17.4605 16.3375 18.3168 18.0587 10.9538 11.4625 11.3004 13.0774 66.8341 66.6121 66.2139 64.1696 66.9471 68.2077 65.2287 68.5143 0 1.3196 2.61115 3.68282 5.68303 6.03087 5.53088 6.52775 18.8037 18.2672 17.217 16.7113 47.1754 48.7499 42.264 41.4141 55.4788 49.2798 55.0653 53.3268 100.197 85.5605 97.1754 94.3388 19.9452 17.0604 52.9035 52.2627 57.2993 60.5009 82.342 85.6978 69.67 69.3544 12.2494 13.8263 73.9242 72.6876 29.3845 53.7707 46.1949 46.8632 47.3488 42.9321 77.7199 81.8702 82.1218 84.8811 75.3386 72.5162 73.3003 81.0383 34.5358 33.3955 31.6268 29.2529 6.52257 7.88717 5.75781 7.26277 22.2994 26.7223 25.5701 24.3596 14.1546 14.2726 16.031 15.2697 60.8531 71.3484 72.3341 65.1087 46.1591 55.6446 49.3776 51.4263 68.6481 72.495 68.0257 70.9479 82.9957 77.6211 90.1279 87.5179 39.1415 36.339 36.3968 32.6266 32.1738 56.2055 17.7985 69.6405 64.3347 15.654 28.9062 29.4549 58.3269 71.3362 83.8561 33.7843 69.2956 76.9728 113.324 49.4454 65.1848 35.936 88.6027 59.3163 68.4476 50.9036 56.2541 87.7581 18.5158 56.1245 67.7642 77.1297 4.36502 63.4907 19.8597 61.9627 75.5256 95.0941 76.9467 51.7174 85.8109 81.7331 47.9428 60.4046
40.9435 35.46 35.5992 36.5288 35.679 43.2152 48.0638 55.3123 53.2703 57.3247 59.8 62.0742 61.4234 60.9402 61.372 64.8358 60.1564 66.0646 75.1536 66.7118 74.2234 69.8135 39.9992 43.3406 44.693 44.0095 46.4064 46.8592 49.7473 47.0106 14.7903 15.5543 15.366 17.8103 11.3331 10.9196 11.2462 10.8889 63.3508 62.5882 73.6764 67.5498 79.8375 76.8808 75.9538 66.616 1.3196 0 1.20044 2.7017 6.04394 5.13917 5.14088 5.83166 20.6915 19.6731 17.8135 15.9826 46.1696 50.4797 45.1021 48.2134 53.0256 57.8161 55.9759 55.2118 96.0859 97.2362 88.1398 95.152 17.0666 17.6479 57.3225 60.4044 63.1436 60.4998 84.8577 79.6227 69.2015 75.9187 13.3565 14.4813 79.8837 69.345 26.3614 56.1026 44.6845 46.3129 43.4387 51.8814 76.3774 89.194 88.4668 81.9554 78.765 70.5051 69.7842 75.217 33.7428 32.7159 31.2757 34.7337 7.32476 7.48436 7.07228 6.7697 23.4565 24.336 22.007 22.4094 15.7941 13.4913 15.1055 14.6011 64.5507 73.1845 72.6439 69.5786 48.8944 49.6559 48.3748 54.1888 74.4577 72.6695 73.5918 72.1721 82.139 91.6867 90.6741 81.6037 39.8565 33.9419 35.6799 36.1753 32.392 55.6584 18.8673 69.7084 65.4066 14.1238 26.7472 25.9113 63.2318 68.1059 84.1784 38.6731 69.6998 79.6288 113.472 46.6934 59.5985 42.2848 87.1934 62.255 66.2087 47.1874 49.3496 87.7805 19.6051 60.3973 71.1219 71.9499 4.32957 65.0948 21.2212 62.3966 75.3588 90.1463 79.2832 53.1112 87.9369 85.2497 47.921 54.6109
37.6474 35.9414 39.2914 36.7092 37.8578 40.4753 56.475 52.0661 51.8528 52.05 57.8562 53.4605 56.7741 56.6668 66.9977 67.7462 68.3293 67.3232 65.2226 71.7509 76.9561 75.3942 44.3216 42.9039 38.1738 44.9399 51.0431 44.5853 49.3134 45.8162 15.0592 14.7971 16.3513 17.0771 10.0762 11.0668 10.129 11.151 67.1479 71.4605 70.8791 65.0722 70.4095 74.5997 67.6609 66.7987 2.61115 1.20044 0 1.22516 6.41878 5.15956 4.98037 5.61225 23.2295 19.7655 17.8822 18.4832 42.0328 44.449 49.0295 50.6593 55.4402 52.411 54.1307 57.0947 99.7774 86.9092 89.2477 103.118 19.6669 18.6951 55.8648 60.9101 57.6999 58.8329 80.5561 82.6734 72.0465 73.5074 16.2984 14.89 85.1528 78.5572 29.7178 49.358 48.3256 47.3889 44.6599 52.0544 80.4273 84.2323 91.4347 86.4683 78.1212 70.9277 81.9385 78.918 36.7847 35.177 34.2575 32.7232 8.76059 9.2306 7.05692 7.97412 24.3113 26.8536 23.1694 23.5684 14.6154 13.8981 14.1585 12.8673 69.4024 74.591 66.5098 69.7519 56.1622 51.9819 53.7472 50.7085 74.1605 71.9946 82.5769 80.4513 88.3532 91.6257 85.1701 93.0267 39.8288 35.5494 33.6264 34.3323 33.1004 62.622 18.3816 75.8009 69.1309 15.5373 32.2321 28.2781 60.5393 75.1236 85.7051 39.1515 66.126 78.1204 98.1589 51.2519 64.5313 39.7102 84.3272 64.0142 67.4983 52.4235 55.5546 81.0519 20.5019 67.7629 76.29 79.1189 5.53514 59.3263 22.645 58.9261 69.2761 83.0218 72.0315 56.1969 97.5395 87.76 45.8532 55.2361
36.1265 35.3505 35.9626 41.1608 36.1664 38.0618 57.7874 53.6758 53.8254 51.495 56.8634 59.5537 61.7593 58.6666 66.0067 61.9893 61.9737 60.2593 70.0318 69.9721 72.8121 69.3468 40.5284 39.6638 44.3012 38.8477 50.1296 49.9264 50.214 42.2587 14.6341 15.0341 15.6041 16.0936 10.5945 10.3027 11.4918 11.2369 72.5676 70.3015 75.8969 68.772 70.3144 69.2704 70.4771 70.8454 3.68282 2.7017 1.22516 0 6.0641 6.00292 5.64495 5.24018 24.557 20.4565 21.8278 20.8662 49.6398 50.1616 48.9153 50.1409 59.0715 54.9643 55.5923 52.5887 88.5791 100.157 95.2694 93.9284 21.7821 17.3771 52.4113 60.1366 58.0075 60.3692 87.2964 79.7204 84.3031 71.7829 14.8404 18.1403 79.0132 79.2573 27.3688 54.9392 48.1666 52.3151 51.8565 52.6211 93.6925 89.3498 76.6014 82.098 79.606 83.2093 79.755 72.7314 32.486 34.3769 33.8963 37.5043 10.1488 9.9714 9.03517 9.30224 25.1225 24.1752 22.3794 23.0011 14.1722 12.5314 14.1541 12.1383 66.9659 73.8488 65.1168 70.9989 57.8298 57.3828 57.261 58.6622 75.9636 73.3877 69.2762 72.8258 91.8008 80.5979 93.5395 94.565 37.2875 40.3967 36.9041 40.7456 35.4121 62.9764 21.5476 63.6954 70.8206 14.5211 29.1239 27.779 65.9703 67.5537 86.1335 37.5603 69.9457 89.1241 104.487 53.4199 56.8953 44.0422 91.7994 65.7584 73.7759 51.6776 51.3363 86.6298 21.6849 65.0946 67.8459 71.7663 6.68086 62.8647 26.0907 63.0222 68.5239 86.4236 72.468 62.1264 94.7954 90.8873 46.2872 62.5787
30.6493 34.1619 35.7523 35.0244 31.5757 38.047 50.4178 46.4407 45.9072 47.5806 52.1751 53.8694 53.9957 51.8722 59.6109 62.5298 60.9637 56.7792 67.3822 58.3786 67.2693 61.7231 39.2076 36.8934 37.9133 36.2483 37.7298 42.3535 44.8217 41.0545 23.5638 23.9588 20.3887 20.9581 17.053 16.621 17.4447 15.9263 65.53 59.1531 57.9036 60.8715 74.1374 70.9797 73.0178 70.8983 5.68303 6.04394 6.41878 6.0641 0 1.27276 2.5965 3.84531 20.3543 21.2677 19.8342 18.8192 41.8986 43.5874 39.4093 43.4075 51.7788 56.1185 52.1526 52.6576 94.2529 88.9546 78.4495 92.11 22.3348 21.2587 49.5453 50.5082 60.1838 58.7862 69.1563 81.097 75.5037 75.7742 10.2366 11.9405 70.7242 64.6003 22.2318 46.4842 43.1807 42.0688 41.7133 40.0583 84.366 77.6151 79.0589 79.2099 72.311 75.2991 75.2882 69.1986 28.0504 26.4575 27.6105 26.6773 3.78541 4.03202 2.95158 2.8652 19.376 20.3466 16.9929 20.9432 18.7564 17.6804 19.3548 17.5194 58.8193 63.6843 58.8355 60.7741 51.1412 45.1095 51.2179 48.5471 71.0236 66.8553 78.6963 78.2254 76.6681 86.4503 73.1253 84.0917 33.1261 36.0437 28.6929 32.0195 28.9717 53.6091 16.9121 64.319 62.357 9.19073 25.0655 30.0714 58.5957 66.8469 72.4717 36.8808 69.6661 82.6109 108.937 42.0343 59.0006 34.7609 86.7668 56.0229 72.7144 45.9695 49.8712 86.3998 18.5515 56.3271 63.0701 67.6409 9.84418 52.7549 26.2457 60.989 65.067 90.155 69.5452 47.7195 95.3245 91.5404 42.8696 57.9538
29.5879 32.5735 33.1749 37.3428 30.1082 33.6107 43.0124 43.5163 50.077 49.0761 50.6617 49.9472 47.8978 49.2786 56.0224 62.6457 55.1239 59.87 68.0943 66.1363 66.1926 60.5228 35.9713 34.6383 33.4427 36.1175 38.3994 38.4595 42.1375 42.6712 20.7289 20.3518 23.0022 22.8143 15.1813 15.506 17.618 16.8394 67.6457 63.0724 63.2037 63.0351 66.5659 64.2391 72.0806 68.7907 6.03087 5.13917 5.15956 6.00292 1.27276 0 1.2893 2.70637 22.4492 21.1852 18.6767 17.2092 38.7411 47.0079 37.5592 38.4638 51.6294 54.2985 51.2195 52.475 89.472 96.0299 91.6711 86.417 24.4364 19.4677 51.9333 56.2506 58.5034 58.7433 81.7995 77.4014 69.9936 69.1405 11.7363 13.3177 72.2898 75.6142 23.4978 46.045 45.7301 45.9415 40.1956 40.4358 74.1989 77.1774 83.2483 72.4421 73.3488 69.4043 74.7631 67.2397 27.5475 31.5434 28.524 28.4403 4.80503 5.44246 4.06753 4.37697 16.9313 20.9721 19.7181 20.5286 18.266 19.36 18.6966 20.6582 65.7487 70.3879 60.6106 58.7111 47.2184 46.3581 52.2853 45.231 82.2963 69.2738 74.368 70.8039 81.4474 89.4171 73.7207 81.2783 32.4204 32.7744 30.5431 31.8972 30.964 58.2977 20.2993 66.7749 58.9744 8.58735 22.2488 31.3177 58.986 62.019 83.9241 36.994 64.6238 72.2887 91.837 43.6403 55.7849 40.6836 89.9863 63.3886 63.4421 47.1027 46.4697 89.358 17.3153 65.9692 69.7748 69.7358 9.12984 63.3309 26.5219 61.3834 67.9258 87.1596 69.6528 48.1019 92.3859 85.7563 50.1344 52.2284
32.8909 31.9884 30.6346 32.7597 28.6698 36.3617 46.2952 50.2682 43.9393 46.9491 53.7041 51.4653 55.8699 49.1842 54.2733 64.7189 63.3335 59.329 69.5849 62.0768 68.2664 61.7577 39.4459 37.8721 37.297 33.7487 44.2081 44.719 40.446 44.3248 21.5047 23.2394 21.1735 21.6632 16.0541 16.8768 16.8005 16.1205 62.6187 71.257 69.569 67.0671 75.2067 68.3204 70.7371 72.0885 5.53088 5.14088 4.98037 5.64495 2.5965 1.2893 0 1.33321 25.2061 23.0411 21.9806 21.3453 40.9598 41.876 38.7112 39.0108 56.0736 57.8174 49.9181 56.1839 98.3646 97.5154 93.6982 82.0156 21.9835 20.5689 53.6459 52.5737 52.6793 57.1061 74.9043 77.5183 80.9679 73.4115 13.664 14.4461 83.2133 76.5276 23.706 46.7388 42.0168 40.9059 43.3083 44.0662 84.5166 88.4823 83.2379 81.8371 79.1336 69.2667 65.3359 67.0643 28.0822 31.8996 26.458 29.3792 6.79485 6.747 5.30021 5.35447 18.183 21.2994 20.2661 21.5116 19.0419 16.3339 17.5132 20.1703 59.0138 71.8025 67.443 61.5887 49.4163 50.6169 50.6775 52.6655 74.8292 70.2236 83.3187 82.4348 76.4395 79.5468 85.4327 88.8448 33.8016 33.8163 31.5371 31.2474 32.9652 54.6669 18.9245 65.4555 58.9364 9.16385 22.8546 36.1148 52.1623 71.433 86.165 40.2108 73.1522 71.519 108.238 45.4739 56.054 39.9539 88.1981 58.9879 61.2574 52.717 49.8497 81.1961 18.5821 59.1936 75.8268 77.4593 9.98881 55.239 24.4951 63.6753 76.2436 78.8927 73.2128 52.9942 82.3567 81.6602 50.2016 59.6588
31.066 33.1416 32.416 32.4376 29.6032 33.9597 52.0899 46.2822 45.9426 44.4478 53.9712 53.3771 56.0904 53.1633 62.6682 57.9205 55.4788 64.4955 65.0391 66.6566 58.391 59.8042 33.3797 36.187 37.7762 36.158 39.7105 42.2294 40.4189 38.2039 19.8735 20.4838 19.7174 19.8522 16.1845 17.39 16.071 16.8364 64.8988 65.337 60.7494 67.4015 66.3517 67.8973 65.1952 62.8734 6.52775 5.83166 5.61225 5.24018 3.84531 2.70637 1.33321 0 25.1565 25.646 20.2139 23.1124 42.7027 44.3692 44.0019 42.0024 54.5421 54.902 53.3608 51.2282 85.5354 96.6709 88.9616 90.9258 26.8925 21.2279 50.6822 52.3084 52.7101 59.3747 80.3661 85.4271 75.1391 71.6991 14.8613 13.7669 81.8454 76.1034 21.713 44.5578 41.9785 39.8163 38.6436 40.2604 83.2655 80.5496 73.6192 83.4642 74.6053 74.4012 71.529 66.5866 31.4798 30.0153 28.662 33.2816 7.31178 7.45882 6.22415 6.86608 20.4754 21.51 19.3791 21.0241 20.1164 17.5967 18.3224 16.7334 63.9543 71.2506 61.5927 67.1379 48.9169 56.409 51.3145 50.2662 77.4234 70.7848 71.2371 72.6336 79.0956 92.8903 81.0886 87.9501 37.8041 37.7079 31.6646 34.9926 31.2717 53.0776 22.7535 66.4338 57.4769 9.1597 23.9251 31.4322 54.0846 72.6723 76.5602 38.7369 74.1839 87.4994 107.367 49.7546 60.0883 42.0371 77.2124 62.7009 61.4922 49.3113 53.865 81.629 19.7697 59.8427 74.1953 71.8495 10.6502 57.2079 28.2696 64.7022 81.2143 91.8002 82.8211 50.6836 88.6419 92.0811 50.8789 56.5757
41.6922 45.6712 41.3982 44.4993 39.1387 42.3319 59.3457 58.6961 62.2873 58.3052 62.9386 64.5067 67.8848 68.5792 66.7238 73.9571 80.9926 77.9114 86.5954 86.2631 86.3022 75.5232 57.7465 59.6063 59.9582 58.5386 57.2975 60.79 63.8014 55.0488 22.6322 21.7521 25.059 25.4562 20.5815 22.9659 23.7437 24.5352 60.1419 60.4046 60.1075 62.7387 71.9818 68.8026 71.0774 66.4066 18.8037 20.6915 23.2295 24.557 20.3543 22.4492 25.2061 25.1565 0 2.7786 2.34017 3.5001 39.3305 45.0931 44.6784 42.0932 39.6097 46.1633 41.9908 41.6565 87.8629 86.002 85.0183 89.6067 12.2539 10.3747 72.4537 64.7652 75.4437 81.1129 83.7908 87.5151 53.6845 50.8015 15.4524 17.6097 73.6642 92.1092 32.8392 47.9279 50.7902 53.8527 47.5032 50.1839 68.6903 69.5656 72.2538 75.8946 70.7027 62.62 59.8561 71.9818 28.9593 29.0534 27.2891 29.4612 17.2754 18.0538 19.765 18.2049 35.7566 31.0933 33.3891 32.7338 24.0809 27.869 28.2258 26.9541 58.4161 64.3765 66.6878 67.8437 37.4116 39.4741 38.5663 42.2826 56.2522 53.6879 52.1748 56.2069 78.0107 81.6416 74.4258 83.6683 30.7619 30.4817 30.8469 34.4 12.8717 39.4492 8.63609 80.848 67.8902 28.0317 34.2056 10.9087 66.3223 78.6336 65.3746 16.7466 51.6285 57.5948 101.946 38.1624 68.3029 26.6702 69.0099 38.2937 80.3335 39.6602 49.254 70.7551 10.1974 42.1323 48.0223 57.5379 16.9635 47.5739 6.4733 47.9386 57.9608 83.7157 56.3031 54.5988 72.7999 73.6505 28.6119 66.1609
43.7428 44.326 40.5628 39.9298 42.5336 46.6206 62.9483 57.9046 61.7617 57.0543 69.9383 68.8254 64.0538 63.2164 72.7061 77.9264 75.7445 77.0511 73.0842 81.1276 74.236 70.4295 48.7865 52.8298 55.4578 55.6932 56.7025 57.2467 53.6634 58.0325 21.7353 27.6189 27.5638 27.5401 22.3848 21.6671 25.5559 25.0021 69.0679 67.7514 68.0339 65.3884 72.8723 70.9514 66.1115 71.248 18.2672 19.6731 19.7655 20.4565 21.2677 21.1852 23.0411 25.646 2.7786 0 3.82892 2.40113 39.8505 42.915 41.7179 43.7875 42.6763 37.3702 40.599 43.1495 80.8159 85.7644 91.7075 85.3898 13.4172 13.2187 63.3036 66.0634 73.0242 77.9445 82.3144 86.8683 50.2471 53.0034 14.6161 16.7558 80.6068 91.2007 34.7619 55.1614 41.9994 46.3982 42.9508 50.7851 77.6354 69.8484 73.3584 78.0977 60.1014 66.2559 61.1736 67.7842 26.5286 26.6012 25.2027 25.6934 17.6712 16.9273 18.2134 17.2544 27.5174 30.5587 28.2218 29.1132 29.0832 25.0796 28.9777 28.0617 55.7081 63.2866 62.1646 57.3075 42.0412 36.8549 34.7455 41.9503 53.2608 58.1751 58.1241 50.6293 74.3095 75.3478 80.6965 77.9931 31.1429 28.8764 30.3357 31.7223 11.9837 37.0547 5.42656 68.7919 62.1437 26.1328 27.4729 12.4121 71.4791 73.7923 71.8151 18.4855 47.779 62.4101 90.9769 34.847 64.4958 21.2789 66.0827 44.0083 80.4813 43.603 42.3742 72.5914 7.88364 43.9005 49.3527 53.1006 18.7899 48.6476 8.19649 53.1468 54.2704 75.8868 54.7775 55.1504 74.5089 81.8009 27.6522 60.6553
40.2189 42.3341 46.6155 46.0625 44.7101 49.8807 57.2817 62.5747 61.9988 59.2356 67.5958 63.2452 70.3208 67.4407 79.4161 67.3476 68.476 72.9847 81.5303 83.5565 80.7378 85.4304 53.3965 55.3814 57.5499 50.2505 57.5159 56.2829 61.4168 57.2532 21.8814 21.1113 24.3743 23.0833 18.2919 18.4473 21.1228 20.4959 72.6967 71.394 60.6326 63.9061 68.6661 76.889 75.0585 72.311 17.217 17.8135 17.8822 21.8278 19.8342 18.6767 21.9806 20.2139 2.34017 3.82892 0 2.72526 41.1552 45.0862 46.1696 47.4206 39.7366 42.8138 39.262 43.8825 98.0737 86.1431 82.092 87.7555 11.0182 8.95492 64.4136 63.0186 71.5851 73.44 80.0655 81.6136 59.6471 59.608 13.5355 17.5586 79.6218 80.3938 36.3988 51.8395 47.1631 51.6423 44.9139 45.4801 76.8187 80.6465 73.8667 75.2142 69.2457 62.0643 69.0633 62.8974 27.223 29.5081 27.389 27.3504 16.4007 17.0386 18.1958 17.3409 31.2337 33.6687 33.2566 32.206 26.0553 22.5492 23.1907 23.6361 66.2039 64.0832 65.1261 66.8751 44.9816 41.7088 43.8397 44.3941 57.3928 55.6935 55.742 55.99 78.1898 87.9053 74.8016 87.0185 35.2297 34.2458 33.192 33.5658 15.5403 43.8418 7.4867 71.723 75.7932 24.245 31.4993 12.0805 75.344 78.0113 68.875 19.461 52.5318 67.3725 105.962 36.3303 71.1989 24.679 71.4618 39.5056 85.0739 47.5114 53.6913 71.3476 9.69481 43.018 50.2828 60.9582 14.5163 53.7 5.93859 52.4328 54.2294 79.5633 56.0276 54.9137 78.5604 80.4076 31.933 60.5112
40.7471 41.939 41.5331 43.156 37.7718 42.0439 63.1974 57.1324 53.1016 63.16 61.8415 65.6856 65.3393 62.3146 69.2263 74.0163 66.382 77.0787 74.1655 73.0546 77.206 81.7537 53.5284 46.1648 51.032 56.8227 51.292 55.3911 60.0171 52.3613 23.629 22.288 25.785 24.5678 18.1609 22.0116 21.8492 23.0958 64.7367 63.6334 59.007 66.7533 64.1487 63.0925 73.0833 61.6788 16.7113 15.9826 18.4832 20.8662 18.8192 17.2092 21.3453 23.1124 3.5001 2.40113 2.72526 0 40.8783 43.5122 40.0164 40.5673 44.7759 39.0711 40.9479 40.7291 87.5077 94.2872 81.7893 83.7817 12.3531 11.7783 63.4238 71.2654 71.7562 71.7405 72.3948 75.4773 60.0592 59.9046 12.0093 13.8479 79.3113 90.8986 33.4431 55.3679 44.9597 47.2597 48.9524 43.6041 82.2515 80.7792 79.8043 73.4721 63.1837 67.0356 62.1335 61.9045 25.2835 30.1761 24.927 29.3059 14.6884 15.7042 16.3861 16.3131 30.639 27.6057 28.4669 27.8677 23.5177 24.837 25.605 27.6025 61.0769 63.0383 66.1755 59.6792 40.8582 41.4312 42.7371 37.0276 62.9581 57.7138 57.7991 51.9772 82.0901 75.2377 80.2433 81.8368 28.5576 30.5992 28.4997 30.433 15.6119 36.824 5.919 77.8131 69.1696 25.3434 28.5215 15.6997 70.9033 65.9649 75.8626 20.9255 45.5731 66.4889 88.8382 37.8039 62.2888 25.4326 63.6017 46.4954 75.0609 44.1901 48.843 74.2935 7.68706 42.3498 48.2896 58.8709 15.6364 52.4121 7.96828 56.0469 59.1246 81.6015 56.5681 49.7831 88.405 78.9753 32.7965 61.9505
18.6052 18.4125 19.3604 21.6904 17.4112 18.8057 33.8788 34.5531 33.8117 37.9937 36.0357 36.798 39.8418 40.4529 44.761 43.9664 43.7418 43.3194 46.6098 43.5125 43.5713 46.3083 39.5023 34.207 38.5712 38.4395 38.1619 38.1489 40.9729 43.2166 61.8414 65.117 64.7449 57.0237 56.5613 55.6412 59.8103 54.2572 22.7885 24.1608 20.8494 20.3278 29.118 29.2434 27.8717 28.3824 47.1754 46.1696 42.0328 49.6398 41.8986 38.7411 40.9598 42.7027 39.3305 39.8505 41.1552 40.8783 0 2.72685 2.35115 3.71183 24.0008 25.1508 24.5819 20.7848 47.9313 53.2138 45.7628 50.3986 50.2453 50.4941 47.4285 45.4408 43.6988 46.4405 36.6606 41.328 71.9559 64.1631 34.4983 31.4445 33.5706 55.138 23.5973 13.1897 11.7635 13.6314 13.8526 12.7022 39.8645 40.9682 36.8689 40.8813 28.7414 32.8091 27.6926 27.813 13.2783 12.6676 14.962 13.4355 42.0415 36.9443 41.7332 36.3933 27.9005 25.6136 28.5323 24.755 58.6398 58.456 55.3231 55.7223 22.4541 22.1106 23.1995 22.639 21.455 17.8788 20.5332 19.3273 64.482 57.4697 66.3665 66.8153 37.3312 40.0312 37.548 38.1526 10.0983 10.1628 12.336 9.23058 35.5227 45.7428 35.9702 43.41 35.3255 35.9746 17.3756 56.662 35.3813 31.1498 39.0198 51.9299 49.5496 52.4513 58.7203 20.6579 35.8206 29.5828 53.9202 53.7489 47.2633 11.2291 11.8114 39.4459 32.0124 37.0003 47.9398 45.419 48.2805 24.0033 45.8333 27.7396 59.9591 44.2548 64.1404 13.9807 51.6278 46.5275 36.2632 25.725
21.2374 21.4964 21.4582 18.4714 19.5822 19.8545 27.6013 33.4704 35.8828 33.0215 30.2537 34.9102 38.6387 36.8484 35.6619 43.2394 41.3589 44.7428 42.6146 45.0521 46.0634 44.2674 35.0938 35.777 38.9306 42.1377 32.9713 39.0236 37.7687 42.6097 63.3597 63.5222 62.0121 60.922 59.0667 59.8131 56.5341 65.3029 21.2968 21.4956 19.6073 21.4255 25.4856 27.6893 23.4111 24.7398 48.7499 50.4797 44.449 50.1616 43.5874 47.0079 41.876 44.3692 45.0931 42.915 45.0862 43.5122 2.72685 0 3.38402 2.37458 28.1607 23.9014 23.0407 22.0349 44.7987 51.0434 39.9092 48.4778 59.8602 54.8341 41.9326 41.3878 41.4501 46.2253 35.7634 37.9142 65.4082 75.6503 32.1965 34.2692 29.6048 53.6696 25.11 10.9008 10.9913 11.7567 12.3197 11.2383 38.6351 39.3896 37.491 37.2819 32.6412 32.5457 30.5869 29.448 15.7657 14.6466 16.2042 15.7695 39.8458 36.804 38.2712 44.2919 27.3783 26.3227 29.1232 27.4579 60.3034 64.8887 56.5923 66.2224 20.1209 20.9198 21.7767 22.2318 21.3536 21.5734 20.0705 20.9672 66.8134 60.9154 60.5264 65.094 40.3751 36.9256 38.2161 37.8135 13.8454 12.5161 12.4195 12.3678 36.5663 43.4553 41.382 41.6125 34.6128 38.4692 19.7552 53.5598 35.8974 24.2715 39.4911 49.9874 53.253 50.6549 52.7398 24.1677 31.5743 28.2195 54.4376 61.6332 41.3908 14.305 12.0555 40.3342 35.5944 41.3809 53.4311 46.0137 54.3887 27.2182 51.7983 28.1749 55.7349 43.1876 54.5651 13.0517 49.0141 51.8944 38.227 22.9231
19.3486 16.0894 17.1829 17.7633 15.2667 17.8889 31.5545 27.8327 31.2972 33.6584 35.1014 35.3848 37.3507 35.5582 43.0846 41.0265 39.5609 43.3172 43.324 39.8314 40.9061 42.8092 32.321 37.6288 33.4316 38.5324 35.7829 37.9848 35.6863 38.4233 61.0081 55.442 62.9606 60.5797 48.6095 57.8104 53.1488 51.9762 25.2798 22.1929 21.4764 20.7104 28.7609 29.2159 29.4135 28.729 42.264 45.1021 49.0295 48.9153 39.4093 37.5592 38.7112 44.0019 44.6784 41.7179 46.1696 40.0164 2.35115 3.38402 0 2.46723 28.8152 26.9011 25.7815 22.9439 49.6088 47.2134 51.7415 50.0514 50.0169 49.1903 42.9298 45.5006 40.0766 49.0357 41.0816 38.0142 71.3384 62.2109 34.5092 30.8074 39.4379 58.6329 22.6602 12.3961 10.7325 10.9625 11.386 10.5748 39.2482 44.2394 39.7932 41.4463 32.8207 31.0285 35.5647 31.2966 14.905 13.6131 15.0104 12.9382 39.1784 34.7297 35.7845 38.5126 25.0401 22.0323 25.216 25.6708 55.0247 57.2003 62.2884 60.7218 24.6802 25.6707 21.43 22.5156 21.1194 21.4732 19.7985 18.6391 58.2319 57.4561 59.6487 59.3012 45.5203 44.73 41.026 45.3262 11.1416 9.53212 10.286 9.27538 34.3359 48.4222 34.3738 45.474 30.7793 37.4703 14.9477 48.391 39.6672 28.6743 47.1868 47.6213 51.2071 49.3708 61.3718 22.3187 30.2283 27.0391 55.1708 55.8113 46.8063 15.9692 13.9654 41.3038 31.6459 41.4019 48.5095 53.5781 46.0491 25.9811 51.8376 29.1195 55.0171 41.3412 54.5305 13.0449 46.9728 48.3256 40.6723 23.518
16.1044 18.8425 19.4749 16.9154 15.1706 16.4342 30.9777 31.3128 29.7093 29.9432 33.5032 34.5973 35.2123 31.5243 39.9967 39.7688 42.1283 40.6525 42.9979 42.8805 44.1516 47.321 30.4323 37.3844 34.3784 38.1732 34.2357 34.0514 35.4253 35.684 57.8596 63.6422 58.6808 58.0409 58.5241 55.3599 58.6527 59.7188 22.6622 23.4214 21.1133 19.5827 25.6703 25.8936 27.8104 27.1305 41.4141 48.2134 50.6593 50.1409 43.4075 38.4638 39.0108 42.0024 42.0932 43.7875 47.4206 40.5673 3.71183 2.37458 2.46723 0 28.9836 25.1518 28.1913 27.3897 46.3085 51.8397 41.6176 50.3621 52.678 57.5797 43.2364 44.5004 40.7788 39.4021 34.0946 36.8801 67.304 66.8706 33.4209 28.9179 33.3632 50.6317 22.0838 9.63695 8.5365 8.48395 8.96465 10.7787 42.9963 41.6054 38.3066 35.5805 32.0309 35.3939 29.5998 29.2616 14.7212 14.6932 15.1237 15.0094 40.4954 34.6374 38.863 38.8684 25.2703 23.1408 28.4496 26.4839 66.265 54.2849 61.9238 59.775 22.9493 21.5685 21.8398 21.2965 22.8304 23.4005 22.8323 20.0621 60.6071 69.2691 70.415 64.1349 43.2262 37.559 38.1279 41.8664 12.7267 13.6985 13.3504 12.5173 33.1626 44.7427 36.5929 38.8737 29.3045 36.1184 16.0981 59.0035 31.3106 28.323 41.2099 50.5059 49.0107 54.8381 62.605 23.286 29.1832 28.5561 57.7747 52.5303 43.8471 15.9289 12.4322 46.7713 31.3155 45.1024 51.1371 48.8966 52.0404 26.5265 53.4714 31.8643 60.6057 43.3844 67.514 11.7463 51.0016 49.462 35.7612 20.6898
48.249 46.683 47.18 42.1265 45.3334 47.0684 62.0071 63.1052 57.7234 65.159 59.5718 58.7924 60.9275 60.7 68.9727 60.7119 74.6701 70.4243 65.8213 70.791 72.9458 71.0369 61.1693 58.5374 68.4586 62.2912 59.4194 60.1999 61.2374 68.6084 68.6087 58.4198 66.6925 71.3566 59.4056 64.8257 64.8409 62.2929 31.7875 35.7778 33.5384 37.1557 37.7974 42.5476 39.6945 44.1454 55.4788 53.0256 55.4402 59.0715 51.7788 51.6294 56.0736 54.5421 39.6097 42.6763 39.7366 44.7759 24.0008 28.1607 28.8152 28.9836 0 2.55506 2.324 3.76841 58.4766 54.1718 55.9408 55.0328 51.8705 49.142 68.5747 67.824 77.778 68.3312 57.4368 59.8642 45.5862 42.894 38.8199 36.1078 43.5384 90.7917 42.746 35.8798 39.3467 34.5682 40.9895 36.7449 36.0258 41.5629 37.0982 40.8211 25.4444 29.1326 29.8821 26.8136 26.7201 28.8686 29.1189 26.8761 51.0789 48.6241 50.8668 43.8093 46.2251 47.7729 42.3171 42.1458 59.6127 64.6422 67.7715 66.9771 29.7743 31.1314 28.1378 30.3628 6.03215 5.99642 7.36352 6.9982 36.8676 38.5067 36.232 33.7388 38.461 39.2463 38.6239 42.5295 24.1928 21.5545 22.91 24.0403 27.5594 22.8026 37.0522 65.96 62.4711 54.9385 34.6114 44.9322 70.0514 44.3533 30.663 35.5811 25.0972 25.5901 62.7117 5.26898 53.9045 16.1249 31.9187 32.7967 69.6561 14.8329 18.9737 37.7742 33.6352 17.0418 23.0198 21.4993 57.837 9.61167 41.9906 9.84759 30.5457 44.6569 35.5642 37.6097 37.9027 36.8424 18.7063 46.1551
46.0735 46.1134 42.0003 44.6653 41.9844 41.6889 58.3168 57.7332 58.1351 63.7427 62.7657 61.691 60.9482 61.1211 58.9101 67.0911 66.4048 68.681 73.3401 70.254 69.3425 65.5663 63.8421 54.7315 64.775 58.7049 65.0231 57.2121 59.5093 63.6127 70.7175 72.7215 63.8809 63.5538 57.0343 57.9412 64.0764 62.5597 29.6584 32.2789 31.1539 33.5936 37.1272 39.7686 36.8064 42.1276 49.2798 57.8161 52.411 54.9643 56.1185 54.2985 57.8174 54.902 46.1633 37.3702 42.8138 39.0711 25.1508 23.9014 26.9011 25.1518 2.55506 0 3.90506 2.72746 52.9292 57.762 53.4948 50.7979 52.0371 52.903 71.3956 68.2456 71.9056 73.2123 45.8656 50.642 50.5586 45.9499 42.1879 44.5245 37.9829 90.7047 45.1833 38.1086 35.1537 40.0102 35.0374 38.8247 35.7501 36.278 32.8582 35.9755 26.1834 23.7215 23.1237 25.1248 28.7109 27.9265 24.8731 27.175 47.6022 47.9301 49.62 49.133 42.378 42.3663 46.7075 48.9751 62.881 70.6418 62.7227 69.5347 25.6067 29.5336 27.0283 29.8427 4.49726 5.58073 5.97327 5.95278 39.6138 39.1539 39.7296 34.6523 39.1365 35.3498 35.3204 40.8153 20.9221 22.7806 21.5137 24.9595 31.6319 23.8705 40.1138 69.0453 52.6893 46.6982 35.8344 44.0591 61.9457 42.7687 24.5949 39.5651 23.7868 26.5589 52.1014 5.98135 51.3864 16.8496 28.3058 31.6584 67.8096 12.9196 16.0626 33.484 36.772 17.0612 25.2993 24.6915 54.7586 6.7711 44.2791 7.98065 34.2524 49.2571 36.3419 35.1405 39.8606 41.1877 21.859 50.8665
44.015 43.6118 40.966 41.6719 36.3269 40.2786 58.1252 55.0061 60.6094 63.5438 63.0829 62.1374 58.0348 66.2013 63.7104 60.471 71.3562 63.977 70.4933 71.9799 75.2691 69.6236 56.9962 58.8382 58.9818 55.3552 60.7966 62.9535 63.0199 64.2244 57.9986 58.8267 65.3042 67.8968 58.9352 63.0331 55.8879 61.1293 35.6039 36.7636 35.4109 31.8531 38.273 38.0604 37.327 42.1634 55.0653 55.9759 54.1307 55.5923 52.1526 51.2195 49.9181 53.3608 41.9908 40.599 39.262 40.9479 24.5819 23.0407 25.7815 28.1913 2.324 3.90506 0 2.70741 49.3794 58.4529 52.3355 60.9001 53.4346 50.2828 73.8786 68.6385 64.2987 70.764 47.2103 49.9805 44.4589 46.9369 41.3659 34.6928 42.2651 86.4665 42.0533 36.3126 35.8711 38.1246 36.0525 34.552 36.1104 42.394 39.4803 38.4741 28.674 30.3222 29.1305 28.343 23.7349 24.7945 26.4108 25.2454 46.0494 43.9668 43.2066 44.0644 41.5726 38.8163 39.3332 43.6463 63.8086 60.0634 70.1411 60.2541 27.0198 32.7415 27.203 32.6453 4.37408 4.79761 5.04216 5.04693 35.867 35.7677 40.8413 39.0849 42.4237 44.0139 37.4766 43.0454 19.734 21.8232 21.5721 22.7104 27.5705 23.8588 33.7595 64.2166 52.2021 48.1815 34.5597 43.923 62.0547 47.5287 30.7056 32.9036 25.69 27.1213 63.7885 2.89642 51.9119 13.7236 34.5328 35.6036 70.244 12.0503 16.2577 41.5796 34.2866 18.223 23.709 28.8718 57.0393 10.933 40.5266 12.3351 28.5886 53.6699 35.0467 36.5924 41.173 38.3965 18.237 48.6161
43.4124 43.7624 44.3241 38.7754 38.2261 40.1094 56.1945 59.0358 54.4387 61.7811 59.4302 52.1692 57.8226 64.1941 57.1374 57.777 70.3799 60.1527 69.495 71.6496 74.1293 70.4758 57.5063 53.9204 53.5126 59.9187 62.0318 62.3785 61.3885 57.675 58.7112 60.6071 59.4292 64.264 56.1417 65.9154 59.4008 64.3958 33.6193 30.5556 35.0264 34.2524 39.5238 37.6292 37.7279 39.2182 53.3268 55.2118 57.0947 52.5887 52.6576 52.475 56.1839 51.2282 41.6565 43.1495 43.8825 40.7291 20.7848 22.0349 22.9439 27.3897 3.76841 2.72746 2.70741 0 55.6116 56.8075 48.1467 52.6705 50.8382 54.5456 61.1466 72.5924 65.3684 74.3133 47.5201 54.9897 46.1701 43.3955 39.7678 40.6878 37.4081 85.5089 39.2695 30.996 33.7008 37.0193 32.6446 36.9876 36.6441 34.2763 33.8235 39.0736 26.2557 25.0626 23.3036 27.7648 25.2653 23.278 25.3451 23.2121 49.9243 45.3591 50.9135 46.4151 40.8635 39.7575 40.9167 39.5691 62.9001 68.1186 63.2882 64.9328 26.0769 25.4131 27.7943 27.9253 2.50929 3.1217 3.75989 3.50967 39.7928 38.1249 43.8652 40.3635 35.5173 38.4217 39.8764 37.9044 21.8461 18.8468 23.0464 21.4319 28.5261 23.7787 38.624 61.2338 51.4662 46.5714 32.0524 42.1964 54.3731 40.15 28.3042 35.9735 29.563 30.0969 58.7992 4.29437 56.4733 16.2244 29.4006 33.1548 65.9476 10.9199 14.9308 37.1982 35.1207 18.2972 24.0843 29.0231 50.1247 8.56688 46.7858 9.25608 35.0144 44.1386 39.5322 34.8117 40.002 40.0395 20.3473 47.3252
62.9373 60.0595 57.9204 60.459 58.6779 52.103 61.5002 60.5775 59.3239 62.8511 53.3311 58.1524 64.2849 63.2169 57.9906 52.7311 54.593 56.269 58.1685 52.8313 60.3228 61.0032 71.9952 66.965 66.9992 78.5805 73.5554 69.8323 65.6623 66.1337 112.32 104.595 100.511 115.226 105.49 104.601 110.487 110.64 23.691 22.4228 23.7414 24.2451 20.1382 19.5363 19.8188 23.0198 100.197 96.0859 99.7774 88.5791 94.2529 89.472 98.3646 85.5354 87.8629 80.8159 98.0737 87.5077 47.9313 44.7987 49.6088 46.3085 58.4766 52.9292 49.3794 55.6116 0 2.72433 2.60145 3.87911 99.8952 90.0368 77.2808 74.116 65.4571 72.3571 23.0453 20.3351 94.938 82.7385 85.9775 81.8491 12.3285 74.3109 73.5604 45.8049 48.4421 45.2356 51.8092 46.8311 17.3308 16.5902 19.612 16.18 25.1452 27.1821 26.646 24.8854 61.345 64.7561 65.8871 65.8675 89.6313 80.1235 86.1069 82.0091 68.3377 74.2106 67.3843 75.1264 109.271 108.05 103.639 107.087 28.4476 25.7742 25.8269 25.8657 54.8769 48.7612 48.2535 48.851 79.2707 89.6396 84.973 74.8339 14.0764 14.3188 14.3513 12.8335 55.2107 55.8845 62.3615 56.9868 69.4793 74.4171 89.4786 56.6748 46.4101 86.2462 69.8368 87.8454 55.4758 25.599 36.367 93.8599 72.5237 61.6388 17.7533 50.9577 52.0447 70.8876 58.6895 88.4385 52.0213 42.5319 38.3899 19.5442 83.6716 61.3195 73.1833 63.9217 89.9692 40.2456 86.6361 46.2083 73.1864 5.75702 71.99 35.5381 32.9703 30.8208 65.641 45.3709
65.5909 64.2994 57.0218 64.0378 62.0846 64.5645 61.2532 64.2233 57.6154 58.2611 58.3708 58.4423 55.5275 57.5725 54.2356 60.8287 61.3543 65.4307 57.2366 53.9693 61.9342 59.5037 70.8384 72.7194 67.6395 83.0547 72.9272 71.5197 76.8773 66.6359 101.944 118.211 118.529 102.817 109.493 115.932 107.093 114.437 24.6419 27.2672 26.6934 30.9322 19.829 21.4334 24.8025 25.769 85.5605 97.2362 86.9092 100.157 88.9546 96.0299 97.5154 96.6709 86.002 85.7644 86.1431 94.2872 53.2138 51.0434 47.2134 51.8397 54.1718 57.762 58.4529 56.8075 2.72433 0 3.70255 2.68632 109.234 102.587 71.4309 64.8209 64.8167 72.7942 22.5288 21.1267 92.1616 97.8113 87.4225 82.8745 16.6337 68.7441 77.167 43.1604 54.5829 45.5101 56.5357 47.5473 21.7116 21.4397 19.1635 19.2942 26.4236 29.4589 27.5106 26.393 61.1991 61.9898 58.0345 65.1956 91.4723 95.0255 80.2971 85.2568 77.0193 78.1402 71.8781 77.1062 109.969 117.72 102.525 110.771 28.0984 26.5004 27.7235 26.1802 53.2921 55.3375 53.5787 53.0219 83.3157 87.9333 80.188 78.4154 16.9973 16.0561 18.4414 16.2754 62.0908 61.6899 63.4575 53.9075 83.1007 74.1109 81.9414 55.5097 48.4444 83.4555 62.6687 93.5588 54.321 29.1017 40.688 95.9616 74.8869 52.7188 18.8077 56.7212 53.9789 70.591 61.8897 81.5075 58.3375 45.8051 44.9629 24.1211 82.103 65.9995 71.5395 60.2917 92.4013 46.9068 95.6247 48.1991 82.8078 8.35192 72.9467 37.9549 34.745 29.7188 78.7096 45.6523
63.1773 56.2979 62.7668 54.7561 58.1234 51.8475 58.3962 62.533 60.6142 59.4848 58.5769 57.2368 60.6127 62.6616 57.7858 58.2097 59.3777 58.3279 54.7768 53.3296 59.0599 62.1755 65.1468 63.9714 72.0562 77.9586 70.7915 69.2058 69.0154 64.9996 113.586 105.424 97.6782 115.664 99.808 94.5218 107.051 108.777 22.787 22.4176 24.0128 23.6793 18.5977 18.1602 18.3295 19.835 97.1754 88.1398 89.2477 95.2694 78.4495 91.6711 93.6982 88.9616 85.0183 91.7075 82.092 81.7893 45.7628 39.9092 51.7415 41.6176 55.9408 53.4948 52.3355 48.1467 2.60145 3.70255 0 2.38625 99.0927 92.7959 66.8345 75.0559 62.0209 61.5848 19.3345 19.1819 99.4724 88.3599 83.8204 82.5773 10.7394 64.3436 73.9804 42.6559 47.1535 44.2097 43.8446 46.1547 18.2275 18.9494 16.9649 18.8222 24.6874 25.3297 24.9064 26.759 59.3559 62.4412 60.4957 54.9669 87.0789 89.9477 89.9317 76.9064 65.3849 63.7393 64.2256 69.9798 104.341 113.788 115.366 106.206 27.3027 25.0479 25.545 26.6762 48.706 49.8887 48.5186 47.3219 87.2702 77.3278 83.6371 85.6768 16.0566 15.3439 16.4389 15.1182 53.5193 56.6091 52.0068 51.8004 76.5612 80.0058 83.3686 53.9696 42.8821 77.3752 62.6802 93.987 58.219 22.2432 41.4685 93.3718 71.9476 55.2717 20.0404 56.8267 44.2923 62.9284 55.829 75.6691 55.5699 46.2617 38.9729 24.0495 80.055 62.2625 71.4893 65.2306 101.837 46.37 91.0048 43.1015 72.7038 4.38506 72.1564 37.6408 34.5295 27.2681 70.0314 41.1452
55.4123 57.7064 63.3799 58.5974 63.6802 53.1892 62.5243 57.1255 57.6215 62.7914 52.6741 60.0796 61.8166 56.86 50.5055 53.4514 52.7398 56.7834 59.0604 53.8861 60.8356 58.844 75.4823 69.1928 71.8487 75.2238 73.4308 72.1589 66.2026 71.4355 111.076 103.267 114.866 110.458 93.7399 95.8431 112.157 95.4634 23.3127 24.0639 27.102 28.2331 19.3584 19.5167 21.0969 22.5237 94.3388 95.152 103.118 93.9284 92.11 86.417 82.0156 90.9258 89.6067 85.3898 87.7555 83.7817 50.3986 48.4778 50.0514 50.3621 55.0328 50.7979 60.9001 52.6705 3.87911 2.68632 2.38625 0 102.662 99.0781 68.3059 62.4938 65.8852 70.6352 18.7184 17.8898 101.527 90.2285 79.9022 72.9113 14.5068 71.8749 75.4732 41.6059 52.576 43.7496 50.1676 47.1111 22.1644 21.3738 19.6258 21.9818 32.4755 26.5812 26.8509 26.1032 66.4211 61.4255 65.8492 56.8004 94.0745 93.9051 90.9469 93.1514 71.2644 74.5732 78.6344 72.107 99.7824 106.189 114.851 101.904 27.7913 25.3587 26.369 26.9397 50.7437 49.3664 55.0641 56.0584 83.8782 85.8906 87.3522 84.3598 16.8643 18.8095 17.636 18.5711 54.014 60.2154 55.8692 55.6142 72.9957 83.5167 78.0034 53.2137 44.7773 86.7568 64.0598 96.882 57.1677 26.7007 41.3076 85.1588 80.2987 61.4147 22.25 53.4869 51.7764 66.1035 56.1095 84.6211 48.6019 43.4584 39.2894 22.7172 85.075 68.7825 71.0476 68.8973 106.01 44.6653 93.537 46.2127 81.5344 6.69585 82.6957 35.6935 31.8783 29.8905 74.4692 39.8503
51.6764 48.4963 54.2614 54.3563 52.6114 55.0289 74.0041 63.8407 67.4571 75.3324 67.0349 72.7756 74.6427 67.6423 75.0896 79.4467 88.6685 86.4073 85.8871 91.1999 89.2221 88.4121 61.1176 57.0521 59.2888 63.6711 63.3341 68.7858 70.7669 71.101 11.5199 15.0099 14.9582 15.2536 14.0025 15.6978 15.2184 15.9485 74.7453 71.3833 70.7416 77.7307 75.5538 78.748 88.4966 76.5001 19.9452 17.0666 19.6669 21.7821 22.3348 24.4364 21.9835 26.8925 12.2539 13.4172 11.0182 12.3531 50.2453 59.8602 50.0169 52.678 51.8705 52.0371 53.4346 50.8382 99.8952 109.234 99.0927 102.662 0 2.66816 65.371 68.3729 71.123 79.0552 89.6474 85.4848 63.9462 61.1026 22.8254 24.7801 81.498 97.8052 41.1095 59.7239 57.4442 59.7783 53.7831 57.8512 89.5206 92.093 94.2257 83.9092 80.4875 79.5787 81.1105 71.5821 37.273 41.8671 36.3249 39.7601 20.6 21.4172 19.514 23.5916 35.8906 38.8222 41.4488 40.9616 16.671 18.4018 19.1416 18.8654 74.4067 81.2888 70.9278 76.9599 55.5404 51.7793 51.3053 57.7708 68.1829 59.8338 67.3267 62.8516 90.0696 98.0919 96.1901 99.3756 40.0128 43.9916 39.9144 41.0899 28.2308 45.3732 19.9114 94.0218 80.7359 29.9835 40.8172 13.7836 69.206 84.0346 78.5206 22.1462 55.7166 80.4282 119.641 51.6139 81.5137 35.2927 77.7434 53.5601 85.4111 55.0264 63.8423 86.7294 22.2475 53.9624 57.8747 64.945 13.7112 66.8036 8.45889 65.5529 67.5004 89.4037 61.5021 65.7045 91.5473 92.6439 38.0794 73.1295
48.0404 48.7553 52.0062 47.6544 52.0174 57.2796 68.6175 69.5041 63.9903 67.5224 68.3957 69.9737 70.9349 66.5642 71.0097 83.2241 83.1112 75.5721 79.4568 75.9619 81.0303 87.0824 59.2735 60.5912 55.891 52.8732 57.7656 60.3323 61.7688 64.1034 12.7118 14.3083 14.5015 15.4249 12.5937 14.9789 15.9547 15.9218 73.2647 81.4812 74.9283 68.9316 77.0508 75.0809 74.3873 74.9998 17.0604 17.6479 18.6951 17.3771 21.2587 19.4677 20.5689 21.2279 10.3747 13.2187 8.95492 11.7783 50.4941 54.8341 49.1903 57.5797 49.142 52.903 50.2828 54.5456 90.0368 102.587 92.7959 99.0781 2.66816 0 67.5413 67.5738 76.447 73.3631 95.0654 83.825 60.3975 64.5257 21.9449 22.0796 91.4465 83.0145 41.8911 56.7928 53.1246 61.4683 52.2294 54.0127 81.4734 91.798 90.3643 84.3377 83.0214 79.7838 80.9962 71.7275 37.6429 38.0315 38.5402 34.4079 18.5172 20.6091 17.2773 18.2008 39.2569 35.3686 36.4742 34.4357 17.868 16.9552 17.4232 17.6299 65.2547 72.1289 68.8351 72.4876 49.5221 51.1069 51.9112 53.6414 67.3969 59.0973 59.7296 64.9953 92.533 89.0545 87.8139 89.839 38.0246 44.2607 39.1483 41.4066 22.2467 45.1642 17.1731 80.4062 71.4522 29.4868 36.7881 12.0663 81.2023 82.8289 82.3727 24.9939 59.0777 70.5923 101.166 49.0288 80.1769 38.2778 78.9553 48.629 86.9898 52.24 58.1274 85.7669 17.8349 59.0557 62.2372 70.399 11.5525 54.5109 7.28589 67.3556 63.5871 100.834 69.2653 60.2665 94.3084 96.3697 40.3538 70.8971
26.7172 28.5098 28.3972 25.547 29.6603 26.0048 14.0976 12.6091 12.132 9.87097 16.5944 14.4377 12.0651 11.7094 18.2212 14.5659 15.5889 14.4793 20.7898 20.8843 20.6027 18.3289 13.5261 13.7079 12.4875 12.7386 8.63882 7.59702 8.2304 6.61497 67.3128 70.2858 70.9636 65.4084 67.8222 64.2211 63.8263 62.5481 51.7144 49.5835 52.502 52.1626 53.6252 56.5853 51.6499 50.5763 52.9035 57.3225 55.8648 52.4113 49.5453 51.9333 53.6459 50.6822 72.4537 63.3036 64.4136 63.4238 47.4285 41.9326 42.9298 43.2364 68.5747 71.3956 73.8786 61.1466 77.2808 71.4309 66.8345 68.3059 65.371 67.5413 0 2.30205 8.28014 9.67869 51.5462 47.4386 102.545 111.567 55.018 50.6542 57.3377 22.5465 32.5974 37.3342 31.8754 32.6961 30.7081 30.5492 71.152 71.1236 67.4513 75.5623 69.6837 69.6875 70.8343 65.0575 47.3108 45.9132 48.9434 50.5987 47.475 46.1374 49.4316 52.5967 35.2244 32.8705 32.8222 33.9139 62.1973 68.2566 73.1085 60.5581 62.6757 55.9489 58.293 60.367 68.2603 64.8328 68.9028 59.8417 111.663 109.144 108.24 105.033 66.1901 80.05 70.642 77.1101 51.7134 47.237 52.6941 43.1488 68.7127 80.8072 56.2795 19.8627 23.7989 43.6158 40.0067 72.2969 12.441 42.5078 83.4544 74.8963 87.8449 97.1829 85.4806 69.8018 22.1232 70.317 102.868 93.3064 20.929 57.0299 58.1845 73.0626 53.4461 80.5607 89.9915 91.5462 54.5258 68.4034 73.1082 66.5431 92.9025 59.7826 102.149 42.5424 80.9817 88.1246 74.8944 29.8887
30.0599 26.1233 24.831 26.1291 31.2547 29.7327 14.5884 13.7543 11.9996 11.0223 14.2493 14.1443 12.1634 10.4796 15.1064 12.7063 13.6172 12.2114 17.5885 17.0089 16.7303 17.2607 15.0682 16.2645 14.1658 13.6041 11.0143 9.50039 10.3222 10.0002 69.233 76.9264 77.7513 66.6414 62.1441 64.783 73.1403 72.894 49.7748 51.324 49.3665 54.0449 56.7286 54.4391 54.2068 55.3274 52.2627 60.4044 60.9101 60.1366 50.5082 56.2506 52.5737 52.3084 64.7652 66.0634 63.0186 71.2654 45.4408 41.3878 45.5006 44.5004 67.824 68.2456 68.6385 72.5924 74.116 64.8209 75.0559 62.4938 68.3729 67.5738 2.30205 0 5.43248 8.53327 46.0367 49.2095 105.196 118.586 53.6208 48.5335 61.656 20.6064 32.2455 37.8816 31.2509 35.3905 35.5993 30.1157 69.2828 75.5662 70.2859 75.6687 75.705 65.2204 72.843 63.2632 53.1492 46.9388 52.9964 45.5194 57.4743 49.054 52.1927 56.5972 40.4468 34.3554 34.0036 34.6842 68.3662 68.5489 73.9072 73.1134 60.4515 58.0706 51.6158 51.2299 69.288 69.2071 64.7565 60.5841 117.173 113.547 114.567 106.659 68.0458 70.9683 72.7332 70.9197 48.3544 45.2557 45.7958 47.0512 71.3601 96.7261 61.565 17.9409 25.3387 40.5856 38.0263 78.7946 11.9343 40.9599 86.7208 84.886 96.0552 86.0834 90.786 69.3742 22.5106 68.8264 98.1321 103.24 22.9689 53.9434 58.9363 70.5678 57.1188 84.5523 86.0877 101.871 59.2794 74.1971 70.4398 71.7933 108.93 61.5266 103.642 39.3968 84.8804 94.6732 71.0776 28.9865
31.494 27.8464 28.8008 29.387 29.481 28.9428 15.1544 12.5366 12.1462 12.2689 10.8339 11.3616 9.9669 8.47453 10.2767 9.47926 8.25557 7.33808 12.5501 12.076 12.387 10.7013 18.6792 19.3324 19.4086 20.0191 14.047 13.2219 15.6384 15.83 77.6472 81.7244 82.5398 78.0178 72.1268 79.0159 71.405 76.9162 51.2274 54.1563 49.6758 52.4628 49.6242 48.8104 50.7517 48.0021 57.2993 63.1436 57.6999 58.0075 60.1838 58.5034 52.6793 52.7101 75.4437 73.0242 71.5851 71.7562 43.6988 41.4501 40.0766 40.7788 77.778 71.9056 64.2987 65.3684 65.4571 64.8167 62.0209 65.8852 71.123 76.447 8.28014 5.43248 0 2.34698 43.8659 50.6642 114.358 110.788 51.7447 56.7384 62.6712 16.6105 33.8594 36.7027 33.7678 34.0701 32.0515 34.7155 64.0707 74.5697 65.9902 74.6484 74.846 74.654 71.8876 68.7182 49.784 51.8488 49.2765 53.2462 52.349 58.6158 63.3204 55.2932 39.5423 36.7815 41.5631 36.4018 77.6575 79.0418 75.4701 68.8778 53.5406 55.0721 52.4802 56.8863 68.1684 63.455 61.4946 66.5654 116.484 110.596 107.262 109.331 74.8811 65.1967 70.7227 68.4322 56.0333 46.9847 47.8351 49.4086 77.7929 96.8287 70.3037 13.5508 21.7449 49.4029 38.4065 78.268 9.4514 42.8676 78.0194 77.5391 85.5025 95.6581 93.2314 65.0006 17.2577 66.9253 95.6408 101.063 14.9976 60.5185 59.4173 80.2044 68.9643 85.1988 93.7029 96.7329 62.0993 65.2767 73.7948 67.9586 100.701 62.7297 108.103 39.5358 93.7815 77.9076 77.7726 24.7523
34.6916 31.0034 29.8662 27.8953 34.6204 33.4331 14.6693 14.9488 14.5683 13.0658 13.1924 10.8012 10.3819 8.79194 9.73243 7.78038 7.47842 5.38248 11.9355 9.60565 9.42866 8.11625 23.647 22.8536 24.0307 21.8801 18.8736 17.6278 17.3117 17.7966 79.3684 74.1887 76.4922 77.2726 68.9725 77.8417 68.6001 76.1594 47.7185 46.9046 50.7014 49.3963 46.5984 49.8658 49.4426 47.8481 60.5009 60.4998 58.8329 60.3692 58.7862 58.7433 57.1061 59.3747 81.1129 77.9445 73.44 71.7405 46.4405 46.2253 49.0357 39.4021 68.3312 73.2123 70.764 74.3133 72.3571 72.7942 61.5848 70.6352 79.0552 73.3631 9.67869 8.53327 2.34698 0 47.5462 50.1478 111.579 115.729 60.8077 60.9847 56.6217 13.4973 36.2491 33.91 33.3744 36.4288 34.5944 34.5577 77.5645 72.6849 67.812 63.8917 73.7479 61.8948 73.3973 68.6681 56.1696 56.5792 53.5768 47.6335 58.9166 59.5612 61.3737 60.8565 42.1454 41.3231 44.9248 38.1158 73.6456 74.3103 68.7862 74.3141 59.2445 57.9005 50.3412 59.2715 69.635 63.2482 67.5024 66.1832 106.218 104.388 115.197 116.124 72.9113 65.4458 71.9451 68.894 52.5341 51.3064 51.0122 46.7389 73.2379 83.6009 64.479 13.3814 19.5284 49.9167 39.5842 85.5544 9.63096 38.461 82.1028 85.1392 97.9216 97.3548 83.1101 71.4942 18.3848 78.8964 99.6887 103.363 12.7896 53.8534 59.3742 77.475 60.1873 93.8158 99.7252 100.098 69.4319 75.4528 77.7498 79.9302 107.856 59.2012 109.469 41.1176 87.1004 79.8817 81.5819 24.4994
43.9928 47.2445 43.8299 47.0182 41.8136 43.3795 40.4355 40.2699 39.6444 41.397 38.2478 40.2172 36.3204 39.3932 34.7495 34.1701 37.9567 42.8869 36.2415 35.7119 37.1482 40.8862 56.9197 49.6571 49.1334 60.9147 53.184 52.6609 55.9103 57.671 94.7319 95.5493 86.7899 98.2217 87.5549 97.6952 86.5571 98.5384 17.9281 19.1005 18.4782 15.8496 13.7608 13.421 11.2841 11.1934 82.342 84.8577 80.5561 87.2964 69.1563 81.7995 74.9043 80.3661 83.7908 82.3144 80.0655 72.3948 36.6606 35.7634 41.0816 34.0946 57.4368 45.8656 47.2103 47.5201 23.0453 22.5288 19.3345 18.7184 89.6474 95.0654 51.5462 46.0367 43.8659 47.5462 0 2.70806 102.137 98.8864 74.1843 69.1208 14.2469 51.7644 57.731 30.2087 35.6734 29.3903 34.0294 30.116 32.7101 30.0411 28.7454 26.0967 31.4649 34.6005 33.7721 30.8139 48.1795 53.426 54.5172 50.381 78.7985 67.11 79.3363 72.7588 57.6622 53.3203 55.8617 60.0548 92.44 85.3856 92.7412 92.4624 22.1583 21.7172 23.0661 22.3745 44.9564 46.8058 44.4847 47.1524 85.7627 91.513 78.5705 80.4587 29.5413 27.3242 27.8175 25.184 45.5448 44.7988 44.7859 47.2748 71.6495 68.6724 65.4855 35.5854 27.9361 71.4066 46.1654 89.4706 38.3418 8.05007 43.0098 83.8513 80.1102 68.2218 40.7758 56.7004 26.8031 67.8998 69.9934 90.6502 36.605 42.0067 35.8853 33.1358 72.4116 61.6479 69.3187 71.067 85.8735 43.6598 85.8659 47.4634 83.8092 17.2753 84.0917 23.4759 49.6692 39.7772 70.0519 24.4553
46.4536 49.7724 45.092 44.3707 45.7207 44.6533 40.0707 40.6305 39.4319 42.3466 34.0482 41.1057 42.2183 43.4385 37.6874 35.0741 38.7491 37.219 33.7537 37.0097 40.3768 42.1272 58.1124 53.4038 52.5714 56.4617 53.9892 56.0598 51.9915 50.0213 102.678 96.2236 107.565 103.76 86.0547 101.99 102.805 102.352 20.0522 19.2321 18.3854 20.0353 14.9189 15.0007 15.7152 14.7467 85.6978 79.6227 82.6734 79.7204 81.097 77.4014 77.5183 85.4271 87.5151 86.8683 81.6136 75.4773 41.328 37.9142 38.0142 36.8801 59.8642 50.642 49.9805 54.9897 20.3351 21.1267 19.1819 17.8898 85.4848 83.825 47.4386 49.2095 50.6642 50.1478 2.70806 0 93.6715 100.478 71.9487 71.9103 16.3524 49.3793 53.3075 28.9119 32.1215 34.3898 32.748 34.9582 32.7175 30.7202 32.7599 32.0047 34.6144 30.8044 32.16 30.9701 53.9507 57.1206 58.2202 52.7284 73.3941 76.8168 71.6115 74.847 57.3379 63.069 60.4877 63.0822 91.8279 97.1857 93.589 91.1628 27.0789 22.3762 23.0481 24.6049 53.9069 51.3023 48.968 45.59 90.0923 82.6603 95.4953 82.8833 30.6794 27.7557 29.6626 25.5771 47.8361 47.9663 55.6769 53.6143 73.6029 82.978 72.8908 33.1765 25.7573 70.6664 54.4824 83.2412 36.8908 11.6431 44.6703 80.5294 82.9975 64.7006 41.5954 51.2725 27.9332 61.088 61.9086 88.1625 31.9619 42.1067 38.0816 34.5419 66.2929 69.1716 81.2747 71.539 93.9816 44.17 89.6127 48.4064 74.1823 17.825 87.1999 25.097 42.115 40.1505 72.3124 27.4037
81.74 83.5318 76.6045 92.9326 80.4081 85.6552 105.417 97.1202 94.2699 101.004 95.0447 110.218 114.682 115.489 117.507 100.185 112.856 114.332 124.023 115.912 104.619 122.305 102.519 93.8518 94.1162 103.933 102.463 110.836 104.036 99.8649 74.9743 69.8552 83.1859 80.6475 81.3561 79.7549 81.5098 82.388 79.1081 82.0386 87.3453 75.3363 92.1583 86.0546 89.4569 89.3062 69.67 69.2015 72.0465 84.3031 75.5037 69.9936 80.9679 75.1391 53.6845 50.2471 59.6471 60.0592 71.9559 65.4082 71.3384 67.304 45.5862 50.5586 44.4589 46.1701 94.938 92.1616 99.4724 101.527 63.9462 60.3975 102.545 105.196 114.358 111.579 102.137 93.6715 0 2.33809 64.4476 67.9832 81.2315 118.145 86.0283 86.961 88.747 78.4965 78.3143 81.9669 72.1274 78.0031 80.1401 81.4215 62.6498 62.65 63.7153 64.6048 68.7193 58.5859 67.85 58.8553 69.1396 69.342 74.2046 77.1182 82.779 86.8205 82.2325 83.2574 82.0843 84.8081 78.0649 82.8642 80.3523 78.4252 71.3915 78.3645 53.5921 48.6006 50.1261 53.5595 11.7132 12.6153 10.3547 12.0454 79.5687 77.709 73.4496 73.7077 63.3293 65.2059 68.0687 66.973 45.5251 26.1342 58.2228 110.839 100.467 81.4109 80.9116 45.1327 110.103 84.7219 57.1432 37.1606 22.9659 37.1536 99.9962 44.4021 102.026 46.317 44.6815 16.3092 116.407 62.773 67.8951 80.651 55.0341 29.8746 27.0241 35.1963 75.2964 52.6317 55.0255 50.8644 20.14 97.3068 19.6044 75.2132 61.613 69.4546 34.1473 90.9852
74.49 78.1046 87.7694 91.9477 73.0276 84.494 103.079 94.0835 105.328 91.5329 106.044 102.765 103.917 110.939 106.171 108.557 112.548 113.413 105.014 113.903 107.842 115.936 96.5129 106.511 104.443 91.6421 104.935 93.8095 102.528 96.6929 68.1354 68.46 75.269 71.808 78.7429 83.1463 77.2501 82.9849 73.3046 78.3007 85.3911 74.1078 88.1939 84.2676 88.8046 85.585 69.3544 75.9187 73.5074 71.7829 75.7742 69.1405 73.4115 71.6991 50.8015 53.0034 59.608 59.9046 64.1631 75.6503 62.2109 66.8706 42.894 45.9499 46.9369 43.3955 82.7385 97.8113 88.3599 90.2285 61.1026 64.5257 111.567 118.586 110.788 115.729 98.8864 100.478 2.33809 0 64.9959 68.763 78.778 127.522 85.2836 84.5787 71.8821 81.4697 77.7025 77.2375 71.603 70.1672 67.5919 79.0948 64.528 61.5831 69.5522 64.2687 66.4642 57.2442 67.2321 62.8948 63.9706 65.6469 72.0498 66.1145 71.3829 72.2818 86.5932 79.4987 78.3079 75.5291 79.4789 79.683 68.3318 65.4847 69.2009 73.3316 48.1538 51.4346 51.3723 50.4434 8.80977 8.81269 8.29864 9.04453 76.7724 83.212 73.6393 74.1821 60.2731 66.9824 58.6578 56.5761 50.5969 24.3933 60.3779 100.17 107.77 72.6698 66.1167 51.7506 97.6126 93.8363 60.1098 42.5873 21.2654 35.9025 83.2646 46.7619 108.995 39.5415 44.3363 14.9031 123.479 56.1348 67.2481 66.8967 60.6699 30.2533 25.2888 32.7074 69.4153 49.0086 51.2256 49.821 19.9529 84.3619 16.2544 81.6591 69.8611 71.0158 32.8042 85.2318
30.4089 26.9509 27.6323 31.0509 28.4762 32.5087 48.2337 46.1938 43.2974 46.4103 49.0704 55.1286 50.3241 48.7353 52.731 61.8663 64.4252 55.8859 69.3554 61.0941 64.0159 60.1022 34.5569 38.8362 36.8947 37.2859 39.0283 39.753 45.5506 45.23 24.9773 30.1054 30.5563 27.6941 20.1423 25.0429 23.8702 22.3881 53.7195 59.9962 56.9826 57.7619 59.9653 64.663 59.2839 56.0459 12.2494 13.3565 16.2984 14.8404 10.2366 11.7363 13.664 14.8613 15.4524 14.6161 13.5355 12.0093 34.4983 32.1965 34.5092 33.4209 38.8199 42.1879 41.3659 39.7678 85.9775 87.4225 83.8204 79.9022 22.8254 21.9449 55.018 53.6208 51.7447 60.8077 74.1843 71.9487 64.4476 64.9959 0 2.47286 65.1383 75.2458 21.5033 40.0699 37.3535 33.9399 33.9784 39.6421 66.7729 68.9607 62.5307 77.1429 64.0067 63.8445 58.1363 62.9421 20.5082 20.7207 18.9151 19.511 6.86176 6.84758 7.85135 7.67782 18.4925 16.6194 18.0545 18.1626 24.7914 27.2343 25.5593 27.5198 58.2825 51.7201 57.2565 52.6569 38.5453 40.1221 39.5018 36.8277 68.9107 62.6491 61.4467 65.7892 76.8086 79.2564 74.0724 66.2967 23.4836 25.677 24.6681 23.4204 20.9998 49.1535 9.00518 57.4203 53.9754 14.8906 19.866 24.1774 53.2013 64.1601 69.5403 32.621 54.8114 68.4482 99.0695 32.2765 54.5589 26.851 64.8043 47.0564 61.3547 40.7122 44.2055 79.2895 7.24053 50.5592 56.1612 60.0312 13.7265 43.8267 22.2203 48.8786 57.7419 79.9341 61.4216 48.4498 76.9759 79.3161 31.7862 50.8398
27.2107 28.7565 29.4128 27.0834 24.6355 30.4171 43.0464 46.0616 47.4977 48.0455 44.6491 47.0713 45.2698 53.3087 61.2815 56.9091 52.8219 55.8422 63.4044 61.88 57.262 62.872 33.7451 39.5215 35.8815 35.5008 39.4413 37.7965 40.0321 39.8153 26.8638 28.2786 27.8498 29.4444 26.0189 27.6956 27.0226 24.2966 58.8082 53.7125 52.2508 55.7189 53.1775 54.3975 52.1458 57.7848 13.8263 14.4813 14.89 18.1403 11.9405 13.3177 14.4461 13.7669 17.6097 16.7558 17.5586 13.8479 31.4445 34.2692 30.8074 28.9179 36.1078 44.5245 34.6928 40.6878 81.8491 82.8745 82.5773 72.9113 24.7801 22.0796 50.6542 48.5335 56.7384 60.9847 69.1208 71.9103 67.9832 68.763 2.47286 0 66.3956 68.6026 18.403 40.1789 31.3268 36.1767 33.9066 36.035 64.0411 73.0338 69.3298 69.521 58.3327 65.8461 62.4003 60.874 16.6598 17.9305 15.0386 16.5888 7.63398 7.54936 8.39219 7.5567 13.9678 14.8414 16.1734 15.8965 31.5352 30.7807 31.1503 28.805 57.2524 50.02 52.9409 56.6933 39.1879 33.6319 37.5805 35.3372 69.6686 62.7517 59.4924 68.5625 76.7042 68.1528 66.4104 64.6375 23.1666 22.5667 21.6333 21.0929 21.6744 47.7633 11.8159 65.3131 56.3486 14.0305 15.8731 29.6621 51.0689 52.2582 67.7864 29.9828 51.8524 71.5192 83.7214 35.4861 47.1837 26.5469 76.6792 56.8708 64.4288 32.7782 36.3385 64.1712 8.59104 48.0919 60.746 67.9954 16.5607 45.5461 23.6438 48.4916 62.4084 67.2855 66.4132 38.9705 69.2472 70.9301 37.1883 50.4373
46.7904 44.3639 49.0203 44.624 44.3359 43.2702 46.2768 50.2608 45.6664 50.4246 48.4487 49.3597 46.7413 45.0573 47.9894 46.345 50.6037 55.3287 48.6583 53.9995 49.5462 48.8295 59.393 66.5417 64.0619 62.3757 62.7323 57.1404 56.8907 56.5844 102.317 94.6184 91.9348 101.838 94.4798 83.217 93.4402 84.5676 10.505 12.4453 13.2796 12.292 6.60887 7.6629 9.78613 10.4496 73.9242 79.8837 85.1528 79.0132 70.7242 72.2898 83.2133 81.8454 73.6642 80.6068 79.6218 79.3113 33.5706 29.6048 39.4379 33.3632 43.5384 37.9829 42.2651 37.4081 12.3285 16.6337 10.7394 14.5068 81.498 91.4465 57.3377 61.656 62.6712 56.6217 14.2469 16.3524 81.2315 78.778 65.1383 66.3956 0 65.2087 59.1442 28.4348 33.8204 36.1478 36.7632 35.195 15.096 14.6166 14.8021 14.0058 17.3664 19.491 19.0114 16.6397 48.2414 43.1815 44.5635 48.3653 68.8189 65.2742 73.6649 68.2179 60.3056 53.0695 56.4815 60.2909 103.226 95.9758 98.7912 101.828 15.3661 12.1459 14.2413 13.3566 38.5847 39.6185 43.142 35.1576 80.8348 75.1541 76.9297 80.5271 13.2407 15.0617 13.494 12.0172 42.98 47.3158 41.7815 43.3752 59.2347 60.7879 64.2998 43.0197 40.8523 76.6574 49.2094 80.7892 49.4881 14.7175 34.6178 80.4795 60.8919 55.0224 31.0621 42.7381 41.2026 56.7741 49.0596 79.5032 42.1136 33.975 28.8489 18.5228 62.8712 58.1835 66.0225 58.8479 85.3961 35.9966 83.1322 33.2206 65.5835 6.64802 75.8936 23.3655 28.6493 28.1438 55.1307 30.7547
48.7608 43.8795 42.9088 45.883 48.6155 41.1365 26.5777 26.8172 26.6628 24.4634 25.5513 24.6424 22.6709 20.0784 20.1005 16.2512 17.6822 15.9619 16.9228 15.5115 14.8682 13.1745 35.9231 36.6297 36.3182 34.5784 28.9302 31.175 29.2496 28.7679 91.2901 87.351 88.019 83.7943 94.4756 90.4944 86.9377 91.7402 59.4006 64.3957 58.1362 54.5256 59.0205 52.6142 53.9013 50.5971 72.6876 69.345 78.5572 79.2573 64.6003 75.6142 76.5276 76.1034 92.1092 91.2007 80.3938 90.8986 55.138 53.6696 58.6329 50.6317 90.7917 90.7047 86.4665 85.5089 74.3109 68.7441 64.3436 71.8749 97.8052 83.0145 22.5465 20.6064 16.6105 13.4973 51.7644 49.3793 118.145 127.522 75.2458 68.6026 65.2087 0 53.0858 43.531 46.896 42.4938 48.5396 43.0572 75.7296 86.0389 82.0023 79.3482 76.6993 74.5409 82.1639 71.9887 63.7747 68.2597 66.0093 61.6424 73.3493 68.75 69.9262 68.3553 59.0187 54.2966 57.4114 54.0788 94.9086 88.3302 94.9724 82.5034 62.0784 61.5194 64.1487 62.0011 75.7152 71.0194 85.1229 73.7739 110.279 128.684 116.301 113.22 74.6137 71.7488 79.7728 70.5162 62.6058 67.4153 62.9682 60.0596 82.5717 93.3799 79.281 17.1856 28.2035 59.5639 60.2836 103.092 20.2764 44.6767 86.8373 97.2379 112.095 110.714 96.0173 85.2406 29.8219 82.8389 99.4865 115.244 16.7239 67.716 63.1984 86.3807 83.4183 103.966 103.14 115.999 76.0327 83.3865 94.5303 79.4087 119.729 61.7351 114.392 47.618 94.6249 94.1877 98.002 35.0759
10.9024 11.2212 11.8845 11.489 10.3047 14.9367 24.0463 24.6327 27.6671 24.7984 32.3112 34.5346 31.2004 32.7024 40.4449 39.3596 35.477 40.9845 40.5415 43.6987 44.0067 46.1038 18.7225 21.4068 21.8777 22.6087 24.071 24.6868 23.4196 23.4682 39.7543 40.8583 43.3585 41.9859 35.7293 36.1372 36.7725 36.8306 50.3702 43.7404 48.1925 44.4064 53.2543 52.5841 48.325 50.2712 29.3845 26.3614 29.7178 27.3688 22.2318 23.4978 23.706 21.713 32.8392 34.7619 36.3988 33.4431 23.5973 25.11 22.6602 22.0838 42.746 45.1833 42.0533 39.2695 73.5604 77.167 73.9804 75.4732 41.1095 41.8911 32.5974 32.2455 33.8594 36.2491 57.731 53.3075 86.0283 85.2836 21.5033 18.403 59.1442 53.0858 0 28.2893 19.501 19.904 19.0505 22.5788 67.704 67.3568 61.7235 68.7378 57.0975 59.5623 59.0133 58.4186 17.267 17.5184 17.0182 17.9434 20.6767 21.3468 20.7675 19.1099 3.41866 2.35855 3.55486 2.62319 39.7657 41.2026 39.8436 39.4163 43.9679 49.5487 42.1492 49.7457 40.6176 40.1095 34.5332 40.011 72.3762 82.9008 77.9538 73.92 70.8789 71.3962 59.2277 66.3685 20.9476 21.7877 19.8349 22.1446 32.3574 57.6397 29.5295 44.4446 35.299 15.2087 7.0686 48.1148 31.1079 46.2567 64.9943 45.4842 67.2214 65.5855 76.1691 36.6947 33.1504 38.5667 72.9159 63.4455 42.5202 32.3907 38.8032 69.1841 23.9543 57.8685 61.0862 73.0801 32.5018 48.6636 36.9435 52.3435 66.5012 69.1492 71.2046 28.6371 76.9321 73.1924 43.5902 30.4705
18.4297 18.2298 17.1598 15.5055 17.5662 14.1675 22.4677 20.311 24.8482 25.8524 23.5797 21.7608 26.6029 24.6944 29.9218 30.5327 33.4071 32.6192 30.8914 35.8092 32.0001 33.8675 32.0289 31.1063 28.9185 33.3397 31.6372 28.9099 30.2172 35.4221 64.2108 67.4019 69.9954 71.0681 64.0389 63.2024 62.4036 60.0311 20.1078 20.3851 20.7694 18.9312 23.8589 25.1936 20.1493 21.3098 53.7707 56.1026 49.358 54.9392 46.4842 46.045 46.7388 44.5578 47.9279 55.1614 51.8395 55.3679 13.1897 10.9008 12.3961 9.63695 35.8798 38.1086 36.3126 30.996 45.8049 43.1604 42.6559 41.6059 59.7239 56.7928 37.3342 37.8816 36.7027 33.91 30.2087 28.9119 86.961 84.5787 40.0699 40.1789 28.4348 43.531 28.2893 0 4.9323 4.60849 5.27211 4.98277 39.031 39.0629 42.737 40.3078 36.961 36.2034 32.6618 36.0117 25.5577 24.5245 27.0763 21.4233 47.0713 44.6948 46.4218 48.3289 31.649 30.1776 28.921 30.6563 70.3104 61.4619 62.1884 66.852 22.5838 24.53 22.6057 24.5226 32.9015 30.1607 32.1825 32.446 69.8934 76.2838 76.2758 74.3367 41.978 40.3645 40.9202 41.81 24.9455 23.9819 23.8075 21.3676 49.2513 54.1733 47.7961 30.6519 18.8634 39.9436 20.5672 63.5267 27.0011 18.5338 47.9707 54.9427 56.3129 57.3497 64.6408 34.0437 20.9577 43.3667 60.4882 72.0877 30.511 24.1096 22.3611 46.4174 42.7982 57.77 54.5402 56.6473 53.4183 34.5131 56.412 35.9308 69.5046 36.0397 70.7667 5.39705 57.7323 55.7465 49.4229 10.417
11.143 12.5232 10.8368 11.4299 11.6569 9.75666 18.8282 21.7951 21.9128 23.3724 24.231 25.8804 23.7214 27.2714 28.4013 27.4506 29.2272 33.1898 31.7469 36.2965 34.993 34.5579 26.9085 28.1081 29.7874 27.9152 27.9732 29.5562 27.5758 30.9361 62.9471 68.4763 64.9886 60.3324 56.0798 57.6619 57.8771 62.2764 27.1334 26.126 25.5194 21.0319 28.5694 25.7438 25.3595 25.8572 46.1949 44.6845 48.3256 48.1666 43.1807 45.7301 42.0168 41.9785 50.7902 41.9994 47.1631 44.9597 11.7635 10.9913 10.7325 8.5365 39.3467 35.1537 35.8711 33.7008 48.4421 54.5829 47.1535 52.576 57.4442 53.1246 31.8754 31.2509 33.7678 33.3744 35.6734 32.1215 88.747 71.8821 37.3535 31.3268 33.8204 46.896 19.501 4.9323 0 0.932052 0.967177 1.30676 45.1298 42.7958 43.0549 41.7494 37.7321 35.3668 37.9723 38.2522 19.3064 21.3963 23.0778 18.1053 40.3595 42.0689 40.0891 43.4892 22.7584 21.0258 24.0511 23.1887 63.308 65.4922 56.7317 55.564 28.5826 24.9916 26.8229 26.6903 33.1467 32.5844 30.0621 29.6824 69.5299 68.1168 66.3501 76.9531 41.4833 46.1122 48.1664 42.3693 20.376 17.4942 19.3206 20.5779 38.5023 56.7871 42.8953 30.6622 25.1109 31.6777 19.0185 56.6472 26.0926 26.1746 55.1431 56.4106 61.9625 61.7303 69.2292 31.1863 21.1324 35.2154 60.8942 63.7841 33.4573 24.9505 19.624 45.7534 36.9091 49.7078 61.1812 64.2378 54.4151 37.8236 50.0028 38.1458 68.4161 42.6417 71.1562 10.1471 59.9189 54.0155 42.9304 14.0959
13.0419 11.7323 11.9275 11.1206 12.3852 8.50937 17.6567 19.358 20.1037 24.579 20.6384 22.3749 25.4441 25.8854 30.4958 26.5576 30.494 32.0042 31.9361 31.5083 36.2112 35.5119 23.8157 25.2505 28.7567 28.0349 27.2331 26.5466 27.1564 28.7807 66.7372 66.8707 67.9551 58.9822 52.8269 56.0129 64.8793 56.496 25.4092 26.226 23.4656 24.0705 26.1782 27.3296 27.0593 26.4115 46.8632 46.3129 47.3889 52.3151 42.0688 45.9415 40.9059 39.8163 53.8527 46.3982 51.6423 47.2597 13.6314 11.7567 10.9625 8.48395 34.5682 40.0102 38.1246 37.0193 45.2356 45.5101 44.2097 43.7496 59.7783 61.4683 32.6961 35.3905 34.0701 36.4288 29.3903 34.3898 78.4965 81.4697 33.9399 36.1767 36.1478 42.4938 19.904 4.60849 0.932052 0 1.54398 1.07028 46.6255 45.1224 44.3181 41.0424 36.9888 35.2772 39.0163 36.378 22.4284 21.7221 20.107 21.4624 42.4153 37.5031 39.8146 37.5986 24.5183 22.5641 26.0455 23.894 65.3368 56.6868 60.9833 62.5312 27.0713 29.3316 28.2967 25.9357 32.5114 32.7896 34.3244 28.2865 76.772 67.949 81.07 76.1024 46.4611 41.9118 42.8793 46.8996 21.5445 19.5146 19.0872 18.7177 40.9577 56.1853 38.5393 33.5533 20.0858 35.209 17.9433 65.824 24.7951 25.1116 54.5464 55.9484 61.2438 56.7199 59.7978 32.4873 20.0602 38.667 65.8079 60.6434 29.6117 22.8359 23.8928 49.4602 38.8136 52.9142 65.6165 61.6053 48.3423 33.0943 61.6787 36.4517 66.8528 41.6206 65.4778 9.11699 54.1042 54.1393 52.4185 12.3711
10.7367 11.0776 9.92316 10.3034 10.2841 7.81749 17.7118 20.0969 22.7887 22.5231 20.7007 21.6854 24.8773 26.4742 30.3434 31.0057 28.2242 33.9729 32.587 35.3603 31.8882 38.3946 24.202 25.5144 25.3733 27.5205 25.5474 27.4851 28.5664 25.9067 58.7284 66.5398 65.5283 60.9255 53.1441 57.8847 52.701 55.604 28.9568 23.6854 25.5867 22.6308 32.4082 26.4493 26.251 29.0933 47.3488 43.4387 44.6599 51.8565 41.7133 40.1956 43.3083 38.6436 47.5032 42.9508 44.9139 48.9524 13.8526 12.3197 11.386 8.96465 40.9895 35.0374 36.0525 32.6446 51.8092 56.5357 43.8446 50.1676 53.7831 52.2294 30.7081 35.5993 32.0515 34.5944 34.0294 32.748 78.3143 77.7025 33.9784 33.9066 36.7632 48.5396 19.0505 5.27211 0.967177 1.54398 0 1.03592 48.1601 49.9568 42.8169 42.1993 41.2872 38.9558 42.3708 41.1826 22.5377 20.3259 22.8006 20.0659 39.4923 37.3632 40.6626 41.3666 22.0506 23.3312 23.5686 21.4199 62.0501 65.0629 66.2515 58.3345 26.3474 27.6718 24.9916 28.2033 30.2629 32.5671 32.2162 30.5533 81.4866 67.7648 67.6067 79.5379 44.8801 47.2476 43.2683 41.5867 22.1149 18.5049 21.4708 19.4033 43.8151 59.0526 42.7816 32.8862 23.5384 34.1695 16.9238 54.3023 23.1385 23.2983 54.7751 58.0922 59.3445 61.4845 69.8969 32.4844 22.0901 36.4531 60.3276 72.3359 35.5248 26.6285 21.7101 53.075 40.3014 54.5687 65.2626 57.5566 51.7309 39.0432 55.1001 43.8204 63.4716 41.9452 77.9677 11.8317 56.0312 57.1119 45.7033 13.4573
12.9204 12.6125 10.7778 11.4853 11.3691 9.04589 16.5078 17.4786 19.8227 21.2738 20.5372 23.9219 22.8993 22.3373 28.8226 26.8381 28.7482 28.7189 34.0877 30.5583 36.6308 35.2224 23.1136 27.3391 25.3428 31.155 25.1118 24.2824 25.877 27.9968 68.2733 63.3054 58.635 65.1219 58.171 57.5406 58.2035 56.0282 24.2855 26.7655 26.2993 25.5265 27.4954 30.3449 28.7499 27.3777 42.9321 51.8814 52.0544 52.6211 40.0583 40.4358 44.0662 40.2604 50.1839 50.7851 45.4801 43.6041 12.7022 11.2383 10.5748 10.7787 36.7449 38.8247 34.552 36.9876 46.8311 47.5473 46.1547 47.1111 57.8512 54.0127 30.5492 30.1157 34.7155 34.5577 30.116 34.9582 81.9669 77.2375 39.6421 36.035 35.195 43.0572 22.5788 4.98277 1.30676 1.07028 1.03592 0 46.7337 48.8873 46.0358 46.0582 39.6829 36.5899 36.9625 42.5651 22.381 21.1769 21.4406 23.1796 40.6919 36.8367 41.7557 41.8261 23.0547 21.4811 22.8528 23.6671 64.1971 61.2725 59.7456 66.2596 29.3135 26.1222 29.2605 25.5306 33.724 35.3689 32.5699 29.9879 82.5652 70.589 82.1656 78.4892 49.8432 47.4059 44.9625 45.1102 19.7244 20.475 20.5499 20.5753 44.4134 55.687 44.1226 30.5296 23.0289 32.9219 18.5002 54.7981 23.4997 26.2534 56.7927 61.002 60.1289 60.0076 66.8314 38.4742 20.8106 38.5686 61.7002 60.8878 32.0651 27.99 22.4682 52.5387 39.597 50.185 57.9029 65.9798 46.7434 39.1493 55.7281 39.002 65.2948 45.0749 73.7377 11.667 53.8481 52.0849 50.527 12.2935
57.4757 55.1416 61.1141 56.4786 55.118 49.1375 62.7489 66.2275 63.942 56.7187 62.1137 56.1584 65.8423 67.0372 66.7695 65.4057 69.8821 70.7562 61.5959 59.1918 71.5536 68.605 68.0711 64.8682 76.4864 66.988 65.0334 73.6151 66.4402 69.7992 94.8829 98.9285 90.5359 91.0894 96.3884 86.6611 101.543 92.4825 18.4534 19.2659 22.2458 21.9373 20.3563 20.8707 21.2249 23.4993 77.7199 76.3774 80.4273 93.6925 84.366 74.1989 84.5166 83.2655 68.6903 77.6354 76.8187 82.2515 39.8645 38.6351 39.2482 42.9963 36.0258 35.7501 36.1104 36.6441 17.3308 21.7116 18.2275 22.1644 89.5206 81.4734 71.152 69.2828 64.0707 77.5645 32.7101 32.7175 72.1274 71.603 66.7729 64.0411 15.096 75.7296 67.704 39.031 45.1298 46.6255 48.1601 46.7337 0 0.935174 0.982855 1.42246 10.7364 8.82014 10.8872 9.48665 50.9014 50.5652 53.2939 46.5524 69.6786 75.0768 74.5222 75.492 61.2124 66.1973 69.4652 70.5503 96.1157 104.005 96.898 100.711 18.8184 16.4525 19.1056 18.306 36.4315 36.0451 39.2256 32.4456 65.394 69.8354 71.0463 63.3075 3.06573 3.71182 3.07434 4.3245 50.1666 41.795 46.4708 45.4727 65.4416 56.7009 63.1542 66.2261 52.8129 68.0763 59.6546 81.0394 62.7677 30.2775 19.1777 79.7824 57.0339 36.9872 19.8903 40.0783 55.9226 52.2496 38.1076 60.6371 59.2377 30.0202 26.9684 4.81878 74.7364 43.5998 47.1538 43.0596 84.9871 29.9315 86.8685 26.3713 55.4229 16.4299 60.4837 34.6619 16.4494 14.5232 59.412 41.8968
54.6167 57.8221 57.3954 55.3315 52.3024 52.5668 56.5972 61.9485 61.8472 63.2523 58.0524 60.2757 57.8198 69.1007 58.2047 66.2329 65.5644 70.9209 58.1443 65.0244 60.7025 69.8298 69.9248 78.4287 79.1462 76.1337 72.0244 76.0469 71.4093 71.2204 101.96 89.5417 97.506 108.69 86.9016 89.4149 88.8984 102.403 21.217 21.9568 22.7351 24.0968 18.3448 19.587 21.0874 23.7476 81.8702 89.194 84.2323 89.3498 77.6151 77.1774 88.4823 80.5496 69.5656 69.8484 80.6465 80.7792 40.9682 39.3896 44.2394 41.6054 41.5629 36.278 42.394 34.2763 16.5902 21.4397 18.9494 21.3738 92.093 91.798 71.1236 75.5662 74.5697 72.6849 30.0411 30.7202 78.0031 70.1672 68.9607 73.0338 14.6166 86.0389 67.3568 39.0629 42.7958 45.1224 49.9568 48.8873 0.935174 0 1.50615 1.08241 11.1517 10.2228 11.3917 9.97359 47.5958 49.4552 50.4718 50.8653 71.6743 80.166 75.5576 80.0747 60.0421 62.8063 62.2059 70.4719 106.622 106.055 98.4005 91.4556 17.9276 17.6904 17.7461 17.0127 34.1598 33.859 37.7582 39.9039 62.8513 71.048 68.7913 67.301 1.96459 3.07379 2.27198 2.98388 47.274 47.6681 44.614 50.4 62.2583 54.8415 64.962 59.4211 51.0901 83.1762 62.4237 75.6199 57.5126 30.9785 18.8283 79.5719 50.2648 36.5093 20.674 38.3607 53.1806 56.6888 37.1258 72.0222 59.7904 35.1169 27.8626 5.20834 62.3767 47.2244 49.994 44.1859 92.6549 29.8938 82.0316 32.435 57.1433 16.6632 55.3669 32.4535 15.6971 13.7967 50.2898 43.7141
59.3978 60.3166 54.6227 60.1819 53.4973 50.641 62.7064 65.3659 63.8293 63.767 55.0867 59.4564 59.6812 62.8012 63.198 66.2716 59.6734 66.0426 62.0641 65.5534 58.4618 69.7328 67.3091 70.021 67.5846 72.1375 67.8807 69.684 67.8254 72.9012 103.644 87.2425 89.3735 106.716 82.6249 89.7052 99.0451 103.505 19.85 20.627 20.1774 19.793 19.5578 17.8186 19.5014 23.6575 82.1218 88.4668 91.4347 76.6014 79.0589 83.2483 83.2379 73.6192 72.2538 73.3584 73.8667 79.8043 36.8689 37.491 39.7932 38.3066 37.0982 32.8582 39.4803 33.8235 19.612 19.1635 16.9649 19.6258 94.2257 90.3643 67.4513 70.2859 65.9902 67.812 28.7454 32.7599 80.1401 67.5919 62.5307 69.3298 14.8021 82.0023 61.7235 42.737 43.0549 44.3181 42.8169 46.0358 0.982855 1.50615 0 0.98419 9.43749 8.40925 9.82869 9.21141 54.0161 44.8877 50.292 47.9751 72.1968 77.0836 70.3517 81.236 61.7012 64.2492 62.4009 71.1207 105.491 93.6141 88.1566 99.9068 17.2575 16.5515 17.6055 17.2247 33.6722 36.0473 32.9178 35.2188 66.4917 65.7541 61.451 63.0747 3.15202 4.00197 3.01241 4.27813 42.3397 45.5822 43.4116 47.9666 67.209 62.3536 67.7889 56.1918 52.1994 76.6714 57.4874 75.5375 62.6304 29.2726 18.5746 70.9974 55.961 37.0317 23.6295 35.7857 47.8025 52.5165 38.764 69.936 55.0242 31.3558 31.0996 5.65459 67.6234 48.8226 51.7839 43.1838 77.5479 25.7852 74.1326 27.2268 60.634 17.3723 57.3482 35.1242 16.0227 14.0186 50.9008 39.7612
61.0607 56.9618 58.1972 54.6447 55.5824 50.576 59.144 63.5447 62.6343 61.4316 59.3569 62.6615 61.9006 67.446 60.3757 66.6815 60.619 64.7516 60.6131 57.8332 69.7295 68.0071 64.138 75.164 76.7882 77.3444 66.9654 68.6448 69.3793 75.9025 91.7881 102.306 95.7771 91.7756 100.092 101.106 95.4467 88.0923 17.2337 18.7898 22.3812 21.2521 19.3254 21.3278 22.7181 21.1886 84.8811 81.9554 86.4683 82.098 79.2099 72.4421 81.8371 83.4642 75.8946 78.0977 75.2142 73.4721 40.8813 37.2819 41.4463 35.5805 40.8211 35.9755 38.4741 39.0736 16.18 19.2942 18.8222 21.9818 83.9092 84.3377 75.5623 75.6687 74.6484 63.8917 26.0967 32.0047 81.4215 79.0948 77.1429 69.521 14.0058 79.3482 68.7378 40.3078 41.7494 41.0424 42.1993 46.0582 1.42246 1.08241 0.98419 0 11.0553 9.97135 11.2113 10.0217 50.2248 52.0218 48.1857 48.9937 79.4498 68.5342 81.0219 79.6918 62.8231 61.9315 65.7541 66.0546 101.849 86.9365 88.7747 104.626 17.4528 15.0861 18.4538 18.5536 35.6125 39.036 36.705 32.6592 60.0443 60.9164 62.6494 70.2831 2.21406 3.16246 1.93733 2.83362 43.6087 43.4769 44.1453 43.4564 69.0285 60.0239 68.4543 55.4789 48.0586 69.2099 55.9153 75.4594 66.1836 27.3635 21.0037 68.2056 51.2193 40.676 20.7825 38.0238 53.2318 55.6755 38.673 71.0635 54.2812 33.5929 29.8729 6.21703 71.8559 48.7417 49.2287 46.6222 84.7227 30.8955 85.7412 32.1872 58.2254 15.6914 59.8078 31.8505 17.8517 16.3763 53.5713 44.2347
45.4557 48.1389 53.2123 46.8923 51.17 48.2204 52.2495 51.9271 57.4051 58.9445 59.924 56.3901 57.6798 63.0169 57.3939 60.4633 58.9747 60.6835 59.436 60.2391 65.7373 70.8633 66.4841 62.0836 71.5835 63.698 64.9912 66.8398 64.4292 65.3626 88.6534 90.1977 83.7762 95.8677 78.2659 84.564 87.4397 78.0163 16.351 19.0924 17.6236 21.5173 20.5004 20.5226 21.5367 21.6075 75.3386 78.765 78.1212 79.606 72.311 73.3488 79.1336 74.6053 70.7027 60.1014 69.2457 63.1837 28.7414 32.6412 32.8207 32.0309 25.4444 26.1834 28.674 26.2557 25.1452 26.4236 24.6874 32.4755 80.4875 83.0214 69.6837 75.705 74.846 73.7479 31.4649 34.6144 62.6498 64.528 64.0067 58.3327 17.3664 76.6993 57.0975 36.961 37.7321 36.9888 41.2872 39.6829 10.7364 11.1517 9.43749 11.0553 0 1.01168 1.02997 1.42941 43.2893 42.236 39.4295 43.4873 63.9898 60.2334 70.9584 66.9989 57.0278 56.9819 58.4483 59.6268 86.6729 90.9788 95.4455 93.3895 12.1212 12.5848 14.402 14.9743 24.484 27.8353 29.3057 27.4622 60.7734 53.2611 59.6792 55.3868 12.1657 13.5994 11.6 14.3663 41.2104 36.0454 37.6864 37.5529 53.9436 43.9917 56.0848 57.9962 47.011 73.0563 47.1673 70.1639 60.4286 29.6161 14.8179 60.3473 46.3369 30.494 33.6984 31.8853 48.6707 43.648 32.0096 59.781 61.6406 23.8087 19.0777 11.8928 62.2082 41.7262 37.8393 35.6555 82.8449 16.7957 74.92 19.0258 42.6267 23.3651 51.9499 30.3784 17.8371 16.4056 48.9692 40.1828
54.1324 48.609 51.7282 45.6228 45.0971 46.1697 50.1094 57.0865 60.4328 55.234 52.8954 61.0201 53.8025 64.3036 54.1722 66.9622 67.3972 67.8817 63.1599 61.5816 58.74 58.6677 63.4265 59.7376 66.549 66.1864 68.5672 61.8273 64.0341 62.6835 94.5893 80.1283 86.6277 86.0177 82.7981 76.5606 84.1698 86.7071 15.9318 17.8694 20.253 21.2947 18.9996 19.0491 20.0725 20.8554 72.5162 70.5051 70.9277 83.2093 75.2991 69.4043 69.2667 74.4012 62.62 66.2559 62.0643 67.0356 32.8091 32.5457 31.0285 35.3939 29.1326 23.7215 30.3222 25.0626 27.1821 29.4589 25.3297 26.5812 79.5787 79.7838 69.6875 65.2204 74.654 61.8948 34.6005 30.8044 62.65 61.5831 63.8445 65.8461 19.491 74.5409 59.5623 36.2034 35.3668 35.2772 38.9558 36.5899 8.82014 10.2228 8.40925 9.97135 1.01168 0 1.37545 0.909952 46.6509 44.732 44.2568 44.6061 62.6341 72.7369 73.6686 66.3253 55.5765 53.3393 63.885 54.9357 95.4538 84.3115 97.0229 92.9391 12.802 13.3244 13.5251 13.301 26.0621 28.1407 27.9438 28.3693 63.0934 54.0141 56.3538 58.4398 12.1693 12.9045 10.9166 12.5279 40.9586 38.9375 36.0239 36.6897 50.7574 46.4134 58.7508 55.0086 53.3227 70.9517 50.0456 67.8527 58.7941 31.0345 17.2318 64.5036 43.4453 30.8745 31.3994 33.4429 54.1757 44.4835 31.0566 53.3366 54.4885 23.5065 22.8731 10.6777 63.9479 37.8993 46.6806 36.7217 69.5863 18.6086 79.5083 20.3567 52.3256 21.7024 47.3456 32.6874 16.6694 18.3167 45.8723 43.0638
50.4507 52.814 48.1655 45.0191 50.4054 44.9981 51.2049 53.1331 61.5741 57.795 59.5148 55.0009 55.673 56.2426 56.9584 63.0631 66.2402 65.0438 63.7104 57.2175 64.9989 66.2229 63.2826 61.0352 72.7139 66.1697 59.0168 60.1171 68.3437 68.2534 81.77 81.2292 94.4553 83.703 87.4904 80.9982 81.5008 79.4846 17.0349 16.6422 17.5532 17.8575 17.3181 21.936 21.6359 21.0968 73.3003 69.7842 81.9385 79.755 75.2882 74.7631 65.3359 71.529 59.8561 61.1736 69.0633 62.1335 27.6926 30.5869 35.5647 29.5998 29.8821 23.1237 29.1305 23.3036 26.646 27.5106 24.9064 26.8509 81.1105 80.9962 70.8343 72.843 71.8876 73.3973 33.7721 32.16 63.7153 69.5522 58.1363 62.4003 19.0114 82.1639 59.0133 32.6618 37.9723 39.0163 42.3708 36.9625 10.8872 11.3917 9.82869 11.2113 1.02997 1.37545 0 1.07647 40.3508 36.9295 39.8563 43.5229 66.8103 69.6938 62.1878 70.8206 55.2452 55.409 54.7736 61.9816 87.8109 78.7498 90.5877 89.0109 12.3359 11.8504 12.0024 13.5107 28.1564 26.076 24.7365 23.488 61.681 52.3359 54.4604 61.4738 13.2624 12.7946 11.5337 14.8753 35.2387 33.9708 38.4083 34.07 51.8204 47.3689 55.3864 58.1879 44.1457 68.6305 44.0855 74.803 57.372 26.6084 15.5393 69.1716 49.2251 32.4327 30.0603 29.3281 49.9877 45.7923 31.0935 55.4377 65.4591 23.4556 19.1824 11.8719 56.4259 40.4311 38.927 38.7552 74.753 17.8469 70.1394 19.761 43.9918 23.4599 51.524 32.4201 21.3315 19.6253 48.1691 44.5733
49.6965 49.4409 44.5344 52.6992 43.9114 45.8246 51.9391 60.9129 61.1365 63.5012 58.3176 56.4826 54.7656 61.2431 53.6345 60.2709 64.884 61.7124 65.021 59.8637 63.0674 58.9357 61.8005 67.8334 60.0128 69.5474 68.7335 58.5682 61.7196 67.5555 84.7373 96.5474 94.4667 90.3114 87.499 78.1079 90.7585 88.1842 16.457 17.4704 19.5194 20.2929 17.256 19.7006 22.082 23.5148 81.0383 75.217 78.918 72.7314 69.1986 67.2397 67.0643 66.5866 71.9818 67.7842 62.8974 61.9045 27.813 29.448 31.2966 29.2616 26.8136 25.1248 28.343 27.7648 24.8854 26.393 26.759 26.1032 71.5821 71.7275 65.0575 63.2632 68.7182 68.6681 30.8139 30.9701 64.6048 64.2687 62.9421 60.874 16.6397 71.9887 58.4186 36.0117 38.2522 36.378 41.1826 42.5651 9.48665 9.97359 9.21141 10.0217 1.42941 0.909952 1.07647 0 45.627 37.6047 42.7198 45.765 67.661 67.1433 70.2402 70.849 53.4368 52.1639 58.558 57.1767 82.4887 95.453 90.301 85.5825 12.7281 12.176 13.0375 12.1101 28.7072 25.9336 29.1718 26.5068 55.4943 62.1273 63.5801 57.8346 13.1103 13.7395 12.4759 12.3987 38.3181 34.7776 35.6588 41.9245 51.4271 53.2501 66.3224 64.2478 45.2561 64.3333 47.9219 70.6987 56.1339 27.7348 15.7752 63.7937 43.1979 35.3805 32.3719 30.9561 44.5739 45.9825 35.9332 59.8804 64.7829 24.8379 21.7838 11.8148 53.9212 42.8024 44.1152 33.6194 79.2309 19.4152 70.216 18.704 49.7576 22.9664 50.691 28.6201 19.2212 18.924 48.9596 44.2295
19.5723 20.6496 23.4724 21.7276 16.8876 22.3438 37.6976 36.3898 41.2577 38.8288 42.9446 43.7893 41.7593 43.3353 49.4623 47.9316 55.1643 46.3969 58.6352 49.9253 55.0978 55.2187 38.2361 38.6442 40.3229 42.8123 41.3589 40.9036 43.0283 40.0619 41.2753 44.4291 47.2955 44.0073 40.0428 45.7001 39.1627 47.6035 38.7743 39.0276 34.6833 38.9715 41.2236 37.8758 42.738 40.6044 34.5358 33.7428 36.7847 32.486 28.0504 27.5475 28.0822 31.4798 28.9593 26.5286 27.223 25.2835 13.2783 15.7657 14.905 14.7212 26.7201 28.7109 23.7349 25.2653 61.345 61.1991 59.3559 66.4211 37.273 37.6429 47.3108 53.1492 49.784 56.1696 48.1795 53.9507 68.7193 66.4642 20.5082 16.6598 48.2414 63.7747 17.267 25.5577 19.3064 22.4284 22.5377 22.381 50.9014 47.5958 54.0161 50.2248 43.2893 46.6509 40.3508 45.627 0 1.09673 0.911544 1.52487 24.3589 25.6555 26.1318 24.231 17.3737 18.2242 18.3865 21.3702 45.4355 46.8018 50.4207 46.3242 36.8531 37.9764 36.7165 33.5842 20.2608 22.6081 19.0039 20.5959 62.6369 62.7296 62.5404 55.5881 49.3345 52.797 57.2059 48.6867 4.30283 5.14799 3.20184 4.11173 20.6494 42.727 21.4097 49.9693 45.5128 24.2845 12.0153 38.2019 42.9054 38.8882 53.1755 33.1606 49.2088 51.0392 70.7541 22.1862 38.9706 19.8997 56.2699 46.6844 57.3364 17.6564 22.0734 50.1876 18.9507 40.8311 42.1859 52.1829 32.0554 28.6229 32.3328 32.291 48.3386 52.2236 55.4648 29.8417 63.882 60.7775 29.3512 36.2015
21.1094 20.7208 21.4042 20.8777 16.0752 22.1306 36.3296 38.8809 37.538 38.7198 41.4418 38.5366 43.4494 39.5087 48.8021 47.2988 49.35 52.8468 53.3706 54.3326 51.362 50.3981 36.6319 35.3471 41.0673 35.5827 37.7386 37.4615 41.0841 39.5428 45.93 49.4395 47.1087 45.5195 41.197 47.1463 43.5732 46.93 37.0189 36.5723 32.42 35.2795 41.3784 44.5226 43.7381 39.465 33.3955 32.7159 35.177 34.3769 26.4575 31.5434 31.8996 30.0153 29.0534 26.6012 29.5081 30.1761 12.6676 14.6466 13.6131 14.6932 28.8686 27.9265 24.7945 23.278 64.7561 61.9898 62.4412 61.4255 41.8671 38.0315 45.9132 46.9388 51.8488 56.5792 53.426 57.1206 58.5859 57.2442 20.7207 17.9305 43.1815 68.2597 17.5184 24.5245 21.3963 21.7221 20.3259 21.1769 50.5652 49.4552 44.8877 52.0218 42.236 44.732 36.9295 37.6047 1.09673 0 1.35668 1.07919 25.5198 25.4071 29.0337 24.4714 18.9644 18.6252 19.4401 20.8451 51.5238 41.7601 51.2807 42.4208 37.2425 35.0382 33.5067 38.4924 22.9528 21.5786 19.8709 19.8532 54.1758 61.292 59.8382 63.0097 53.6036 58.3803 54.5691 55.8135 3.60043 4.29277 2.90275 3.2591 20.2868 39.0346 19.994 49.0718 42.4117 28.6605 10.7044 42.0051 48.5852 41.7561 51.3997 35.8176 50.0285 53.1898 70.5907 22.0784 43.2296 20.0678 58.0899 51.2753 51.7203 18.4644 19.7859 49.7964 20.8447 37.7687 49.6278 46.7285 34.4766 31.3692 37.3381 31.8032 52.3217 56.3511 53.5569 24.2968 62.8482 58.782 31.9544 36.0763
21.1978 19.5884 22.0236 23.0725 19.538 21.0452 40.5183 34.423 41.5435 40.4001 38.4443 42.6642 45.1659 46.2888 44.6409 45.395 51.9563 46.8911 49.6816 52.674 50.4253 58.0421 33.7726 34.0777 37.4799 38.8545 41.0982 37.5291 40.5253 38.7184 46.9936 47.9639 48.8214 45.9256 42.3252 44.3207 41.9828 44.5077 37.2569 38.5642 35.9302 33.1 41.3618 39.0019 42.0341 44.9385 31.6268 31.2757 34.2575 33.8963 27.6105 28.524 26.458 28.662 27.2891 25.2027 27.389 24.927 14.962 16.2042 15.0104 15.1237 29.1189 24.8731 26.4108 25.3451 65.8871 58.0345 60.4957 65.8492 36.3249 38.5402 48.9434 52.9964 49.2765 53.5768 54.5172 58.2202 67.85 67.2321 18.9151 15.0386 44.5635 66.0093 17.0182 27.0763 23.0778 20.107 22.8006 21.4406 53.2939 50.4718 50.292 48.1857 39.4295 44.2568 39.8563 42.7198 0.911544 1.35668 0 0.996857 24.7519 25.507 25.8978 23.2099 18.4751 18.3147 19.5702 18.2665 46.7427 46.1856 43.2126 48.2782 39.6653 39.3457 34.983 34.6952 23.0346 23.5468 23.2909 22.2082 61.4137 59.3264 59.6144 57.1952 50.9817 53.3462 52.6977 56.5523 5.30695 5.11431 4.47363 4.64973 20.5507 36.3691 22.5924 57.0419 41.8804 24.2137 10.5337 37.8394 43.1472 41.5065 56.6761 34.2192 42.9176 52.9982 75.2083 23.0711 40.0307 21.9197 56.1401 52.4233 55.7281 17.9909 22.9362 51.8161 18.5067 43.1093 43.4747 51.4597 35.2607 28.0522 37.4087 34.8334 53.9542 61.9217 57.1647 25.7003 59.6586 63.0078 30.7454 36.2777
19.7743 19.9168 19.6123 20.909 16.8539 20.714 36.9226 38.6083 40.3111 39.1898 44.2558 42.2879 43.9571 40.8437 50.1571 51.1384 49.915 50.6294 54.0691 52.6177 57.8471 57.7619 32.7677 35.756 36.1364 35.1774 35.5813 38.7727 41.2042 38.9022 47.8071 47.9887 43.5716 52.0758 43.432 45.0851 42.419 40.9641 39.5808 37.256 38.2318 39.0333 42.9134 38.4484 37.1098 41.1111 29.2529 34.7337 32.7232 37.5043 26.6773 28.4403 29.3792 33.2816 29.4612 25.6934 27.3504 29.3059 13.4355 15.7695 12.9382 15.0094 26.8761 27.175 25.2454 23.2121 65.8675 65.1956 54.9669 56.8004 39.7601 34.4079 50.5987 45.5194 53.2462 47.6335 50.381 52.7284 58.8553 62.8948 19.511 16.5888 48.3653 61.6424 17.9434 21.4233 18.1053 21.4624 20.0659 23.1796 46.5524 50.8653 47.9751 48.9937 43.4873 44.6061 43.5229 45.765 1.52487 1.07919 0.996857 0 27.299 22.1806 24.4549 25.6327 18.9888 18.6529 17.0026 19.7501 41.7326 49.9083 47.6779 50.3941 36.2297 38.3211 36.0634 32.3021 22.6748 22.3792 19.6726 20.8085 61.1162 56.4068 57.8375 59.3293 56.2741 49.5974 55.9924 57.2409 4.88716 4.73271 3.93893 4.16031 22.7788 43.4758 20.5331 55.0885 38.7914 24.9395 9.72295 41.8422 42.9597 41.6114 50.392 37.1663 49.3929 54.271 69.118 23.8283 42.5395 20.5821 52.6088 50.0254 52.9279 19.7791 22.0839 58.8757 19.6417 42.1089 43.4459 51.273 35.8536 28.5833 33.6082 30.8453 49.1419 50.3536 62.6743 29.1652 65.1086 54.5984 27.3487 33.8381
33.2459 34.1064 34.5131 35.0441 30.5983 34.5807 44.5749 49.456 43.7469 49.6119 55.0632 53.4152 52.6466 53.9979 57.1932 56.991 61.7902 66.4711 61.1587 62.6498 66.6364 70.6546 38.9158 36.6368 40.8707 37.3611 46.2537 44.5662 43.1665 43.167 23.4491 21.0922 20.7819 25.6975 16.2542 18.9355 19.1217 17.7967 60.6036 62.9386 57.839 59.8695 68.8435 66.9348 59.9476 65.2863 6.52257 7.32476 8.76059 10.1488 3.78541 4.80503 6.79485 7.31178 17.2754 17.6712 16.4007 14.6884 42.0415 39.8458 39.1784 40.4954 51.0789 47.6022 46.0494 49.9243 89.6313 91.4723 87.0789 94.0745 20.6 18.5172 47.475 57.4743 52.349 58.9166 78.7985 73.3941 69.1396 63.9706 6.86176 7.63398 68.8189 73.3493 20.6767 47.0713 40.3595 42.4153 39.4923 40.6919 69.6786 71.6743 72.1968 79.4498 63.9898 62.6341 66.8103 67.661 24.3589 25.5198 24.7519 27.299 0 1.02709 0.929636 1.42622 16.7776 20.4211 17.9956 17.4925 19.6062 20.9857 20.8039 21.9701 58.9526 58.4282 62.2066 62.6764 43.016 45.2193 42.9543 45.386 64.1148 75.8121 66.5614 69.4895 81.2213 79.3138 76.2638 79.604 30.5072 31.2463 28.9017 29.8464 26.3268 51.9245 12.801 60.717 58.9164 10.3532 22.4377 28.0334 58.8288 70.6228 75.074 33.8677 57.8499 77.2332 102.968 39.6531 57.0676 35.4683 79.7087 55.8514 62.8882 42.8828 47.9009 73.3185 13.8584 57.9094 64.4259 74.2117 9.63537 48.346 20.0535 55.9217 62.3198 81.8726 75.8427 49.2582 78.4699 78.5994 44.3603 52.6464
28.5187 31.3903 30.4373 29.6166 28.4534 37.6952 46.3512 42.6952 47.4493 46.1715 54.7192 54.7817 57.1898 53.9235 54.1871 64.1908 54.6455 58.9164 63.7066 60.6696 64.5659 62.6199 35.0999 36.5514 34.8032 41.0792 43.2239 41.2693 45.6492 43.3208 23.7041 21.3102 23.0116 22.4224 18.6112 18.8652 19.5198 20.2551 57.4495 56.3601 59.0725 55.092 68.1797 68.7814 65.8204 65.708 7.88717 7.48436 9.2306 9.9714 4.03202 5.44246 6.747 7.45882 18.0538 16.9273 17.0386 15.7042 36.9443 36.804 34.7297 34.6374 48.6241 47.9301 43.9668 45.3591 80.1235 95.0255 89.9477 93.9051 21.4172 20.6091 46.1374 49.054 58.6158 59.5612 67.11 76.8168 69.342 65.6469 6.84758 7.54936 65.2742 68.75 21.3468 44.6948 42.0689 37.5031 37.3632 36.8367 75.0768 80.166 77.0836 68.5342 60.2334 72.7369 69.6938 67.1433 25.6555 25.4071 25.507 22.1806 1.02709 0 1.52096 0.956981 17.649 16.5514 16.5639 18.5025 22.0826 23.2021 20.884 23.7967 54.7861 59.4949 64.5031 59.8408 41.3721 48.8036 44.7615 45.7567 64.4964 76.9883 72.3909 69.9966 77.2907 83.2898 78.9908 83.2411 28.0871 30.5528 26.8266 25.8824 24.3871 51.3621 15.0044 60.1948 54.0857 9.71072 19.6202 26.5065 55.3046 57.8598 73.231 35.9603 65.5801 73.8834 103.073 42.749 53.6623 34.2322 79.4604 54.339 61.8055 41.4998 44.312 76.226 13.824 59.4132 58.936 64.7096 11.3161 56.1073 22.2838 59.2309 74.7467 80.749 76.6087 47.8913 81.1778 87.1491 45.1199 51.3559
30.6775 32.0627 35.816 31.243 33.5489 36.0166 46.8198 47.5973 45.5904 49.8188 51.6778 56.5596 50.1444 55.1635 59.6098 58.5848 54.658 60.8209 60.9146 61.0324 66.707 60.1891 37.8717 41.5292 35.6993 35.6115 45.9758 41.0129 46.2573 44.4649 20.7512 23.774 24.1405 22.4902 17.985 17.2537 17.7236 18.1689 65.6428 61.4539 64.0877 62.484 63.3945 68.1916 67.279 60.018 5.75781 7.07228 7.05692 9.03517 2.95158 4.06753 5.30021 6.22415 19.765 18.2134 18.1958 16.3861 41.7332 38.2712 35.7845 38.863 50.8668 49.62 43.2066 50.9135 86.1069 80.2971 89.9317 90.9469 19.514 17.2773 49.4316 52.1927 63.3204 61.3737 79.3363 71.6115 74.2046 72.0498 7.85135 8.39219 73.6649 69.9262 20.7675 46.4218 40.0891 39.8146 40.6626 41.7557 74.5222 75.5576 70.3517 81.0219 70.9584 73.6686 62.1878 70.2402 26.1318 29.0337 25.8978 24.4549 0.929636 1.52096 0 1.06751 18.7731 19.2389 19.6358 20.9351 21.9408 19.577 19.6814 21.0702 66.5101 65.3344 59.5453 64.7767 48.5309 46.0291 44.9083 41.5122 77.4806 72.5567 67.7742 68.1056 79.3056 76.7543 71.927 74.8152 31.4275 32.8878 30.8123 30.1073 24.52 54.8779 15.9352 59.29 60.4566 11.1001 23.9184 26.3151 53.3097 70.742 82.8873 33.8112 67.4962 80.6591 99.5668 40.8996 57.0715 36.9847 77.543 62.5758 65.3589 44.2267 44.2664 82.175 13.3261 61.4589 63.8799 72.074 9.62023 55.3169 21.365 56.0355 75.9244 86.7418 73.0421 49.9136 92.4946 87.7476 38.2423 51.532
32.0915 32.5239 33.4109 33.1226 30.0487 37.6755 47.1962 48.779 42.4026 51.8925 56.8486 48.503 54.0142 56.9688 58.9111 62.5337 55.9043 53.92 67.916 66.7178 70.5653 64.1253 36.8579 36.3522 38.659 36.8399 38.6631 39.4744 44.1251 42.545 21.4199 23.666 23.6481 25.0152 18.7158 17.4949 17.5949 18.8679 64.2131 57.3405 54.7958 55.8693 69.9629 59.9771 62.3993 61.6216 7.26277 6.7697 7.97412 9.30224 2.8652 4.37697 5.35447 6.86608 18.2049 17.2544 17.3409 16.3131 36.3933 44.2919 38.5126 38.8684 43.8093 49.133 44.0644 46.4151 82.0091 85.2568 76.9064 93.1514 23.5916 18.2008 52.5967 56.5972 55.2932 60.8565 72.7588 74.847 77.1182 66.1145 7.67782 7.5567 68.2179 68.3553 19.1099 48.3289 43.4892 37.5986 41.3666 41.8261 75.492 80.0747 81.236 79.6918 66.9989 66.3253 70.8206 70.849 24.231 24.4714 23.2099 25.6327 1.42622 0.956981 1.06751 0 15.97 16.7255 16.2118 19.4126 20.4451 22.0356 20.9803 19.8854 63.2636 59.9935 65.8335 61.7078 46.6712 47.8167 47.5177 44.0172 74.5772 66.7919 74.5841 65.1237 82.6685 83.6097 76.5075 82.4995 29.9217 27.2109 30.5565 30.9662 24.3646 55.9268 16.0191 64.0218 53.3196 9.23637 21.7036 30.5079 57.285 61.1221 78.4211 36.969 63.6948 79.6988 103.669 44.959 50.1663 36.2236 82.3979 56.2785 63.4518 43.2354 43.7421 84.74 13.8085 52.4189 66.4698 76.6598 11.0353 50.9628 24.0464 53.636 72.3274 84.9836 66.9793 54.3367 90.9667 89.5956 44.3604 49.8191
13.6656 14.5936 15.8706 16.1902 11.8873 15.7893 29.8636 29.6157 32.4274 33.2157 36.2555 35.8906 38.1115 38.2714 43.4442 42.4069 45.1458 40.7509 43.8071 48.2906 51.6233 50.8003 19.3023 21.1805 20.7468 25.1396 25.9753 28.4939 26.5593 28.2607 39.9145 40.3922 40.9494 41.9409 37.7573 31.9549 34.2867 37.4443 47.1494 49.9899 50.7299 46.8944 52.9569 53.1086 48.1229 47.1811 22.2994 23.4565 24.3113 25.1225 19.376 16.9313 18.183 20.4754 35.7566 27.5174 31.2337 30.639 27.9005 27.3783 25.0401 25.2703 46.2251 42.378 41.5726 40.8635 68.3377 77.0193 65.3849 71.2644 35.8906 39.2569 35.2244 40.4468 39.5423 42.1454 57.6622 57.3379 82.779 71.3829 18.4925 13.9678 60.3056 59.0187 3.41866 31.649 22.7584 24.5183 22.0506 23.0547 61.2124 60.0421 61.7012 62.8231 57.0278 55.5765 55.2452 53.4368 17.3737 18.9644 18.4751 18.9888 16.7776 17.649 18.7731 15.97 0 0.967669 0.997242 1.36482 37.0192 39.178 34.6392 34.6704 46.816 52.3585 51.8191 43.3962 40.1072 38.08 41.3032 37.2317 78.8901 73.3861 70.49 69.6033 61.0262 73.3595 69.1401 69.7777 22.194 22.9146 22.4347 21.2121 32.6774 60.3034 22.7411 46.2561 45.0425 11.508 8.4465 46.8305 36.5322 51.5347 71.1868 42.8645 62.7765 68.6449 85.9788 40.5081 38.2358 38.1469 71.995 57.1383 48.7845 37.6461 39.5368 68.006 22.2664 57.8138 64.4175 69.3235 29.3168 44.527 38.1875 52.9856 71.5676 62.1874 68.1294 36.9787 79.7809 80.8117 44.4359 36.6343
13.4347 12.3719 13.0035 14.5052 11.3083 15.2825 30.705 26.9854 30.4483 31.3349 31.5796 36.5696 37.2559 35.6673 37.3691 45.0582 38.9772 41.3374 49.31 46.1753 46.3266 44.3686 21.9914 21.9993 22.3202 25.1202 24.8206 27.5566 25.2543 24.9754 43.7945 43.1306 41.3748 41.0553 37.7273 39.3788 35.9923 39.0784 49.3766 45.174 42.2645 48.6428 48.336 46.2618 50.9496 47.393 26.7223 24.336 26.8536 24.1752 20.3466 20.9721 21.2994 21.51 31.0933 30.5587 33.6687 27.6057 25.6136 26.3227 22.0323 23.1408 47.7729 42.3663 38.8163 39.7575 74.2106 78.1402 63.7393 74.5732 38.8222 35.3686 32.8705 34.3554 36.7815 41.3231 53.3203 63.069 86.8205 72.2818 16.6194 14.8414 53.0695 54.2966 2.35855 30.1776 21.0258 22.5641 23.3312 21.4811 66.1973 62.8063 64.2492 61.9315 56.9819 53.3393 55.409 52.1639 18.2242 18.6252 18.3147 18.6529 20.4211 16.5514 19.2389 16.7255 0.967669 0 1.54192 1.00001 40.6454 40.6966 42.4641 38.9559 43.9331 45.0501 49.4885 43.2268 39.5786 42.2873 35.8972 36.8331 69.3109 71.8764 81.2654 76.3962 69.661 67.2123 61.855 62.2849 22.6538 21.2852 20.9577 22.8118 32.1454 61.7129 27.1609 44.9379 42.1948 11.921 8.01583 44.8488 37.3784 47.8036 70.8803 48.0139 61.1284 69.2566 89.9314 43.3725 39.3778 36.93 77.8011 64.9473 46.2471 37.252 36.1448 66.8819 23.5808 53.0478 67.8779 73.2807 27.2308 44.2194 39.9088 45.8993 70.7687 68.7648 75.76 30.8958 77.6819 76.2375 43.8748 33.6916
13.4698 14.8086 14.7971 16.6989 13.9743 16.2311 31.3423 29.9136 31.1902 30.9239 36.129 36.185 38.3262 38.484 44.2373 43.7939 38.9515 43.9424 42.989 49.4123 43.5579 47.0034 21.7183 23.527 24.18 22.0835 25.3749 28.4088 24.8276 26.8533 41.0978 36.204 36.2447 41.6881 35.5343 37.8259 34.7048 34.7749 47.8915 50.1605 45.4547 42.4552 54.741 46.9031 51.1476 52.0318 25.5701 22.007 23.1694 22.3794 16.9929 19.7181 20.2661 19.3791 33.3891 28.2218 33.2566 28.4669 28.5323 29.1232 25.216 28.4496 42.3171 46.7075 39.3332 40.9167 67.3843 71.8781 64.2256 78.6344 41.4488 36.4742 32.8222 34.0036 41.5631 44.9248 55.8617 60.4877 82.2325 86.5932 18.0545 16.1734 56.4815 57.4114 3.55486 28.921 24.0511 26.0455 23.5686 22.8528 69.4652 62.2059 62.4009 65.7541 58.4483 63.885 54.7736 58.558 18.3865 19.4401 19.5702 17.0026 17.9956 16.5639 19.6358 16.2118 0.997242 1.54192 0 0.92895 39.3555 34.8334 35.131 38.6074 44.9973 47.8799 51.6613 48.2103 41.2779 38.7784 36.6237 40.0029 69.4073 77.6959 82.7194 80.5721 66.8836 65.7534 66.6918 65.7111 21.034 22.2314 20.6615 22.1888 36.7248 56.8233 25.1131 49.9974 43.2605 10.3557 8.938 42.9771 36.744 52.8041 65.8755 49.4021 62.6714 70.6687 90.05 44.6342 37.929 39.0159 67.9476 63.2223 47.7051 34.5224 38.6699 76.2812 24.0832 54.4339 71.15 74.7229 29.4493 52.0335 38.8836 52.4849 69.9189 70.653 71.3959 33.6196 73.019 73.3903 43.3872 36.123
12.6971 14.4726 15.3225 14.768 12.3483 16.3003 30.4304 28.1931 31.3564 30.8802 37.0591 34.8271 35.7784 37.7406 43.3942 38.0442 39.6297 43.0822 50.1394 48.8944 42.4565 50.5411 20.1937 22.4197 22.1704 20.2609 24.0841 25.7758 27.2577 25.2706 43.6661 41.835 38.2233 43.8989 35.8957 35.6472 39.3724 35.5133 49.6722 48.6735 43.2794 48.7127 53.1354 51.2149 46.6497 49.4889 24.3596 22.4094 23.5684 23.0011 20.9432 20.5286 21.5116 21.0241 32.7338 29.1132 32.206 27.8677 24.755 27.4579 25.6708 26.4839 42.1458 48.9751 43.6463 39.5691 75.1264 77.1062 69.9798 72.107 40.9616 34.4357 33.9139 34.6842 36.4018 38.1158 60.0548 63.0822 83.2574 79.4987 18.1626 15.8965 60.2909 54.0788 2.62319 30.6563 23.1887 23.894 21.4199 23.6671 70.5503 70.4719 71.1207 66.0546 59.6268 54.9357 61.9816 57.1767 21.3702 20.8451 18.2665 19.7501 17.4925 18.5025 20.9351 19.4126 1.36482 1.00001 0.92895 0 38.6323 36.9973 42.333 38.5478 51.5947 53.5875 44.4952 44.8331 37.5487 41.9498 42.4827 39.3643 78.2945 79.7449 82.8338 77.8151 73.3809 67.6155 65.1591 62.5354 21.8797 22.8774 21.7755 22.4774 36.034 58.8735 27.7863 43.895 44.1371 12.5424 8.36745 42.362 37.6732 48.215 69.4718 51.3295 64.3536 73.9147 86.6206 37.3617 34.7201 40.1377 68.9419 59.6101 45.8845 36.3717 39.6062 67.5614 23.2059 59.0382 68.7791 71.8865 26.0758 49.9824 36.2684 47.7106 76.959 64.246 76.4109 32.116 82.1612 73.6882 48.329 37.9033
49.8304 50.9816 50.5931 51.4075 48.8952 56.0265 65.2867 62.7063 70.236 65.361 68.1141 68.4883 77.391 69.0001 84.2251 77.1859 75.7307 72.8368 89.5112 77.1838 81.7078 85.9789 56.1396 58.5869 52.5832 54.5199 56.8871 60.1298 54.3211 55.0657 6.026 4.8761 4.04815 3.29947 5.6496 3.88336 2.98733 2.71038 87.83 75.2626 77.6801 86.8877 84.6429 83.4587 91.3769 94.347 14.1546 15.7941 14.6154 14.1722 18.7564 18.266 19.0419 20.1164 24.0809 29.0832 26.0553 23.5177 58.6398 60.3034 55.0247 66.265 59.6127 62.881 63.8086 62.9001 109.271 109.969 104.341 99.7824 16.671 17.868 62.1973 68.3662 77.6575 73.6456 92.44 91.8279 82.0843 78.3079 24.7914 31.5352 103.226 94.9086 39.7657 70.3104 63.308 65.3368 62.0501 64.1971 96.1157 106.622 105.491 101.849 86.6729 95.4538 87.8109 82.4887 45.4355 51.5238 46.7427 41.7326 19.6062 22.0826 21.9408 20.4451 37.0192 40.6454 39.3555 38.6323 0 1.05515 1.06476 1.30828 83.9288 79.9098 77.1475 90.1692 59.6617 58.849 60.2986 63.8766 87.8698 80.6426 74.0017 73.711 104.583 104.297 90.668 102.773 47.2315 51.0708 45.6389 46.5118 37.507 63.6005 28.0702 79.9527 84.9613 26.8621 44.3545 29.8774 70.8983 81.7718 98.3924 39.227 67.2294 81.2739 122.951 64.2531 75.7678 47.2766 99.0947 66.9426 80.5604 57.9083 69.7181 105.67 31.7449 65.1643 72.0234 77.5618 12.8076 66.6982 22.0194 74.2628 73.8426 110.445 82.0129 72.4286 109.131 98.446 51.6984 72.0039
48.0413 49.8474 50.9787 57.2863 47.7414 51.7412 64.5376 60.5281 63.7397 58.7915 66.7128 77.2655 65.1892 70.6554 74.7514 70.1356 84.1861 71.079 86.3446 76.5889 83.0222 87.4826 50.2802 48.1592 51.2797 52.948 58.2395 59.5516 54.9637 52.6526 6.83497 5.17768 4.69589 3.87254 4.73031 3.53628 2.8102 1.72769 85.9203 78.7665 87.0343 76.6701 95.1616 81.2146 79.3231 86.9113 14.2726 13.4913 13.8981 12.5314 17.6804 19.36 16.3339 17.5967 27.869 25.0796 22.5492 24.837 58.456 64.8887 57.2003 54.2849 64.6422 70.6418 60.0634 68.1186 108.05 117.72 113.788 106.189 18.4018 16.9552 68.2566 68.5489 79.0418 74.3103 85.3856 97.1857 84.8081 75.5291 27.2343 30.7807 95.9758 88.3302 41.2026 61.4619 65.4922 56.6868 65.0629 61.2725 104.005 106.055 93.6141 86.9365 90.9788 84.3115 78.7498 95.453 46.8018 41.7601 46.1856 49.9083 20.9857 23.2021 19.577 22.0356 39.178 40.6966 34.8334 36.9973 1.05515 0 1.30862 0.996393 74.7129 86.0433 80.9058 76.4453 64.9133 69.3788 58.7681 62.9979 77.2521 74.0662 81.4552 83.6869 93.1826 102.442 102.037 89.3596 45.9286 52.9003 44.1471 52.9205 37.4871 63.3635 26.8083 87.344 70.9453 26.3128 41.6922 30.7951 66.606 86.4115 96.7175 37.5532 79.6885 94.6687 128.962 60.102 76.8014 45.0941 93.2858 64.1042 86.4726 57.5323 63.2414 91.6061 26.8769 66.1712 76.5267 82.4368 11.9828 71.2095 25.3441 76.2864 84.7797 107.794 89.2325 68.9137 108.85 111.288 49.7744 73.3477
51.7767 52.0497 51.2798 49.3285 55.314 52.9967 63.8175 63.6711 69.3151 64.606 74.3388 76.5713 74.8052 74.4203 79.0724 75.9049 71.6429 83.873 83.5666 80.9546 76.2031 90.8938 48.6602 57.0606 50.7571 52.3932 63.1016 59.901 58.1129 59.8033 6.54405 5.51751 4.13268 3.90472 6.54655 5.23188 4.00924 3.20068 82.5555 87.5348 90.7459 77.7357 89.6531 86.3256 81.6634 86.3392 16.031 15.1055 14.1585 14.1541 19.3548 18.6966 17.5132 18.3224 28.2258 28.9777 23.1907 25.605 55.3231 56.5923 62.2884 61.9238 67.7715 62.7227 70.1411 63.2882 103.639 102.525 115.366 114.851 19.1416 17.4232 73.1085 73.9072 75.4701 68.7862 92.7412 93.589 78.0649 79.4789 25.5593 31.1503 98.7912 94.9724 39.8436 62.1884 56.7317 60.9833 66.2515 59.7456 96.898 98.4005 88.1566 88.7747 95.4455 97.0229 90.5877 90.301 50.4207 51.2807 43.2126 47.6779 20.8039 20.884 19.6814 20.9803 34.6392 42.4641 35.131 42.333 1.06476 1.30862 0 0.973066 85.3088 83.2863 85.14 76.788 67.9806 70.4507 63.6376 66.8628 84.6178 87.4846 85.8091 75.8305 99.8667 102.533 105.954 100.192 47.7035 51.5781 51.2699 52.5546 42.1209 65.1733 27.7051 85.4513 84.4405 26.7452 43.6842 29.7192 72.9412 82.143 100.86 42.2946 76.7596 97.3231 118.994 60.0269 74.2594 50.5522 93.8037 65.5465 91.2467 61.5125 68.6247 100.295 31.8174 68.5198 72.647 91.3999 12.152 68.8885 27.5428 70.8213 84.2009 99.0454 86.2152 64.6162 97.625 113.52 52.206 71.2512
49.8214 50.454 56.9101 55.3775 48.6358 52.7689 65.7933 69.9599 60.6791 68.9191 77.5027 70.688 70.7802 70.3425 74.4314 83.2339 76.5657 73.1414 82.9438 76.4242 88.1077 82.5499 47.7838 47.7588 50.3399 55.4721 61.22 55.1768 52.4711 59.5208 7.12943 6.51829 5.5118 4.13807 5.80058 4.59498 3.66379 2.52427 81.4481 82.6343 74.5451 75.0914 95.0547 79.7891 86.5023 84.8608 15.2697 14.6011 12.8673 12.1383 17.5194 20.6582 20.1703 16.7334 26.9541 28.0617 23.6361 27.6025 55.7223 66.2224 60.7218 59.775 66.9771 69.5347 60.2541 64.9328 107.087 110.771 106.206 101.904 18.8654 17.6299 60.5581 73.1134 68.8778 74.3141 92.4624 91.1628 82.8642 79.683 27.5198 28.805 101.828 82.5034 39.4163 66.852 55.564 62.5312 58.3345 66.2596 100.711 91.4556 99.9068 104.626 93.3895 92.9391 89.0109 85.5825 46.3242 42.4208 48.2782 50.3941 21.9701 23.7967 21.0702 19.8854 34.6704 38.9559 38.6074 38.5478 1.30828 0.996393 0.973066 0 86.2596 89.4712 75.6602 80.695 58.9332 64.3424 58.6994 64.6055 82.9228 90.0995 86.0345 78.2021 95.2934 92.7253 103.193 93.218 48.3013 48.4253 45.1739 53.3255 43.2397 61.213 26.5628 77.225 85.5913 28.9753 42.3589 29.8534 68.4753 94.0819 102.522 41.3712 69.6562 84.5119 115.705 60.4871 71.3069 49.2689 91.203 60.7266 82.2224 59.579 64.8368 97.0857 30.8083 64.4948 81.1438 80.8833 11.9028 73.7895 23.0041 72.8346 87.634 93.0035 89.2505 76.9539 112.882 105.092 57.8802 78.8558
37.0251 38.8798 40.8526 42.4413 35.344 33.0568 41.1071 46.132 48.9794 42.7484 39.4313 46.7534 47.2916 49.1759 45.3871 51.8447 50.323 51.4734 53.3922 50.8891 55.6568 52.4624 58.0094 51.1691 59.2541 53.1108 51.4232 48.2165 50.8623 51.8134 75.5297 76.4316 88.8068 83.909 79.6394 75.2637 77.11 80.4422 5.13694 5.77818 7.22153 7.23731 10.2294 11.0402 10.0334 12.6461 60.8531 64.5507 69.4024 66.9659 58.8193 65.7487 59.0138 63.9543 58.4161 55.7081 66.2039 61.0769 22.4541 20.1209 24.6802 22.9493 29.7743 25.6067 27.0198 26.0769 28.4476 28.0984 27.3027 27.7913 74.4067 65.2547 62.6757 60.4515 53.5406 59.2445 22.1583 27.0789 80.3523 68.3318 58.2825 57.2524 15.3661 62.0784 43.9679 22.5838 28.5826 27.0713 26.3474 29.3135 18.8184 17.9276 17.2575 17.4528 12.1212 12.802 12.3359 12.7281 36.8531 37.2425 39.6653 36.2297 58.9526 54.7861 66.5101 63.2636 46.816 43.9331 44.9973 51.5947 83.9288 74.7129 85.3088 86.2596 0 0.906386 0.955625 1.50769 24.5443 24.2971 23.5784 25.2091 61.9853 69.9682 68.7867 69.1488 18.3752 18.7075 19.1148 18.333 29.8684 29.9468 33.2296 34.3163 53.8441 56.244 60.8585 44.164 40.6409 54.4472 43.9338 75.6529 44.3837 19.9959 30.7394 57.9956 56.8496 39.6421 36.3376 28.6694 35.6939 42.2284 47.6266 65.4145 45.2407 18.5916 15.3474 21.1711 54.1426 47.3795 51.9465 44.6389 63.0724 23.4637 65.1151 22.4193 52.619 22.7778 62.399 17.7612 28.9475 27.4935 47.1285 26.4847
37.3888 40.253 39.5583 41.6681 35.5017 34.6141 46.4143 40.8227 43.9526 49.7919 47.4057 45.0545 47.0958 47.5184 42.8031 49.1616 45.4606 47.8172 53.1594 54.5344 55.8763 53.5608 49.7707 54.165 58.8711 58.0713 57.27 56.9001 50.8176 52.9119 80.602 88.073 92.0235 76.8905 79.2172 77.4814 77.6923 84.9381 4.37429 5.56868 6.68099 8.0309 8.42453 10.0891 9.25395 11.0597 71.3484 73.1845 74.591 73.8488 63.6843 70.3879 71.8025 71.2506 64.3765 63.2866 64.0832 63.0383 22.1106 20.9198 25.6707 21.5685 31.1314 29.5336 32.7415 25.4131 25.7742 26.5004 25.0479 25.3587 81.2888 72.1289 55.9489 58.0706 55.0721 57.9005 21.7172 22.3762 78.4252 65.4847 51.7201 50.02 12.1459 61.5194 49.5487 24.53 24.9916 29.3316 27.6718 26.1222 16.4525 17.6904 16.5515 15.0861 12.5848 13.3244 11.8504 12.176 37.9764 35.0382 39.3457 38.3211 58.4282 59.4949 65.3344 59.9935 52.3585 45.0501 47.8799 53.5875 79.9098 86.0433 83.2863 89.4712 0.906386 0 1.28488 1.05233 29.5689 24.5277 28.7828 26.3041 67.9029 70.2616 66.5154 69.6932 18.9826 18.6256 16.5138 16.8537 33.6469 34.0227 32.5569 30.0487 50.8821 52.8334 51.8989 50.7509 36.9867 62.2844 44.0824 75.175 50.0293 17.0326 31.0597 59.2774 49.4496 40.7525 33.8367 32.7215 36.377 41.1554 46.2886 62.6129 52.1242 19.2869 14.3697 19.574 56.4998 43.1923 54.8259 46.2981 69.3127 22.8253 65.6934 25.2433 60.7073 18.0106 64.4508 19.0157 31.8429 30.6926 45.8406 30.3805
40.7273 34.9094 40.7029 36.2362 33.8748 33.7263 42.2788 44.1785 44.0082 44.2048 42.5409 44.1907 45.8583 42.5811 43.7577 48.5127 47.6278 51.9956 43.9143 53.3291 47.2316 49.1045 50.9444 50.7838 55.674 56.3888 48.1174 53.379 56.6045 51.3121 87.1506 80.3347 74.8604 79.2148 80.5578 77.1352 80.0068 86.0233 4.1716 4.77454 6.18534 7.7128 8.76139 9.32503 10.7755 10.8564 72.3341 72.6439 66.5098 65.1168 58.8355 60.6106 67.443 61.5927 66.6878 62.1646 65.1261 66.1755 23.1995 21.7767 21.43 21.8398 28.1378 27.0283 27.203 27.7943 25.8269 27.7235 25.545 26.369 70.9278 68.8351 58.293 51.6158 52.4802 50.3412 23.0661 23.0481 71.3915 69.2009 57.2565 52.9409 14.2413 64.1487 42.1492 22.6057 26.8229 28.2967 24.9916 29.2605 19.1056 17.7461 17.6055 18.4538 14.402 13.5251 12.0024 13.0375 36.7165 33.5067 34.983 36.0634 62.2066 64.5031 59.5453 65.8335 51.8191 49.4885 51.6613 44.4952 77.1475 80.9058 85.14 75.6602 0.955625 1.28488 0 1.05216 28.2623 24.124 26.958 24.5992 61.6653 65.3083 64.3561 68.6621 19.0743 18.4815 17.9289 20.8403 34.3402 30.9401 30.9869 29.7772 48.1269 48.3062 52.0324 49.7682 34.0608 57.2731 37.513 66.6973 47.1769 16.9538 29.6657 61.4584 52.1692 40.4632 37.8797 27.9671 38.0294 41.8822 46.2645 65.1109 47.3469 17.9836 14.5928 21.5193 54.4469 42.2066 48.709 45.088 70.4395 22.5286 66.2198 24.1143 61.393 22.614 58.8969 17.1091 34.7226 31.5639 49.3517 29.7445
36.8968 35.4349 40.6603 38.155 34.8406 37.7152 42.3601 39.5572 40.3386 45.5742 45.4994 45.28 44.1989 45.5791 43.3789 47.4562 46.2181 49.3172 49.5004 44.3773 47.3535 51.5373 56.643 57.1637 49.9355 56.9653 54.5661 54.1128 48.8739 50.3406 83.8576 89.9743 74.9535 82.6027 78.9214 81.184 84.8813 84.0374 3.41887 4.66922 5.30013 6.47735 8.58613 8.43583 9.79428 10.4304 65.1087 69.5786 69.7519 70.9989 60.7741 58.7111 61.5887 67.1379 67.8437 57.3075 66.8751 59.6792 22.639 22.2318 22.5156 21.2965 30.3628 29.8427 32.6453 27.9253 25.8657 26.1802 26.6762 26.9397 76.9599 72.4876 60.367 51.2299 56.8863 59.2715 22.3745 24.6049 78.3645 73.3316 52.6569 56.6933 13.3566 62.0011 49.7457 24.5226 26.6903 25.9357 28.2033 25.5306 18.306 17.0127 17.2247 18.5536 14.9743 13.301 13.5107 12.1101 33.5842 38.4924 34.6952 32.3021 62.6764 59.8408 64.7767 61.7078 43.3962 43.2268 48.2103 44.8331 90.1692 76.4453 76.788 80.695 1.50769 1.05233 1.05216 0 24.597 27.3404 25.5528 28.3716 64.4202 71.0475 70.0562 64.0621 20.4825 18.6031 17.7205 19.854 33.3052 28.4691 35.4884 32.5139 54.0341 56.1053 59.7704 44.658 33.042 64.433 43.6276 65.7897 45.8498 17.2518 28.9003 61.494 53.6458 47.9868 36.6381 31.153 35.2215 43.7522 40.4671 66.7192 45.5987 21.3224 14.6274 22.7251 56.2776 43.4101 54.8087 49.8285 63.2138 22.5791 68.1632 27.0357 57.7593 19.6008 65.2305 18.5253 32.715 30.1412 46.8191 28.516
38.4391 42.1682 42.1445 35.6553 35.2929 38.4595 49.1561 47.5583 52.4135 57.86 55.9365 50.381 51.4679 62.3678 58.52 57.6568 61.4799 64.3175 58.0992 60.7856 71.7752 70.467 52.3409 53.6986 58.931 61.5163 56.5124 57.9045 57.1636 64.0433 61.6566 65.7568 64.9356 68.9141 61.4232 56.5063 56.7009 61.4078 27.3846 32.9766 28.1811 28.1888 35.3272 32.9599 34.5647 33.929 46.1591 48.8944 56.1622 57.8298 51.1412 47.2184 49.4163 48.9169 37.4116 42.0412 44.9816 40.8582 21.455 21.3536 21.1194 22.8304 6.03215 4.49726 4.37408 2.50929 54.8769 53.2921 48.706 50.7437 55.5404 49.5221 68.2603 69.288 68.1684 69.635 44.9564 53.9069 53.5921 48.1538 38.5453 39.1879 38.5847 75.7152 40.6176 32.9015 33.1467 32.5114 30.2629 33.724 36.4315 34.1598 33.6722 35.6125 24.484 26.0621 28.1564 28.7072 20.2608 22.9528 23.0346 22.6748 43.016 41.3721 48.5309 46.6712 40.1072 39.5786 41.2779 37.5487 59.6617 64.9133 67.9806 58.9332 24.5443 29.5689 28.2623 24.597 0 1.0683 1.0895 1.43916 40.3768 38.1468 44.2715 44.8295 40.3464 42.9842 34.9046 36.6121 17.8333 19.668 20.1765 19.0454 25.9538 29.3824 33.2799 60.3434 57.2869 51.6458 31.1031 41.8168 56.6011 37.9073 33.4481 38.95 30.1658 32.4344 58.3574 3.92072 55.2774 17.1378 32.2821 37.6667 64.5489 7.84047 12.2339 40.1011 30.4838 22.3433 29.3441 30.5364 56.0705 10.1174 44.0606 12.0453 34.5221 50.1718 40.4171 30.6095 43.5521 42.7732 19.475 41.4819
35.3392 39.6334 38.1593 38.0155 37.4201 35.1568 51.329 55.3564 54.2824 51.7904 49.0536 52.8539 52.9051 57.038 60.7593 59.8078 58.0429 59.5375 62.6822 58.8735 67.9068 72.0081 49.0142 57.8042 58.9145 63.045 56.1656 57.5106 60.202 57.9727 67.506 59.6407 58.6843 71.3967 54.5035 58.5758 62.5865 60.1002 30.1195 31.9014 31.866 27.985 35.7745 31.9353 33.5078 32.6513 55.6446 49.6559 51.9819 57.3828 45.1095 46.3581 50.6169 56.409 39.4741 36.8549 41.7088 41.4312 17.8788 21.5734 21.4732 23.4005 5.99642 5.58073 4.79761 3.1217 48.7612 55.3375 49.8887 49.3664 51.7793 51.1069 64.8328 69.2071 63.455 63.2482 46.8058 51.3023 48.6006 51.4346 40.1221 33.6319 39.6185 71.0194 40.1095 30.1607 32.5844 32.7896 32.5671 35.3689 36.0451 33.859 36.0473 39.036 27.8353 28.1407 26.076 25.9336 22.6081 21.5786 23.5468 22.3792 45.2193 48.8036 46.0291 47.8167 38.08 42.2873 38.7784 41.9498 58.849 69.3788 70.4507 64.3424 24.2971 24.5277 24.124 27.3404 1.0683 0 1.49418 0.979877 41.8582 42.1498 44.8541 46.1639 37.6851 38.1515 40.9459 41.4219 17.7674 18.8887 18.7236 20.4497 26.8531 28.9336 39.0564 56.1518 49.8815 46.3018 29.4289 42.3047 60.8443 43.3363 29.9677 41.2045 29.673 31.758 54.3151 5.4763 46.226 18.272 35.1168 41.0363 57.9997 7.23206 12.8663 37.6838 36.1046 21.8357 29.4254 31.0788 54.5166 9.44034 44.4179 12.0801 34.3433 48.1857 40.9189 29.4964 42.2258 40.5603 21.5014 41.8903
36.9298 38.037 36.4343 38.3743 34.507 40.1973 48.7094 47.7453 56.8633 50.8833 54.8736 54.9541 59.1384 57.1209 55.0179 58.9035 64.5545 67.0703 66.4778 67.0227 61.8729 59.8735 56.7606 57.3862 58.4542 56.3766 59.9417 57.6988 53.4158 62.6118 60.6406 56.7267 67.105 62.4543 57.9735 54.5846 54 63.5271 29.1983 32.9156 30.0572 31.5262 33.57 35.912 38.9434 34.813 49.3776 48.3748 53.7472 57.261 51.2179 52.2853 50.6775 51.3145 38.5663 34.7455 43.8397 42.7371 20.5332 20.0705 19.7985 22.8323 7.36352 5.97327 5.04216 3.75989 48.2535 53.5787 48.5186 55.0641 51.3053 51.9112 68.9028 64.7565 61.4946 67.5024 44.4847 48.968 50.1261 51.3723 39.5018 37.5805 43.142 85.1229 34.5332 32.1825 30.0621 34.3244 32.2162 32.5699 39.2256 37.7582 32.9178 36.705 29.3057 27.9438 24.7365 29.1718 19.0039 19.8709 23.2909 19.6726 42.9543 44.7615 44.9083 47.5177 41.3032 35.8972 36.6237 42.4827 60.2986 58.7681 63.6376 58.6994 23.5784 28.7828 26.958 25.5528 1.0895 1.49418 0 1.02654 42.5734 42.4988 46.1944 40.861 35.3475 40.4121 41.2336 36.1031 17.8116 17.1702 17.6629 19.6405 25.1007 30.3891 31.5801 59.0874 53.6056 50.8195 29.5553 42.5694 58.1973 43.2979 31.8792 34.5975 28.4503 32.0999 62.4789 4.55626 51.5487 17.1728 34.1979 34.8837 68.8386 7.93511 13.285 35.8571 35.1249 21.0929 28.5591 28.4874 48.6609 9.43976 43.6096 13.9159 35.9013 50.1776 40.7031 32.5329 39.7892 40.118 22.3222 45.012
37.0788 34.1052 37.5106 40.3184 37.2404 39.3598 48.135 54.3328 52.2491 50.3314 55.852 52.2806 54.4333 60.706 54.3841 62.16 57.1997 66.1473 58.5628 62.9269 65.3793 66.8268 57.207 50.0569 53.0599 56.7863 49.7527 51.9304 58.087 60.1911 65.048 57.6003 58.6775 70.2852 55.1556 61.2377 56.6342 57.9155 27.2163 27.996 28.35 32.0708 36.1401 33.0626 36.1365 35.2033 51.4263 54.1888 50.7085 58.6622 48.5471 45.231 52.6655 50.2662 42.2826 41.9503 44.3941 37.0276 19.3273 20.9672 18.6391 20.0621 6.9982 5.95278 5.04693 3.50967 48.851 53.0219 47.3219 56.0584 57.7708 53.6414 59.8417 60.5841 66.5654 66.1832 47.1524 45.59 53.5595 50.4434 36.8277 35.3372 35.1576 73.7739 40.011 32.446 29.6824 28.2865 30.5533 29.9879 32.4456 39.9039 35.2188 32.6592 27.4622 28.3693 23.488 26.5068 20.5959 19.8532 22.2082 20.8085 45.386 45.7567 41.5122 44.0172 37.2317 36.8331 40.0029 39.3643 63.8766 62.9979 66.8628 64.6055 25.2091 26.3041 24.5992 28.3716 1.43916 0.979877 1.02654 0 40.4402 45.0215 45.5308 46.8285 39.5559 40.0794 38.1484 41.7963 18.3671 18.2917 19.6642 16.6643 28.1784 28.3328 36.3995 65.9179 50.8002 43.6854 27.8445 50.1486 60.3536 42.9007 29.4082 39.9512 30.0707 31.0427 53.2449 5.23386 51.3843 18.0109 33.3798 35.4656 67.063 6.96807 11.9508 36.2893 35.0366 20.7199 30.9222 29.8221 50.979 10.1937 46.9177 13.3465 34.8308 41.5015 39.6701 26.9191 43.732 39.2422 20.7856 41.0607
85.5246 74.7841 78.9419 84.2146 73.3318 76.0813 87.8758 103.369 100.35 102.666 88.4164 103.715 106.835 102.631 104.739 96.8147 97.171 116.069 102.648 103.215 103.693 107.159 91.1275 95.8349 105.85 93.5539 100.811 95.0415 98.8767 94.1911 82.4514 73.8903 81.0927 76.3092 73.0435 76.3647 83.402 76.8924 73.6294 75.6729 65.2347 71.6288 79.1745 69.271 71.7126 82.1407 68.6481 74.4577 74.1605 75.9636 71.0236 82.2963 74.8292 77.4234 56.2522 53.2608 57.3928 62.9581 64.482 66.8134 58.2319 60.6071 36.8676 39.6138 35.867 39.7928 79.2707 83.3157 87.2702 83.8782 68.1829 67.3969 111.663 117.173 116.484 106.218 85.7627 90.0923 11.7132 8.80977 68.9107 69.6686 80.8348 110.279 72.3762 69.8934 69.5299 76.772 81.4866 82.5652 65.394 62.8513 66.4917 60.0443 60.7734 63.0934 61.681 55.4943 62.6369 54.1758 61.4137 61.1162 64.1148 64.4964 77.4806 74.5772 78.8901 69.3109 69.4073 78.2945 87.8698 77.2521 84.6178 82.9228 61.9853 67.9029 61.6653 64.4202 40.3768 41.8582 42.5734 40.4402 0 1.00585 1.01353 1.55202 63.71 72.4051 70.9681 72.0066 53.0204 54 61.0558 53.0618 49.3988 18.4057 59.843 105.647 102.265 77.0167 72.1386 51.8001 99.7002 89.7578 44.5828 38.2401 13.1741 29.5082 84.327 42.3767 99.5256 38.5744 33.2787 14.0902 112.42 49.8585 58.7561 61.168 55.6556 20.9052 15.7064 24.3193 78.0876 41.7122 52.3228 42.0656 8.99026 84.0473 7.62152 71.1117 51.6753 54.4671 29.6951 89.6833
85.9569 80.5549 75.9293 76.2167 78.6709 73.7446 87.7815 92.1124 103.331 97.4286 103.206 91.5133 94.5754 107.001 94.3712 100.062 103.973 110.526 116.15 102.337 100.734 113.02 88.4983 101.9 103.614 99.8495 100.26 103.279 97.792 96.8315 81.108 70.9603 74.3585 87.6409 83.6055 77.2589 82.9545 86.5031 72.6954 75.8523 63.2252 73.3264 74.7572 74.1726 70.6587 73.5139 72.495 72.6695 71.9946 73.3877 66.8553 69.2738 70.2236 70.7848 53.6879 58.1751 55.6935 57.7138 57.4697 60.9154 57.4561 69.2691 38.5067 39.1539 35.7677 38.1249 89.6396 87.9333 77.3278 85.8906 59.8338 59.0973 109.144 113.547 110.596 104.388 91.513 82.6603 12.6153 8.81269 62.6491 62.7517 75.1541 128.684 82.9008 76.2838 68.1168 67.949 67.7648 70.589 69.8354 71.048 65.7541 60.9164 53.2611 54.0141 52.3359 62.1273 62.7296 61.292 59.3264 56.4068 75.8121 76.9883 72.5567 66.7919 73.3861 71.8764 77.6959 79.7449 80.6426 74.0662 87.4846 90.0995 69.9682 70.2616 65.3083 71.0475 38.1468 42.1498 42.4988 45.0215 1.00585 0 1.41911 1.06774 66.0895 64.6135 66.7507 62.7641 54.6024 54.0174 53.3582 62.8377 47.5059 18.4202 52.2306 100.358 86.8197 81.0353 68.8974 56.585 91.7369 77.8396 46.0435 43.7407 11.8033 27.1068 76.0635 38.4691 87.1265 37.1921 33.0445 16.06 114.002 55.0278 59.8367 60.5308 55.7053 19.5846 13.2019 23.2861 67.9608 42.7648 61.8084 38.4013 9.07259 80.0007 5.89064 79.7046 51.8469 62.3747 27.7011 79.6066
82.151 77.9663 86.0063 84.2646 74.6402 84.3846 98.4548 95.5612 90.2999 101.982 100.017 90.8054 103.052 89.8352 106.225 104.972 105.756 104.521 114.873 117.394 111.894 104.724 85.9242 97.7 91.5179 94.3888 105.37 95.3978 107.212 103.508 70.9643 74.7329 72.9672 74.5371 74.1058 82.4462 79.1297 84.8619 71.1479 69.5318 71.1154 70.0777 75.4016 68.7547 81.589 71.6337 68.0257 73.5918 82.5769 69.2762 78.6963 74.368 83.3187 71.2371 52.1748 58.1241 55.742 57.7991 66.3665 60.5264 59.6487 70.415 36.232 39.7296 40.8413 43.8652 84.973 80.188 83.6371 87.3522 67.3267 59.7296 108.24 114.567 107.262 115.197 78.5705 95.4953 10.3547 8.29864 61.4467 59.4924 76.9297 116.301 77.9538 76.2758 66.3501 81.07 67.6067 82.1656 71.0463 68.7913 61.451 62.6494 59.6792 56.3538 54.4604 63.5801 62.5404 59.8382 59.6144 57.8375 66.5614 72.3909 67.7742 74.5841 70.49 81.2654 82.7194 82.8338 74.0017 81.4552 85.8091 86.0345 68.7867 66.5154 64.3561 70.0562 44.2715 44.8541 46.1944 45.5308 1.01353 1.41911 0 0.966303 65.0284 65.301 70.5774 62.0076 57.5649 60.1471 57.4481 61.9726 42.1556 18.0881 50.1768 115.116 102.273 83.5845 73.0529 48.3419 101.441 74.7762 43.496 42.9009 12.4205 26.4074 86.5987 42.3974 103.131 37.6293 29.0772 14.1619 114.106 55.2832 51.9093 58.1189 59.5846 18.8959 14.3844 23.1167 78.5725 43.5902 58.554 42.5678 10.6916 72.7374 8.02437 79.4878 52.6881 63.3346 31.8378 93.3382
75.27 77.9754 84.5212 80.7805 73.7758 77.9964 93.2913 88.0885 93.7718 89.3938 95.1942 99.8636 103.8 90.6687 107.879 97.1051 93.452 103.846 102.349 113.751 99.7274 112.139 97.2903 99.4754 98.9062 98.2944 93.3322 102.162 96.3476 107.678 81.797 78.4779 70.6974 85.2364 68.1746 70.148 78.6721 83.9227 74.2131 70.0852 66.572 67.5999 77.2461 75.5686 72.779 71.9675 70.9479 72.1721 80.4513 72.8258 78.2254 70.8039 82.4348 72.6336 56.2069 50.6293 55.99 51.9772 66.8153 65.094 59.3012 64.1349 33.7388 34.6523 39.0849 40.3635 74.8339 78.4154 85.6768 84.3598 62.8516 64.9953 105.033 106.659 109.331 116.124 80.4587 82.8833 12.0454 9.04453 65.7892 68.5625 80.5271 113.22 73.92 74.3367 76.9531 76.1024 79.5379 78.4892 63.3075 67.301 63.0747 70.2831 55.3868 58.4398 61.4738 57.8346 55.5881 63.0097 57.1952 59.3293 69.4895 69.9966 68.1056 65.1237 69.6033 76.3962 80.5721 77.8151 73.711 83.6869 75.8305 78.2021 69.1488 69.6932 68.6621 64.0621 44.8295 46.1639 40.861 46.8285 1.55202 1.06774 0.966303 0 68.9692 62.0738 69.5718 68.3701 58.2158 59.6887 55.7935 62.0649 41.8794 19.2496 52.7565 103.02 86.6725 71.8583 69.7326 53.1918 106.473 74.5199 41.809 39.1721 11.8494 28.0476 81.5534 36.701 88.9767 34.5172 31.8462 14.3379 103.866 54.3848 56.7375 65.194 60.7745 20.6598 15.2 22.6528 73.1773 37.5965 53.9901 36.0154 8.26222 81.7896 6.57128 75.9232 51.6064 61.4401 26.6111 76.8138
57.4999 56.8655 53.9959 51.4958 61.8973 51.4555 63.154 59.4097 64.4891 58.6969 55.1971 65.8964 56.114 59.8943 65.7672 65.4423 61.3455 66.309 56.4694 59.6968 60.5194 70.1032 70.7124 68.0127 67.0288 69.3608 72.8915 72.8761 73.1463 70.3434 89.7737 98.8577 104.945 110.435 88.0332 95.1451 91.246 102.735 17.596 21.1576 21.9681 23.9827 18.9855 20.6798 21.2255 20.6534 82.9957 82.139 88.3532 91.8008 76.6681 81.4474 76.4395 79.0956 78.0107 74.3095 78.1898 82.0901 37.3312 40.3751 45.5203 43.2262 38.461 39.1365 42.4237 35.5173 14.0764 16.9973 16.0566 16.8643 90.0696 92.533 66.1901 68.0458 74.8811 72.9113 29.5413 30.6794 79.5687 76.7724 76.8086 76.7042 13.2407 74.6137 70.8789 41.978 41.4833 46.4611 44.8801 49.8432 3.06573 1.96459 3.15202 2.21406 12.1657 12.1693 13.2624 13.1103 49.3345 53.6036 50.9817 56.2741 81.2213 77.2907 79.3056 82.6685 61.0262 69.661 66.8836 73.3809 104.583 93.1826 99.8667 95.2934 18.3752 18.9826 19.0743 20.4825 40.3464 37.6851 35.3475 39.5559 63.71 66.0895 65.0284 68.9692 0 1.09774 1.00443 1.44478 45.4996 48.9027 51.1481 47.4011 61.8765 56.4298 75.6421 63.993 52.6571 75.7328 60.351 83.5797 57.5422 31.9936 22.4654 76.3673 55.7795 40.1931 18.3535 45.7653 56.6367 60.1658 37.9735 70.5723 56.0812 34.7519 32.8398 6.04999 74.217 47.0175 49.2048 45.7035 80.1997 33.0729 77.602 30.4819 62.4986 13.3178 57.179 38.2216 17.8442 14.9118 60.169 48.8733
55.3948 62.52 59.1145 57.9485 59.1844 49.678 57.2683 64.9318 67.2513 60.2867 58.1892 63.5109 61.4303 58.3585 59.2613 64.2269 66.364 61.2835 57.7779 61.6641 67.2296 60.642 64.8959 78.9105 66.9868 81.0437 71.076 76.5496 71.5826 66.5515 96.6971 100.81 103.798 102.329 102.929 101.795 89.706 88.477 21.7289 21.0144 22.6098 24.0318 17.9863 19.6932 20.4367 24.5971 77.6211 91.6867 91.6257 80.5979 86.4503 89.4171 79.5468 92.8903 81.6416 75.3478 87.9053 75.2377 40.0312 36.9256 44.73 37.559 39.2463 35.3498 44.0139 38.4217 14.3188 16.0561 15.3439 18.8095 98.0919 89.0545 80.05 70.9683 65.1967 65.4458 27.3242 27.7557 77.709 83.212 79.2564 68.1528 15.0617 71.7488 71.3962 40.3645 46.1122 41.9118 47.2476 47.4059 3.71182 3.07379 4.00197 3.16246 13.5994 12.9045 12.7946 13.7395 52.797 58.3803 53.3462 49.5974 79.3138 83.2898 76.7543 83.6097 73.3595 67.2123 65.7534 67.6155 104.297 102.442 102.533 92.7253 18.7075 18.6256 18.4815 18.6031 42.9842 38.1515 40.4121 40.0794 72.4051 64.6135 65.301 62.0738 1.09774 0 1.41076 0.978995 47.8817 47.3368 54.0463 46.1651 68.2067 61.5396 67.6002 64.8693 48.4596 74.5325 57.0634 89.5747 61.3758 29.3698 23.3177 74.1709 55.0524 38.1232 17.8494 47.2353 55.5779 61.5498 37.368 68.2829 60.1058 34.9056 30.6715 6.45984 69.0745 48.9909 55.7541 47.3796 91.7674 30.3015 82.7722 34.8896 64.4466 14.0945 65.9729 38.3345 18.4972 16.5893 61.4067 45.2726
61.4466 51.3508 50.9319 54.2589 60.5245 51.5938 54.8201 63.9798 63.27 60.0576 54.0508 60.4279 54.4997 67.5249 64.3504 64.3291 62.9884 61.4828 60.675 67.2361 65.6055 68.5765 71.4056 69.8008 68.1455 70.6058 72.8529 73.5254 76.2541 69.3628 96.1735 89.6532 106.788 109.508 86.4113 99.5206 86.1864 88.5967 17.198 19.2298 20.6704 23.8681 16.7405 19.6179 20.232 23.505 90.1279 90.6741 85.1701 93.5395 73.1253 73.7207 85.4327 81.0886 74.4258 80.6965 74.8016 80.2433 37.548 38.2161 41.026 38.1279 38.6239 35.3204 37.4766 39.8764 14.3513 18.4414 16.4389 17.636 96.1901 87.8139 70.642 72.7332 70.7227 71.9451 27.8175 29.6626 73.4496 73.6393 74.0724 66.4104 13.494 79.7728 59.2277 40.9202 48.1664 42.8793 43.2683 44.9625 3.07434 2.27198 3.01241 1.93733 11.6 10.9166 11.5337 12.4759 57.2059 54.5691 52.6977 55.9924 76.2638 78.9908 71.927 76.5075 69.1401 61.855 66.6918 65.1591 90.668 102.037 105.954 103.193 19.1148 16.5138 17.9289 17.7205 34.9046 40.9459 41.2336 38.1484 70.9681 66.7507 70.5774 69.5718 1.00443 1.41076 0 0.928412 46.4299 47.8324 49.7823 43.7735 64.2716 64.8088 75.3869 54.1971 50.5475 71.8586 55.8889 82.884 61.8043 30.2312 23.9342 82.9787 59.6188 38.0262 21.2358 44.6426 52.5665 57.4853 36.71 71.5457 55.4019 37.4566 27.8566 7.87045 76.1853 51.5192 49.3798 43.8889 88.166 29.4171 89.552 34.3716 63.7359 12.4224 57.5049 37.2495 20.0618 15.3229 56.2798 40.1163
61.9804 59.5422 57.1913 57.0087 53.2573 58.8272 55.6758 57.046 59.146 66.8188 55.4692 64.4262 55.8529 67.1883 59.7662 66.7063 66.2167 62.6949 56.0847 62.3901 64.1814 61.709 73.3719 67.6746 66.5548 79.1656 67.9058 67.0153 67.1203 74.4759 94.3252 104.854 96.3373 100.481 100.874 91.8194 99.7525 93.0885 19.7977 21.7924 19.7736 24.7044 16.6097 20.9434 20.0457 20.095 87.5179 81.6037 93.0267 94.565 84.0917 81.2783 88.8448 87.9501 83.6683 77.9931 87.0185 81.8368 38.1526 37.8135 45.3262 41.8664 42.5295 40.8153 43.0454 37.9044 12.8335 16.2754 15.1182 18.5711 99.3756 89.839 77.1101 70.9197 68.4322 68.894 25.184 25.5771 73.7077 74.1821 66.2967 64.6375 12.0172 70.5162 66.3685 41.81 42.3693 46.8996 41.5867 45.1102 4.3245 2.98388 4.27813 2.83362 14.3663 12.5279 14.8753 12.3987 48.6867 55.8135 56.5523 57.2409 79.604 83.2411 74.8152 82.4995 69.7777 62.2849 65.7111 62.5354 102.773 89.3596 100.192 93.218 18.333 16.8537 20.8403 19.854 36.6121 41.4219 36.1031 41.7963 72.0066 62.7641 62.0076 68.3701 1.44478 0.978995 0.928412 0 53.2119 45.8706 48.4939 52.8796 67.4472 66.1038 66.4535 53.8925 51.2833 81.5044 57.9925 88.7559 64.8215 28.8487 23.7677 77.8915 61.5819 40.4974 20.7746 42.9169 48.1968 53.9775 41.4116 75.4737 53.7646 33.4449 33.7755 8.36975 73.6183 54.9849 56.951 50.361 86.5583 28.7005 76.2962 30.2332 57.6079 11.7784 67.5751 35.6079 19.2 15.5668 61.0851 44.0473
22.6294 21.0985 24.8421 22.9264 19.7379 21.9007 34.3236 35.1443 40.5687 41.9129 39.0743 43.4714 42.7201 42.2854 47.813 44.3572 50.8532 47.5679 53.7046 54.0234 50.7294 57.9472 38.7875 37.8771 39.1092 38.0517 44.0216 38.4708 38.3529 44.2732 53.9123 47.1113 49.7145 55.2526 42.5012 45.6477 50.1183 45.485 37.2943 36.274 32.5744 31.4879 41.9311 41.5299 37.9354 35.2617 39.1415 39.8565 39.8288 37.2875 33.1261 32.4204 33.8016 37.8041 30.7619 31.1429 35.2297 28.5576 10.0983 13.8454 11.1416 12.7267 24.1928 20.9221 19.734 21.8461 55.2107 62.0908 53.5193 54.014 40.0128 38.0246 51.7134 48.3544 56.0333 52.5341 45.5448 47.8361 63.3293 60.2731 23.4836 23.1666 42.98 62.6058 20.9476 24.9455 20.376 21.5445 22.1149 19.7244 50.1666 47.274 42.3397 43.6087 41.2104 40.9586 35.2387 38.3181 4.30283 3.60043 5.30695 4.88716 30.5072 28.0871 31.4275 29.9217 22.194 22.6538 21.034 21.8797 47.2315 45.9286 47.7035 48.3013 29.8684 33.6469 34.3402 33.3052 17.8333 17.7674 17.8116 18.3671 53.0204 54.6024 57.5649 58.2158 45.4996 47.8817 46.4299 53.2119 0 1.09187 0.910645 1.48918 24.414 39.2053 23.1768 55.1304 42.5295 30.4137 13.2216 40.3565 46.6105 40.995 44.887 40.6187 46.2622 53.8351 70.1135 16.918 38.5566 19.3333 50.5508 46.478 58.2675 15.3968 16.8424 45.8534 22.5673 38.0854 43.4653 48.8413 41.0926 26.9222 38.611 26.4387 46.9091 47.7046 51.5439 23.8491 57.1135 55.2237 30.3193 36.614
20.2876 20.2488 24.1831 23.8086 18.6114 23.2412 34.0349 37.4058 39.3228 43.2548 38.7665 40.8144 42.7802 44.5111 46.8906 47.1987 47.0546 53.4079 54.0179 49.4464 56.2318 55.4828 35.9897 35.0216 38.3086 40.6578 40.113 40.4712 40.7891 42.4494 47.6858 52.8427 49.8964 56.9714 43.1894 43.2038 51.4699 44.5537 32.4085 32.7486 30.9615 29.5629 41.567 39.6058 37.4792 38.8068 36.339 33.9419 35.5494 40.3967 36.0437 32.7744 33.8163 37.7079 30.4817 28.8764 34.2458 30.5992 10.1628 12.5161 9.53212 13.6985 21.5545 22.7806 21.8232 18.8468 55.8845 61.6899 56.6091 60.2154 43.9916 44.2607 47.237 45.2557 46.9847 51.3064 44.7988 47.9663 65.2059 66.9824 25.677 22.5667 47.3158 67.4153 21.7877 23.9819 17.4942 19.5146 18.5049 20.475 41.795 47.6681 45.5822 43.4769 36.0454 38.9375 33.9708 34.7776 5.14799 4.29277 5.11431 4.73271 31.2463 30.5528 32.8878 27.2109 22.9146 21.2852 22.2314 22.8774 51.0708 52.9003 51.5781 48.4253 29.9468 34.0227 30.9401 28.4691 19.668 18.8887 17.1702 18.2917 54 54.0174 60.1471 59.6887 48.9027 47.3368 47.8324 45.8706 1.09187 0 1.35751 0.931827 21.6671 40.7368 26.4876 50.7673 43.3361 30.82 14.0773 42.9092 43.2941 37.2867 47.1261 41.6222 45.4898 44.8943 73.1025 19.709 40.4047 19.8946 57.5056 47.0704 54.5393 13.7695 15.5954 49.595 24.1102 36.8428 48.8937 49.6414 40.8283 27.0081 40.3653 29.1351 53.4112 50.3462 54.9555 24.2184 52.0693 59.5751 31.2237 31.7684
19.7126 22.1809 22.366 24.0085 18.3526 20.3123 34.7667 36.6464 38.9913 42.4759 43.3197 45.5516 39.19 40.2992 50.2552 45.6914 52.8125 47.3227 49.1507 49.3089 53.4203 55.5628 36.717 35.7784 35.5726 37.1771 41.6413 38.2083 37.623 41.781 51.3727 52.7022 50.1752 51.1491 43.8078 45.3297 50.9118 48.9245 32.6209 35.2244 36.3726 32.8505 35.5445 36.2013 41.2463 36.4262 36.3968 35.6799 33.6264 36.9041 28.6929 30.5431 31.5371 31.6646 30.8469 30.3357 33.192 28.4997 12.336 12.4195 10.286 13.3504 22.91 21.5137 21.5721 23.0464 62.3615 63.4575 52.0068 55.8692 39.9144 39.1483 52.6941 45.7958 47.8351 51.0122 44.7859 55.6769 68.0687 58.6578 24.6681 21.6333 41.7815 62.9682 19.8349 23.8075 19.3206 19.0872 21.4708 20.5499 46.4708 44.614 43.4116 44.1453 37.6864 36.0239 38.4083 35.6588 3.20184 2.90275 4.47363 3.93893 28.9017 26.8266 30.8123 30.5565 22.4347 20.9577 20.6615 21.7755 45.6389 44.1471 51.2699 45.1739 33.2296 32.5569 30.9869 35.4884 20.1765 18.7236 17.6629 19.6642 61.0558 53.3582 57.4481 55.7935 51.1481 54.0463 49.7823 48.4939 0.910645 1.35751 0 0.921914 21.7783 39.6562 25.8641 50.4301 42.8544 29.9785 13.0203 42.9716 43.6237 42.0774 52.2034 39.6049 45.3047 50.0452 75.7543 20.3619 44.492 21.527 53.1163 46.3831 52.2801 15.0426 19.5472 48.6138 23.6829 40.1675 45.7897 51.9653 36.8048 29.508 40.5951 28.6911 49.1381 47.7108 53.33 26.8376 61.1231 60.1912 26.9309 31.4496
21.3564 22.2753 20.168 21.6252 17.4244 22.2131 39.1987 35.091 38.9912 38.0418 42.0791 38.5423 41.8791 45.9382 45.3048 45.1491 46.8711 53.6961 55.5545 57.0088 54.3773 57.7032 37.0491 37.5504 37.0618 38.5192 38.1777 41.9708 37.3697 38.4089 52.2945 48.673 55.795 51.91 42.9838 49.2451 46.7521 46.4013 33.3227 29.9496 29.8344 29.7026 37.066 37.8249 36.8602 39.362 32.6266 36.1753 34.3323 40.7456 32.0195 31.8972 31.2474 34.9926 34.4 31.7223 33.5658 30.433 9.23058 12.3678 9.27538 12.5173 24.0403 24.9595 22.7104 21.4319 56.9868 53.9075 51.8004 55.6142 41.0899 41.4066 43.1488 47.0512 49.4086 46.7389 47.2748 53.6143 66.973 56.5761 23.4204 21.0929 43.3752 60.0596 22.1446 21.3676 20.5779 18.7177 19.4033 20.5753 45.4727 50.4 47.9666 43.4564 37.5529 36.6897 34.07 41.9245 4.11173 3.2591 4.64973 4.16031 29.8464 25.8824 30.1073 30.9662 21.2121 22.8118 22.1888 22.4774 46.5118 52.9205 52.5546 53.3255 34.3163 30.0487 29.7772 32.5139 19.0454 20.4497 19.6405 16.6643 53.0618 62.8377 61.9726 62.0649 47.4011 46.1651 43.7735 52.8796 1.48918 0.931827 0.921914 0 22.8555 38.9945 24.6373 49.3567 41.5474 31.394 12.1716 41.582 41.9492 36.865 50.1789 37.4817 46.5941 48.0961 64.2146 19.1581 39.606 20.6988 48.9969 46.854 48.9193 14.8258 16.9784 46.0756 21.2388 35.0198 48.8423 47.2185 38.6048 26.8742 40.778 28.0563 48.5069 47.396 50.948 26.2602 53.1177 57.6687 27.4559 32.8448
43.8628 44.5216 42.0063 46.1886 41.2872 39.7341 59.0205 58.2391 59.8522 64.3232 61.9491 61.466 64.9764 66.7486 76.385 67.9776 73.7442 74.8462 70.2092 78.5809 77.6765 76.1283 48.8919 58.132 57.1154 59.4685 58.4057 55.6021 63.3949 62.7174 37.781 41.217 36.3015 41.6378 32.227 33.0528 34.1485 40.8669 56.0443 58.0073 55.2321 49.4275 59.2837 64.6863 53.7452 60.2476 32.1738 32.392 33.1004 35.4121 28.9717 30.964 32.9652 31.2717 12.8717 11.9837 15.5403 15.6119 35.5227 36.5663 34.3359 33.1626 27.5594 31.6319 27.5705 28.5261 69.4793 83.1007 76.5612 72.9957 28.2308 22.2467 68.7127 71.3601 77.7929 73.2379 71.6495 73.6029 45.5251 50.5969 20.9998 21.6744 59.2347 82.5717 32.3574 49.2513 38.5023 40.9577 43.8151 44.4134 65.4416 62.2583 67.209 69.0285 53.9436 50.7574 51.8204 51.4271 20.6494 20.2868 20.5507 22.7788 26.3268 24.3871 24.52 24.3646 32.6774 32.1454 36.7248 36.034 37.507 37.4871 42.1209 43.2397 53.8441 50.8821 48.1269 54.0341 25.9538 26.8531 25.1007 28.1784 49.3988 47.5059 42.1556 41.8794 61.8765 68.2067 64.2716 67.4472 24.414 21.6671 21.7783 22.8555 0 27.8094 12.4143 66.6768 65.5442 34.1428 28.5657 20.6527 66.1805 59.6651 59.4119 13.6774 37.4638 53.596 85.8574 25.6014 61.0202 11.447 57.5883 31.7684 68.7987 32.1169 38.7457 68.4782 12.891 29.5966 41.0307 49.4362 30.7566 38.5423 19.4324 35.8688 39.7671 69.2774 41.5189 46.2687 64.1262 71.1269 15.2963 53.2105
60.7239 58.3382 58.6253 60.4285 58.3568 56.6887 71.2508 71.3027 81.6049 80.715 83.8496 84.5959 74.8228 83.5866 81.2017 89.1309 95.2574 80.3536 81.8639 84.652 84.9671 92.0779 74.869 70.0754 79.1879 85.8306 77.257 74.6764 80.3593 77.9344 54.6321 58.894 63.9718 58.811 61.1936 59.8286 63.0623 65.3794 54.9674 61.7443 60.6169 52.9371 68.0681 57.188 57.2436 58.3061 56.2055 55.6584 62.622 62.9764 53.6091 58.2977 54.6669 53.0776 39.4492 37.0547 43.8418 36.824 45.7428 43.4553 48.4222 44.7427 22.8026 23.8705 23.8588 23.7787 74.4171 74.1109 80.0058 83.5167 45.3732 45.1642 80.8072 96.7261 96.8287 83.6009 68.6724 82.978 26.1342 24.3933 49.1535 47.7633 60.7879 93.3799 57.6397 54.1733 56.7871 56.1853 59.0526 55.687 56.7009 54.8415 62.3536 60.0239 43.9917 46.4134 47.3689 53.2501 42.727 39.0346 36.3691 43.4758 51.9245 51.3621 54.8779 55.9268 60.3034 61.7129 56.8233 58.8735 63.6005 63.3635 65.1733 61.213 56.244 52.8334 48.3062 56.1053 29.3824 28.9336 30.3891 28.3328 18.4057 18.4202 18.0881 19.2496 56.4298 61.5396 64.8088 66.1038 39.2053 40.7368 39.6562 38.9945 27.8094 0 39.6303 94.3532 76.9837 60.9456 46.6234 38.9086 86.5656 69.835 44.1735 24.1783 10.3475 28.8476 73.9443 24.0392 75.921 21.1314 36.635 9.47189 92.5224 32.235 43.4482 55.4739 39.2393 11.6603 14.1511 24.2828 48.9373 33.1196 35.9732 28.3517 18.6305 75.8343 19.8948 54.4872 52.8693 56.1533 10.4554 66.5876
39.2931 33.0712 33.891 35.5068 33.295 37.1365 52.3533 49.201 50.6604 54.4962 62.4009 61.6248 63.6604 63.4731 62.1831 71.7043 63.1512 63.3173 64.781 77.2248 64.8915 75.354 50.985 48.8522 44.8448 53.2916 52.6094 47.1438 49.4329 53.8736 27.5593 26.8366 30.4136 29.347 25.6576 23.8058 25.0941 29.5037 60.0175 63.1735 59.6381 53.1504 65.8713 68.1958 61.8455 59.1733 17.7985 18.8673 18.3816 21.5476 16.9121 20.2993 18.9245 22.7535 8.63609 5.42656 7.4867 5.919 35.9702 41.382 34.3738 36.5929 37.0522 40.1138 33.7595 38.624 89.4786 81.9414 83.3686 78.0034 19.9114 17.1731 56.2795 61.565 70.3037 64.479 65.4855 72.8908 58.2228 60.3779 9.00518 11.8159 64.2998 79.281 29.5295 47.7961 42.8953 38.5393 42.7816 44.1226 63.1542 64.962 67.7889 68.4543 56.0848 58.7508 55.3864 66.3224 21.4097 19.994 22.5924 20.5331 12.801 15.0044 15.9352 16.0191 22.7411 27.1609 25.1131 27.7863 28.0702 26.8083 27.7051 26.5628 60.8585 51.8989 52.0324 59.7704 33.2799 39.0564 31.5801 36.3995 59.843 52.2306 50.1768 52.7565 75.6421 67.6002 75.3869 66.4535 23.1768 26.4876 25.8641 24.6373 12.4143 39.6303 0 65.659 61.2796 25.2517 22.4594 19.4765 55.237 63.8463 59.1585 19.1638 52.3776 66.4553 95.5698 32.4009 65.2007 22.8394 59.9128 43.5442 70.4647 38.8759 44.7464 78.9828 2.35301 41.2483 47.2168 62.0743 18.2117 44.3751 13.9349 48.3882 51.6156 76.1357 55.8006 47.0002 78.2806 80.0886 29.4859 53.1253
34.6211 30.5463 32.5207 33.7197 39.088 30.584 16.3398 15.6439 17.2959 18.4149 11.3127 10.7505 12.679 11.0381 5.57847 5.22292 6.2671 7.71436 1.8914 2.97644 4.28516 5.67167 30.0632 29.003 31.5029 29.2754 27.0867 25.7662 23.3339 24.8814 77.9392 83.3507 87.0619 79.9034 84.4511 75.1392 80.461 73.72 39.1802 44.886 42.5275 42.1387 41.4663 36.4098 37.2477 34.1368 69.6405 69.7084 75.8009 63.6954 64.319 66.7749 65.4555 66.4338 80.848 68.7919 71.723 77.8131 43.41 41.6125 45.474 38.8737 65.96 69.0453 64.2166 61.2338 56.6748 55.5097 53.9696 53.2137 94.0218 80.4062 19.8627 17.9409 13.5508 13.3814 35.5854 33.1765 110.839 100.17 57.4203 65.3131 43.0197 17.1856 44.4446 30.6519 30.6622 33.5533 32.8862 30.5296 66.2261 59.4211 56.1918 55.4789 57.9962 55.0086 58.1879 64.2478 49.9693 49.0718 57.0419 55.0885 60.717 60.1948 59.29 64.0218 46.2561 44.9379 49.9974 43.895 79.9527 87.344 85.4513 77.225 44.164 50.7509 49.7682 44.658 60.3434 56.1518 59.0874 65.9179 105.647 100.358 115.116 103.02 63.993 64.8693 54.1971 53.8925 55.1304 50.7673 50.4301 49.3567 66.6768 94.3532 65.659 0 10.7585 50.5813 42.7378 95.3004 9.00735 33.4706 79.9957 88.5642 100.369 90.9071 70.9974 69.9876 11.6184 77.6451 98.8205 90.755 2.08596 56.9062 49.4536 64.7707 70.3194 85.4607 86.3735 96.0904 77.0114 64.554 85.0349 62.9271 95.9933 50.7941 102.839 30.8107 80.145 67.7419 75.1465 17.997
25.6428 26.8815 28.249 26.7689 29.41 25.9573 13.577 14.0215 16.7916 16.7026 9.02843 10.4947 11.6085 14.1433 9.89632 12.1338 13.4258 15.0708 13.112 13.5253 13.5871 15.9236 28.8188 28.196 27.8983 33.1722 25.3433 27.2928 27.2777 28.2054 86.4363 80.6251 76.2021 77.1777 70.7202 78.1627 73.0515 80.7882 32.8846 29.0853 28.886 30.7349 33.1705 31.0715 30.003 26.2522 64.3347 65.4066 69.1309 70.8206 62.357 58.9744 58.9364 57.4769 67.8902 62.1437 75.7932 69.1696 35.3255 34.6128 30.7793 29.3045 62.4711 52.6893 52.2021 51.4662 46.4101 48.4444 42.8821 44.7773 80.7359 71.4522 23.7989 25.3387 21.7449 19.5284 27.9361 25.7573 100.467 107.77 53.9754 56.3486 40.8523 28.2035 35.299 18.8634 25.1109 20.0858 23.5384 23.0289 52.8129 51.0901 52.1994 48.0586 47.011 53.3227 44.1457 45.2561 45.5128 42.4117 41.8804 38.7914 58.9164 54.0857 60.4566 53.3196 45.0425 42.1948 43.2605 44.1371 84.9613 70.9453 84.4405 85.5913 40.6409 36.9867 34.0608 33.042 57.2869 49.8815 53.6056 50.8002 102.265 86.8197 102.273 86.6725 52.6571 48.4596 50.5475 51.2833 42.5295 43.3361 42.8544 41.5474 65.5442 76.9837 61.2796 10.7585 0 47.9662 39.343 75.5993 11.0474 21.7663 68.9936 84.933 82.0297 76.0675 67.031 56.065 3.06523 65.8293 79.0348 92.2423 11.4919 43.5256 42.2665 58.9126 55.5212 77.7992 87.0083 73.583 66.7197 54.8287 78.9051 55.7999 82.367 43.5724 93.919 22.4098 70.4826 60.7143 73.7174 9.48124
24.28 22.2652 27.735 23.5469 25.3862 26.5404 36.3981 39.6642 36.9097 41.0579 43.0618 40.676 40.1806 47.959 47.7266 53.8147 54.232 53.2456 58.6048 51.8038 60.6799 58.3842 27.7929 30.3076 30.2834 31.0862 33.7024 32.0443 30.1222 33.4657 30.4966 27.696 29.5452 32.2404 25.1589 26.5282 23.7546 23.1658 61.3612 53.7873 56.2524 56.2923 65.8769 67.7445 63.337 64.9608 15.654 14.1238 15.5373 14.5211 9.19073 8.58735 9.16385 9.1597 28.0317 26.1328 24.245 25.3434 35.9746 38.4692 37.4703 36.1184 54.9385 46.6982 48.1815 46.5714 86.2462 83.4555 77.3752 86.7568 29.9835 29.4868 43.6158 40.5856 49.4029 49.9167 71.4066 70.6664 81.4109 72.6698 14.8906 14.0305 76.6574 59.5639 15.2087 39.9436 31.6777 35.209 34.1695 32.9219 68.0763 83.1762 76.6714 69.2099 73.0563 70.9517 68.6305 64.3333 24.2845 28.6605 24.2137 24.9395 10.3532 9.71072 11.1001 9.23637 11.508 11.921 10.3557 12.5424 26.8621 26.3128 26.7452 28.9753 54.4472 62.2844 57.2731 64.433 51.6458 46.3018 50.8195 43.6854 77.0167 81.0353 83.5845 71.8583 75.7328 74.5325 71.8586 81.5044 30.4137 30.82 29.9785 31.394 34.1428 60.9456 25.2517 50.5813 47.9662 0 17.7303 35.8188 43.2997 64.1689 75.8997 43.4881 64.5669 74.0156 90.9717 43.73 44.8096 40.0545 81.0156 65.3394 57.4544 42.2435 46.7871 83.3439 21.5309 66.1862 75.1806 72.7431 19.0187 55.2507 35.4992 54.2002 70.9169 74.0077 76.0641 46.7909 92.9303 91.4344 47.6853 47.6084
12.0909 11.166 11.8998 13.4624 9.24351 15.4096 28.7412 31.5599 27.9607 29.9932 31.4245 34.4547 36.3573 34.0528 39.008 41.9916 44.078 45.55 49.4557 42.3668 47.8299 51.9808 22.7045 24.2846 24.8948 26.4771 29.9194 27.806 29.4933 32.6875 42.9591 41.0931 49.2689 41.6574 38.0569 41.3475 36.6527 39.3779 37.0746 39.7106 40.2224 36.9264 41.7784 45.381 39.6596 42.8718 28.9062 26.7472 32.2321 29.1239 25.0655 22.2488 22.8546 23.9251 34.2056 27.4729 31.4993 28.5215 17.3756 19.7552 14.9477 16.0981 34.6114 35.8344 34.5597 32.0524 69.8368 62.6687 62.6802 64.0598 40.8172 36.7881 40.0067 38.0263 38.4065 39.5842 46.1654 54.4824 80.9116 66.1167 19.866 15.8731 49.2094 60.2836 7.0686 20.5672 19.0185 17.9433 16.9238 18.5002 59.6546 62.4237 57.4874 55.9153 47.1673 50.0456 44.0855 47.9219 12.0153 10.7044 10.5337 9.72295 22.4377 19.6202 23.9184 21.7036 8.4465 8.01583 8.938 8.36745 44.3545 41.6922 43.6842 42.3589 43.9338 44.0824 37.513 43.6276 31.1031 29.4289 29.5553 27.8445 72.1386 68.8974 73.0529 69.7326 60.351 57.0634 55.8889 57.9925 13.2216 14.0773 13.0203 12.1716 28.5657 46.6234 22.4594 42.7378 39.343 17.7303 0 44.812 35.5421 41.7824 58.4516 44.1073 58.0358 67.8313 77.5879 33.7728 37.8184 32.2457 60.4381 59.9593 44.7256 29.3937 26.5047 64.92 20.9042 53.3523 58.0314 57.7973 33.0192 39.3949 40.7416 44.4677 70.2162 61.0174 61.5021 26.6617 72.8516 61.077 41.0139 30.6628
53.329 54.8167 53.069 59.5515 56.2375 53.6317 69.5334 79.8076 74.7244 66.3977 75.9154 75.1969 80.2967 82.4457 88.6198 88.3885 91.7893 90.1974 94.2474 96.1578 93.6737 92.7274 67.3722 71.7016 68.0008 72.557 64.5933 76.0578 68.3149 65.3611 25.6992 25.782 28.9788 28.5347 23.1915 29.3141 26.5998 26.7531 75.6851 76.5047 69.696 70.0089 80.2801 79.7634 80.7805 76.6521 29.4549 25.9113 28.2781 27.779 30.0714 31.3177 36.1148 31.4322 10.9087 12.4121 12.0805 15.6997 56.662 53.5598 48.391 59.0035 44.9322 44.0591 43.923 42.1964 87.8454 93.5588 93.987 96.882 13.7836 12.0663 72.2969 78.7946 78.268 85.5544 89.4706 83.2412 45.1327 51.7506 24.1774 29.6621 80.7892 103.092 48.1148 63.5267 56.6472 65.824 54.3023 54.7981 81.0394 75.6199 75.5375 75.4594 70.1639 67.8527 74.803 70.6987 38.2019 42.0051 37.8394 41.8422 28.0334 26.5065 26.3151 30.5079 46.8305 44.8488 42.9771 42.362 29.8774 30.7951 29.7192 29.8534 75.6529 75.175 66.6973 65.7897 41.8168 42.3047 42.5694 50.1486 51.8001 56.585 48.3419 53.1918 83.5797 89.5747 82.884 88.7559 40.3565 42.9092 42.9716 41.582 20.6527 38.9086 19.4765 95.3004 75.5993 35.8188 44.812 0 78.4 81.5806 68.6665 10.8302 50.0306 65.9131 97.7122 45.369 71.2291 28.1282 72.7513 37.5046 86.2481 46.5554 56.4533 79.0525 22.7656 44.4801 49.0587 61.5816 25.7044 49.1325 6.33412 51.2537 56.2927 95.0566 50.4677 60.7068 89.3225 92.3805 27.5689 66.6634
26.2711 22.6156 25.6217 23.4015 29.7895 23.7511 7.94 7.37576 7.34858 7.92495 3.38543 2.55204 2.01925 2.21168 4.49998 4.36894 5.29475 5.33722 9.515 9.67401 10.4341 11.3518 20.9149 20.1217 19.3868 22.2876 13.8871 14.2371 15.3888 18.2969 77.7149 82.6788 76.1959 71.3068 74.2636 68.4775 64.2843 76.447 43.8611 44.4866 36.5459 35.4767 39.5354 40.0339 37.6439 38.2345 58.3269 63.2318 60.5393 65.9703 58.5957 58.986 52.1623 54.0846 66.3223 71.4791 75.344 70.9033 35.3813 35.8974 39.6672 31.3106 70.0514 61.9457 62.0547 54.3731 55.4758 54.321 58.219 57.1677 69.206 81.2023 12.441 11.9343 9.4514 9.63096 38.3418 36.8908 110.103 97.6126 53.2013 51.0689 49.4881 20.2764 31.1079 27.0011 26.0926 24.7951 23.1385 23.4997 62.7677 57.5126 62.6304 66.1836 60.4286 58.7941 57.372 56.1339 42.9054 48.5852 43.1472 42.9597 58.8288 55.3046 53.3097 57.285 36.5322 37.3784 36.744 37.6732 70.8983 66.606 72.9412 68.4753 44.3837 50.0293 47.1769 45.8498 56.6011 60.8443 58.1973 60.3536 99.7002 91.7369 101.441 106.473 57.5422 61.3758 61.8043 64.8215 46.6105 43.2941 43.6237 41.9492 66.1805 86.5656 55.237 9.00735 11.0474 43.2997 35.5421 78.4 0 30.4958 80.0209 84.2651 84.2656 84.2565 77.1775 54.285 9.13095 68.5096 88.1756 99.4171 11.6448 53.4841 49.8733 65.2375 53.4994 79.9055 80.0033 84.6571 59.8142 65.6067 71.3833 63.6598 102.057 52.263 90.0538 28.3768 83.1668 82.6881 71.7567 17.341
36.4326 39.0576 33.4955 34.5618 38.1533 35.1831 29.6462 32.1918 33.498 32.4848 32.766 34.0041 35.8999 32.0312 31.9323 34.6927 37.0543 38.9046 34.6286 34.0851 35.287 34.4048 41.8125 50.6137 48.6107 46.2251 44.7793 40.8027 46.4783 43.3422 80.1186 85.4558 89.0195 91.9741 80.2108 79.2627 77.9493 82.2251 13.6219 11.4577 11.6653 11.6255 9.82199 10.2487 7.6171 7.26604 71.3362 68.1059 75.1236 67.5537 66.8469 62.019 71.433 72.6723 78.6336 73.7923 78.0113 65.9649 31.1498 24.2715 28.6743 28.323 44.3533 42.7687 47.5287 40.15 25.599 29.1017 22.2432 26.7007 84.0346 82.8289 42.5078 40.9599 42.8676 38.461 8.05007 11.6431 84.7219 93.8363 64.1601 52.2582 14.7175 44.6767 46.2567 18.5338 26.1746 25.1116 23.2983 26.2534 30.2775 30.9785 29.2726 27.3635 29.6161 31.0345 26.6084 27.7348 38.8882 41.7561 41.5065 41.6114 70.6228 57.8598 70.742 61.1221 51.5347 47.8036 52.8041 48.215 81.7718 86.4115 82.143 94.0819 19.9959 17.0326 16.9538 17.2518 37.9073 43.3363 43.2979 42.9007 89.7578 77.8396 74.7762 74.5199 31.9936 29.3698 30.2312 28.8487 40.995 37.2867 42.0774 36.865 59.6651 69.835 63.8463 33.4706 21.7663 64.1689 41.7824 81.5806 30.4958 0 48.6747 80.5911 75.5135 64.5086 42.5763 42.856 25.4566 53.6445 57.3324 82.6372 31.9688 32.3503 27.2413 37.2219 65.9074 60.9824 61.3266 66.3474 67.5409 42.9739 76.7169 44.3955 69.1189 20.0976 84.2957 16.5507 42.1156 39.734 59.2712 18.0646
62.586 68.0865 56.924 64.0649 63.9791 65.403 72.5404 75.9585 72.9847 69.8163 68.2619 70.2068 69.1237 73.6213 69.0899 81.1489 70.9745 72.3128 84.6591 71.5633 75.1423 76.0244 73.4934 82.1701 79.1289 84.8309 79.1804 82.8948 82.5817 77.5019 93.1996 84.5521 100.202 88.4485 83.5617 96.5598 87.8071 101.206 33.6851 31.5111 31.9969 35.4132 35.702 34.6706 38.7308 41.5397 83.8561 84.1784 85.7051 86.1335 72.4717 83.9241 86.165 76.5602 65.3746 71.8151 68.875 75.8626 39.0198 39.4911 47.1868 41.2099 30.663 24.5949 30.7056 28.3042 36.367 40.688 41.4685 41.3076 78.5206 82.3727 83.4544 86.7208 78.0194 82.1028 43.0098 44.6703 57.1432 60.1098 69.5403 67.7864 34.6178 86.8373 64.9943 47.9707 55.1431 54.5464 54.7751 56.7927 19.1777 18.8283 18.5746 21.0037 14.8179 17.2318 15.5393 15.7752 53.1755 51.3997 56.6761 50.392 75.074 73.231 82.8873 78.4211 71.1868 70.8803 65.8755 69.4718 98.3924 96.7175 100.86 102.522 30.7394 31.0597 29.6657 28.9003 33.4481 29.9677 31.8792 29.4082 44.5828 46.0435 43.496 41.809 22.4654 23.3177 23.9342 23.7677 44.887 47.1261 52.2034 50.1789 59.4119 44.1735 59.1585 79.9957 68.9936 75.8997 58.4516 68.6665 80.0209 48.6747 0 69.7602 39.6272 20.1142 34.4939 30.1072 67.4791 47.7078 16.5439 46.0902 74.8768 32.9976 33.7257 16.5912 69.7228 29.5262 36.0378 23.5393 87.9245 21.9775 80.9716 20.918 38.5125 34.1509 40.1408 46.6141 11.7517 13.012 46.635 56.8645
53.8654 51.0404 60.5747 60.1936 56.6231 52.1651 73.8687 76.815 70.5669 80.2941 70.3336 83.572 70.337 70.7894 81.0871 91.591 91.7235 77.4771 89.9971 93.1919 90.4079 91.4045 63.5475 69.115 69.4703 73.1106 68.278 74.496 74.7497 80.451 36.9525 36.7418 39.5384 39.4529 34.0928 35.7866 41.2527 35.9139 68.3212 61.7462 70.7011 69.535 68.368 75.6969 69.3515 70.0991 33.7843 38.6731 39.1515 37.5603 36.8808 36.994 40.2108 38.7369 16.7466 18.4855 19.461 20.9255 51.9299 49.9874 47.6213 50.5059 35.5811 39.5651 32.9036 35.9735 93.8599 95.9616 93.3718 85.1588 22.1462 24.9939 74.8963 84.886 77.5391 85.1392 83.8513 80.5294 37.1606 42.5873 32.621 29.9828 80.4795 97.2379 45.4842 54.9427 56.4106 55.9484 58.0922 61.002 79.7824 79.5719 70.9974 68.2056 60.3473 64.5036 69.1716 63.7937 33.1606 35.8176 34.2192 37.1663 33.8677 35.9603 33.8112 36.969 42.8645 48.0139 49.4021 51.3295 39.227 37.5532 42.2946 41.3712 57.9956 59.2774 61.4584 61.494 38.95 41.2045 34.5975 39.9512 38.2401 43.7407 42.9009 39.1721 76.3673 74.1709 82.9787 77.8915 40.6187 41.6222 39.6049 37.4817 13.6774 24.1783 19.1638 88.5642 84.933 43.4881 44.1073 10.8302 84.2651 80.5911 69.7602 0 34.9678 59.1847 86.8024 36.31 82.9432 20.9774 62.3902 25.7843 82.306 46.2454 48.6826 71.9739 23.8321 36.4802 38.0075 51.776 30.4805 47.3828 16.9794 41.8355 45.8535 82.3359 46.4771 57.4501 78.4634 75.3124 18.8928 70.8625
70.6921 73.4728 62.9085 70.1304 65.8075 66.6933 74.4122 85.961 84.8837 77.6408 78.179 92.0321 88.9571 89.8867 83.1633 92.5923 97.4011 97.8236 100.354 89.2598 92.7289 90.5505 83.1091 86.8811 91.2229 93.6246 91.4896 84.3663 82.7622 94.4014 67.6142 74.2515 77.4917 73.7255 72.7809 73.5324 73.3194 66.09 56.098 58.7388 56.7388 53.5607 60.718 60.8485 58.2615 60.6517 69.2956 69.6998 66.126 69.9457 69.6661 64.6238 73.1522 74.1839 51.6285 47.779 52.5318 45.5731 49.5496 53.253 51.2071 49.0107 25.0972 23.7868 25.69 29.563 72.5237 74.8869 71.9476 80.2987 55.7166 59.0777 87.8449 96.0552 85.5025 97.9216 80.1102 82.9975 22.9659 21.2654 54.8114 51.8524 60.8919 112.095 67.2214 56.3129 61.9625 61.2438 59.3445 60.1289 57.0339 50.2648 55.961 51.2193 46.3369 43.4453 49.2251 43.1979 49.2088 50.0285 42.9176 49.3929 57.8499 65.5801 67.4962 63.6948 62.7765 61.1284 62.6714 64.3536 67.2294 79.6885 76.7596 69.6562 56.8496 49.4496 52.1692 53.6458 30.1658 29.673 28.4503 30.0707 13.1741 11.8033 12.4205 11.8494 55.7795 55.0524 59.6188 61.5819 46.2622 45.4898 45.3047 46.5941 37.4638 10.3475 52.3776 100.369 82.0297 64.5669 58.0358 50.0306 84.2656 75.5135 39.6272 34.9678 0 21.9961 66.9653 28.954 74.092 25.5253 26.346 14.862 90.1154 40.4747 45.5584 48.5269 51.8506 8.35713 4.26017 15.2438 61.5155 29.2238 51.2927 26.6252 6.91978 73.6807 10.0199 56.8307 44.6794 50.3407 18.6979 66.7332
72.405 73.3208 72.8963 65.3602 62.9312 73.7463 84.178 85.7653 77.8057 83.6087 75.6572 76.2344 83.7834 93.3507 88.691 85.5791 97.9738 98.3719 84.2142 98.387 85.1019 99.0277 81.69 83.1387 93.6216 90.101 81.7941 81.1882 90.8103 94.3604 84.0444 88.3948 94.6842 93.5019 88.151 77.2455 79.6441 88.4406 42.7295 49.4685 48.2641 51.2021 46.1402 52.3161 52.8936 50.767 76.9728 79.6288 78.1204 89.1241 82.6109 72.2887 71.519 87.4994 57.5948 62.4101 67.3725 66.4889 52.4513 50.6549 49.3708 54.8381 25.5901 26.5589 27.1213 30.0969 61.6388 52.7188 55.2717 61.4147 80.4282 70.5923 97.1829 86.0834 95.6581 97.3548 68.2218 64.7006 37.1536 35.9025 68.4482 71.5192 55.0224 110.714 65.5855 57.3497 61.7303 56.7199 61.4845 60.0076 36.9872 36.5093 37.0317 40.676 30.494 30.8745 32.4327 35.3805 51.0392 53.1898 52.9982 54.271 77.2332 73.8834 80.6591 79.6988 68.6449 69.2566 70.6687 73.9147 81.2739 94.6687 97.3231 84.5119 39.6421 40.7525 40.4632 47.9868 32.4344 31.758 32.0999 31.0427 29.5082 27.1068 26.4074 28.0476 40.1931 38.1232 38.0262 40.4974 53.8351 44.8943 50.0452 48.0961 53.596 28.8476 66.4553 90.9071 76.0675 74.0156 67.8313 65.9131 84.2565 64.5086 20.1142 59.1847 21.9961 0 52.8728 28.5082 79.6294 37.3046 4.97263 38.0633 86.2423 38.3366 42.0993 38.3525 55.4543 19.2645 17.0144 5.79598 78.8462 24.7389 61.3573 21.5681 17.4968 58.4086 23.3755 53.9354 27.6157 33.201 33.6343 71.2786
71.8673 82.2936 78.8367 69.4069 76.9275 79.6852 72.1999 73.2375 70.275 77.1893 68.5496 70.7889 74.9207 77.8533 79.8645 78.0109 70.8496 78.7444 68.3079 80.0295 73.1258 72.2169 81.9098 84.8073 90.3833 89.0698 78.4175 88.496 95.2528 87.9778 121.559 116.34 128.943 126.343 112.638 115.785 116.12 127.401 35.9364 42.2524 39.7363 41.7914 34.536 38.0962 39.0323 38.0689 113.324 113.472 98.1589 104.487 108.937 91.837 108.238 107.367 101.946 90.9769 105.962 88.8382 58.7203 52.7398 61.3718 62.605 62.7117 52.1014 63.7885 58.7992 17.7533 18.8077 20.0404 22.25 119.641 101.166 85.4806 90.786 93.2314 83.1101 40.7758 41.5954 99.9962 83.2646 99.0695 83.7214 31.0621 96.0173 76.1691 64.6408 69.2292 59.7978 69.8969 66.8314 19.8903 20.674 23.6295 20.7825 33.6984 31.3994 30.0603 32.3719 70.7541 70.5907 75.2083 69.118 102.968 103.073 99.5668 103.669 85.9788 89.9314 90.05 86.6206 122.951 128.962 118.994 115.705 36.3376 33.8367 37.8797 36.6381 58.3574 54.3151 62.4789 53.2449 84.327 76.0635 86.5987 81.5534 18.3535 17.8494 21.2358 20.7746 70.1135 73.1025 75.7543 64.2146 85.8574 73.9443 95.5698 70.9974 67.031 90.9717 77.5879 97.7122 77.1775 42.5763 34.4939 86.8024 66.9653 52.8728 0 58.7323 71.8513 73.409 45.9279 79.8215 71.1595 51.0404 52.8431 22.1059 87.8575 65.5193 63.1982 53.3153 107 46.2147 108.212 45.7514 65.6505 22.2316 72.3973 56.769 23.7401 22.7364 71.5253 58.4814
43.2984 39.6195 41.7032 44.1603 40.688 38.2546 49.3546 57.5471 57.8613 57.4746 61.0467 55.6953 60.9581 55.1949 67.519 60.6845 69.7883 67.6321 70.1593 68.754 69.2148 63.0015 55.7269 60.186 57.591 59.6085 58.7496 62.2374 59.0845 56.1384 54.6872 65.4066 62.3856 60.815 60.3787 61.6331 57.0368 56.1206 32.833 32.2224 36.0001 33.9658 42.6704 38.0373 43.9471 41.9805 49.4454 46.6934 51.2519 53.4199 42.0343 43.6403 45.4739 49.7546 38.1624 34.847 36.3303 37.8039 20.6579 24.1677 22.3187 23.286 5.26898 5.98135 2.89642 4.29437 50.9577 56.7212 56.8267 53.4869 51.6139 49.0288 69.8018 69.3742 65.0006 71.4942 56.7004 51.2725 44.4021 46.7619 32.2765 35.4861 42.7381 85.2406 36.6947 34.0437 31.1863 32.4873 32.4844 38.4742 40.0783 38.3607 35.7857 38.0238 31.8853 33.4429 29.3281 30.9561 22.1862 22.0784 23.0711 23.8283 39.6531 42.749 40.8996 44.959 40.5081 43.3725 44.6342 37.3617 64.2531 60.102 60.0269 60.4871 28.6694 32.7215 27.9671 31.153 3.92072 5.4763 4.55626 5.23386 42.3767 38.4691 42.3974 36.701 45.7653 47.2353 44.6426 42.9169 16.918 19.709 20.3619 19.1581 25.6014 24.0392 32.4009 69.9876 56.065 43.73 33.7728 45.369 54.285 42.856 30.1072 36.31 28.954 28.5082 58.7323 0 53.0043 13.4715 36.4173 34.5362 66.4339 10.6881 15.7676 38.6262 34.3372 19.6977 25.6576 28.2792 48.3294 13.165 42.5875 13.0792 33.9949 47.4051 39.5052 32.3119 39.4231 44.3925 17.6706 46.8625
23.1812 23.9022 25.2959 20.9215 24.5898 23.6682 11.496 10.6587 11.4479 12.397 6.45831 7.7376 10.119 11.1592 8.93662 10.4714 12.3244 12.9366 11.617 14.2526 15.3471 16.1008 25.7659 25.9139 29.3963 27.2626 22.4263 21.0163 21.795 22.5774 71.1951 82.181 71.6151 76.925 79.851 66.6939 76.8741 67.5047 31.0102 32.3942 28.7244 32.5853 33.8423 34.6123 30.8189 31.2259 65.1848 59.5985 64.5313 56.8953 59.0006 55.7849 56.054 60.0883 68.3029 64.4958 71.1989 62.2888 35.8206 31.5743 30.2283 29.1832 53.9045 51.3864 51.9119 56.4733 52.0447 53.9789 44.2923 51.7764 81.5137 80.1769 22.1232 22.5106 17.2577 18.3848 26.8031 27.9332 102.026 108.995 54.5589 47.1837 41.2026 29.8219 33.1504 20.9577 21.1324 20.0602 22.0901 20.8106 55.9226 53.1806 47.8025 53.2318 48.6707 54.1757 49.9877 44.5739 38.9706 43.2296 40.0307 42.5395 57.0676 53.6623 57.0715 50.1663 38.2358 39.3778 37.929 34.7201 75.7678 76.8014 74.2594 71.3069 35.6939 36.377 38.0294 35.2215 55.2774 46.226 51.5487 51.3843 99.5256 87.1265 103.131 88.9767 56.6367 55.5779 52.5665 48.1968 38.5566 40.4047 44.492 39.606 61.0202 75.921 65.2007 11.6184 3.06523 44.8096 37.8184 71.2291 9.13095 25.4566 67.4791 82.9432 74.092 79.6294 71.8513 53.0043 0 60.21 79.7371 89.7571 13.2606 43.492 40.2759 63.233 57.7022 69.6045 86.2338 86.4216 63.2843 49.4374 71.4003 55.2989 86.3367 43.7942 98.9261 23.1173 61.2552 62.9233 67.112 9.0971
43.7673 40.7633 42.8883 45.5818 41.8221 45.0374 62.383 53.4081 54.3554 59.751 63.8199 66.9783 65.8635 64.8612 72.7946 67.4369 75.3829 71.4081 72.2781 76.0074 75.1903 76.1865 52.7771 59.1163 60.9583 63.6514 61.0461 60.0752 64.7279 59.9251 48.0251 49.8003 48.2394 53.6647 48.9977 45.0129 44.6671 47.5612 48.4335 42.8628 44.1249 44.8738 49.3374 46.8362 48.6025 47.2171 35.936 42.2848 39.7102 44.0422 34.7609 40.6836 39.9539 42.0371 26.6702 21.2789 24.679 25.4326 29.5828 28.2195 27.0391 28.5561 16.1249 16.8496 13.7236 16.2244 70.8876 70.591 62.9284 66.1035 35.2927 38.2778 70.317 68.8264 66.9253 78.8964 67.8998 61.088 46.317 39.5415 26.851 26.5469 56.7741 82.8389 38.5667 43.3667 35.2154 38.667 36.4531 38.5686 52.2496 56.6888 52.5165 55.6755 43.648 44.4835 45.7923 45.9825 19.8997 20.0678 21.9197 20.5821 35.4683 34.2322 36.9847 36.2236 38.1469 36.93 39.0159 40.1377 47.2766 45.0941 50.5522 49.2689 42.2284 41.1554 41.8822 43.7522 17.1378 18.272 17.1728 18.0109 38.5744 37.1921 37.6293 34.5172 60.1658 61.5498 57.4853 53.9775 19.3333 19.8946 21.527 20.6988 11.447 21.1314 22.8394 77.6451 65.8293 40.0545 32.2457 28.1282 68.5096 53.6445 47.7078 20.9774 25.5253 37.3046 73.409 13.4715 60.21 0 41.2797 27.0572 78.3368 23.9145 29.0991 55.9572 20.5351 21.543 26.8093 33.4287 39.7503 27.1715 29.7329 25.0547 32.2691 59.5016 40.7279 39.1038 51.7647 56.755 8.44413 51.6653
67.661 67.8069 77.2376 72.4135 76.0988 77.0557 89.8117 81.8723 85.2912 87.9352 86.3078 83.9866 83.8188 85.1374 85.1991 85.2091 90.2356 90.1148 84.3673 92.3448 85.969 86.2433 87.4536 80.6996 92.9864 100.224 88.2389 85.8543 86.4929 95.5018 92.5389 87.6443 89.8205 102.247 91.8668 84.7769 83.8242 83.185 47.0081 50.0111 45.2132 50.2718 51.88 57.5636 54.7514 49.0884 88.6027 87.1934 84.3272 91.7994 86.7668 89.9863 88.1981 77.2124 69.0099 66.0827 71.4618 63.6017 53.9202 54.4376 55.1708 57.7747 31.9187 28.3058 34.5328 29.4006 58.6895 61.8897 55.829 56.1095 77.7434 78.9553 102.868 98.1321 95.6408 99.6887 69.9934 61.9086 44.6815 44.3363 64.8043 76.6792 49.0596 99.4865 72.9159 60.4882 60.8942 65.8079 60.3276 61.7002 38.1076 37.1258 38.764 38.673 32.0096 31.0566 31.0935 35.9332 56.2699 58.0899 56.1401 52.6088 79.7087 79.4604 77.543 82.3979 71.995 77.8011 67.9476 68.9419 99.0947 93.2858 93.8037 91.203 47.6266 46.2886 46.2645 40.4671 32.2821 35.1168 34.1979 33.3798 33.2787 33.0445 29.0772 31.8462 37.9735 37.368 36.71 41.4116 50.5508 57.5056 53.1163 48.9969 57.5883 36.635 59.9128 98.8205 79.0348 81.0156 60.4381 72.7513 88.1756 57.3324 16.5439 62.3902 26.346 4.97263 45.9279 36.4173 79.7371 41.2797 0 39.4068 88.5998 42.7473 40.3407 35.7406 59.0269 25.673 23.3507 10.4716 89.0985 25.033 75.9362 23.7298 22.2691 55.0121 24.879 58.5886 26.0167 27.1232 36.4899 65.6614
62.5546 66.1675 65.5538 64.6955 68.523 62.6661 81.0341 90.7973 78.0004 83.8382 88.3725 81.8157 91.381 96.4285 102.305 89.4148 102.49 98.8473 103.195 96.44 99.7471 94.9694 90.9884 84.587 86.9963 94.1254 89.8394 95.7074 79.9206 83.7621 66.7514 68.8366 60.002 63.1948 64.2975 66.9243 59.4877 58.5809 60.37 60.7535 67.9543 63.4259 71.3653 72.0074 78.5594 73.6116 59.3163 62.255 64.0142 65.7584 56.0229 63.3886 58.9879 62.7009 38.2937 44.0083 39.5056 46.4954 53.7489 61.6332 55.8113 52.5303 32.7967 31.6584 35.6036 33.1548 88.4385 81.5075 75.6691 84.6211 53.5601 48.629 93.3064 103.24 101.063 103.363 90.6502 88.1625 16.3092 14.9031 47.0564 56.8708 79.5032 115.244 63.4455 72.0877 63.7841 60.6434 72.3359 60.8878 60.6371 72.0222 69.936 71.0635 59.781 53.3366 55.4377 59.8804 46.6844 51.2753 52.4233 50.0254 55.8514 54.339 62.5758 56.2785 57.1383 64.9473 63.2223 59.6101 66.9426 64.1042 65.5465 60.7266 65.4145 62.6129 65.1109 66.7192 37.6667 41.0363 34.8837 35.4656 14.0902 16.06 14.1619 14.3379 70.5723 68.2829 71.5457 75.4737 46.478 47.0704 46.3831 46.854 31.7684 9.47189 43.5442 90.755 92.2423 65.3394 59.9593 37.5046 99.4171 82.6372 46.0902 25.7843 14.862 38.0633 79.8215 34.5362 89.7571 27.0572 39.4068 0 100.421 40.3125 47.6424 63.5308 44.9277 19.8344 16.6646 31.2249 59.55 36.705 43.4155 35.4868 18.7717 75.3711 16.818 68.8066 64.9929 61.2212 19.038 75.5123
32.7119 34.6031 32.0222 36.1535 41.4907 35.6394 19.9673 20.21 17.3866 20.1553 12.3075 14.2233 12.5983 15.0237 7.08435 8.19287 8.87207 9.05931 2.18101 3.3913 4.62055 6.09951 29.1852 31.2888 31.5438 35.2045 28.5064 26.1479 30.0487 30.8436 92.1891 94.8602 94.5627 85.6341 90.1439 76.8127 81.1753 88.9706 44.7248 44.6527 45.1547 44.116 44.5063 38.7615 38.2594 35.1994 68.4476 66.2087 67.4983 73.7759 72.7144 63.4421 61.2574 61.4922 80.3335 80.4813 85.0739 75.0609 47.2633 41.3908 46.8063 43.8471 69.6561 67.8096 70.244 65.9476 52.0213 58.3375 55.5699 48.6019 85.4111 86.9898 20.929 22.9689 14.9976 12.7896 36.605 31.9619 116.407 123.479 61.3547 64.4288 42.1136 16.7239 42.5202 30.511 33.4573 29.6117 35.5248 32.0651 59.2377 59.7904 55.0242 54.2812 61.6406 54.4885 65.4591 64.7829 57.3364 51.7203 55.7281 52.9279 62.8882 61.8055 65.3589 63.4518 48.7845 46.2471 47.7051 45.8845 80.5604 86.4726 91.2467 82.2224 45.2407 52.1242 47.3469 45.5987 64.5489 57.9997 68.8386 67.063 112.42 114.002 114.106 103.866 56.0812 60.1058 55.4019 53.7646 58.2675 54.5393 52.2801 48.9193 68.7987 92.5224 70.4647 2.08596 11.4919 57.4544 44.7256 86.2481 11.6448 31.9688 74.8768 82.306 90.1154 86.2423 71.1595 66.4339 13.2606 78.3368 88.5998 100.421 0 60.6221 55.3 61.133 72.0075 78.8196 86.177 92.4797 74.569 70.7332 89.4556 69.9011 99.5521 51.2522 109.283 31.3899 70.1767 77.1462 77.4524 20.3532
31.7518 32.0551 29.7536 35.1279 30.0331 32.6484 41.5557 48.3638 42.6469 47.5036 43.5234 48.4061 48.1366 52.3947 54.7713 49.8658 49.1883 57.8581 55.7315 53.9563 56.8652 63.9151 44.7861 51.787 46.3431 49.7083 49.6213 47.0163 56.1268 50.3954 67.0893 69.0949 58.4308 66.7272 61.3792 56.8341 65.0998 58.3134 25.5239 25.587 21.7863 24.0708 31.939 28.7424 28.4556 31.0941 50.9036 47.1874 52.4235 51.6776 45.9695 47.1027 52.717 49.3113 39.6602 43.603 47.5114 44.1901 11.2291 14.305 15.9692 15.9289 14.8329 12.9196 12.0503 10.9199 42.5319 45.8051 46.2617 43.4584 55.0264 52.24 57.0299 53.9434 60.5185 53.8534 42.0067 42.1067 62.773 56.1348 40.7122 32.7782 33.975 67.716 32.3907 24.1096 24.9505 22.8359 26.6285 27.99 30.0202 35.1169 31.3558 33.5929 23.8087 23.5065 23.4556 24.8379 17.6564 18.4644 17.9909 19.7791 42.8828 41.4998 44.2267 43.2354 37.6461 37.252 34.5224 36.3717 57.9083 57.5323 61.5125 59.579 18.5916 19.2869 17.9836 21.3224 7.84047 7.23206 7.93511 6.96807 49.8585 55.0278 55.2832 54.3848 34.7519 34.9056 37.4566 33.4449 15.3968 13.7695 15.0426 14.8258 32.1169 32.235 38.8759 56.9062 43.5256 42.2435 29.3937 46.5554 53.4841 32.3503 32.9976 46.2454 40.4747 38.3366 51.0404 10.6881 43.492 23.9145 42.7473 40.3125 60.6221 0 5.36831 32.8176 34.2935 29.1308 35.9007 36.1664 53.7839 13.4678 48.0497 15.0087 41.5475 38.1806 44.0387 24.7916 42.3577 40.1626 27.9074 35.3874
32.9175 32.6032 33.1452 30.9022 27.2712 29.5872 39.6723 44.0928 41.8683 40.7507 41.0556 43.1478 48.3861 42.888 48.1613 53.8211 50.4637 52.2316 55.8922 56.2811 54.1172 53.3143 48.6125 44.8941 49.7081 48.2544 49.0584 46.6689 48.6419 52.4441 67.6266 66.7642 66.6544 66.9197 62.4139 69.5664 60.0372 59.2082 17.0881 18.0657 17.2463 17.8168 23.3869 25.8228 25.2623 21.5695 56.2541 49.3496 55.5546 51.3363 49.8712 46.4697 49.8497 53.865 49.254 42.3742 53.6913 48.843 11.8114 12.0555 13.9654 12.4322 18.9737 16.0626 16.2577 14.9308 38.3899 44.9629 38.9729 39.2894 63.8423 58.1274 58.1845 58.9363 59.4173 59.3742 35.8853 38.0816 67.8951 67.2481 44.2055 36.3385 28.8489 63.1984 38.8032 22.3611 19.624 23.8928 21.7101 22.4682 26.9684 27.8626 31.0996 29.8729 19.0777 22.8731 19.1824 21.7838 22.0734 19.7859 22.9362 22.0839 47.9009 44.312 44.2664 43.7421 39.5368 36.1448 38.6699 39.6062 69.7181 63.2414 68.6247 64.8368 15.3474 14.3697 14.5928 14.6274 12.2339 12.8663 13.285 11.9508 58.7561 59.8367 51.9093 56.7375 32.8398 30.6715 27.8566 33.7755 16.8424 15.5954 19.5472 16.9784 38.7457 43.4482 44.7464 49.4536 42.2665 46.7871 26.5047 56.4533 49.8733 27.2413 33.7257 48.6826 45.5584 42.0993 52.8431 15.7676 40.2759 29.0991 40.3407 47.6424 55.3 5.36831 0 30.3081 41.6998 33.6282 39.0714 36.1246 59.1766 13.3872 50.9763 18.1121 48.7325 38.7233 48.7679 18.2864 41.2838 37.7557 30.0763 28.726
64.4333 59.32 56.2414 55.3392 57.5107 58.1134 63.3505 70.9739 62.9024 66.4301 69.2127 69.7268 71.1487 69.808 71.5818 69.8677 70.5754 68.8543 60.7536 67.553 72.1196 65.4928 67.9747 71.2069 76.0995 74.9974 67.9291 72.2848 72.2301 80.6939 92.499 93.5985 91.1122 102.021 96.4583 97.6671 98.4755 103.197 23.1328 24.1709 25.7922 29.504 25.3052 27.1775 29.071 25.8867 87.7581 87.7805 81.0519 86.6298 86.3998 89.358 81.1961 81.629 70.7551 72.5914 71.3476 74.2935 39.4459 40.3342 41.3038 46.7713 37.7742 33.484 41.5796 37.1982 19.5442 24.1211 24.0495 22.7172 86.7294 85.7669 73.0626 70.5678 80.2044 77.475 33.1358 34.5419 80.651 66.8967 79.2895 64.1712 18.5228 86.3807 69.1841 46.4174 45.7534 49.4602 53.075 52.5387 4.81878 5.20834 5.65459 6.21703 11.8928 10.6777 11.8719 11.8148 50.1876 49.7964 51.8161 58.8757 73.3185 76.226 82.175 84.74 68.006 66.8819 76.2812 67.5614 105.67 91.6061 100.295 97.0857 21.1711 19.574 21.5193 22.7251 40.1011 37.6838 35.8571 36.2893 61.168 60.5308 58.1189 65.194 6.04999 6.45984 7.87045 8.36975 45.8534 49.595 48.6138 46.0756 68.4782 55.4739 78.9828 64.7707 58.9126 83.3439 64.92 79.0525 65.2375 37.2219 16.5912 71.9739 48.5269 38.3525 22.1059 38.6262 63.233 55.9572 35.7406 63.5308 61.133 32.8176 30.3081 0 72.7734 49.0471 45.2132 42.2142 95.2176 28.5801 85.1538 29.069 49.3076 22.5237 58.7372 39.6782 11.0252 9.41125 57.1794 47.2893
31.3129 31.355 35.1106 37.677 29.7717 39.4524 54.6146 51.8959 48.5047 51.8458 56.4358 54.585 58.9782 59.3068 66.7665 57.3775 64.3397 63.0669 64.9919 62.4529 74.3137 75.6089 40.6302 48.469 48.9931 48.3036 44.3217 46.5249 54.7673 49.5217 30.033 31.3232 28.0779 33.2553 25.6106 25.1736 25.1524 27.9509 60.1248 53.8746 58.4388 57.8792 60.7144 57.7474 64.5918 63.8318 18.5158 19.6051 20.5019 21.6849 18.5515 17.3153 18.5821 19.7697 10.1974 7.88364 9.69481 7.68706 32.0124 35.5944 31.6459 31.3155 33.6352 36.772 34.2866 35.1207 83.6716 82.103 80.055 85.075 22.2475 17.8349 53.4461 57.1188 68.9643 60.1873 72.4116 66.2929 55.0341 60.6699 7.24053 8.59104 62.8712 83.4183 23.9543 42.7982 36.9091 38.8136 40.3014 39.597 74.7364 62.3767 67.6234 71.8559 62.2082 63.9479 56.4259 53.9212 18.9507 20.8447 18.5067 19.6417 13.8584 13.824 13.3261 13.8085 22.2664 23.5808 24.0832 23.2059 31.7449 26.8769 31.8174 30.8083 54.1426 56.4998 54.4469 56.2776 30.4838 36.1046 35.1249 35.0366 55.6556 55.7053 59.5846 60.7745 74.217 69.0745 76.1853 73.6183 22.5673 24.1102 23.6829 21.2388 12.891 39.2393 2.35301 70.3194 55.5212 21.5309 20.9042 22.7656 53.4994 65.9074 69.7228 23.8321 51.8506 55.4543 87.8575 34.3372 57.7022 20.5351 59.0269 44.9277 72.0075 34.2935 41.6998 72.7734 0 46.935 53.4101 60.8212 17.8143 44.197 17.9454 41.0864 56.3333 78.0042 52.8092 46.9768 81.2658 70.271 27.4736 51.7513
55.149 53.7449 57.1118 53.9712 60.7523 61.6385 70.9491 76.2762 79.9865 71.0847 73.5548 70.742 74.9745 81.4579 80.0301 90.5203 75.5215 80.6584 91.2868 83.7534 81.4592 85.0928 74.6328 79.9136 82.5224 79.4681 79.9734 71.3191 80.303 74.0623 69.4345 65.2042 67.967 65.6346 65.6443 70.2575 71.9307 72.8112 51.3099 53.9185 46.7653 54.3138 56.2666 55.3306 53.7816 50.6087 56.1245 60.3973 67.7629 65.0946 56.3271 65.9692 59.1936 59.8427 42.1323 43.9005 43.018 42.3498 37.0003 41.3809 41.4019 45.1024 17.0418 17.0612 18.223 18.2972 61.3195 65.9995 62.2625 68.7825 53.9624 59.0557 80.5607 84.5523 85.1988 93.8158 61.6479 69.1716 29.8746 30.2533 50.5592 48.0919 58.1835 103.966 57.8685 57.77 49.7078 52.9142 54.5687 50.185 43.5998 47.2244 48.8226 48.7417 41.7262 37.8993 40.4311 42.8024 40.8311 37.7687 43.1093 42.1089 57.9094 59.4132 61.4589 52.4189 57.8138 53.0478 54.4339 59.0382 65.1643 66.1712 68.5198 64.4948 47.3795 43.1923 42.2066 43.4101 22.3433 21.8357 21.0929 20.7199 20.9052 19.5846 18.8959 20.6598 47.0175 48.9909 51.5192 54.9849 38.0854 36.8428 40.1675 35.0198 29.5966 11.6603 41.2483 85.4607 77.7992 66.1862 53.3523 44.4801 79.9055 60.9824 29.5262 36.4802 8.35713 19.2645 65.5193 19.6977 69.6045 21.543 25.673 19.8344 78.8196 29.1308 33.6282 49.0471 46.935 0 7.08539 14.2616 65.875 20.8035 48.4365 18.7115 14.2312 60.4715 18.5115 50.6227 41.2749 45.6137 16.4936 63.3777
62.8733 69.6886 65.8904 72.5601 64.3915 72.3316 76.2085 85.7702 80.2374 79.7983 82.5672 90.6706 81.6619 85.8561 92.6904 96.5895 92.9542 89.1832 84.6858 100.073 85.5204 87.3251 77.5777 89.2365 90.8735 81.2271 92.2163 84.5739 81.3689 84.0359 71.0399 79.8224 72.9728 72.6458 74.5669 69.4952 80.3431 74.1022 58.4095 58.5822 58.8085 57.5776 58.8851 55.651 55.7792 62.8611 67.7642 71.1219 76.29 67.8459 63.0701 69.7748 75.8268 74.1953 48.0223 49.3527 50.2828 48.2896 47.9398 53.4311 48.5095 51.1371 23.0198 25.2993 23.709 24.0843 73.1833 71.5395 71.4893 71.0476 57.8747 62.2372 89.9915 86.0877 93.7029 99.7252 69.3187 81.2747 27.0241 25.2888 56.1612 60.746 66.0225 103.14 61.0862 54.5402 61.1812 65.6165 65.2626 57.9029 47.1538 49.994 51.7839 49.2287 37.8393 46.6806 38.927 44.1152 42.1859 49.6278 43.4747 43.4459 64.4259 58.936 63.8799 66.4698 64.4175 67.8779 71.15 68.7791 72.0234 76.5267 72.647 81.1438 51.9465 54.8259 48.709 54.8087 29.3441 29.4254 28.5591 30.9222 15.7064 13.2019 14.3844 15.2 49.2048 55.7541 49.3798 56.951 43.4653 48.8937 45.7897 48.8423 41.0307 14.1511 47.2168 86.3735 87.0083 75.1806 58.0314 49.0587 80.0033 61.3266 36.0378 38.0075 4.26017 17.0144 63.1982 25.6576 86.2338 26.8093 23.3507 16.6646 86.177 35.9007 39.0714 45.2132 53.4101 7.08539 0 10.9538 71.7892 29.0968 53.9643 24.5896 7.37415 61.6129 10.3185 54.045 44.7036 49.6435 23.4161 68.3319
65.4656 71.0261 70.0482 72.949 64.6053 60.4709 78.0539 83.9456 85.5528 79.2408 88.6196 87.6024 87.2102 90.6699 94.2515 95.2417 85.4012 89.5461 94.0491 86.1641 97.823 92.9606 76.957 82.8458 88.8413 82.5806 81.2065 78.9508 93.2065 81.9048 89.4895 76.4514 88.2014 79.4441 84.2988 85.6633 82.5019 84.7585 53.4717 50.0827 51.4593 51.4749 49.1898 56.6932 58.1837 52.0069 77.1297 71.9499 79.1189 71.7663 67.6409 69.7358 77.4593 71.8495 57.5379 53.1006 60.9582 58.8709 45.419 46.0137 53.5781 48.8966 21.4993 24.6915 28.8718 29.0231 63.9217 60.2917 65.2306 68.8973 64.945 70.399 91.5462 101.871 96.7329 100.098 71.067 71.539 35.1963 32.7074 60.0312 67.9954 58.8479 115.999 73.0801 56.6473 64.2378 61.6053 57.5566 65.9798 43.0596 44.1859 43.1838 46.6222 35.6555 36.7217 38.7552 33.6194 52.1829 46.7285 51.4597 51.273 74.2117 64.7096 72.074 76.6598 69.3235 73.2807 74.7229 71.8865 77.5618 82.4368 91.3999 80.8833 44.6389 46.2981 45.088 49.8285 30.5364 31.0788 28.4874 29.8221 24.3193 23.2861 23.1167 22.6528 45.7035 47.3796 43.8889 50.361 48.8413 49.6414 51.9653 47.2185 49.4362 24.2828 62.0743 96.0904 73.583 72.7431 57.7973 61.5816 84.6571 66.3474 23.5393 51.776 15.2438 5.79598 53.3153 28.2792 86.4216 33.4287 10.4716 31.2249 92.4797 36.1664 36.1246 42.2142 60.8212 14.2616 10.9538 0 74.4741 24.6076 59.7024 22.8108 12.5016 59.3097 15.1808 56.2938 36.1037 39.2085 32.6845 68.597
41.1739 42.5498 45.1737 45.2562 41.4508 41.8753 59.2811 55.1636 56.6506 59.4681 58.1393 59.9648 59.3138 62.6636 71.8402 74.1664 72.3301 66.0301 80.8917 67.1856 72.68 70.0802 43.9171 47.5609 46.5626 42.4175 46.6532 53.5319 56.1661 53.7577 13.2222 12.9494 12.3039 15.175 7.54879 7.44915 8.68394 10.1124 72.0177 70.4232 72.7156 74.3443 75.808 76.1125 75.8284 72.6689 4.36502 4.32957 5.53514 6.68086 9.84418 9.12984 9.98881 10.6502 16.9635 18.7899 14.5163 15.6364 48.2805 54.3887 46.0491 52.0404 57.837 54.7586 57.0393 50.1247 89.9692 92.4013 101.837 106.01 13.7112 11.5525 54.5258 59.2794 62.0993 69.4319 85.8735 93.9816 75.2964 69.4153 13.7265 16.5607 85.3961 76.0327 32.5018 53.4183 54.4151 48.3423 51.7309 46.7434 84.9871 92.6549 77.5479 84.7227 82.8449 69.5863 74.753 79.2309 32.0554 34.4766 35.2607 35.8536 9.63537 11.3161 9.62023 11.0353 29.3168 27.2308 29.4493 26.0758 12.8076 11.9828 12.152 11.9028 63.0724 69.3127 70.4395 63.2138 56.0705 54.5166 48.6609 50.979 78.0876 67.9608 78.5725 73.1773 80.1997 91.7674 88.166 86.5583 41.0926 40.8283 36.8048 38.6048 30.7566 48.9373 18.2117 77.0114 66.7197 19.0187 33.0192 25.7044 59.8142 67.5409 87.9245 30.4805 61.5155 78.8462 107 48.3294 63.2843 39.7503 89.0985 59.55 74.569 53.7839 59.1766 95.2176 17.8143 65.875 71.7892 74.4741 0 65.997 19.3358 58.7026 71.0636 98.1561 78.8721 61.7651 92.0543 91.0466 48.0262 61.1029
47.501 44.4952 43.1956 42.0575 38.2775 42.0928 60.7134 53.2402 53.3111 56.8324 55.5808 63.8445 64.6773 55.5389 67.5301 65.351 58.7937 63.5877 62.702 72.5851 70.1151 67.3909 55.5563 59.2219 58.211 67.0481 64.3057 62.5405 60.4094 70.1008 73.5511 78.2941 71.3052 74.8159 69.0388 72.734 75.078 73.476 29.0962 28.2522 30.3515 28.5597 33.0849 32.8491 32.5472 32.6532 63.4907 65.0948 59.3263 62.8647 52.7549 63.3309 55.239 57.2079 47.5739 48.6476 53.7 52.4121 24.0033 27.2182 25.9811 26.5265 9.61167 6.7711 10.933 8.56688 40.2456 46.9068 46.37 44.6653 66.8036 54.5109 68.4034 74.1971 65.2767 75.4528 43.6598 44.17 52.6317 49.0086 43.8267 45.5461 35.9966 83.3865 48.6636 34.5131 37.8236 33.0943 39.0432 39.1493 29.9315 29.8938 25.7852 30.8955 16.7957 18.6086 17.8469 19.4152 28.6229 31.3692 28.0522 28.5833 48.346 56.1073 55.3169 50.9628 44.527 44.2194 52.0335 49.9824 66.6982 71.2095 68.8885 73.7895 23.4637 22.8253 22.5286 22.5791 10.1174 9.44034 9.43976 10.1937 41.7122 42.7648 43.5902 37.5965 33.0729 30.3015 29.4171 28.7005 26.9222 27.0081 29.508 26.8742 38.5423 33.1196 44.3751 64.554 54.8287 55.2507 39.3949 49.1325 65.6067 42.9739 21.9775 47.3828 29.2238 24.7389 46.2147 13.165 49.4374 27.1715 25.033 36.705 70.7332 13.4678 13.3872 28.5801 44.197 20.8035 29.0968 24.6076 65.997 0 51.0566 3.50372 30.5839 40.8477 34.563 30.1315 33.0946 30.4219 24.3716 40.8061
51.5625 50.5929 46.3404 52.656 49.8178 50.4921 61.3235 71.3818 67.0588 73.8681 70.4219 70.726 79.2793 74.9344 81.2602 85.8101 78.0442 81.6078 87.3146 87.9324 80.5767 78.413 58.0451 56.8481 63.448 60.9054 61.1758 59.1519 67.2253 63.2508 19.9358 20.659 22.1407 21.3737 18.0154 21.1045 22.2167 21.544 67.0689 70.408 63.7392 69.8822 81.6279 80.5071 77.6235 77.1863 19.8597 21.2212 22.645 26.0907 26.2457 26.5219 24.4951 28.2696 6.4733 8.19649 5.93859 7.96828 45.8333 51.7983 51.8376 53.4714 41.9906 44.2791 40.5266 46.7858 86.6361 95.6247 91.0048 93.537 8.45889 7.28589 73.1082 70.4398 73.7948 77.7498 85.8659 89.6127 55.0255 51.2256 22.2203 23.6438 83.1322 94.5303 36.9435 56.412 50.0028 61.6787 55.1001 55.7281 86.8685 82.0316 74.1326 85.7412 74.92 79.5083 70.1394 70.216 32.3328 37.3381 37.4087 33.6082 20.0535 22.2838 21.365 24.0464 38.1875 39.9088 38.8836 36.2684 22.0194 25.3441 27.5428 23.0041 65.1151 65.6934 66.2198 68.1632 44.0606 44.4179 43.6096 46.9177 52.3228 61.8084 58.554 53.9901 77.602 82.7722 89.552 76.2962 38.611 40.3653 40.5951 40.778 19.4324 35.9732 13.9349 85.0349 78.9051 35.4992 40.7416 6.33412 71.3833 76.7169 80.9716 16.9794 51.2927 61.3573 108.212 42.5875 71.4003 29.7329 75.9362 43.4155 89.4556 48.0497 50.9763 85.1538 17.9454 48.4365 53.9643 59.7024 19.3358 51.0566 0 58.2317 57.5974 83.2767 61.545 62.8686 79.3519 89.5886 34.355 65.4592
44.3765 53.0573 48.6978 52.4765 44.0135 48.823 60.2655 55.9177 63.5578 56.9837 58.864 68.2898 57.8685 70.9138 71.9835 62.1433 65.745 69.7566 65.438 71.6317 73.985 71.0321 57.9182 61.1984 67.493 68.8009 69.1947 62.8254 72.1029 66.6069 79.6605 76.7459 72.7375 74.623 73.6689 73.1301 66.7658 68.5584 26.9455 30.7789 33.6374 33.1507 31.5928 33.8 38.959 35.2507 61.9627 62.3966 58.9261 63.0222 60.989 61.3834 63.6753 64.7022 47.9386 53.1468 52.4328 56.0469 27.7396 28.1749 29.1195 31.8643 9.84759 7.98065 12.3351 9.25608 46.2083 48.1991 43.1015 46.2127 65.5529 67.3556 66.5431 71.7933 67.9586 79.9302 47.4634 48.4064 50.8644 49.821 48.8786 48.4916 33.2206 79.4087 52.3435 35.9308 38.1458 36.4517 43.8204 39.002 26.3713 32.435 27.2268 32.1872 19.0258 20.3567 19.761 18.704 32.291 31.8032 34.8334 30.8453 55.9217 59.2309 56.0355 53.636 52.9856 45.8993 52.4849 47.7106 74.2628 76.2864 70.8213 72.8346 22.4193 25.2433 24.1143 27.0357 12.0453 12.0801 13.9159 13.3465 42.0656 38.4013 42.5678 36.0154 30.4819 34.8896 34.3716 30.2332 26.4387 29.1351 28.6911 28.0563 35.8688 28.3517 48.3882 62.9271 55.7999 54.2002 44.4677 51.2537 63.6598 44.3955 20.918 41.8355 26.6252 21.5681 45.7514 13.0792 55.2989 25.0547 23.7298 35.4868 69.9011 15.0087 18.1121 29.069 41.0864 18.7115 24.5896 22.8108 58.7026 3.50372 58.2317 0 29.6709 43.955 33.1409 35.6377 28.8526 28.4753 24.5318 44.9158
65.8698 66.4778 71.8251 74.3671 75.0634 74.3691 81.3028 86.2062 92.4551 97.5111 92.3285 91.4993 91.7996 99.6883 88.8058 94.9363 95.7646 100.62 102.275 108.622 102.938 106.951 80.4391 81.2851 99.2043 86.1349 86.4697 98.1059 85.1032 89.996 83.3765 84.9607 85.9386 82.2679 75.531 74.128 80.6594 80.4127 65.0267 60.7587 56.1628 63.7643 70.8781 61.5262 70.8236 65.4148 75.5256 75.3588 69.2761 68.5239 65.067 67.9258 76.2436 81.2143 57.9608 54.2704 54.2294 59.1246 59.9591 55.7349 55.0171 60.6057 30.5457 34.2524 28.5886 35.0144 73.1864 82.8078 72.7038 81.5344 67.5004 63.5871 92.9025 108.93 100.701 107.856 83.8092 74.1823 20.14 19.9529 57.7419 62.4084 65.5835 119.729 66.5012 69.5046 68.4161 66.8528 63.4716 65.2948 55.4229 57.1433 60.634 58.2254 42.6267 52.3256 43.9918 49.7576 48.3386 52.3217 53.9542 49.1419 62.3198 74.7467 75.9244 72.3274 71.5676 70.7687 69.9189 76.959 73.8426 84.7797 84.2009 87.634 52.619 60.7073 61.393 57.7593 34.5221 34.3433 35.9013 34.8308 8.99026 9.07259 10.6916 8.26222 62.4986 64.4466 63.7359 57.6079 46.9091 53.4112 49.1381 48.5069 39.7671 18.6305 51.6156 95.9933 82.367 70.9169 70.2162 56.2927 102.057 69.1189 38.5125 45.8535 6.91978 17.4968 65.6505 33.9949 86.3367 32.2691 22.2691 18.7717 99.5521 41.5475 48.7325 49.3076 56.3333 14.2312 7.37415 12.5016 71.0636 30.5839 57.5974 29.6709 0 77.232 3.54066 66.2157 43.2352 49.6116 28.7136 84.8544
57.88 50.1273 52.086 49.937 59.6832 49.7223 50.8954 54.5232 57.9247 59.0779 50.1952 48.3894 55.4263 51.0768 52.4921 53.531 55.5651 56.0326 47.7514 52.5652 51.9878 54.7606 71.8999 60.4985 62.6554 64.8458 58.7333 63.1015 65.3041 65.5172 97.7626 102.051 102.535 105.477 99.6017 94.1418 93.4209 103.74 16.6132 16.9961 19.811 22.0588 14.9328 13.3031 16.1377 17.4929 95.0941 90.1463 83.0218 86.4236 90.155 87.1596 78.8927 91.8002 83.7157 75.8868 79.5633 81.6015 44.2548 43.1876 41.3412 43.3844 44.6569 49.2571 53.6699 44.1386 5.75702 8.35192 4.38506 6.69585 89.4037 100.834 59.7826 61.5266 62.7297 59.2012 17.2753 17.825 97.3068 84.3619 79.9341 67.2855 6.64802 61.7351 69.1492 36.0397 42.6417 41.6206 41.9452 45.0749 16.4299 16.6632 17.3723 15.6914 23.3651 21.7024 23.4599 22.9664 52.2236 56.3511 61.9217 50.3536 81.8726 80.749 86.7418 84.9836 62.1874 68.7648 70.653 64.246 110.445 107.794 99.0454 93.0035 22.7778 18.0106 22.614 19.6008 50.1718 48.1857 50.1776 41.5015 84.0473 80.0007 72.7374 81.7896 13.3178 14.0945 12.4224 11.7784 47.7046 50.3462 47.7108 47.396 69.2774 75.8343 76.1357 50.7941 43.5724 74.0077 61.0174 95.0566 52.263 20.0976 34.1509 82.3359 73.6807 58.4086 22.2316 47.4051 43.7942 59.5016 55.0121 75.3711 51.2522 38.1806 38.7233 22.5237 78.0042 60.4715 61.6129 59.3097 98.1561 40.8477 83.2767 43.955 77.232 0 74.6277 34.2974 31.5149 29.3753 62.6491 39.0365
69.4112 71.0004 80.9983 84.5341 74.3953 77.4957 93.7736 93.6219 88.3355 83.9245 96.0427 94.8442 98.8849 90.3453 100.44 108.126 104.269 110.18 103.96 111.638 101.821 102.878 94.2964 99.8384 91.5003 102.79 102.564 97.1799 90.5589 105.64 83.9384 77.6195 77.3676 78.0224 85.6098 85.1455 82.5998 82.1727 61.0049 66.6676 66.399 71.2039 66.485 65.3353 71.0211 68.5009 76.9467 79.2832 72.0315 72.468 69.5452 69.6528 73.2128 82.8211 56.3031 54.7775 56.0276 56.5681 64.1404 54.5651 54.5305 67.514 35.5642 36.3419 35.0467 39.5322 71.99 72.9467 72.1564 82.6957 61.5021 69.2653 102.149 103.642 108.103 109.469 84.0917 87.1999 19.6044 16.2544 61.4216 66.4132 75.8936 114.392 71.2046 70.7667 71.1562 65.4778 77.9677 73.7377 60.4837 55.3669 57.3482 59.8078 51.9499 47.3456 51.524 50.691 55.4648 53.5569 57.1647 62.6743 75.8427 76.6087 73.0421 66.9793 68.1294 75.76 71.3959 76.4109 82.0129 89.2325 86.2152 89.2505 62.399 64.4508 58.8969 65.2305 40.4171 40.9189 40.7031 39.6701 7.62152 5.89064 8.02437 6.57128 57.179 65.9729 57.5049 67.5751 51.5439 54.9555 53.33 50.948 41.5189 19.8948 55.8006 102.839 93.919 76.0641 61.5021 50.4677 90.0538 84.2957 40.1408 46.4771 10.0199 23.3755 72.3973 39.5052 98.9261 40.7279 24.879 16.818 109.283 44.0387 48.7679 58.7372 52.8092 18.5115 10.3185 15.1808 78.8721 34.563 61.545 33.1409 3.54066 74.6277 0 74.1158 49.4052 53.7029 30.4571 76.3879
23.9364 21.1179 21.7517 20.8833 20.8408 18.8315 24.6894 26.0521 29.1947 26.6863 27.4107 25.158 27.8241 31.3482 33.7906 30.7858 32.0853 32.6786 30.3636 37.1045 36.0162 37.0748 37.2069 33.7806 34.6305 39.6507 36.8093 38.3147 35.9747 39.1032 73.2417 74.4406 67.8059 76.6999 69.3859 61.9996 63.0887 68.531 15.5629 14.8232 13.7077 11.7492 18.2498 16.9159 16.13 14.1033 51.7174 53.1112 56.1969 62.1264 47.7195 48.1019 52.9942 50.6836 54.5988 55.1504 54.9137 49.7831 13.9807 13.0517 13.0449 11.7463 37.6097 35.1405 36.5924 34.8117 35.5381 37.9549 37.6408 35.6935 65.7045 60.2665 42.5424 39.3968 39.5358 41.1176 23.4759 25.097 75.2132 81.6591 48.4498 38.9705 23.3655 47.618 28.6371 5.39705 10.1471 9.11699 11.8317 11.667 34.6619 32.4535 35.1242 31.8505 30.3784 32.6874 32.4201 28.6201 29.8417 24.2968 25.7003 29.1652 49.2582 47.8913 49.9136 54.3367 36.9787 30.8958 33.6196 32.116 72.4286 68.9137 64.6162 76.9539 17.7612 19.0157 17.1091 18.5253 30.6095 29.4964 32.5329 26.9191 71.1117 79.7046 79.4878 75.9232 38.2216 38.3345 37.2495 35.6079 23.8491 24.2184 26.8376 26.2602 46.2687 54.4872 47.0002 30.8107 22.4098 46.7909 26.6617 60.7068 28.3768 16.5507 46.6141 57.4501 56.8307 53.9354 56.769 32.3119 23.1173 39.1038 58.5886 68.8066 31.3899 24.7916 18.2864 39.6782 46.9768 50.6227 54.045 56.2938 61.7651 30.1315 62.8686 35.6377 66.2157 34.2974 74.1158 0 51.5156 50.7263 54.5234 13.2517
64.8205 63.3838 65.5594 69.8367 69.1652 68.3012 71.5633 67.8233 81.9419 81.0568 70.9137 76.5289 79.9261 78.2504 70.1432 74.4923 83.3066 73.6402 74.3088 77.0488 88.2006 74.3267 90.9687 78.1868 84.9748 93.6673 85.6494 87.4252 84.7305 82.8829 110.711 94.3089 112.722 104.971 101.759 101.598 97.4877 104.581 32.0047 37.4265 37.5116 40.6186 36.16 35.4621 37.1239 42.264 85.8109 87.9369 97.5395 94.7954 95.3245 92.3859 82.3567 88.6419 72.7999 74.5089 78.5604 88.405 51.6278 49.0141 46.9728 51.0016 37.9027 39.8606 41.173 40.002 32.9703 34.745 34.5295 31.8783 91.5473 94.3084 80.9817 84.8804 93.7815 87.1004 49.6692 42.115 61.613 69.8611 76.9759 69.2472 28.6493 94.6249 76.9321 57.7323 59.9189 54.1042 56.0312 53.8481 16.4494 15.6971 16.0227 17.8517 17.8371 16.6694 21.3315 19.2212 63.882 62.8482 59.6586 65.1086 78.4699 81.1778 92.4946 90.9667 79.7809 77.6819 73.019 82.1612 109.131 108.85 97.625 112.882 28.9475 31.8429 34.7226 32.715 43.5521 42.2258 39.7892 43.732 51.6753 51.8469 52.6881 51.6064 17.8442 18.4972 20.0618 19.2 57.1135 52.0693 61.1231 53.1177 64.1262 52.8693 78.2806 80.145 70.4826 92.9303 72.8516 89.3225 83.1668 42.1156 11.7517 78.4634 44.6794 27.6157 23.7401 39.4231 61.2552 51.7647 26.0167 64.9929 70.1767 42.3577 41.2838 11.0252 81.2658 41.2749 44.7036 36.1037 92.0543 33.0946 79.3519 28.8526 43.2352 31.5149 49.4052 51.5156 0 2.43778 58.4285 60.5751
65.9641 70.188 65.1833 61.2914 68.2816 65.207 70.8424 66.4433 67.5838 77.51 79.0359 70.2986 77.989 75.558 75.1883 71.1007 82.4025 79.4263 69.3421 79.9211 73.3206 75.3011 83.8717 87.6396 78.3904 80.0718 77.0948 78.0954 89.3023 80.5003 112.271 94.0927 103.449 103.707 98.602 101.592 102.671 99.3959 32.8287 32.4411 32.2873 36.9727 33.5876 37.2832 36.356 38.5741 81.7331 85.2497 87.76 90.8873 91.5404 85.7563 81.6602 92.0811 73.6505 81.8009 80.4076 78.9753 46.5275 51.8944 48.3256 49.462 36.8424 41.1877 38.3965 40.0395 30.8208 29.7188 27.2681 29.8905 92.6439 96.3697 88.1246 94.6732 77.9076 79.8817 39.7772 40.1505 69.4546 71.0158 79.3161 70.9301 28.1438 94.1877 73.1924 55.7465 54.0155 54.1393 57.1119 52.0849 14.5232 13.7967 14.0186 16.3763 16.4056 18.3167 19.6253 18.924 60.7775 58.782 63.0078 54.5984 78.5994 87.1491 87.7476 89.5956 80.8117 76.2375 73.3903 73.6882 98.446 111.288 113.52 105.092 27.4935 30.6926 31.5639 30.1412 42.7732 40.5603 40.118 39.2422 54.4671 62.3747 63.3346 61.4401 14.9118 16.5893 15.3229 15.5668 55.2237 59.5751 60.1912 57.6687 71.1269 56.1533 80.0886 67.7419 60.7143 91.4344 61.077 92.3805 82.6881 39.734 13.012 75.3124 50.3407 33.201 22.7364 44.3925 62.9233 56.755 27.1232 61.2212 77.1462 40.1626 37.7557 9.41125 70.271 45.6137 49.6435 39.2085 91.0466 30.4219 89.5886 28.4753 49.6116 29.3753 53.7029 50.7263 2.43778 0 58.6402 58.5397
49.0571 54.1281 47.5479 50.0832 46.5113 54.7902 69.0816 66.4613 61.5005 67.2475 67.8667 74.8424 66.3058 70.2074 80.1131 82.7532 71.2775 72.569 85.1803 76.788 82.8812 74.9429 65.878 61.2635 72.6836 68.7329 61.9929 69.7577 62.8845 75.6186 53.479 50.3263 55.1763 54.5747 48.2057 51.4765 54.9412 56.0021 46.3187 48.5159 49.476 51.3846 55.5204 52.6911 60.43 58.5006 47.9428 47.921 45.8532 46.2872 42.8696 50.1344 50.2016 50.8789 28.6119 27.6522 31.933 32.7965 36.2632 38.227 40.6723 35.7612 18.7063 21.859 18.237 20.3473 65.641 78.7096 70.0314 74.4692 38.0794 40.3538 74.8944 71.0776 77.7726 81.5819 70.0519 72.3124 34.1473 32.8042 31.7862 37.1883 55.1307 98.002 43.5902 49.4229 42.9304 52.4185 45.7033 50.527 59.412 50.2898 50.9008 53.5713 48.9692 45.8723 48.1691 48.9596 29.3512 31.9544 30.7454 27.3487 44.3603 45.1199 38.2423 44.3604 44.4359 43.8748 43.3872 48.329 51.6984 49.7744 52.206 57.8802 47.1285 45.8406 49.3517 46.8191 19.475 21.5014 22.3222 20.7856 29.6951 27.7011 31.8378 26.6111 60.169 61.4067 56.2798 61.0851 30.3193 31.2237 26.9309 27.4559 15.2963 10.4554 29.4859 75.1465 73.7174 47.6853 41.0139 27.5689 71.7567 59.2712 46.635 18.8928 18.6979 33.6343 71.5253 17.6706 67.112 8.44413 36.4899 19.038 77.4524 27.9074 30.0763 57.1794 27.4736 16.4936 23.4161 32.6845 48.0262 24.3716 34.355 24.5318 28.7136 62.6491 30.4571 54.5234 58.4285 58.6402 0 61.7656
24.1093 20.8246 21.346 21.5973 24.7115 18.8698 15.476 16.9079 17.8047 19.4518 13.4581 14.3222 15.2932 16.5997 17.6161 21.3669 19.8944 20.0225 22.1144 22.6355 22.1655 23.4212 26.9387 30.3095 31.0538 29.8847 27.1367 25.5467 29.4583 30.906 68.0541 81.3463 73.8481 74.508 63.1389 68.5792 69.2958 73.3114 26.9486 26.3587 23.1316 21.2481 27.2724 23.029 21.6135 23.1328 60.4046 54.6109 55.2361 62.5787 57.9538 52.2284 59.6588 56.5757 66.1609 60.6553 60.5112 61.9505 25.725 22.9231 23.518 20.6898 46.1551 50.8665 48.6161 47.3252 45.3709 45.6523 41.1452 39.8503 73.1295 70.8971 29.8887 28.9865 24.7523 24.4994 24.4553 27.4037 90.9852 85.2318 50.8398 50.4373 30.7547 35.0759 30.4705 10.417 14.0959 12.3711 13.4573 12.2935 41.8968 43.7141 39.7612 44.2347 40.1828 43.0638 44.5733 44.2295 36.2015 36.0763 36.2777 33.8381 52.6464 51.3559 51.532 49.8191 36.6343 33.6916 36.123 37.9033 72.0039 73.3477 71.2512 78.8558 26.4847 30.3805 29.7445 28.516 41.4819 41.8903 45.012 41.0607 89.6833 79.6066 93.3382 76.8138 48.8733 45.2726 40.1163 44.0473 36.614 31.7684 31.4496 32.8448 53.2105 66.5876 53.1253 17.997 9.48124 47.6084 30.6628 66.6634 17.341 18.0646 56.8645 70.8625 66.7332 71.2786 58.4814 46.8625 9.0971 51.6653 65.6614 75.5123 20.3532 35.3874 28.726 47.2893 51.7513 63.3777 68.3319 68.597 61.1029 40.8061 65.4592 44.9158 84.8544 39.0365 76.3879 13.2517 60.5751 58.5397 61.7656 0
