8
100
174
0 0.606572 1.39829 2.04321 2.30132 4.12728 18.8803 17.7173 19.6354 19.3744 22.5742 21.9581 21.2674 23.3312 32.3424 27.0581 33.335 33.5156 36.4835 37.4788 32.0786 36.9227 14.8848 15.9808 20.1721 20.4525 19.7787 18.3281 21.3613 21.6348 57.558 48.5677 48.9799 55.9812 47.2168 48.5455 47.1197 52.4461 37.0512 37.9174 33.0579 33.7331 41.6499 38.7539 39.2014 39.7299 37.4264 40.8627 38.3719 40.7559 33.9645 29.5001 34.4435 32.0183 40.4186 41.1679 44.4064 43.8427 20.3763 20.8144 19.395 19.1343 44.6098 40.0692 38.6301 39.8388 61.3439 56.8741 53.4822 59.5905 51.3818 48.1681 26.9782 29.777 32.1861 35.37 43.2234 42.4485 91.3277 87.982 27.637 26.9309 49.8651 44.9796 10.9562 17.1506 11.8707 12.5687 12.1789 12.2694 53.3725 59.2616 59.8294 55.1913 47.893 53.8492 53.2123 46.8125 19.0335 18.7501 21.2163 20.1982 34.6885 28.3874 30.3802 28.7456 13.005 12.4334 13.7096 13.7094 54.9536 49.5313 49.8837 53.4399 41.7043 41.2488 38.1846 39.4089 37.0324 37.9914 34.8845 40.6512 79.9726 76.8405 82.1701 76.7046 60.9742 63.7164 53.5138 58.1449 22.1125 21.8402 22.52 22.511 41.1454 55.1517 37.5758 36.2221 28.9447 23.316 11.7047 49.5523 22.8594 37.8864 61.3187 59.7867 60.0752 72.9381 78.5589 36.2223 27.2721 36.9727 66.6953 68.9438 37.6622 33.9066 31.3013 56.4315 34.0818 57.2254 62.9744 68.0272 39.225 41.2148 53.1826 51.4737 71.2761 49.5224 76.4982 21.1864 70.5549 70.1133 51.0855 22.0872
0.606572 0 0.602957 1.20065 3.1296 3.59194 18.5873 18.8497 17.8662 19.8757 21.0931 20.5527 22.7871 24.2477 27.223 31.0808 28.918 33.1571 32.6252 34.2959 37.4376 36.4096 17.0651 18.2433 19.1032 20.6719 16.9079 19.1741 20.2494 22.3708 55.5833 54.5834 50.1794 59.8094 52.1081 50.5287 50.8939 46.778 36.4153 34.2107 38.0519 36.0428 40.7995 39.0813 35.3562 35.7281 39.0074 40.8003 37.5199 36.1377 29.6324 32.0763 32.5679 30.8806 43.7815 41.1478 41.7767 43.1931 21.523 18.3487 18.3278 17.2078 46.8464 41.6438 38.1188 37.6738 57.1642 60.7933 54.4642 64.7176 47.7233 48.5093 27.8593 27.9069 27.5056 31.0045 40.3764 44.6953 89.2256 83.0875 29.7189 28.3314 43.7151 43.8048 11.1693 15.7595 12.6474 13.5065 10.5581 12.699 58.0618 58.925 52.6093 53.0479 47.8529 46.2644 52.1992 44.6521 21.4596 21.3877 19.057 20.1463 31.9225 30.1429 30.7979 29.4153 13.0028 13.9106 14.0345 12.0838 56.0171 50.485 55.2405 55.2567 40.4181 42.0297 41.6218 34.7203 42.086 39.9312 34.4737 41.0054 80.5419 74.3308 73.9409 76.8371 61.1473 55.6314 58.0663 54.525 20.7444 21.7549 19.5349 21.9688 38.7339 66.0478 33.0139 36.2628 27.5162 25.0882 11.5448 59.2075 26.467 34.5152 66.8757 59.8823 68.5181 65.2934 78.4427 39.6454 22.06 42.3881 79.2956 74.3183 34.7029 33.487 31.3599 60.0082 37.224 59.0021 68.3925 71.335 37.8336 42.9537 54.0822 49.6609 80.2533 56.3195 71.3619 20.4809 61.867 70.2059 52.3055 22.6069
1.39829 0.602957 0 0.706918 3.18457 3.16185 16.1307 16.9948 15.8141 17.4429 22.8755 22.6203 21.858 23.9855 26.1646 29.5622 26.9718 31.0607 35.6646 33.9117 31.7523 33.262 14.2863 17.154 19.5537 21.0381 18.1175 16.8937 18.5472 19.9825 54.448 53.5095 50.627 58.5631 47.3554 49.1851 53.0513 49.4236 36.7839 40.3906 33.6542 33.5978 43.76 41.0621 39.1778 35.5196 39.4906 40.2409 38.3833 36.3432 34.1702 30.3825 34.2387 36.8921 40.6949 46.6158 43.3361 44.9222 21.5581 21.5664 18.7185 18.0066 44.8822 44.8149 42.5479 44.3528 59.7532 66.7564 52.7612 58.8312 55.9621 51.8754 23.7365 29.3381 29.6096 32.4395 43.8247 42.2546 90.6255 75.9311 31.8661 26.9476 50.6353 43.7268 11.4266 15.9049 11.0422 11.5931 10.6206 11.9781 52.5946 59.6157 52.1417 52.4887 52.4229 51.4821 49.0063 47.9306 21.147 20.0218 22.7148 18.5798 30.4065 34.1901 31.0013 29.9469 15.067 13.8666 16.0066 14.6875 51.2282 48.9485 50.2984 54.2731 39.7227 42.2104 38.5679 39.8547 41.9116 40.3003 34.6289 34.1703 83.9661 74.5753 75.6043 84.272 62.6843 55.3213 57.6933 60.2182 22.5152 21.9012 21.5303 19.484 40.6968 61.9422 34.2412 30.9416 29.0326 26.4412 13.9519 59.04 23.0508 33.925 62.0569 57.3895 67.7892 64.7902 69.1542 39.3667 25.102 39.3612 78.7632 70.3846 34.1425 33.562 33.2421 60.438 32.4548 56.9034 67.1381 70.3898 44.0948 42.102 54.3855 48.0427 71.0882 56.1624 71.3747 21.1573 71.5263 65.0558 53.0139 20.0416
2.04321 1.20065 0.706918 0 4.24498 2.32933 16.7151 15.7143 18.1839 16.1184 22.8296 20.9778 20.7489 23.8465 27.5675 29.4219 28.5562 30.78 32.1869 33.1233 31.8156 34.9373 14.2212 15.6927 16.7606 17.6371 16.6056 16.8461 21.0452 21.9855 54.1198 55.3079 60.9685 61.4833 49.7822 51.2269 54.7771 50.2572 37.6444 38.0644 37.1591 31.8599 42.9369 35.7026 35.2877 33.4896 38.5204 39.5401 39.1331 43.52 31.598 34.0095 32.2625 32.1108 49.0958 40.6278 48.9624 44.0618 20.8528 18.4856 19.5 16.961 44.4721 39.9953 45.7071 44.1493 54.1023 61.8738 59.2904 57.9607 54.4014 48.7569 23.8939 29.6929 26.8155 29.8986 47.1647 41.2744 85.4949 86.9817 29.0169 26.76 43.2182 41.3694 11.3632 17.0634 10.8329 12.7585 9.73667 11.6667 60.8596 55.3913 55.9959 55.3613 54.8737 52.7032 46.5052 53.5306 21.3924 22.8716 23.6774 21.5706 31.687 33.1473 32.3387 31.692 16.4145 14.2905 14.5691 15.771 49.3732 51.7194 52.4656 48.596 38.5572 42.0069 39.9295 35.6668 37.7381 37.5862 37.1285 35.525 79.8358 72.3479 79.8164 78.5407 61.677 57.559 58.276 56.2624 21.0637 24.418 23.1582 20.1449 45.6452 57.1967 39.311 31.9702 23.8482 27.8101 13.7112 51.3819 22.1677 32.1248 63.3438 60.3156 73.5097 74.2122 75.5106 43.6526 22.8456 40.7969 70.5569 63.2782 32.6767 34.3587 28.3433 57.1471 32.7806 61.8848 71.9248 67.3222 40.7609 41.9172 53.7371 45.7962 73.261 57.1652 78.0914 21.4167 73.5747 67.2319 56.0126 21.3935
2.30132 3.1296 3.18457 4.24498 0 4.95471 19.5509 19.2094 19.1416 23.738 26.4844 23.4575 27.5693 25.847 29.8534 31.1775 33.5763 30.0731 38.4733 34.089 39.9907 41.3063 19.6931 17.9269 22.1541 21.0022 18.7027 21.1436 23.1114 25.0915 57.3011 48.1061 49.3706 57.84 43.5578 51.183 44.5078 49.7048 34.6144 34.5466 34.8034 33.1482 41.6372 37.9775 35.8269 37.8685 37.2003 36.2474 36.7389 33.6365 33.0108 32.0493 34.3719 32.7204 40.714 40.7921 45.0808 37.3968 16.5265 18.7102 14.4015 17.3351 44.5716 43.7771 40.3396 37.7972 57.7046 68.241 59.2828 65.3195 47.8232 43.6216 29.366 29.1164 29.7089 34.7209 47.5841 43.864 86.6447 73.7842 27.3841 25.7883 51.67 43.5572 9.04136 17.1992 10.5379 13.4146 10.2481 11.0096 57.4851 60.6329 51.9206 56.1824 44.6321 46.3456 51.9579 43.3204 19.0605 17.8648 18.2961 17.6828 32.8943 29.3788 32.3409 32.3271 13.5393 12.0565 13.4602 11.523 47.7582 44.7641 49.3166 47.693 37.1748 40.0607 36.6596 40.7957 33.9621 33.6134 32.7173 36.2787 75.1537 74.33 77.2548 80.2109 54.5205 59.3526 50.6146 55.9757 18.3478 19.8298 18.3446 19.1693 35.6439 52.8094 32.159 38.9786 28.2361 22.698 8.67479 49.8164 27.1757 36.0013 62.3413 55.897 67.1295 67.3427 79.3504 37.2483 26.8257 40.159 74.2014 66.6007 38.1213 27.0422 31.5511 60.2104 31.9715 53.6781 61.0659 63.9454 39.3516 45.6254 50.6387 43.8797 65.858 51.6818 69.8848 23.8346 70.5017 71.2737 47.5724 23.8144
4.12728 3.59194 3.16185 2.32933 4.95471 0 15.9325 15.2221 16.2005 18.1573 20.3298 20.1884 22.4178 23.3531 28.2947 28.093 29.5944 31.6068 32.3046 34.7133 33.3689 34.0898 18.8111 19.1383 21.6444 22.0122 19.254 20.0326 18.9566 20.5272 54.8565 59.8504 54.5896 56.8153 55.1695 48.3471 55.5665 52.4801 32.0668 33.2275 30.126 30.9181 34.9947 39.5317 37.4447 33.9039 42.7693 43.3064 42.3649 40.3219 34.7548 36.5408 32.902 34.533 48.8027 48.5459 49.1485 43.5469 18.5617 19.4816 15.8667 14.8173 47.77 40.3341 43.8019 39.4548 58.7159 53.955 54.1489 56.1874 60.6225 56.7002 26.9294 28.3753 28.606 32.6236 40.8614 38.5294 79.0576 86.8803 31.7567 29.1929 41.5056 43.6248 15.3143 14.0572 9.62328 8.75971 7.66671 9.26242 49.6645 55.8947 57.2867 52.5982 50.5909 45.005 45.6043 48.0447 21.8324 19.742 21.4705 20.9164 34.1289 35.0877 36.9022 33.2056 17.9562 16.3985 16.9303 16.839 56.4671 53.3209 60.4013 58.1384 35.1979 36.4095 37.8427 39.1361 40.7076 35.9509 34.2469 36.1943 77.3803 85.3584 74.2168 71.9346 57.616 59.1565 48.3464 49.465 22.6034 24.1774 23.9936 20.3175 39.5436 54.731 41.4267 28.9524 21.9441 26.5226 13.8298 62.4784 24.9602 31.6188 64.4408 57.7332 65.3752 71.1584 78.8264 40.9701 21.841 38.1263 74.3586 70.3672 35.3353 27.9202 26.7642 52.1396 32.9094 62.1556 63.5071 72.9948 47.589 42.9823 57.5735 46.479 77.603 49.5604 80.6327 19.3992 65.0697 62.8937 52.706 18.9116
18.8803 18.5873 16.1307 16.7151 19.5509 15.9325 0 1.28897 2.29226 3.8522 5.82079 6.00609 6.28634 6.85177 12.8404 12.0722 12.462 13.074 18.1775 19.1021 17.7342 20.0764 13.9709 15.1785 17.4665 18.2075 10.6978 12.6841 14.4919 14.2246 66.4747 68.8331 74.5399 72.2983 60.47 59.8459 61.0633 62.0536 39.7417 39.5897 40.4598 35.3622 44.0939 36.1013 41.1962 33.8349 58.0534 56.2799 50.7526 55.4495 50.9688 45.5205 52.0295 43.2647 56.6161 62.5554 60.5167 58.0857 31.8913 33.2445 32.5069 26.7682 54.5628 51.9564 58.5965 57.4633 53.5287 57.9371 54.0242 58.2258 74.022 60.4823 15.7068 14.0175 13.3502 14.2742 34.5324 40.7327 91.6846 95.2666 50.5542 45.7473 42.5504 30.504 25.1458 19.0668 18.7007 18.1129 18.3311 18.8571 59.6487 54.3678 60.3602 55.1905 60.167 50.9682 57.0736 53.1316 40.0801 33.6879 37.3895 36.8361 51.3371 44.0627 52.4465 45.6188 27.3181 31.2746 29.7697 28.9632 60.6118 60.4815 67.8052 59.1103 44.2538 41.5315 37.7159 44.9851 50.1028 46.8609 45.9902 51.5035 94.5632 86.3476 90.3532 84.9536 58.0309 59.243 63.3807 54.0481 39.4777 38.2279 37.3175 35.5848 53.3493 74.9099 55.5022 16.5164 14.0584 39.9494 29.7065 71.841 7.5128 34.1958 69.8436 75.6048 80.2414 78.0302 69.5683 56.826 11.3272 52.9295 83.7663 83.7032 17.4544 40.4432 40.1478 66.7385 48.9525 68.9092 77.5827 80.1861 61.2512 56.4505 61.3483 53.5988 89.1025 56.5444 89.1405 23.4073 69.143 74.0082 65.7785 15.9082
17.7173 18.8497 16.9948 15.7143 19.2094 15.2221 1.28897 0 1.24921 2.72966 5.85939 5.16504 5.83485 5.52923 12.1612 13.0795 12.2575 11.6466 15.8959 16.0953 19.3182 19.3727 14.2196 15.6195 14.3217 17.1922 9.34948 11.3556 13.0753 12.5097 71.6145 68.4884 72.2947 73.4714 58.5731 63.1436 66.3807 64.3629 43.6488 36.0418 41.0479 39.4015 42.0263 42.2403 38.301 37.7634 56.3862 52.8589 57.8133 52.3485 46.0735 50.5552 50.0514 47.6321 57.4703 56.7678 66.4978 62.0341 34.0138 30.6856 29.7383 31.4631 57.1349 54.2423 61.3567 55.9575 55.6141 59.7123 56.5941 54.6997 67.7955 69.7395 13.0333 14.6761 14.0134 14.0887 37.8836 41.654 106.411 90.9794 49.3547 40.0857 51.5301 26.2264 28.6109 20.028 21.5722 22.0342 19.0037 20.1871 61.5382 54.6215 56.7948 59.3405 60.6364 54.2783 57.9035 54.2745 34.7827 34.5673 40.2958 34.4678 48.0989 42.9883 50.5596 44.0172 29.9361 26.0612 27.9346 29.8022 62.0723 70.136 70.1218 61.2704 42.2843 39.873 40.5205 42.6697 52.3025 46.6918 52.2096 54.7383 101.176 86.6628 97.0748 84.3164 60.8649 63.076 63.1149 57.6169 38.5341 40.7548 39.983 40.0678 61.305 69.5724 51.2979 16.0299 13.8248 40.1091 29.591 70.0465 7.77418 31.9113 71.1136 67.9582 78.2678 81.2311 72.2924 56.6115 12.0308 60.3732 90.6614 77.4199 19.8583 46.3507 44.1074 63.2382 55.9796 73.5402 86.7418 87.019 56.7638 56.9101 70.0596 60.942 95.6971 52.6594 98.1261 27.2476 78.201 76.7548 71.5084 16.5227
19.6354 17.8662 15.8141 18.1839 19.1416 16.2005 2.29226 1.24921 0 1.35645 5.3788 5.96072 4.89857 5.55377 12.8322 11.3604 13.2302 12.7278 17.6965 18.5625 18.5588 17.4419 13.623 13.3144 13.6945 16.7047 10.0441 10.816 10.7791 11.4614 69.8379 68.2345 71.5616 66.4347 63.5514 61.7556 67.3897 61.3295 38.8727 42.9563 43.2812 37.2253 46.7553 40.8689 37.0385 43.0836 51.2578 54.3792 47.6029 49.9337 46.7087 47.063 50.7273 47.4539 66.0191 64.3478 64.3109 53.1085 35.5742 35.8298 30.549 30.1242 59.3017 54.1906 56.0505 57.4525 63.7894 67.7354 54.5232 55.619 75.2536 68.7256 11.4197 11.6347 12.0674 13.2501 38.5811 38.2294 101.191 96.7261 43.136 44.0442 52.6603 28.8283 28.1646 21.7975 22.3273 21.5082 20.9354 21.3071 67.8088 66.7069 61.5791 64.245 54.7945 60.6632 61.3487 57.5422 40.8888 36.7558 38.466 37.0861 52.1874 48.6345 49.725 48.9601 31.6929 30.4057 29.8356 27.8621 66.5789 61.6853 66.0442 62.4952 46.497 41.7176 48.2062 46.3512 56.8442 49.4616 48.4505 49.7293 102.161 98.1457 98.2783 96.8955 66.8582 58.3588 66.0914 56.3823 38.9791 38.0993 38.3081 41.2045 54.6472 72.6964 54.7707 15.8665 16.2279 36.8708 31.0335 69.4421 7.19253 36.1532 70.0046 79.4452 81.3182 77.5219 82.391 50.3562 11.4453 63.3344 82.17 91.93 17.5671 44.395 43.2021 66.2793 54.5875 74.3009 85.297 87.7625 59.9857 62.4111 69.2956 57.2218 97.1964 56.8525 100.883 25.9209 77.9143 72.7697 71.6982 16.8368
19.3744 19.8757 17.4429 16.1184 23.738 18.1573 3.8522 2.72966 1.35645 0 6.49901 6.26609 5.35458 4.99766 12.874 10.8094 11.4861 11.1882 15.925 16.067 18.175 17.4988 12.3937 14.2689 13.3318 15.1364 9.0776 9.08599 10.6182 10.7633 73.3978 63.9502 68.3545 74.2374 58.6098 68.5119 63.4742 65.842 47.9039 40.0149 44.6611 36.9463 46.274 41.5395 41.6094 37.828 54.5487 54.6749 57.9348 48.2251 52.2164 51.3487 47.5763 50.7674 63.0541 64.1297 60.3922 61.2161 33.5507 35.3871 33.2873 32.9176 64.9999 62.0297 61.4543 51.3347 66.8437 65.8574 63.6914 61.255 73.4479 73.2919 10.9405 10.0051 11.0438 13.0032 40.8079 45.5768 98.1523 104.14 43.3393 48.0767 54.7606 28.5799 29.8345 22.7668 25.0469 22.5492 22.2229 21.8605 57.0126 67.337 67.7039 56.666 55.6867 61.2176 60.3416 61.5782 43.2995 42.5384 39.5807 36.2521 44.0825 49.1839 44.2278 47.2381 30.6721 29.3291 30.1557 26.9461 65.4451 63.8678 69.0939 61.7515 46.257 48.7715 46.5524 45.4625 56.6297 53.4029 48.3756 51.7099 91.9449 87.4111 103.221 104.285 60.2579 63.6211 65.5759 62.0809 37.3675 42.0923 41.862 42.371 55.7352 81.9544 56.5463 18.8184 16.3706 35.5519 28.1347 79.3708 7.75873 37.1722 72.7584 69.0233 79.8085 90.5561 75.2959 55.33 13.2512 60.9642 83.3456 78.756 18.4915 50.9105 47.4184 64.8688 50.0545 77.7999 75.6828 82.8061 54.1337 63.3492 70.2932 65.4008 87.8138 57.1212 99.635 30.9884 71.9031 70.8285 73.6539 20.0897
22.5742 21.0931 22.8755 22.8296 26.4844 20.3298 5.82079 5.85939 5.3788 6.49901 0 1.35526 2.6975 3.48563 7.64197 7.73919 8.4032 8.88247 12.6613 11.8709 13.1738 12.6313 21.1548 19.5073 21.9591 19.9074 15.0465 16.0821 17.6263 16.6364 81.3971 77.518 81.9343 73.2242 67.9668 73.7493 65.4263 65.5349 43.382 36.2954 39.449 35.3203 36.5296 37.4608 39.0046 35.0361 54.4154 61.988 62.1293 55.0949 56.1766 57.6295 56.9383 49.4594 71.1821 67.6966 71.149 64.367 37.9693 33.4296 30.3511 28.3865 65.3334 55.2519 60.5629 53.4925 60.9693 57.6525 56.781 59.8736 67.5666 78.1552 15.6259 15.3521 12.0691 11.6623 34.3676 36.2786 95.7349 111.657 53.454 48.7079 46.1158 24.828 31.411 21.9617 23.4551 23.3615 20.3435 22.0554 57.409 59.8736 56.6129 61.2156 51.3404 50.952 59.9776 57.4501 43.476 39.919 38.2212 42.9709 57.4311 54.1601 48.0138 56.3289 32.946 31.5276 35.6524 32.3939 66.2387 66.3351 78.3684 76.5532 39.3358 40.4606 38.273 43.9645 59.2485 57.4005 58.5682 49.5566 104.891 89.4721 100.843 104.362 53.9892 60.6366 56.005 56.4868 39.7782 42.4344 42.6305 43.8921 68.0901 80.7518 62.5248 12.4633 10.8869 43.7116 36.6604 81.4834 3.4522 30.0364 77.399 70.7213 88.2382 80.2358 76.2156 56.3735 7.65541 61.1422 77.446 91.4708 14.6493 43.1486 40.084 61.426 54.7732 68.9725 89.9471 87.4931 57.5164 59.3905 65.1142 64.9718 87.5192 50.8048 87.5275 24.6504 71.5807 71.1321 69.0706 14.4407
21.9581 20.5527 22.6203 20.9778 23.4575 20.1884 6.00609 5.16504 5.96072 6.26609 1.35526 0 1.22269 2.29075 6.68186 7.62872 6.83931 8.13082 12.4328 13.3011 11.5252 11.7424 19.0101 18.0123 18.9605 19.7928 13.3404 15.8324 16.5573 16.7207 80.3077 78.5849 79.2953 74.7234 71.8831 73.32 66.5096 65.9034 41.2075 40.9096 35.3763 38.6327 39.993 43.9671 35.5959 40.5501 61.1957 54.2755 59.2602 55.6571 56.0419 51.6767 52.6489 49.909 69.8797 67.6563 63.9828 63.0151 37.0645 33.5384 34.7691 30.5689 55.3472 61.4672 59.5808 52.4991 59.0453 56.389 60.1463 58.4582 74.1543 75.6235 13.7362 12.9831 10.017 10.574 38.9009 34.3943 107.468 102.66 52.1927 46.153 50.8116 21.5547 31.5893 22.7855 23.9967 25.1526 21.8206 22.4293 60.4308 61.5848 60.5811 57.5602 62.5018 58.1244 61.1752 59.8885 44.779 39.3699 40.7445 45.1468 49.634 54.3315 55.4521 54.7198 35.6584 33.9265 38.282 33.1886 73.8059 74.3976 78.7275 71.9631 42.6019 40.8797 47.212 42.9809 52.6309 58.5301 59.5617 53.452 99.2448 106.978 100.219 96.297 64.4553 60.9219 64.6256 58.5335 46.7546 42.6375 42.6098 44.4094 66.3405 76.723 62.4102 11.2017 10.4208 47.8106 34.5247 82.2178 2.70381 30.4437 74.8851 78.5421 78.4556 75.6809 82.3629 58.5867 8.38662 60.1503 80.455 86.7988 13.9682 42.8773 47.7558 61.8144 61.069 70.2683 87.2653 86.1538 63.2368 54.2558 75.832 57.8049 82.647 48.6519 96.3514 28.9422 76.8291 76.5733 70.2741 17.0492
21.2674 22.7871 21.858 20.7489 27.5693 22.4178 6.28634 5.83485 4.89857 5.35458 2.6975 1.22269 0 1.18345 5.94944 6.85462 6.70111 7.89858 13.1005 12.1906 11.5779 12.8705 17.9924 20.4247 20.2426 21.7683 14.1731 14.152 15.8729 15.7437 73.9639 74.9687 77.6507 72.2844 63.2676 72.7739 64.9967 71.6167 46.1961 37.5632 36.9537 40.7339 44.2155 37.662 37.5549 40.3879 57.2765 60.4032 55.3236 56.5524 47.8606 52.7679 53.2602 51.4222 69.5375 60.5138 61.8832 64.3612 36.3047 36.4565 35.9354 34.1599 66.3859 61.1896 63.1622 56.6235 62.4335 64.7553 52.2173 60.9652 79.427 71.5077 13.6301 10.9941 8.94243 10.8946 40.8405 38.8315 115.075 111.444 52.7893 52.0575 47.0915 20.999 31.7077 26.3709 22.2643 24.8697 22.6317 24.6516 59.8428 64.9462 64.5891 57.4133 61.1628 55.9197 53.7464 57.3063 41.5052 40.8923 43.3958 41.4011 54.3301 56.626 54.4314 48.794 35.1993 33.5969 36.1005 36.2861 69.6543 65.9526 73.8048 73.1129 42.6063 45.3651 48.454 48.5014 59.1397 53.6134 58.4953 60.0774 91.4582 100.69 107.919 91.1503 59.3941 63.9268 56.328 65.5212 43.4466 46.2752 45.65 40.2752 59.3098 83.2084 63.9901 12.3468 12.4729 40.4335 35.4402 70.458 1.77497 33.1023 70.2802 76.7146 94.4443 90.2398 78.3138 58.4204 8.91237 68.6854 91.5305 94.135 12.9328 47.8955 47.3296 63.6638 51.8039 77.5414 87.7269 83.8125 57.4231 54.0589 67.0976 64.9481 89.1361 49.6531 101.164 26.0565 82.3309 67.5112 77.425 18.3734
23.3312 24.2477 23.9855 23.8465 25.847 23.3531 6.85177 5.52923 5.55377 4.99766 3.48563 2.29075 1.18345 0 7.34852 7.05208 6.59092 6.37026 12.2133 11.9706 12.5282 11.7775 18.4739 19.4924 20.9158 20.5584 14.2073 14.1617 14.7505 13.5953 66.875 75.0514 78.5804 73.5345 65.6224 66.2172 67.2697 73.9867 44.1278 40.7228 43.7779 42.6394 42.2285 46.4031 42.0124 43.5544 60.7291 63.4377 52.7543 53.6643 49.3437 50.3073 51.3886 55.6609 70.83 67.6724 66.7665 64.7178 39.9823 36.4086 34.3481 35.0142 57.0342 62.7459 65.7335 59.1134 61.0635 63.2718 52.7458 55.6085 71.6015 77.3011 12.7336 10.4499 8.10759 8.91739 42.8094 43.9117 114.023 107.616 51.2119 52.1297 51.4526 22.4552 29.9012 27.5886 27.3253 24.2996 25.2256 24.0698 58.1865 59.7456 57.072 61.1177 56.0426 57.5936 64.6258 59.567 43.0516 43.5571 46.1896 38.5589 56.2247 54.9849 56.8947 54.4119 38.6002 35.394 34.4672 32.9311 70.8348 65.7924 69.902 68.895 50.5138 42.6052 50.6736 41.9845 56.6569 53.5139 58.2451 54.4195 103.011 89.4408 106.561 97.6787 66.3709 65.8766 67.3533 58.4241 46.9302 44.7427 42.9367 40.8601 60.5388 89.3564 56.9072 12.8802 13.9539 42.4557 34.165 70.918 1.97369 34.838 79.8571 78.6976 88.8447 93.2212 77.0875 57.0026 11.6277 58.5868 95.6908 91.9451 15.0588 53.0353 43.9014 65.9452 62.8739 72.0663 87.1753 88.2309 58.5853 57.1945 77.1049 59.6511 99.1333 49.442 99.12 27.0055 76.8896 69.0825 71.6319 18.834
32.3424 27.223 26.1646 27.5675 29.8534 28.2947 12.8404 12.1612 12.8322 12.874 7.64197 6.68186 5.94944 7.34852 0 1.3168 2.62738 3.86 5.16342 6.01951 6.53152 6.22187 22.8913 25.5265 27.1017 28.4347 20.3559 21.2682 18.7725 20.3925 76.1406 80.4937 85.4041 86.951 81.6409 79.4352 75.1444 72.0668 45.0416 43.5601 44.6117 36.3425 39.8814 38.3781 43.1991 36.271 70.0491 66.5709 63.5204 62.6479 60.9992 60.6694 59.8335 53.9789 76.3079 77.9671 66.6626 70.9697 41.6055 36.4077 36.7286 39.1984 59.8329 61.1075 70.5242 58.5864 62.7114 58.0197 53.253 56.9534 80.3206 77.9186 17.9446 14.1203 10.4836 10.2582 36.2888 37.1162 100.222 117.974 60.4946 55.9632 50.8551 17.9957 37.3058 30.8447 29.7443 29.0509 27.3149 24.8556 60.2809 63.6925 61.2832 63.5032 57.801 54.8404 62.0936 56.0568 48.6384 48.9991 47.2015 51.7222 61.1384 58.579 64.136 55.6905 38.3994 44.3176 43.22 38.3432 74.1561 72.3973 83.383 73.0974 47.15 49.5462 45.5214 45.1492 57.6201 56.1918 55.0144 62.3083 98.4753 110.826 108.067 91.9699 64.5574 57.85 61.4986 58.011 49.8185 50.5669 50.4973 50.1661 65.9525 88.4702 60.8116 5.45357 10.2483 49.6596 43.192 86.3287 4.56985 33.6224 77.6441 85.7475 83.8792 89.5003 76.027 62.3333 9.81126 62.9335 90.6891 97.2054 6.41392 55.393 46.8352 69.9531 57.2897 88.6632 90.6438 85.9737 74.1158 60.9711 75.0487 66.1832 96.8359 51.7608 97.7728 31.819 73.2626 81.6552 72.7172 16.8079
27.0581 31.0808 29.5622 29.4219 31.1775 28.093 12.0722 13.0795 11.3604 10.8094 7.73919 7.62872 6.85462 7.05208 1.3168 0 1.36584 2.40523 5.73113 5.9316 5.80291 5.78561 22.4919 27.0491 24.7516 27.4561 18.4709 20.9804 20.3683 19.5529 84.1276 85.3881 83.2306 82.6758 80.6535 72.5168 74.8808 71.9104 42.0366 39.1226 42.3862 43.4007 40.7618 44.283 44.6035 43.0006 63.3892 59.3089 70.2546 58.9902 55.7715 60.2079 63.1727 55.8173 79.0124 77.6005 74.3595 77.2655 43.898 43.7039 42.1198 38.8256 67.7264 63.7172 59.916 67.0872 59.5706 53.6516 58.8826 52.9053 88.3042 82.0885 16.7953 13.0655 8.41737 7.77461 40.6915 39.6158 103.65 98.4071 54.8845 57.6712 52.3514 15.8861 42.4863 28.7178 30.4777 29.6752 31.6151 27.3682 62.5355 62.5243 59.127 61.7111 61.8607 64.3867 58.6306 60.2095 49.9787 46.5396 45.478 44.2979 65.8036 58.2624 56.9431 58.5167 41.833 38.6104 40.3265 41.3009 76.2043 77.2448 82.0516 79.6566 50.3426 45.0541 51.861 45.2445 60.0406 56.73 57.7526 55.1036 93.8685 108.013 93.9679 99.9779 65.0352 65.6004 61.1302 63.2922 49.8946 50.9338 48.1481 45.1726 77.189 80.0048 60.2644 6.33503 12.1905 50.7291 41.8033 83.4352 4.72241 31.7889 79.7024 92.4407 87.2862 88.7937 76.4031 61.5559 9.51657 62.4512 98.5821 98.4584 7.30704 54.502 50.6882 73.3178 62.4614 90.6426 84.2011 96.7877 63.6154 65.0624 86.5639 64.0471 96.5116 55.0206 105.114 33.0638 84.7474 82.3287 72.7392 20.3247
33.335 28.918 26.9718 28.5562 33.5763 29.5944 12.462 12.2575 13.2302 11.4861 8.4032 6.83931 6.70111 6.59092 2.62738 1.36584 0 1.22581 5.94584 5.39339 5.19969 5.50824 25.6332 25.2868 23.2029 24.8702 19.6955 19.3857 21.0422 20.9704 76.0019 88.1296 87.5119 78.9472 79.9294 70.0354 69.1655 75.6828 46.7408 43.0813 39.0523 38.7885 47.8819 44.9122 46.5238 38.9794 67.017 63.628 68.3447 68.2038 64.7861 54.4142 60.5059 62.377 67.8985 74.0758 75.6429 73.7477 43.7003 41.8532 38.9118 39.3768 61.5709 60.195 65.2666 67.7813 61.0854 57.1204 60.8531 53.4695 80.8307 83.792 16.1332 12.1506 7.94326 7.3765 36.3732 40.1133 109.316 101.749 60.2728 56.8841 53.8623 17.5781 42.3925 27.7033 29.7229 29.0401 27.5205 29.2802 58.8706 63.7792 57.7111 65.5336 66.4097 64.4907 56.1666 65.4102 53.2599 51.6981 51.771 50.7656 56.8099 63.8499 62.7711 62.7498 41.9602 37.4372 39.8171 41.3003 77.58 69.9102 73.8324 79.87 46.5875 52.0455 52.7302 45.0623 62.372 67.8216 63.1223 60.8041 94.6302 102.221 98.9973 95.9541 65.6055 60.1328 64.374 64.7219 54.1318 51.6268 52.7191 45.1528 64.8203 84.5664 64.1288 6.41247 12.7389 49.0081 38.107 76.5774 4.77292 38.0658 85.1171 87.4093 86.5327 92.2041 73.8861 63.0886 12.041 74.5822 94.6072 105.911 8.57235 51.8472 53.415 65.1666 67.6905 84.2611 90.1797 93.5548 63.6986 62.4998 85.3914 70.8008 97.7756 58.0251 100.273 31.9086 71.9958 72.418 78.162 20.16
33.5156 33.1571 31.0607 30.78 30.0731 31.6068 13.074 11.6466 12.7278 11.1882 8.88247 8.13082 7.89858 6.37026 3.86 2.40523 1.22581 0 6.07695 6.46373 5.90266 5.73345 22.0421 25.2396 26.8879 26.7295 19.6187 18.103 19.5985 19.9588 87.6156 85.8626 83.5671 80.9351 77.2734 82.7039 74.7275 68.1023 46.471 41.3137 44.5043 44.1305 48.7732 49.0297 43.2086 44.9351 64.6296 65.2625 68.0217 66.6018 63.8937 64.3945 56.8084 53.5618 73.3998 72.6379 72.0481 72.9947 47.7255 44.9847 43.1572 36.9263 62.923 68.8669 69.8217 62.8266 59.7289 65.8288 59.0521 56.0821 79.133 85.0747 12.9812 11.2409 6.6045 5.89189 40.2781 41.1871 118.134 111.91 64.2535 51.2245 53.7968 16.3797 41.884 34.7297 32.23 30.9748 33.8183 31.9086 64.1127 66.1167 60.2848 58.3606 58.0848 57.1681 58.7388 65.6863 46.6442 48.4273 53.4099 50.842 54.6518 63.477 62.4806 56.9114 45.4638 39.8715 41.1524 44.1641 81.1543 82.0424 76.3485 72.6255 51.2098 52.7758 47.5511 53.2911 57.3091 56.9502 63.9293 65.2074 114.896 105.888 105.633 114.418 65.3515 70.6814 65.4316 65.2671 47.8794 47.6886 53.0187 47.5968 72.3257 90.7864 71.0922 7.28429 13.4159 48.9479 40.2852 82.942 6.08062 37.1267 72.1982 82.8434 90.6759 88.9459 86.4527 66.8757 13.0488 67.4895 98.1647 97.1444 9.61177 58.1414 48.9961 77.2623 58.7952 90.3245 89.3777 83.8329 74.7347 63.4751 76.1724 74.031 103.848 56.5047 108.322 31.3305 83.7889 85.848 80.4025 23.8194
36.4835 32.6252 35.6646 32.1869 38.4733 32.3046 18.1775 15.8959 17.6965 15.925 12.6613 12.4328 13.1005 12.2133 5.16342 5.73113 5.94584 6.07695 0 1.32713 2.35227 3.55563 31.7303 27.5323 28.8471 33.9495 27.3201 26.3725 28.2183 28.3209 87.4537 94.1303 93.9987 77.7655 74.5856 74.0708 88.6526 80.4595 44.0999 44.5742 44.1317 43.1471 39.7565 45.4244 40.3585 39.7794 67.8601 63.77 76.4994 67.2355 65.6134 63.0049 69.601 62.0717 82.3434 76.529 85.582 71.1899 48.7651 39.0827 39.123 45.5817 71.6745 61.5771 62.2928 70.588 61.7431 56.1473 57.2898 54.5885 88.6147 84.3887 19.7977 19.7312 12.1365 12.003 35.9015 35.4053 111.453 121.703 69.0694 62.7252 51.7247 15.4379 42.4 32.4358 33.4073 33.0443 33.8692 34.5928 61.7591 56.701 59.0232 62.3272 64.6564 57.0793 54.8967 58.3365 58.0289 48.4186 50.3048 56.0049 59.5826 58.4317 71.1301 70.0271 46.7065 49.8664 48.506 41.7124 80.8157 85.6289 78.2314 80.4283 50.5676 49.0079 43.8642 47.6822 68.3228 66.8775 57.2541 64.4827 115.212 115.197 98.3246 114.866 58.7156 67.4952 57.4621 65.1958 54.7281 49.798 51.5782 48.9723 72.5819 96.8985 70.57 1.56894 11.4103 58.9244 42.3531 85.436 10.1961 34.6393 78.6588 84.8579 94.0573 88.6545 77.2074 60.7145 13.0672 70.8775 89.6004 91.971 2.13717 53.4018 55.5026 71.3723 74.5238 82.1357 100.61 90.0135 78.6052 62.1718 89.8298 76.6851 100.953 55.1525 111.006 30.9023 84.1666 69.1711 84.4466 20.5601
37.4788 34.2959 33.9117 33.1233 34.089 34.7133 19.1021 16.0953 18.5625 16.067 11.8709 13.3011 12.1906 11.9706 6.01951 5.9316 5.39339 6.46373 1.32713 0 1.32769 2.75944 30.4559 28.5794 32.7688 31.1025 23.1819 22.5469 22.7313 25.1258 83.4408 78.6005 87.5573 93.0399 77.2803 82.8979 75.8825 87.09 49.3741 46.375 45.4027 39.3245 41.6201 41.2984 41.0237 37.6907 73.7477 71.4714 68.9765 73.8192 59.1422 67.6807 69.1087 69.4064 85.087 75.5302 72.2954 70.8459 45.1284 45.4894 43.3859 46.5033 65.0101 62.4327 70.6216 62.4371 58.4866 52.9083 57.2602 50.5986 82.0031 82.0063 21.4912 18.6919 12.7827 9.99018 36.8049 36.7961 120.77 117.306 66.9163 56.8006 47.1501 15.1535 42.8232 32.3192 36.5109 32.2941 36.1597 31.9017 58.9262 69.6737 58.949 67.1937 67.8634 57.4282 67.0692 57.8087 57.1835 53.2206 56.5822 51.3751 59.6852 69.1026 70.3906 67.4675 49.1794 46.0243 43.4837 45.7745 85.2343 83.3029 85.9661 76.6748 49.4701 53.7438 44.842 51.1869 61.2237 70.3135 67.6378 63.9118 99.0473 116.883 101.265 104.632 68.3948 59.7239 66.388 59.5384 52.6498 48.5386 51.2967 51.0189 82.1282 99.6039 68.0771 2.98836 13.399 59.8865 47.4299 85.3233 9.09202 34.4721 77.7142 93.8823 102.63 98.1651 80.7901 67.7855 14.2137 68.5339 87.1098 99.4715 3.11659 60.0364 57.9759 66.5687 75.0448 80.3246 84.2984 92.5461 68.251 63.363 79.2455 67.5132 94.2691 56.2199 113.732 37.4307 73.4905 82.3179 73.3761 22.1245
32.0786 37.4376 31.7523 31.8156 39.9907 33.3689 17.7342 19.3182 18.5588 18.175 13.1738 11.5252 11.5779 12.5282 6.53152 5.80291 5.19969 5.90266 2.35227 1.32769 0 1.1946 32.4104 29.1423 32.2043 31.5994 22.7049 24.363 23.2634 26.739 79.361 86.9652 79.3617 91.7554 77.2904 85.054 75.8395 79.276 45.0017 49.8199 43.9711 43.0945 47.4453 43.8242 42.9412 44.2382 68.4614 68.8836 63.3646 71.8394 64.6167 65.2766 69.9257 61.602 71.5576 79.649 79.8227 69.4019 43.252 47.9776 47.652 44.2605 67.8789 73.3893 67.3979 74.7821 56.282 59.0885 57.5843 54.6651 93.2255 78.8101 20.3861 17.4567 11.7841 10.189 39.4345 37.2435 114.619 111.377 65.5042 61.4765 50.8984 12.3708 48.3941 35.7685 35.0823 30.9922 31.5557 34.5492 70.5614 58.7692 69.9133 66.0647 64.9594 60.1461 64.4936 65.4633 51.8263 53.6131 57.455 51.0182 72.2483 66.4583 67.4546 64.9622 49.428 44.5816 51.0563 46.8029 85.6438 76.8995 75.0487 76.3059 46.4365 46.2069 48.8087 47.7662 61.7142 65.7287 60.8174 61.6689 100.249 108.978 104.121 114.817 67.0305 60.7394 65.8544 63.9589 49.2799 57.0282 51.471 57.1361 79.6168 89.4705 69.5867 4.61423 14.7599 54.2372 45.8347 96.2049 9.81816 37.5291 83.6828 90.8851 94.9223 98.6419 76.4585 74.1784 14.1711 71.8954 87.5799 99.1669 4.30421 52.0081 53.6983 72.6965 64.1561 83.6873 89.1379 86.5748 78.6477 66.127 82.4317 70.2572 108.238 56.077 106.375 38.3636 83.6944 83.4174 81.1621 23.5104
36.9227 36.4096 33.262 34.9373 41.3063 34.0898 20.0764 19.3727 17.4419 17.4988 12.6313 11.7424 12.8705 11.7775 6.22187 5.78561 5.50824 5.73345 3.55563 2.75944 1.1946 0 30.9402 30.8399 27.3494 30.7301 26.1847 24.7839 24.6433 22.5521 88.9428 86.148 81.6351 92.7214 88.225 74.0206 73.7544 87.5549 53.2325 50.7042 45.0464 43.3674 48.5548 41.5731 44.1248 47.5097 69.939 70.9258 67.9549 73.891 69.9514 62.7249 65.1145 63.4597 74.6448 78.303 83.8144 71.8857 46.3099 43.2241 48.2079 48.3143 74.7989 64.5538 75.8995 68.1086 65.7438 62.4893 52.6082 56.3185 90.0924 79 18.5482 16.3141 10.7001 9.51731 41.438 41.4365 115.839 114.079 68.9045 62.7131 49.8824 12.919 43.4924 34.7613 34.1418 33.9945 33.6585 35.0386 62.6214 69.0306 60.6201 68.1466 60.3077 60.2615 61.7162 67.4343 59.9152 55.6298 54.6749 49.4444 64.6441 60.0704 68.0295 69.781 48.2771 48.7357 43.4485 46.1295 76.33 79.9596 88.4859 79.6937 51.7679 51.6454 55.316 47.9403 65.7758 68.9447 71.4575 63.8668 115.656 119.761 119.467 109.788 68.528 67.6371 70.3166 63.8421 57.9776 52.3171 59.0493 58.6358 75.2802 88.6613 70.6304 5.37719 14.8451 56.1609 43.8974 90.1338 9.96632 34.0652 81.8828 93.6694 90.1544 90.0614 83.5664 73.9438 15.2326 72.5694 103.783 100.73 5.55401 59.1608 60.2785 75.5425 67.2223 87.2668 97.6681 90.2097 82.061 67.1735 85.5076 78.0969 108.472 51.0083 104.01 34.7546 82.989 72.3121 88.7369 23.7272
14.8848 17.0651 14.2863 14.2212 19.6931 18.8111 13.9709 14.2196 13.623 12.3937 21.1548 19.0101 17.9924 18.4739 22.8913 22.4919 25.6332 22.0421 31.7303 30.4559 32.4104 30.9402 0 1.2432 2.38269 3.96788 5.47596 5.79846 6.11175 6.47511 53.8661 56.0983 55.437 51.9238 51.129 47.2914 48.5644 55.9819 51.1193 45.6479 53.3593 45.0676 57.2662 49.7138 52.4074 53.3543 38.0818 39.6546 37.7413 37.1134 39.9686 39.4144 33.9172 33.828 54.1082 54.6731 56.2049 52.4682 33.7437 35.1469 33.4803 36.0609 60.599 54.008 58.5234 59.9829 75.458 67.3662 62.4194 63.663 64.4918 62.1661 13.0908 15.8501 21.2975 24.1049 50.2318 55.8261 105.461 96.4523 36.0474 38.0262 56.4289 33.0699 17.827 28.3726 25.3537 27.3697 27.177 24.5694 63.8112 68.2096 63.8846 70.4406 61.0308 67.5384 66.9862 69.6774 36.6658 34.4329 35.8073 34.1218 38.8651 37.3834 34.0229 37.9052 20.6497 18.8405 22.8969 21.5592 49.0481 52.2032 57.4029 50.1236 55.7521 51.6121 47.5867 48.321 55.1543 51.3324 57.6221 55.0741 91.0757 92.7145 97.6866 97.8548 74.909 67.0642 72.3674 75.0541 39.477 35.4619 37.1177 34.0939 57.5447 76.4901 49.2849 28.7846 31.407 28.2612 24.3698 58.9163 18.6253 44.13 84.4358 72.6669 74.6857 90.1599 84.637 50.6111 27.1784 52.1056 89.7923 81.3824 32.9697 43.5031 45.3624 72.5539 47.9384 67.2454 86.1249 87.6669 45.1256 55.378 55.1612 66.6721 82.4686 59.7069 93.168 37.3388 75.3183 84.3024 65.9218 26.015
15.9808 18.2433 17.154 15.6927 17.9269 19.1383 15.1785 15.6195 13.3144 14.2689 19.5073 18.0123 20.4247 19.4924 25.5265 27.0491 25.2868 25.2396 27.5323 28.5794 29.1423 30.8399 1.2432 0 1.2181 2.47724 5.33672 5.82036 4.99472 6.31009 61.1979 55.3194 60.6068 59.0477 46.8502 56.006 55.5184 55.7586 54.8927 50.2724 50.6657 46.1244 56.7212 56.6297 47.9151 53.1064 39.8826 38.6406 37.8956 44.5293 37.9649 35.8305 36.8291 36.9793 51.5271 51.8371 53.9508 50.7716 37.5011 37.4885 34.2005 34.0001 55.4307 64.954 58.5157 52.7063 75.5648 71.3687 76.0406 65.6715 54.158 54.7178 13.6778 16.0321 21.5422 20.6036 52.0488 54.4963 92.2553 89.1197 35.4998 35.9163 54.856 34.1019 21.6236 30.9486 26.6509 25.4677 28.6622 26.7028 71.2977 68.7556 63.7947 72.9669 69.4125 68.1664 64.0675 68.0869 35.5315 35.2107 33.2064 38.0932 36.8097 38.3165 37.2819 35.938 22.9025 22.9637 19.9015 19.8994 49.587 49.5106 54.9925 54.7424 56.3791 51.8399 52.0429 50.1902 60.0219 56.8856 52.4471 58.8606 92.4571 91.1671 87.6038 85.6152 67.9067 76.3152 75.1436 72.5773 38.9905 39.1388 38.8081 39.1332 52.8172 74.17 42.767 30.8989 30.1951 27.2151 24.1539 59.1002 22.2044 43.0064 72.541 67.6059 89.1438 81.0737 87.6128 57.5826 24.5189 55.8682 96.5323 76.927 34.6399 46.5832 47.0952 72.8119 48.1787 76.6901 81.4156 88.2526 44.8063 65.4585 59.9856 65.4207 81.0698 67.8362 90.3507 35.0344 82.7616 77.8829 62.4235 32.3998
20.1721 19.1032 19.5537 16.7606 22.1541 21.6444 17.4665 14.3217 13.6945 13.3318 21.9591 18.9605 20.2426 20.9158 27.1017 24.7516 23.2029 26.8879 28.8471 32.7688 32.2043 27.3494 2.38269 1.2181 0 1.23318 5.85464 4.99867 5.82388 5.04434 57.8702 54.7052 51.8185 55.3967 48.7645 52.4031 56.2046 53.3833 50.4458 51.8348 51.0852 51.5329 51.6384 54.128 55.351 48.3595 43.8947 40.6552 38.4052 37.3768 36.5367 37.7763 35.095 37.4949 52.7715 57.941 53.7529 54.1311 35.5027 36.3385 33.7904 37.5476 63.9256 57.8358 66.0538 63.3499 78.5356 69.9796 68.6464 75.0378 60.5107 52.2507 11.6066 14.5111 19.211 21.2931 49.6114 60.8598 95.0315 95.4141 36.8421 39.3587 64.8555 33.7659 20.6335 31.3012 30.0023 30.5645 29.337 28.3739 76.9775 78.1038 69.7579 68.1973 66.0308 63.9665 60.7849 66.1756 37.1999 36.4307 34.4559 38.8752 41.2463 38.0771 36.9734 41.0338 24.4089 20.357 23.8951 20.0887 57.393 50.2286 50.7331 51.8285 56.5613 54.8628 51.6874 59.8624 61.9225 58.317 55.7338 52.4709 98.2844 86.6042 88.7242 100.262 77.7417 73.1619 75.1168 68.9502 37.3969 40.1111 40.3496 39.3522 57.7044 77.0193 49.3541 33.7636 28.8628 28.6489 27.9209 62.9643 19.1219 48.1712 76.3137 70.1056 76.1591 82.4605 88.805 57.0288 24.8513 55.5169 92.6032 89.5851 35.3433 46.6785 52.2943 82.1542 49.1168 75.1887 87.8285 94.245 48.4846 64.9693 58.3394 61.7582 82.0398 71.5161 96.6818 34.9216 78.8974 87.4179 66.0488 30.7165
20.4525 20.6719 21.0381 17.6371 21.0022 22.0122 18.2075 17.1922 16.7047 15.1364 19.9074 19.7928 21.7683 20.5584 28.4347 27.4561 24.8702 26.7295 33.9495 31.1025 31.5994 30.7301 3.96788 2.47724 1.23318 0 6.2505 6.11448 6.01798 5.92101 54.656 57.3132 59.7589 57.9328 52.6441 54.2053 48.6497 47.1774 59.2755 53.8272 50.1793 46.5295 51.0222 59.0973 53.8061 56.8366 42.1951 42.3037 38.1892 38.2673 39.2886 37.3209 40.2713 34.1986 53.371 57.4467 54.397 50.9286 40.1413 35.6642 39.0356 35.3562 60.9157 59.8273 64.8589 62.7767 68.6724 71.4994 75.5164 76.7621 56.23 52.5637 11.821 15.4012 21.3392 20.3551 57.5098 54.9113 106.882 110.523 37.1113 39.1416 57.9027 34.0647 20.6562 34.7697 31.8551 29.2106 29.4598 28.4899 67.7431 69.4183 75.0032 80.1263 73.9155 72.1308 64.0395 65.259 39.4469 41.3409 35.9702 41.0341 42.6928 42.1666 40.417 37.0634 22.1841 22.0743 21.3766 24.3701 53.3219 49.3689 55.3949 55.7005 61.2823 56.9148 53.4628 52.5839 59.787 57.7699 61.4302 62.2154 106.613 104.413 88.5365 101.763 73.2832 68.1077 79.9151 80.5768 44.0363 44.6651 40.5322 39.3716 53.7211 75.9993 50.7319 32.598 28.9699 28.8156 27.6788 68.406 21.1171 47.6699 87.9978 69.7538 77.0456 95.9195 87.1394 55.2087 25.3619 55.9935 87.0458 81.4721 34.9806 50.822 46.6387 83.4 50.5846 82.9558 80.2099 84.0571 47.2703 65.1727 59.1725 64.0506 94.5871 75.3972 91.3826 41.8889 92.8685 89.3558 71.8389 31.147
19.7787 16.9079 18.1175 16.6056 18.7027 19.254 10.6978 9.34948 10.0441 9.0776 15.0465 13.3404 14.1731 14.2073 20.3559 18.4709 19.6955 19.6187 27.3201 23.1819 22.7049 26.1847 5.47596 5.33672 5.85464 6.2505 0 1.36952 2.49533 3.4302 58.2348 67.3739 57.9947 58.3567 58.4204 53.7772 51.9988 55.2577 52.8529 48.3946 43.375 50.5165 50.8795 46.794 51.5362 50.0632 44.6773 46.2827 43.329 49.5252 42.4268 38.405 38.3378 37.7206 62.1044 55.0935 55.3078 51.4035 39.1712 33.4382 37.1268 32.4832 57.766 62.5783 57.6277 54.1169 66.6792 66.3979 72.2286 72.5849 61.6903 57.7152 8.93426 10.82 14.5403 17.5019 50.1124 47.6662 100.802 102.946 41.9896 39.9492 60.4538 29.4254 24.2363 30.9559 24.3216 24.0467 24.8996 26.909 67.2632 69.4414 67.5351 72.4324 60.3951 61.1417 64.6633 62.5966 39.2948 35.4255 35.3803 38.7203 45.9444 44.819 42.319 44.475 27.9536 27.3468 23.4256 26.6345 59.5636 53.3613 55.4098 54.3326 51.1394 56.0671 49.5147 50.7613 60.7387 52.2229 51.6747 52.4421 104.042 96.8538 87.7082 86.7053 72.6856 72.7373 70.5384 67.191 39.3717 43.3601 36.6838 39.5693 55.9251 77.5119 46.4676 25.4052 26.4233 34.5434 27.686 66.4913 15.521 45.9484 79.0058 76.6572 78.4674 79.714 89.2272 58.93 22.2992 61.7435 81.2018 78.101 27.5308 53.7236 50.9442 68.6519 46.9422 75.2311 84.4029 91.5117 53.7738 67.1115 65.9345 70.7961 98.3282 58.2866 103.555 32.0355 78.2544 73.3737 63.1864 24.4907
18.3281 19.1741 16.8937 16.8461 21.1436 20.0326 12.6841 11.3556 10.816 9.08599 16.0821 15.8324 14.152 14.1617 21.2682 20.9804 19.3857 18.103 26.3725 22.5469 24.363 24.7839 5.79846 5.82036 4.99867 6.11448 1.36952 0 1.27308 2.44328 63.6127 60.6068 66.5857 59.9387 59.1328 53.6362 52.5195 55.9419 54.3587 52.2982 47.14 47.9219 55.7543 53.8704 47.3577 50.4254 45.1084 46.3156 49.6573 42.0472 45.772 39.0121 43.1268 40.1877 62.8613 61.9235 55.9341 56.4558 40.3129 36.7124 39.4032 34.0758 68.1631 66.8382 59.9929 58.8069 74.0771 72.6559 66.0487 71.1371 65.7597 66.732 7.4949 9.43705 15.7623 16.6887 53.9922 56.9204 106.12 104.434 39.3108 38.8669 56.5555 29.0962 23.8349 30.9919 27.3327 25.1642 26.2853 24.0699 69.3497 64.84 66.3206 73.2973 64.1305 62.941 60.0094 68.3051 39.5977 40.2668 39.7118 36.8732 40.6804 42.483 40.91 40.4375 26.1604 26.6691 28.5085 23.4091 59.2385 54.2332 54.906 63.8761 56.329 56.655 51.1218 49.2218 57.8557 54.6813 52.5072 53.0314 89.1473 93.1091 105.258 96.7645 71.5397 73.572 66.7249 75.6443 45.1608 43.7114 41.8948 42.2174 54.1723 83.0258 50.3342 27.0971 27.0782 30.6401 29.8013 76.3928 14.5436 41.2859 75.2355 67.6461 88.1802 86.6083 94.9465 59.9474 23.6287 56.4954 84.831 86.7197 26.1144 53.6745 51.9447 74.7948 46.3058 79.4116 76.8977 94.3406 50.8972 61.1794 66.533 60.7157 95.7177 58.2162 90.877 33.9746 89.5931 83.0507 69.6687 24.8569
21.3613 20.2494 18.5472 21.0452 23.1114 18.9566 14.4919 13.0753 10.7791 10.6182 17.6263 16.5573 15.8729 14.7505 18.7725 20.3683 21.0422 19.5985 28.2183 22.7313 23.2634 24.6433 6.11175 4.99472 5.82388 6.01798 2.49533 1.27308 0 1.32413 62.5783 63.0705 66.8815 60.9955 53.6284 57.9317 54.1676 56.2869 54.9133 48.0152 46.8224 44.122 58.108 56.9648 53.4674 54.0706 50.8615 50.2536 51.0984 48.9867 44.8138 40.5249 43.5861 42.1218 56.1121 54.925 60.5811 58.8977 36.9209 39.7173 34.9379 37.5763 64.1477 59.377 58.9908 56.4434 66.3633 66.9379 71.797 64.4701 67.2621 64.8647 8.24982 10.9698 15.8716 17.4725 51.1507 50.8894 95.7357 108.942 45.2075 41.6965 61.5321 27.51 22.8484 28.5665 25.6218 25.527 28.5414 26.1528 68.6183 65.2683 63.3764 68.6271 63.6085 73.2662 68.3744 62.5497 43.5274 39.843 41.9008 35.9689 41.9971 44.2781 40.7155 44.0122 25.5402 24.6119 24.3686 23.8723 64.9561 62.325 64.1882 58.3086 56.3336 52.4331 51.6078 54.4038 62.9343 62.2852 53.9526 55.2605 91.4052 101.398 99.8226 91.2702 74.7939 74.4104 74.0999 76.303 39.3091 45.2215 41.6276 38.468 58.0687 83.2227 50.4595 27.456 24.3322 31.2104 32.3337 76.07 17.4925 43.8988 85.2318 71.051 92.5652 84.7825 86.8131 55.866 21.3583 64.3984 88.4868 96.5807 26.0836 47.0538 49.2269 80.7028 48.5577 72.895 79.0747 88.5887 51.4802 62.1804 71.0804 66.6747 101.889 70.6275 89.7963 39.8902 83.6913 89.3035 75.7494 27.6982
21.6348 22.3708 19.9825 21.9855 25.0915 20.5272 14.2246 12.5097 11.4614 10.7633 16.6364 16.7207 15.7437 13.5953 20.3925 19.5529 20.9704 19.9588 28.3209 25.1258 26.739 22.5521 6.47511 6.31009 5.04434 5.92101 3.4302 2.44328 1.32413 0 61.3095 60.0733 68.732 61.9172 58.4485 53.2415 52.613 51.855 57.5848 48.5649 51.4162 52.4887 53.232 50.8647 52.048 51.2265 48.5539 48.5875 44.3941 51.3127 42.8117 41.8176 41.3847 39.9035 59.5822 63.9062 64.7327 55.6946 41.1286 42.6356 35.0636 35.5761 60.0801 61.2872 68.2808 57.1688 66.4367 74.0383 72.1747 65.5608 65.362 60.374 7.17212 9.15953 13.7917 18.8086 53.093 54.8041 114.336 94.0061 45.3273 45.1545 64.2053 27.8488 24.9772 32.56 29.397 30.4283 31.3602 31.2744 65.4815 72.9587 76.6541 69.7818 73.7585 71.2641 70.3924 72.2873 39.3693 40.2607 38.1414 43.8904 46.5071 44.7301 41.4042 39.7215 26.9251 24.4742 27.3641 28.4063 56.5826 57.5042 59.8086 58.4489 53.7721 57.6706 55.7347 52.8136 64.6638 60.6405 62.0068 62.2076 104.478 97.5234 95.9637 102.811 73.8144 74.0803 65.5087 67.3346 40.5176 38.8668 38.5786 43.5407 66.2414 83.7708 56.7029 25.3576 28.8797 35.2211 28.9337 71.1063 17.1237 50.3337 79.7689 79.5225 95.2074 93.1779 92.0727 66.2132 23.9308 64.6166 99.7968 89.4382 28.3097 49.1485 49.9582 73.2525 53.037 75.0126 89.7611 83.8763 53.4903 68.4306 69.8551 64.6091 94.7622 70.418 89.2179 36.3791 83.1901 90.6864 71.0211 27.7524
57.558 55.5833 54.448 54.1198 57.3011 54.8565 66.4747 71.6145 69.8379 73.3978 81.3971 80.3077 73.9639 66.875 76.1406 84.1276 76.0019 87.6156 87.4537 83.4408 79.361 88.9428 53.8661 61.1979 57.8702 54.656 58.2348 63.6127 62.5783 61.3095 0 1.22179 2.74451 3.63225 5.52603 5.56548 5.40225 7.17266 77.0025 84.986 84.6444 76.5407 95.6629 83.0643 81.6328 92.3984 15.1484 14.892 15.0982 15.6999 19.9251 20.4917 22.9329 23.5847 22.7218 25.6892 22.5346 20.8631 65.3688 56.2932 61.389 63.5825 57.3267 60.8942 67.4351 58.0999 117.698 118.051 108.525 105.575 11.5793 12.7452 70.0559 68.4296 81.8204 73.2668 91.3448 104.277 78.2734 69.9175 29.004 29.7201 102.671 94.7895 45.48 65.9663 59.0184 59.9954 60.0057 62.5282 87.3199 101.028 90.0352 88.3314 89.2852 92.4803 89.0844 79.88 44.4496 46.1561 46.2192 47.8132 21.5326 21.586 21.7829 22.7472 36.4088 42.8511 36.872 42.7542 5.47272 6.0705 5.97989 6.38476 77.0685 86.1515 85.1807 79.3686 56.5289 68.7393 62.5225 57.4592 81.9183 78.7396 78.2346 69.5662 94.9349 93.7886 93.5696 107.986 47.8952 48.1253 48.5602 50.0823 40.1606 60.2884 25.5894 78.5904 77.6745 32.5723 48.0788 24.3318 80.8794 92.1038 92.6041 38.9058 71.6362 89.2496 124.674 58.3944 82.806 49.3137 89.4809 63.4736 92.8796 62.1981 73.1571 105.722 30.0551 67.3467 66.9982 83.9059 12.0846 75.7168 19.4286 68.0606 83.6407 93.3282 85.58 67.1426 92.1502 107.097 56.4597 74.3682
48.5677 54.5834 53.5095 55.3079 48.1061 59.8504 68.8331 68.4884 68.2345 63.9502 77.518 78.5849 74.9687 75.0514 80.4937 85.3881 88.1296 85.8626 94.1303 78.6005 86.9652 86.148 56.0983 55.3194 54.7052 57.3132 67.3739 60.6068 63.0705 60.0733 1.22179 0 1.29939 2.60123 5.83452 5.82534 5.35936 6.37386 77.4801 88.8329 78.4071 84.6365 84.176 80.3267 93.8705 86.264 16.9971 17.707 15.96 17.3495 21.5232 20.176 21.0175 21.1553 22.3271 26.415 20.9603 23.2513 61.3757 64.9412 61.525 60.7099 59.5567 70.7138 65.2459 65.4137 112.602 118.211 99.449 108.802 13.4423 13.65 75.2237 67.3175 77.0404 81.7021 91.9533 98.3839 70.158 72.3153 28.0972 32.5467 88.2848 85.45 40.2849 70.7117 56.6287 66.6944 65.5777 62.6042 93.3875 93.1616 89.9277 92.5076 88.8116 86.9694 94.1474 90.8882 46.4385 43.2459 47.1013 50.5775 20.9753 23.8056 22.1334 22.8461 41.5438 40.7244 39.2247 38.7759 4.52353 4.95971 5.2055 6.59466 74.0575 85.2575 74.1058 80.8465 68.6602 66.9711 57.1113 58.4416 84.1052 74.027 69.7902 75.6718 91.9596 94.7918 92.0786 100.858 49.0063 55.4233 46.8283 55.6212 35.3245 55.9847 28.3165 79.7011 76.2299 29.2324 41.6903 24.8751 79.3548 95.0432 84.1448 39.0928 78.3078 88.7328 109.602 64.2367 84.4098 46.6845 87.4038 66.8387 87.2507 62.1105 65.4978 93.3679 31.0135 67.1931 70.9947 89.2638 13.8626 74.3971 20.9173 73.5911 78.1831 109.202 86.4802 76.8736 100.057 93.2927 52.3865 78.1866
48.9799 50.1794 50.627 60.9685 49.3706 54.5896 74.5399 72.2947 71.5616 68.3545 81.9343 79.2953 77.6507 78.5804 85.4041 83.2306 87.5119 83.5671 93.9987 87.5573 79.3617 81.6351 55.437 60.6068 51.8185 59.7589 57.9947 66.5857 66.8815 68.732 2.74451 1.29939 0 1.38807 5.70224 5.67739 5.51904 5.89781 81.2332 79.8006 78.3842 89.731 93.6969 89.808 83.524 81.4911 15.5364 17.4257 16.3559 17.189 24.1177 21.9851 23.1449 21.7342 27.0574 28.3653 20.5938 22.7666 64.6213 59.9998 62.7952 61.3983 69.535 72.7672 68.4913 66.2232 103.768 114.389 100.724 115.326 16.2271 14.4738 75.3957 77.5899 72.422 72.955 94.2895 107.022 75.4993 76.7066 25.8099 32.4491 104.639 87.6231 45.733 62.4412 60.9034 62.9307 58.0368 70.1251 104.839 96.1317 100.666 92.3944 94.1935 81.4695 86.1799 90.6429 43.5556 48.0639 48.3611 52.0545 24.2876 22.6553 20.6686 24.2925 43.9134 37.5485 43.8805 44.616 3.4505 4.84948 4.18792 5.34075 90.674 87.6195 89.7987 80.5522 59.6078 70.939 68.1467 63.7255 87.1004 84.0207 84.2538 78.2607 102.958 102.585 103.626 104.683 46.7808 50.0056 51.43 52.4656 36.3683 58.6957 28.1011 81.1114 86.57 31.7526 44.4264 29.4648 71.3809 81.8761 91.0051 41.0747 79.2894 96.9579 130.569 64.7453 74.7686 50.4615 98.7904 61.644 89.9199 64.5265 71.8474 101.661 32.2945 65.333 74.5636 92.0393 13.1097 70.4563 20.379 75.2892 78.0854 98.557 86.5664 74.1197 100.339 95.6823 56.1866 70.396
55.9812 59.8094 58.5631 61.4833 57.84 56.8153 72.2983 73.4714 66.4347 74.2374 73.2242 74.7234 72.2844 73.5345 86.951 82.6758 78.9472 80.9351 77.7655 93.0399 91.7554 92.7214 51.9238 59.0477 55.3967 57.9328 58.3567 59.9387 60.9955 61.9172 3.63225 2.60123 1.38807 0 6.71232 5.68518 5.12078 5.93713 89.5575 90.411 86.3052 81.0447 96.3901 88.5225 87.081 92.8469 17.8469 17.0618 16.345 15.7887 21.9015 21.29 19.8289 20.5098 27.7766 24.6935 23.9126 24.0448 64.5488 57.8683 56.5441 58.4065 69.8216 66.4796 61.9623 62.132 104.146 107.62 101.916 115.563 14.7692 15.4303 72.2413 67.9473 79.532 81.4675 103.068 96.5013 79.8448 77.0794 28.2251 30.5957 95.6335 97.6646 41.1751 69.464 57.334 64.8184 68.8599 62.1183 91.8685 90.9096 92.2315 92.588 89.7384 88.1421 92.9004 87.5281 49.3217 51.7739 50.762 44.6291 24.3139 25.2915 24.4239 22.9882 43.1787 39.4842 44.0741 44.1404 3.16911 4.47056 3.54124 4.86739 83.5428 79.2782 76.1078 80.8605 68.0056 65.6418 69.7104 64.781 77.5795 87.2132 74.831 74.3823 94.44 91.5975 91.4115 105.862 46.9016 48.4101 56.4053 55.1211 38.5363 64.7089 29.4838 90.0784 87.4174 27.9518 43.67 27.8991 74.3415 83.4093 94.4501 36.5625 81.3388 95.8835 109.548 60.7378 81.3996 52.5268 94.0628 66.1929 92.5617 71.0424 74.0355 97.6943 32.8602 76.0328 73.4549 78.5995 12.8173 73.7019 21.5363 75.2064 81.0714 105.394 82.6625 66.6097 97.8299 94.8763 53.2493 70.8402
47.2168 52.1081 47.3554 49.7822 43.5578 55.1695 60.47 58.5731 63.5514 58.6098 67.9668 71.8831 63.2676 65.6224 81.6409 80.6535 79.9294 77.2734 74.5856 77.2803 77.2904 88.225 51.129 46.8502 48.7645 52.6441 58.4204 59.1328 53.6284 58.4485 5.52603 5.83452 5.70224 6.71232 0 1.38534 2.72585 3.43303 77.0189 77.1064 78.4668 74.6317 88.8824 81.0861 81.2167 88.3096 11.9452 10.0651 11.1908 10.9484 15.7627 15.6254 15.9269 16.4622 20.2445 23.1156 16.9011 18.9128 59.9987 57.2373 58.3448 57.952 64.74 59.5752 60.6408 59.3146 105.796 113.148 109.507 98.5481 11.9783 11.4852 65.2744 68.2182 76.8036 68.5305 83.438 97.2954 74.9328 79.8007 24.3947 22.5411 97.1654 86.7317 39.4458 56.8561 54.4795 58.4347 53.0459 58.4881 94.0405 91.7661 83.696 89.5923 88.2261 85.1327 83.4928 78.9271 38.7991 45.5544 39.0863 42.8178 16.6806 19.3135 17.8627 18.5494 32.6195 38.892 33.5314 33.6856 5.3 4.50055 6.45737 5.68605 76.3613 84.9682 80.5106 70.3573 59.9731 63.148 56.2776 52.67 69.1654 75.8473 70.6485 77.9805 89.2526 97.068 100.89 101.729 47.2881 46.4327 42.6708 42.1888 37.7227 53.4426 24.3148 79.9198 79.6143 25.0939 40.7474 25.3203 73.9172 75.0038 89.8306 35.6479 66.9165 79.5997 119.509 58.4992 74.0136 41.416 87.7686 65.5624 79.698 55.723 58.6232 100.519 23.0266 66.29 67.1251 87.121 7.77467 73.0349 18.2534 72.7488 82.6494 102.848 76.8917 63.4966 99.7272 106.248 49.3822 69.0787
48.5455 50.5287 49.1851 51.2269 51.183 48.3471 59.8459 63.1436 61.7556 68.5119 73.7493 73.32 72.7739 66.2172 79.4352 72.5168 70.0354 82.7039 74.0708 82.8979 85.054 74.0206 47.2914 56.006 52.4031 54.2053 53.7772 53.6362 57.9317 53.2415 5.56548 5.82534 5.67739 5.68518 1.38534 0 1.24958 2.43142 81.4701 72.002 82.4102 73.5437 76.5623 89.9669 79.2102 86.5519 11.5689 10.1273 10.9874 9.94228 17.3537 14.9883 14.8172 15.3731 20.145 23.1508 21.5808 18.5433 51.8518 59.257 51.8101 55.7504 59.7886 69.238 60.4992 61.8336 95.9346 100.548 104.538 111.267 13.7975 14.282 61.715 68.2722 72.0064 72.9158 83.6341 84.5697 76.3632 78.5842 23.1703 26.7742 85.5327 84.966 35.2743 62.3066 58.9698 57.5219 59.0101 52.8553 96.3265 94.1462 91.3111 100.57 79.6196 87.6315 76.8626 85.6251 44.1865 42.915 41.5082 45.3246 18.2772 18.415 15.5795 17.9523 32.3949 34.7691 35.0781 32.8523 4.45468 3.77256 5.56531 4.37227 71.0609 76.1291 76.5208 74.2349 56.3753 57.4681 62.1176 58.2884 81.0205 79.2416 81.4167 71.6665 85.6705 87.5034 90.6557 90.5895 44.0645 50.1103 45.5662 42.5627 33.4292 60.6987 25.069 76.317 82.9174 23.7425 43.2306 26.1551 69.3423 85.1687 98.7886 34.9396 77.3533 85.1288 112.005 53.5277 66.4877 45.2505 98.6882 56.7039 83.9502 60.2393 61.3225 104.846 24.5472 62.6326 67.0801 75.8809 7.36372 70.4435 22.0747 76.2716 78.6872 101.119 79.6013 69.0599 107.455 95.9317 47.366 74.6512
47.1197 50.8939 53.0513 54.7771 44.5078 55.5665 61.0633 66.3807 67.3897 63.4742 65.4263 66.5096 64.9967 67.2697 75.1444 74.8808 69.1655 74.7275 88.6526 75.8825 75.8395 73.7544 48.5644 55.5184 56.2046 48.6497 51.9988 52.5195 54.1676 52.613 5.40225 5.35936 5.51904 5.12078 2.72585 1.24958 0 1.28445 75.4136 79.0132 81.1505 78.0487 79.1778 80.7599 89.9461 81.2135 11.7337 11.7808 11.7676 10.6445 18.1422 17.6178 17.2335 14.9537 23.1245 25.4032 20.848 20.3291 52.019 63.5834 53.4123 56.7984 61.398 65.835 65.2214 64.1859 108.416 105.189 99.5115 98.0799 14.7682 15.5091 66.5253 66.8818 75.0361 66.9281 85.2828 101.83 80.1013 80.1563 23.4901 24.3194 96.7761 84.8706 38.9772 58.0981 57.618 58.9771 57.7403 55.7414 101.659 88.3846 89.9685 92.4385 88.3109 81.0002 79.4298 84.3714 44.3528 40.4561 42.1882 46.3417 19.5403 19.1691 18.6516 17.5129 32.639 32.7892 38.3283 33.0245 3.12487 2.51935 4.20905 3.23497 76.5984 71.8592 78.5049 75.3618 61.7474 63.3028 64.7127 55.8784 74.2142 81.7574 75.7779 82.1833 102.393 97.5244 96.2653 92.2204 42.7975 49.7939 44.6957 42.7293 37.1395 58.3301 27.3906 83.3333 78.4476 24.2722 37.4077 29.5659 74.7763 83.5133 90.4899 39.7567 67.4313 80.806 107.126 58.9488 75.1457 50.3004 94.4226 59.4039 86.7096 60.7775 60.202 100.131 25.4682 72.3056 73.9146 79.5349 8.97032 63.9992 20.6075 73.6838 73.7271 102.464 87.8087 68.2913 105.858 105.66 51.4495 73.0335
52.4461 46.778 49.4236 50.2572 49.7048 52.4801 62.0536 64.3629 61.3295 65.842 65.5349 65.9034 71.6167 73.9867 72.0668 71.9104 75.6828 68.1023 80.4595 87.09 79.276 87.5549 55.9819 55.7586 53.3833 47.1774 55.2577 55.9419 56.2869 51.855 7.17266 6.37386 5.89781 5.93713 3.43303 2.43142 1.28445 0 85.1696 77.4375 83.8016 81.3284 80.3989 82.247 76.5632 89.6778 11.4578 12.3815 10.2583 9.91546 18.5939 17.3392 16.8796 17.4574 26.7895 23.0114 20.9906 22.4903 56.3022 62.4858 61.1776 56.5212 57.9241 71.5046 60.5304 61.8299 101.884 110.374 109.413 98.7912 16.7317 16.469 59.3361 68.062 70.7859 79.6231 95.1081 87.7989 83.6769 85.8092 23.2208 27.4744 90.8176 86.3527 35.8358 59.6418 54.2841 57.6535 60.1246 58.5541 88.9901 101.506 101.025 86.5713 92.1398 80.0122 82.9241 93.8181 44.3356 45.0858 40.8035 41.0822 20.595 20.7984 16.9909 19.8818 37.137 34.762 35.2719 38.1484 2.56561 1.67248 3.0812 2.24644 78.6527 78.2399 84.7366 81.9969 60.008 65.1852 59.2707 62.8153 76.0815 82.6097 72.6415 74.9154 89.7099 92.5063 93.4208 99.6617 47.9529 44.3873 44.5275 44.4882 39.0721 66.4527 27.2914 88.4539 72.4717 27.1371 38.1476 30.0862 64.3163 90.394 93.3127 42.3104 68.9677 90.503 121.108 53.8253 69.4385 44.1105 96.0398 64.6409 84.661 62.9569 64.0818 105.621 29.5547 70.1657 68.6406 80.8428 9.46714 72.0015 23.0116 80.1411 80.7506 95.5639 77.0911 66.6626 97.4194 101.569 49.1491 72.5558
37.0512 36.4153 36.7839 37.6444 34.6144 32.0668 39.7417 43.6488 38.8727 47.9039 43.382 41.2075 46.1961 44.1278 45.0416 42.0366 46.7408 46.471 44.0999 49.3741 45.0017 53.2325 51.1193 54.8927 50.4458 59.2755 52.8529 54.3587 54.9133 57.5848 77.0025 77.4801 81.2332 89.5575 77.0189 81.4701 75.4136 85.1696 0 1.17507 2.47383 4.11789 5.65351 5.93684 6.3642 6.34845 67.8274 70.7207 76.5952 73.0408 59.8748 65.9531 64.3262 60.283 66.9164 69.1075 72.8733 68.2362 21.9281 23.2991 26.8872 24.9246 37.6942 29.5581 31.6572 29.1256 23.18 27.1619 23.5524 22.5723 70.0395 74.1208 52.1798 57.9169 52.2471 53.7839 16.6986 19.4486 77.9726 78.3691 54.7266 58.9517 11.9441 64.6213 44.848 22.4471 26.7819 26.5263 27.2844 28.5381 20.069 17.9995 16.9295 17.7057 16.7267 14.8857 17.0587 15.4197 37.7091 39.437 37.8596 40.7374 59.9878 58.3125 59.4315 59.1145 49.8869 45.8245 48.9016 52.54 84.5666 90.2109 75.7431 91.2517 4.93203 3.95104 4.14264 3.56737 27.395 29.6234 32.5851 32.2329 67.4863 74.341 74.0722 73.6193 20.8497 18.2517 17.6253 20.0116 36.156 35.8309 37.4867 34.6374 52.4887 56.6549 61.7101 39.8417 36.0743 54.3094 41.369 79.0563 41.0553 14.1659 30.9202 67.0852 56.165 43.4682 36.0086 34.5952 34.8054 43.3289 51.1184 70.4222 43.899 24.174 19.6738 23.6701 51.4031 52.8882 55.1711 44.9379 70.5583 27.3483 67.5263 32.331 65.2447 18.5932 60.6658 15.2728 35.6613 33.8886 53.9842 25.8688
37.9174 34.2107 40.3906 38.0644 34.5466 33.2275 39.5897 36.0418 42.9563 40.0149 36.2954 40.9096 37.5632 40.7228 43.5601 39.1226 43.0813 41.3137 44.5742 46.375 49.8199 50.7042 45.6479 50.2724 51.8348 53.8272 48.3946 52.2982 48.0152 48.5649 84.986 88.8329 79.8006 90.411 77.1064 72.002 79.0132 77.4375 1.17507 0 1.35962 2.35772 5.01633 5.1729 5.45239 5.84454 70.0095 67.4906 71.4303 67.3967 57.2684 58.7049 64.3079 71.6615 61.9413 60.4708 72.3761 64.0578 22.8417 22.6218 24.9043 21.0697 32.2764 35.6341 31.3007 28.6212 23.8846 29.563 21.4729 27.8757 73.4725 68.9403 51.0615 50.8026 49.08 53.4667 18.0724 21.732 85.4649 84.4493 57.3226 51.8108 11.8265 60.5998 42.9357 22.2837 24.5459 24.0324 24.8956 25.155 20.8992 21.706 19.9275 18.8163 17.5867 18.5072 16.8082 17.8697 34.6588 37.8013 38.8358 35.7503 61.9382 63.1759 62.2056 58.4407 47.3505 42.5703 45.6626 44.8054 84.4863 81.8203 76.5448 82.7822 5.55059 4.68163 5.22148 4.13915 29.22 29.3972 33.1806 31.6992 64.2349 73.837 72.1427 73.815 18.9387 22.6831 17.8545 19.2568 32.3115 30.85 33.2917 35.5691 58.8004 57.0995 61.4825 42.3483 34.6255 54.0808 43.9413 79.0013 39.0342 13.4074 30.7664 72.2861 60.667 45.9338 40.0891 32.9644 33.368 44.3706 49.4068 71.6131 43.7955 22.7048 19.2209 23.0456 52.8204 50.2298 49.3244 46.6426 73.2966 25.9901 67.0443 30.1461 65.5984 17.3798 63.556 14.6804 35.4035 33.4728 50.193 24.9909
33.0579 38.0519 33.6542 37.1591 34.8034 30.126 40.4598 41.0479 43.2812 44.6611 39.449 35.3763 36.9537 43.7779 44.6117 42.3862 39.0523 44.5043 44.1317 45.4027 43.9711 45.0464 53.3593 50.6657 51.0852 50.1793 43.375 47.14 46.8224 51.4162 84.6444 78.4071 78.3842 86.3052 78.4668 82.4102 81.1505 83.8016 2.47383 1.35962 0 1.18885 6.48962 5.44706 5.13502 5.1502 70.1648 64.1128 63.1957 62.4974 62.78 60.7088 68.2366 68.9138 65.726 58.5741 63.5867 59.4064 21.6904 19.0308 23.1108 22.3789 35.193 34.6969 36.0804 34.1412 24.2588 28.0071 24.1394 24.1764 82.2721 72.5322 48.0939 56.8041 45.1439 47.9119 18.1605 19.0626 78.0365 82.9589 58.0054 52.4136 12.716 55.6566 43.0439 19.4846 23.5007 23.0565 22.4404 26.5451 20.3669 21.0845 22.6314 20.4191 19.4808 19.6156 19.3049 18.4356 34.5223 35.329 37.1837 33.9095 66.041 65.8564 56.5341 62.2604 45.9271 43.2711 50.1322 47.6958 76.213 80.6055 87.7845 77.096 7.10937 6.0378 6.19846 5.12032 29.191 30.9293 29.5811 31.8695 72.6919 65.5844 69.5083 72.8562 21.8172 23.145 22.3817 20.5992 36.1586 30.3839 33.0529 30.3821 56.8247 62.5099 53.8245 43.0447 29.4412 60.396 43.0554 66.027 42.8464 11.3865 35.6876 68.3999 58.8669 48.3347 43.4415 37.2948 30.4064 50.1694 52.0476 67.0408 40.4944 25.3735 19.4722 28.8328 49.5981 46.3573 50.5995 53.0439 70.8569 28.2711 63.9201 30.6803 67.1857 18.656 60.8227 14.7007 39.0019 34.0645 48.5912 24.9123
33.7331 36.0428 33.5978 31.8599 33.1482 30.9181 35.3622 39.4015 37.2253 36.9463 35.3203 38.6327 40.7339 42.6394 36.3425 43.4007 38.7885 44.1305 43.1471 39.3245 43.0945 43.3674 45.0676 46.1244 51.5329 46.5295 50.5165 47.9219 44.122 52.4887 76.5407 84.6365 89.731 81.0447 74.6317 73.5437 78.0487 81.3284 4.11789 2.35772 1.18885 0 7.20438 6.517 5.06721 4.93654 64.3415 62.2784 68.3455 71.5663 61.9288 58.1291 61.1597 58.8412 60.5575 63.0149 63.2732 63.5117 20.9858 18.5402 21.5075 21.7826 38.484 33.9321 31.9525 34.6908 27.4323 28.3143 26.0892 26.3614 77.6637 76.9449 51.7783 46.3817 44.2511 49.2559 16.1297 20.8026 76.3828 84.6378 58.5477 50.4737 12.4705 54.0138 39.2079 17.0434 21.8454 21.1923 21.5311 24.851 25.0683 22.9077 22.2515 23.3186 18.8165 18.2892 19.1409 17.5109 38.7358 33.8422 36.3553 38.8548 59.0009 60.9662 56.7339 53.9145 50.1323 49.3454 48.8377 49.8784 78.4627 75.5872 87.1818 82.0667 8.19572 6.95569 7.31264 6.28989 33.8011 32.0901 31.7268 30.675 67.0699 68.1758 68.78 75.5552 24.9 22.6278 24.1513 20.3527 33.7869 34.5673 32.9493 32.263 57.2684 61.3461 52.2035 36.4916 28.2293 58.662 40.9301 72.6247 38.277 10.0567 39.1126 64.4538 57.7904 54.2824 39.2248 37.934 32.3643 49.7928 51.7702 70.255 36.3779 25.4288 18.4629 25.8706 58.2608 51.4725 57.1348 55.8861 74.9286 27.7142 76.3462 32.4927 56.9086 21.5056 67.135 12.8824 36.6594 32.5666 55.2292 21.1923
41.6499 40.7995 43.76 42.9369 41.6372 34.9947 44.0939 42.0263 46.7553 46.274 36.5296 39.993 44.2155 42.2285 39.8814 40.7618 47.8819 48.7732 39.7565 41.6201 47.4453 48.5548 57.2662 56.7212 51.6384 51.0222 50.8795 55.7543 58.108 53.232 95.6629 84.176 93.6969 96.3901 88.8824 76.5623 79.1778 80.3989 5.65351 5.01633 6.48962 7.20438 0 1.18521 2.49159 3.5304 73.0694 76.6748 79.9327 81.5079 65.4835 64.9872 75.6145 77.1565 64.2403 72.2128 76.7735 65.5572 28.1386 26.5775 27.9714 25.8359 37.7088 33.803 42.7291 37.4287 19.7836 21.2731 19.569 18.9313 79.7819 80.4578 49.9489 50.7988 50.0814 49.9916 11.9598 16.123 88.0997 88.5045 65.0102 59.1867 6.30968 64.0637 49.394 23.8833 26.7901 31.3033 27.6582 31.9714 17.7308 18.8644 19.0093 19.7751 21.4256 19.3943 20.0944 18.1415 46.1783 40.1281 45.0725 37.9552 72.0315 60.6878 71.2837 60.3 48.2019 49.8225 52.5217 50.929 94.8632 94.5902 93.2345 79.8455 9.33368 9.60426 8.99078 9.04378 35.283 33.1386 34.0842 35.5166 74.4483 66.8173 81.0932 76.0851 20.6988 18.7736 16.6178 19.4726 42.2822 38.2747 37.7042 37.927 64.7347 67.7436 56.9927 41.1432 29.1332 64.7219 45.146 81.4048 39.3092 11.2074 33.859 75.9303 60.086 53.2649 31.7997 40.0844 31.3393 53.9166 51.2607 73.7261 41.2324 26.6418 23.4103 24.9885 66.9378 49.2064 53.7897 53.0631 82.0828 34.7426 73.8474 36.6194 67.4065 14.6303 74.7461 18.0602 37.7667 35.302 60.4366 25.5228
38.7539 39.0813 41.0621 35.7026 37.9775 39.5317 36.1013 42.2403 40.8689 41.5395 37.4608 43.9671 37.662 46.4031 38.3781 44.283 44.9122 49.0297 45.4244 41.2984 43.8242 41.5731 49.7138 56.6297 54.128 59.0973 46.794 53.8704 56.9648 50.8647 83.0643 80.3267 89.808 88.5225 81.0861 89.9669 80.7599 82.247 5.93684 5.1729 5.44706 6.517 1.18521 0 1.38779 2.69303 73.4239 76.4874 76.1556 69.8447 66.6263 66.6626 74.1884 73.5332 64.278 61.917 66.1519 74.5983 26.8638 25.9666 30.0968 24.7853 42.4057 34.9986 41.4804 34.0505 21.1975 23.0778 17.5862 22.8038 75.5769 71.4402 50.1155 58.3713 46.6491 52.5488 12.0521 15.2476 91.4735 74.2442 64.6105 55.3428 7.99604 59.677 51.5351 21.6133 26.7141 28.5976 30.6109 28.2436 22.4129 19.1542 21.0932 19.2711 19.4393 20.6164 21.1982 20.5413 38.6417 40.1943 40.0526 43.1704 70.5445 60.8579 71.9003 62.1683 47.1122 51.2504 51.8388 49.3777 81.1693 92.5798 84.4648 84.3984 10.9478 10.14 9.40992 9.44747 32.4124 33.6924 38.1106 33.0865 73.8884 70.182 69.4454 66.543 21.3485 18.4641 18.5438 18.9424 38.8176 36.275 40.282 39.0341 56.244 66.3517 67.8055 38.0614 27.8783 62.7757 46.9856 75.7506 40.0548 9.49196 36.2955 79.2158 59.3785 49.9198 38.9655 42.2163 34.2585 56.2582 52.2819 66.205 38.4566 27.7352 24.2808 25.5737 63.5767 49.4953 59.0952 58.2755 72.4335 32.1746 69.8273 37.5475 61.1656 14.8253 68.386 18.9392 33.7768 35.9892 56.0376 26.4319
39.2014 35.3562 39.1778 35.2877 35.8269 37.4447 41.1962 38.301 37.0385 41.6094 39.0046 35.5959 37.5549 42.0124 43.1991 44.6035 46.5238 43.2086 40.3585 41.0237 42.9412 44.1248 52.4074 47.9151 55.351 53.8061 51.5362 47.3577 53.4674 52.048 81.6328 93.8705 83.524 87.081 81.2167 79.2102 89.9461 76.5632 6.3642 5.45239 5.13502 5.06721 2.49159 1.38779 0 1.18049 74.8755 69.8774 73.5065 69.7229 69.3095 66.2685 62.4571 72.1633 64.5631 73.2714 74.5857 68.9949 28.6412 22.7445 28.9796 24.3229 36.3552 35.5179 38.2978 34.0167 20.4744 25.4295 21.8326 23.4775 80.1958 82.0327 50.8082 56.8181 49.8614 52.5568 13.0246 15.2997 82.4377 86.8313 63.7372 57.1408 9.89719 59.4442 50.0851 20.3676 29.8242 26.3032 28.6302 27.7019 21.5561 20.2416 20.1951 20.6247 23.1058 22.265 23.0045 18.3994 44.9636 40.4662 43.5345 42.1719 64.0438 67.2662 71.4737 69.0569 48.4788 53.2932 47.8783 54.9961 78.5548 93.8433 86.4678 88.8873 10.8409 10.829 10.4263 9.88658 36.1557 38.5156 32.699 36.3967 79.5365 73.4246 78.5403 76.5024 23.2009 21.544 21.2667 21.4064 37.1998 38.0559 36.9452 36.6419 63.2436 68.4522 58.0479 38.9207 27.6182 59.2214 42.2719 79.2092 37.9135 8.32543 38.0027 73.4865 62.2133 48.3607 40.9665 42.3482 30.5586 49.0689 56.4073 70.3452 37.8012 27.704 22.5676 28.7308 54.3334 51.6694 56.8282 56.087 69.3452 33.7483 74.1497 34.0467 61.7202 15.4761 75.38 15.5459 34.7281 35.8116 61.4299 25.4277
39.7299 35.7281 35.5196 33.4896 37.8685 33.9039 33.8349 37.7634 43.0836 37.828 35.0361 40.5501 40.3879 43.5544 36.271 43.0006 38.9794 44.9351 39.7794 37.6907 44.2382 47.5097 53.3543 53.1064 48.3595 56.8366 50.0632 50.4254 54.0706 51.2265 92.3984 86.264 81.4911 92.8469 88.3096 86.5519 81.2135 89.6778 6.34845 5.84454 5.1502 4.93654 3.5304 2.69303 1.18049 0 77.2012 72.9454 67.3138 73.4811 72.5413 66.4297 69.9939 70.0851 63.5477 68.0796 66.7696 68.7111 25.2258 23.327 27.5508 23.9051 42.3769 34.792 42.7551 38.5193 24.5425 26.1741 21.1573 23.0566 87.8492 73.1179 50.7463 54.3545 49.1107 43.1781 12.0863 15.4873 85.8907 82.6934 53.7832 53.4091 9.44744 59.0059 47.308 22.9705 24.7436 23.0781 28.9145 26.9495 23.5988 23.5528 22.3902 20.6396 20.9348 20.2153 21.8072 20.8587 42.5971 41.4903 42.9874 37.9063 69.9582 62.8397 59.1854 68.0054 52.1091 51.2886 46.7531 53.6111 88.6848 87.2685 91.5816 83.5006 11.5907 11.1103 10.1857 9.921 39.4969 38.4548 32.7577 34.566 74.5853 80.7743 71.0848 69.4948 22.7881 21.2037 20.8787 21.2832 36.5839 37.5794 36.0331 38.3293 55.7701 58.55 64.4764 34.4866 30.7734 64.9489 46.3695 74.6657 37.6921 6.81925 40.2249 72.4425 68.2586 48.917 36.2921 38.4551 27.375 53.9349 49.1077 72.4598 35.6745 28.9319 24.9448 26.0187 54.5402 52.6692 61.5095 59.2223 78.8078 33.8486 71.2809 33.602 72.92 18.1019 76.4777 14.2935 36.7001 37.9942 51.6224 21.3774
37.4264 39.0074 39.4906 38.5204 37.2003 42.7693 58.0534 56.3862 51.2578 54.5487 54.4154 61.1957 57.2765 60.7291 70.0491 63.3892 67.017 64.6296 67.8601 73.7477 68.4614 69.939 38.0818 39.8826 43.8947 42.1951 44.6773 45.1084 50.8615 48.5539 15.1484 16.9971 15.5364 17.8469 11.9452 11.5689 11.7337 11.4578 67.8274 70.0095 70.1648 64.3415 73.0694 73.4239 74.8755 77.2012 0 1.23893 2.65305 3.57753 5.04572 6.04883 5.49674 6.82255 18.0659 19.6264 15.3087 16.2655 47.64 42.9345 43.2381 47.6707 55.6533 53.685 51.3674 53.6379 87.0585 92.9817 82.6665 92.2264 19.5756 15.8766 52.1472 55.8144 59.665 63.2173 72.9464 80.764 75.1178 68.8183 12.2574 13.2445 87.0686 73.9677 25.9657 53.2074 49.6536 47.2522 46.8709 43.6128 81.5342 89.7843 79.3285 74.7559 67.2736 78.8543 75.5322 79.6873 34.2367 34.4848 27.8682 32.6367 6.92303 6.64732 5.53845 6.09722 22.3248 25.6869 21.4084 23.1091 14.1944 13.6251 15.894 13.9954 72.7604 64.1853 63.8766 68.7173 53.3358 47.2397 52.2589 50.3043 74.2261 73.3712 71.1538 75.8239 78.7442 83.2514 88.8104 81.6255 35.8934 38.2054 37.3233 32.5552 31.0122 59.3198 16.8257 65.749 61.3495 15.7178 28.1098 25.8545 57.127 64.5964 88.9536 34.9419 63.0119 85.6394 96.3047 49.3316 64.1886 38.9879 86.8381 58.3626 76.759 52.0946 55.2186 79.875 16.3443 65.0524 64.2049 74.6072 4.51269 63.1444 20.5096 57.0343 77.3667 91.0034 75.0088 51.4438 85.9105 94.8459 45.2985 62.9106
40.8627 40.8003 40.2409 39.5401 36.2474 43.3064 56.2799 52.8589 54.3792 54.6749 61.988 54.2755 60.4032 63.4377 66.5709 59.3089 63.628 65.2625 63.77 71.4714 68.8836 70.9258 39.6546 38.6406 40.6552 42.3037 46.2827 46.3156 50.2536 48.5875 14.892 17.707 17.4257 17.0618 10.0651 10.1273 11.7808 12.3815 70.7207 67.4906 64.1128 62.2784 76.6748 76.4874 69.8774 72.9454 1.23893 0 1.18479 2.77688 5.20843 5.04511 5.87106 6.01382 21.3599 20.9959 19.5064 17.1667 45.4798 50.4634 44.9445 48.6147 51.0561 53.6519 49.7828 52.2629 97.5481 93.0454 83.0101 89.3067 20.6854 16.2591 54.6806 53.0728 60.0869 67.2221 77.9238 76.583 74.0148 76.7845 12.5244 15.7983 81.5285 73.2972 28.4334 52.3076 48.4748 49.9663 43.7846 44.5466 87.4907 81.583 82.3298 89.6101 68.7208 80.2356 80.8734 68.472 32.5648 32.02 30.8536 30.9669 7.186 7.2814 5.9791 7.13989 26.0263 24.5151 24.9654 25.8547 14.0606 13.5947 15.2882 13.9879 61.4768 62.8183 63.1138 70.197 51.8967 54.0479 46.3079 47.2317 72.2943 81.0199 78.6199 80.2748 78.3292 81.9905 80.233 93.7473 33.0528 39.5366 37.7409 37.5184 28.6353 59.3143 18.9129 69.1953 66.9764 13.4593 30.1967 29.358 58.5623 65.2248 81.6536 32.6484 63.9801 74.7156 110.125 48.4801 55.831 36.7674 88.0091 59.9482 68.691 48.6253 57.5422 83.2621 17.4078 58.6195 66.2617 71.7031 4.27396 59.1618 22.9562 63.9804 78.4143 86.0295 83.2365 58.9715 94.622 96.0829 44.7912 63.8975
38.3719 37.5199 38.3833 39.1331 36.7389 42.3649 50.7526 57.8133 47.6029 57.9348 62.1293 59.2602 55.3236 52.7543 63.5204 70.2546 68.3447 68.0217 76.4994 68.9765 63.3646 67.9549 37.7413 37.8956 38.4052 38.1892 43.329 49.6573 51.0984 44.3941 15.0982 15.96 16.3559 16.345 11.1908 10.9874 11.7676 10.2583 76.5952 71.4303 63.1957 68.3455 79.9327 76.1556 73.5065 67.3138 2.65305 1.18479 0 1.17372 6.38124 5.74943 4.96468 5.79435 21.9438 20.5667 20.7063 19.4358 48.5305 47.1555 43.4358 46.3301 50.7697 57.9362 57.0193 56.3781 89.054 94.0207 92.0826 95.5072 18.5081 18.9952 51.3112 56.6462 60.229 64.888 82.0825 77.0753 81.0333 77.386 14.1702 16.3075 84.0746 77.8053 25.629 55.4586 46.4239 46.1133 46.6742 49.7718 80.1402 89.5083 75.8078 91.676 75.2222 76.1407 80.5393 72.1675 35.8334 36.2236 32.8021 32.2676 7.55121 8.4661 8.19265 7.86451 21.9179 25.2953 24.9478 26.9591 15.2538 13.9484 15.1067 13.1826 64.8635 64.8403 74.4781 73.7862 52.2465 54.8581 51.6216 48.7571 72.4049 71.6168 73.9596 81.6162 83.4293 90.0902 85.9238 94.3019 36.0626 40.6763 33.5291 40.9073 30.5597 51.7641 20.9345 70.1518 64.2504 13.8597 27.6906 30.2539 59.8217 66.2033 83.2505 34.7092 61.5011 80.2199 109.698 52.5416 63.7515 43.0896 77.1636 64.3963 67.2586 52.0059 55.9398 84.5491 19.8999 66.0723 74.8843 72.7344 5.96761 66.3443 21.9794 66.9126 74.8365 83.7335 77.4999 59.6128 100.026 97.6722 43.6523 53.7922
40.7559 36.1377 36.3432 43.52 33.6365 40.3219 55.4495 52.3485 49.9337 48.2251 55.0949 55.6571 56.5524 53.6643 62.6479 58.9902 68.2038 66.6018 67.2355 73.8192 71.8394 73.891 37.1134 44.5293 37.3768 38.2673 49.5252 42.0472 48.9867 51.3127 15.6999 17.3495 17.189 15.7887 10.9484 9.94228 10.6445 9.91546 73.0408 67.3967 62.4974 71.5663 81.5079 69.8447 69.7229 73.4811 3.57753 2.77688 1.17372 0 6.55264 5.65858 5.60297 5.63549 22.7266 23.2525 19.3641 20.1918 43.1003 48.1545 43.5318 45.5969 55.7346 62.6681 56.1637 60.1268 94.5682 93.6046 84.7616 100.012 20.9514 17.4749 59.1431 56.1495 61.7729 58.0005 76.2786 90.4219 78.3172 82.1432 17.5357 16.3837 75.603 73.8599 30.73 53.4112 48.2859 51.2631 48.7182 46.2896 81.3954 80.9336 84.5156 88.0125 69.7458 76 78.7125 78.8857 35.5763 37.7693 30.921 33.6682 9.9723 9.57895 8.27389 9.06564 24.0558 27.4755 24.0916 23.9232 13.4341 13.3056 13.2509 12.7533 66.0867 71.0741 67.9285 74.9255 55.2691 59.2253 50.2676 56.169 79.6543 83.8551 69.9762 70.5352 81.7543 83.6187 81.2666 92.2938 40.4036 38.3448 38.9863 38.6129 31.9945 58.2448 19.399 65.4135 64.5454 13.082 32.1032 32.3622 65.9384 67.1291 76.5479 36.0479 65.262 75.9691 102.891 55.6513 64.7089 40.2551 93.6376 64.7911 74.3211 55.2117 57.7936 93.2907 20.0131 58.2964 66.8182 81.2205 6.70525 62.7038 26.3081 63.5608 74.3262 88.18 83.721 62.8047 102.059 86.2131 48.1045 62.8238
33.9645 29.6324 34.1702 31.598 33.0108 34.7548 50.9688 46.0735 46.7087 52.2164 56.1766 56.0419 47.8606 49.3437 60.9992 55.7715 64.7861 63.8937 65.6134 59.1422 64.6167 69.9514 39.9686 37.9649 36.5367 39.2886 42.4268 45.772 44.8138 42.8117 19.9251 21.5232 24.1177 21.9015 15.7627 17.3537 18.1422 18.5939 59.8748 57.2684 62.78 61.9288 65.4835 66.6263 69.3095 72.5413 5.04572 5.20843 6.38124 6.55264 0 1.1997 2.51338 4.02759 21.9881 21.4531 20.6807 17.6066 42.8419 45.2031 37.9697 41.1137 55.1245 50.3923 44.6665 53.5954 93.6537 81.5173 90.6523 97.5867 23.6093 20.8933 53.3114 55.5714 52.6262 58.524 80.2578 83.3965 80.6774 80.6918 11.1248 10.2913 69.1744 76.1115 21.0158 48.1021 44.3367 43.9797 44.7617 43.6539 72.0584 77.446 76.4013 83.0863 72.3129 73.11 65.6754 67.4304 30.5478 30.3383 24.5624 28.2793 3.93913 4.45987 2.80175 3.12091 17.1016 19.6764 17.813 20.3089 18.1953 18.934 19.5729 17.5273 68.9946 68.2539 56.4677 64.9339 48.5349 52.5231 47.6877 43.439 74.1474 68.3092 71.9927 72.7824 80.4799 86.2758 76.7382 77.8635 35.0558 34.7755 28.9016 31.9156 30.792 54.4128 17.7093 70.5858 60.3552 8.83846 23.6987 34.016 53.062 61.3356 81.5157 35.2948 71.5664 70.8246 107.215 50.6431 55.5388 35.219 72.9686 59.9416 69.9876 48.6724 54.2859 83.247 17.0038 64.5477 71.622 66.7536 9.75165 54.2826 24.2712 54.843 71.7539 76.477 81.79 51.5055 82.5964 79.265 42.8711 57.0107
29.5001 32.0763 30.3825 34.0095 32.0493 36.5408 45.5205 50.5552 47.063 51.3487 57.6295 51.6767 52.7679 50.3073 60.6694 60.2079 54.4142 64.3945 63.0049 67.6807 65.2766 62.7249 39.4144 35.8305 37.7763 37.3209 38.405 39.0121 40.5249 41.8176 20.4917 20.176 21.9851 21.29 15.6254 14.9883 17.6178 17.3392 65.9531 58.7049 60.7088 58.1291 64.9872 66.6626 66.2685 66.4297 6.04883 5.04511 5.74943 5.65858 1.1997 0 1.21753 2.60457 21.9754 22.2296 20.344 17.1399 43.9762 45.7435 36.17 44.8562 55.6069 49.9205 54.3182 55.4569 81.0051 84.0427 82.1639 95.7551 22.8258 19.5102 51.3446 53.6856 52.0411 57.6589 70.1529 80.1148 74.5749 81.5847 12.6557 12.0979 73.283 71.9657 23.3741 44.4424 44.5775 41.6439 42.0669 38.475 72.1682 79.0824 77.5426 78.8765 67.4575 65.6523 77.603 71.2982 30.6874 29.2049 29.7761 28.7728 5.27775 4.91979 4.40938 4.14666 20.2812 17.9318 18.9445 20.0931 20.3503 20.1366 18.5462 18.5093 68.7194 67.4253 60.7352 57.6438 50.7995 49.276 49.5639 49.0549 80.7563 77.5058 69.2659 68.5329 83.5984 75.5322 76.5904 79.3266 35.8382 36.0213 30.6927 30.0153 28.5233 53.2894 20.0662 58.9805 61.3053 8.75924 25.7446 30.9962 56.0353 70.0971 85.7455 37.6745 72.4983 75.9393 96.6317 43.5351 57.4165 38.6573 80.9105 60.9264 69.7912 48.8401 46.8263 84.5474 17.4819 66.8277 66.118 69.3645 10.2778 54.6525 26.594 66.3733 72.5953 88.4198 81.7508 52.8109 89.6048 94.1765 48.6332 56.5647
34.4435 32.5679 34.2387 32.2625 34.3719 32.902 52.0295 50.0514 50.7273 47.5763 56.9383 52.6489 53.2602 51.3886 59.8335 63.1727 60.5059 56.8084 69.601 69.1087 69.9257 65.1145 33.9172 36.8291 35.095 40.2713 38.3378 43.1268 43.5861 41.3847 22.9329 21.0175 23.1449 19.8289 15.9269 14.8172 17.2335 16.8796 64.3262 64.3079 68.2366 61.1597 75.6145 74.1884 62.4571 69.9939 5.49674 5.87106 4.96468 5.60297 2.51338 1.21753 0 1.32408 24.8289 24.2228 23.3961 21.6809 45.1608 48.097 36.7613 41.8569 58.69 53.3357 55.3987 48.4796 83.6491 100.873 92.34 85.3257 25.4983 22.87 44.5225 49.2099 56.319 58.7886 80.8816 82.1848 78.3206 73.7458 12.6856 13.2671 81.7594 67.5864 23.7636 52.1852 43.3566 40.0739 46.0448 42.6815 78.4106 76.5665 74.4802 87.3247 66.344 75.9627 67.6934 76.1428 30.5298 32.9087 26.5115 31.8005 6.81519 6.32849 5.16938 5.37122 19.5665 21.8267 20.0289 20.8422 18.7355 16.7847 20.9932 17.6615 59.3368 69.0083 59.2795 61.0803 52.9193 51.1876 45.1179 49.4573 74.9338 78.6581 79.7744 74.9262 76.6736 83.4227 80.4667 86.6162 34.0197 34.4112 30.9626 34.0347 29.5583 59.655 21.015 65.7246 65.4404 8.79816 24.2525 32.9879 52.0388 64.9202 88.6218 39.4206 67.829 75.7931 97.7222 49.4605 58.5085 38.443 80.0702 60.4661 61.2541 47.6973 53.8106 87.9313 18.0964 67.231 62.3498 79.2145 10.9541 60.0829 24.0505 65.9252 69.1382 80.434 72.8046 54.9883 88.9564 82.6552 49.5155 52.7914
32.0183 30.8806 36.8921 32.1108 32.7204 34.533 43.2647 47.6321 47.4539 50.7674 49.4594 49.909 51.4222 55.6609 53.9789 55.8173 62.377 53.5618 62.0717 69.4064 61.602 63.4597 33.828 36.9793 37.4949 34.1986 37.7206 40.1877 42.1218 39.9035 23.5847 21.1553 21.7342 20.5098 16.4622 15.3731 14.9537 17.4574 60.283 71.6615 68.9138 58.8412 77.1565 73.5332 72.1633 70.0851 6.82255 6.01382 5.79435 5.63549 4.02759 2.60457 1.32408 0 24.8085 24.8436 24.0722 22.2426 41.3321 46.555 38.6662 44.1807 49.6025 51.3904 54.221 54.7634 88.7865 92.6469 93.0523 82.7786 23.2775 23.562 53.1596 55.1396 55.004 63.7692 75.8946 77.4889 77.802 79.7687 14.2688 16.015 70.7488 76.2994 22.3693 48.4434 44.5087 39.7237 42.4476 46.581 76.1481 78.1641 74.766 78.1633 73.2624 69.7254 79.2948 77.8081 33.1888 34.7209 32.3109 28.2247 7.60975 7.24112 6.84683 7.09812 18.586 21.5452 17.9545 18.1717 19.2027 18.9052 17.4085 19.5806 61.7036 68.3479 68.2182 69.7794 47.5282 50.6634 53.023 50.8008 78.244 75.9774 76.678 73.8383 86.9966 80.0718 75.8498 78.195 34.6507 32.5848 35.4734 33.9914 33.6706 53.0528 19.7569 68.6403 54.5053 8.83822 24.7729 33.0032 56.3762 73.3154 87.3158 41.6884 66.311 79.9124 98.6434 50.4291 51.9155 37.8439 79.0233 65.7922 63.2619 51.121 48.3819 86.1986 20.6425 61.0938 76.3306 73.8487 10.9279 56.6443 27.1456 64.9592 73.4774 92.9804 76.6334 55.5549 93.1027 88.4459 52.878 50.6559
40.4186 43.7815 40.6949 49.0958 40.714 48.8027 56.6161 57.4703 66.0191 63.0541 71.1821 69.8797 69.5375 70.83 76.3079 79.0124 67.8985 73.3998 82.3434 85.087 71.5576 74.6448 54.1082 51.5271 52.7715 53.371 62.1044 62.8613 56.1121 59.5822 22.7218 22.3271 27.0574 27.7766 20.2445 20.145 23.1245 26.7895 66.9164 61.9413 65.726 60.5575 64.2403 64.278 64.5631 63.5477 18.0659 21.3599 21.9438 22.7266 21.9881 21.9754 24.8289 24.8085 0 2.36295 2.28747 3.87803 39.0919 43.1304 45.9705 44.5062 40.8254 44.787 42.7878 42.6929 95.4759 83.5603 94.5642 93.3316 13.5164 10.7118 66.5713 64.1626 68.9707 73.6305 85.6212 74.6372 54.0046 55.6869 17.3148 16.6298 77.4001 87.7599 33.2158 47.9679 51.1436 51.9458 51.1145 53.2396 76.2803 72.4147 73.8293 79.9464 71.1964 63.9776 64.6184 65.2344 28.9998 31.0021 28.5174 26.6137 16.0824 17.2261 19.3131 19.7962 30.0334 34.4545 35.3555 32.876 26.4342 24.4373 29.4752 26.9435 68.9396 64.8343 60.2289 58.1082 38.766 37.9167 39.6804 39.9419 60.0051 57.754 54.4602 51.6428 77.6569 82.019 77.0927 83.7895 33.5504 35.9823 32.2718 29.7212 15.4086 38.2803 8.09829 81.7107 69.9543 26.0673 33.5159 11.6882 75.8377 77.0513 65.0183 15.3704 51.1186 57.6957 101.787 37.8023 75.2099 27.6046 63.7353 40.1788 76.8135 42.9853 45.3058 74.205 9.87871 45.1917 55.1041 61.9695 15.9552 49.0726 6.75289 51.1572 55.1244 77.2207 57.3765 60.3279 74.2352 88.0135 27.3485 68.7612
41.1679 41.1478 46.6158 40.6278 40.7921 48.5459 62.5554 56.7678 64.3478 64.1297 67.6966 67.6563 60.5138 67.6724 77.9671 77.6005 74.0758 72.6379 76.529 75.5302 79.649 78.303 54.6731 51.8371 57.941 57.4467 55.0935 61.9235 54.925 63.9062 25.6892 26.415 28.3653 24.6935 23.1156 23.1508 25.4032 23.0114 69.1075 60.4708 58.5741 63.0149 72.2128 61.917 73.2714 68.0796 19.6264 20.9959 20.5667 23.2525 21.4531 22.2296 24.2228 24.8436 2.36295 0 3.6758 2.55673 40.5941 43.2834 37.6821 38.2974 39.2247 43.3724 35.382 38.4163 93.5944 84.3232 81.0139 81.2453 14.2938 12.2341 59.7323 66.7912 64.0664 67.7247 81.9144 84.543 50.5422 56.0599 14.9059 16.5246 69.683 80.9722 33.8529 49.1812 50.1306 45.4965 50.1927 48.7553 72.6073 78.1904 78.3731 76.0497 68.0449 65.7677 65.7559 62.8952 26.8205 29.5423 28.3832 24.5123 15.249 18.4515 17.5564 18.407 27.5369 29.6556 29.7186 30.7695 25.0524 27.4623 29.4744 26.9259 64.7111 63.9262 63.481 56.2099 40.2856 41.0695 38.298 41.4407 57.902 55.678 50.3508 54.8514 74.1862 84.763 70.022 84.172 31.118 31.4122 26.7851 31.063 11.5974 35.9475 6.08431 75.9638 67.4966 26.0789 31.5758 13.5314 62.5041 70.5474 62.6944 16.6798 49.0435 56.7399 103.119 36.4174 63.3765 23.0202 62.3836 44.0824 83.4209 41.638 46.387 74.9119 7.84901 46.3729 54.8146 53.4792 15.5182 43.7735 8.9738 51.3024 50.8639 77.5203 55.9231 50.7137 71.4868 86.1024 27.5435 60.4143
44.4064 41.7767 43.3361 48.9624 45.0808 49.1485 60.5167 66.4978 64.3109 60.3922 71.149 63.9828 61.8832 66.7665 66.6626 74.3595 75.6429 72.0481 85.582 72.2954 79.8227 83.8144 56.2049 53.9508 53.7529 54.397 55.3078 55.9341 60.5811 64.7327 22.5346 20.9603 20.5938 23.9126 16.9011 21.5808 20.848 20.9906 72.8733 72.3761 63.5867 63.2732 76.7735 66.1519 74.5857 66.7696 15.3087 19.5064 20.7063 19.3641 20.6807 20.344 23.3961 24.0722 2.28747 3.6758 0 2.69937 47.2383 46.8235 42.5088 41.4411 45.0938 49.3847 38.9861 41.7809 94.7229 93.276 93.4888 89.7457 11.0672 8.00444 68.4574 65.1087 73.0997 75.0278 78.1768 77.5281 52.4131 55.9566 15.3893 15.646 80.3004 90.8892 34.7919 52.1989 46.8319 47.2501 49.7674 53.6248 80.9188 76.5557 77.3414 79.0026 68.0399 74.4515 72.1484 69.8163 29.011 32.6119 29.0106 31.6873 17.2565 17.0258 16.1785 17.8224 34.5647 35.1312 30.9477 30.229 21.6805 22.0336 26.5233 26.3402 69.9035 65.6298 60.3295 62.2424 39.1431 41.7286 37.2777 46.2623 63.2565 57.2963 57.8721 53.6339 79.4628 78.3105 84.4034 84.9744 30.6703 33.8841 33.0996 33.8306 15.2835 38.2631 8.88416 74.1056 69.9101 25.49 29.6645 12.144 63.7698 77.0848 72.7802 17.5566 45.8621 64.6067 96.4119 41.2927 74.4734 25.3503 76.8553 40.0683 72.4752 44.4321 46.717 80.4072 10.0555 44.6173 47.9605 65.4927 15.3755 55.0082 5.64513 49.5322 57.7876 82.5245 61.9685 59.4365 85.5423 76.8057 32.5515 57.1172
43.8427 43.1931 44.9222 44.0618 37.3968 43.5469 58.0857 62.0341 53.1085 61.2161 64.367 63.0151 64.3612 64.7178 70.9697 77.2655 73.7477 72.9947 71.1899 70.8459 69.4019 71.8857 52.4682 50.7716 54.1311 50.9286 51.4035 56.4558 58.8977 55.6946 20.8631 23.2513 22.7666 24.0448 18.9128 18.5433 20.3291 22.4903 68.2362 64.0578 59.4064 63.5117 65.5572 74.5983 68.9949 68.7111 16.2655 17.1667 19.4358 20.1918 17.6066 17.1399 21.6809 22.2426 3.87803 2.55673 2.69937 0 37.0397 41.1876 44.1215 42.2416 45.6552 42.1014 36.1209 44.4774 89.533 94.6999 83.5155 87.8507 14.3922 9.96589 64.8353 60.3706 63.4756 68.63 80.1896 87.6725 60.6422 53.005 13.316 13.2257 75.448 93.3191 30.3425 54.6849 49.0295 44.4278 49.7983 49.1839 69.9202 68.6284 78.4994 74.7603 61.6929 70.4533 70.3244 69.0306 28.8029 28.0986 26.7925 27.1216 13.9293 13.8768 14.9348 15.0995 28.5055 30.2659 27.3844 29.2513 26.5527 24.2338 24.717 25.4824 65.2717 58.4832 65.8931 64.2721 38.7915 40.2533 40.5923 39.9457 59.9952 54.1409 57.6369 57.6822 72.8944 73.1163 72.3898 78.2424 32.9922 33.7715 27.9585 33.6408 15.6477 41.9813 5.80484 71.408 65.6491 25.1632 30.942 15.0691 65.273 66.4872 69.6672 21.1132 47.9625 66.208 97.2483 40.5148 64.1963 23.6903 71.0857 39.1007 73.5941 41.7736 48.2283 79.6999 7.8767 44.2139 51.8619 57.3342 15.7933 51.6128 8.27934 51.8277 52.6941 78.759 53.6012 58.7478 76.6778 85.7012 29.3684 62.7886
20.3763 21.523 21.5581 20.8528 16.5265 18.5617 31.8913 34.0138 35.5742 33.5507 37.9693 37.0645 36.3047 39.9823 41.6055 43.898 43.7003 47.7255 48.7651 45.1284 43.252 46.3099 33.7437 37.5011 35.5027 40.1413 39.1712 40.3129 36.9209 41.1286 65.3688 61.3757 64.6213 64.5488 59.9987 51.8518 52.019 56.3022 21.9281 22.8417 21.6904 20.9858 28.1386 26.8638 28.6412 25.2258 47.64 45.4798 48.5305 43.1003 42.8419 43.9762 45.1608 41.3321 39.0919 40.5941 47.2383 37.0397 0 2.43324 2.34146 3.54975 23.3968 23.9964 24.4656 22.2802 50.069 45.1531 44.3862 49.7432 53.4298 51.5526 44.7922 43.0224 49.5548 51.4442 33.9156 42.507 63.4393 73.8972 35.1632 33.0739 33.361 60.9583 24.4066 13.0854 12.5046 11.6603 14.3189 14.297 35.4269 38.5128 34.9557 41.3734 31.2185 31.8214 30.0671 27.9911 15.1298 13.9648 13.5144 13.8531 41.7997 37.0715 36.7212 41.5623 28.9278 25.7661 28.0486 25.3231 58.174 56.2926 55.9626 64.0344 23.8071 24.4349 20.4132 20.9829 19.4322 20.6134 17.2017 16.7248 62.1807 59.361 67.4837 60.086 42.1486 39.2865 43.4245 44.1797 10.6489 10.1691 10.3153 10.3519 35.4537 45.4427 34.594 40.2304 31.2419 36.9935 18.5137 56.8876 41.518 31.7705 43.0563 47.5978 46.0642 49.406 64.291 19.9587 32.1467 29.6532 53.675 51.2194 40.7247 12.8827 10.1977 45.563 33.0378 38.3839 52.6217 47.7308 46.8262 23.4548 49.9749 27.313 56.3165 41.6145 61.6977 13.9826 54.2932 52.125 38.6574 23.6
20.8144 18.3487 21.5664 18.4856 18.7102 19.4816 33.2445 30.6856 35.8298 35.3871 33.4296 33.5384 36.4565 36.4086 36.4077 43.7039 41.8532 44.9847 39.0827 45.4894 47.9776 43.2241 35.1469 37.4885 36.3385 35.6642 33.4382 36.7124 39.7173 42.6356 56.2932 64.9412 59.9998 57.8683 57.2373 59.257 63.5834 62.4858 23.2991 22.6218 19.0308 18.5402 26.5775 25.9666 22.7445 23.327 42.9345 50.4634 47.1555 48.1545 45.2031 45.7435 48.097 46.555 43.1304 43.2834 46.8235 41.1876 2.43324 0 3.29096 2.58222 27.7981 25.0701 23.9129 22.3388 47.5954 45.4997 40.786 45.8865 56.4589 49.2575 41.7592 45.5205 45.4424 45.7123 32.8281 35.0808 74.4539 73.8869 35.7661 30.9255 32.3466 58.2209 26.5039 11.6106 10.3613 10.7806 12.7616 11.9912 40.1009 36.8486 33.1174 34.2934 32.099 32.1532 32.1982 31.5421 17.224 16.9015 15.8226 15.8682 36.6577 42.0942 43.8192 41.1884 26.4259 29.6172 27.4088 27.363 62.2407 65.7204 61.1968 58.5013 20.7631 19.2518 18.8017 19.8709 23.098 20.7234 19.8162 20.3397 69.8432 66.7343 64.1639 67.0773 37.997 40.4311 39.4819 42.4019 13.7948 12.8202 12.7684 12.6003 34.1864 47.3524 34.7163 37.9409 32.7004 37.2751 18.6719 59.5613 40.1891 25.6667 40.4219 46.4301 52.4314 46.6617 58.943 26.1153 31.4968 30.776 52.5808 52.2179 39.0935 14.1977 12.2473 38.8824 32.4016 45.942 49.0816 51.6869 47.121 22.9775 48.2082 26.0799 54.1409 38.274 58.3117 12.1939 51.6643 48.6794 35.9066 20.3001
19.395 18.3278 18.7185 19.5 14.4015 15.8667 32.5069 29.7383 30.549 33.2873 30.3511 34.7691 35.9354 34.3481 36.7286 42.1198 38.9118 43.1572 39.123 43.3859 47.652 48.2079 33.4803 34.2005 33.7904 39.0356 37.1268 39.4032 34.9379 35.0636 61.389 61.525 62.7952 56.5441 58.3448 51.8101 53.4123 61.1776 26.8872 24.9043 23.1108 21.5075 27.9714 30.0968 28.9796 27.5508 43.2381 44.9445 43.4358 43.5318 37.9697 36.17 36.7613 38.6662 45.9705 37.6821 42.5088 44.1215 2.34146 3.29096 0 2.45062 25.5184 25.2419 24.0169 22.4182 48.4805 54.7159 46.7458 54.5199 51.6507 54.2881 43.8126 39.5577 46.1805 41.7861 38.8585 36.4955 77.8138 73.773 31.1502 26.6898 34.7321 52.1826 20.3709 11.8153 10.057 10.5283 10.3402 12.6534 42.7458 42.6547 43.4728 44.2333 31.9612 31.6839 35.2878 34.5231 13.7762 13.0859 13.5268 12.9563 34.9288 33.0129 34.7338 39.7912 24.8612 24.709 24.6707 23.3584 63.7917 55.0697 61.7552 53.3792 26.6451 24.2796 24.8157 26.3183 23.9184 22.217 19.2445 21.9491 61.8943 59.1911 69.1757 67.8023 43.9687 44.0115 45.6667 44.9609 10.7096 9.50493 10.8168 10.7046 34.1726 48.2437 37.9805 41.7306 33.33 35.6343 15.3587 54.439 38.2 27.132 42.528 44.5669 55.9311 54.2951 56.7553 24.5227 31.7297 27.0054 51.4211 58.5688 44.9619 15.5727 14.5362 42.4863 34.8218 40.8517 49.827 51.5639 50.2325 28.8521 43.997 33.619 52.0385 41.8324 62.7685 13.2545 49.4538 51.8584 39.0781 24.215
19.1343 17.2078 18.0066 16.961 17.3351 14.8173 26.7682 31.4631 30.1242 32.9176 28.3865 30.5689 34.1599 35.0142 39.1984 38.8256 39.3768 36.9263 45.5817 46.5033 44.2605 48.3143 36.0609 34.0001 37.5476 35.3562 32.4832 34.0758 37.5763 35.5761 63.5825 60.7099 61.3983 58.4065 57.952 55.7504 56.7984 56.5212 24.9246 21.0697 22.3789 21.7826 25.8359 24.7853 24.3229 23.9051 47.6707 48.6147 46.3301 45.5969 41.1137 44.8562 41.8569 44.1807 44.5062 38.2974 41.4411 42.2416 3.54975 2.58222 2.45062 0 30.6635 28.6777 27.7207 27.821 47.5963 49.937 41.9105 49.388 54.2783 49.5018 37.677 44.6772 42.7477 46.524 33.4306 36.0364 72.1172 69.0687 32.537 33.5264 32.7449 55.2269 23.5904 8.79019 9.25249 9.92994 9.98548 10.0938 36.3633 43.824 38.8051 40.8457 31.4089 32.1332 34.2245 32.3287 14.7128 16.1524 15.2362 13.8578 41.6077 41.4205 39.5291 42.4606 24.5656 25.425 23.8808 23.2708 61.0269 54.2686 58.6855 63.5512 24.9913 21.6941 19.9987 23.392 24.9373 21.5524 21.9365 21.2416 61.1704 58.6912 68.6888 60.5325 41.4993 37.8089 37.5361 44.4046 14.7792 13.1987 14.5093 12.5107 35.2957 49.296 38.6026 39.6076 32.2112 39.6673 17.8132 55.0776 33.7277 25.4883 49.612 46.5136 48.2584 53.0717 62.1129 25.5517 30.8921 32.7305 53.5586 58.2512 40.3929 15.3354 13.2287 47.6884 31.9001 41.4615 54.6013 50.6689 45.3203 24.8539 50.9263 32.5827 63.5545 42.4277 60.3748 11.9674 47.2906 55.3125 36.4879 21.3186
44.6098 46.8464 44.8822 44.4721 44.5716 47.77 54.5628 57.1349 59.3017 64.9999 65.3334 55.3472 66.3859 57.0342 59.8329 67.7264 61.5709 62.923 71.6745 65.0101 67.8789 74.7989 60.599 55.4307 63.9256 60.9157 57.766 68.1631 64.1477 60.0801 57.3267 59.5567 69.535 69.8216 64.74 59.7886 61.398 57.9241 37.6942 32.2764 35.193 38.484 37.7088 42.4057 36.3552 42.3769 55.6533 51.0561 50.7697 55.7346 55.1245 55.6069 58.69 49.6025 40.8254 39.2247 45.0938 45.6552 23.3968 27.7981 25.5184 30.6635 0 2.65007 2.70762 3.7256 58.7283 57.1616 53.1908 56.7496 52.2865 56.1416 64.5133 74.6452 76.507 70.8119 55.0281 54.1091 44.3277 41.2729 43.1233 40.2755 43.1702 88.7675 48.2295 36.8536 40.0614 38.5054 40.644 35.5692 35.0524 36.5403 39.9727 38.3217 26.7179 27.0648 29.9905 30.7924 26.7285 26.4996 25.1843 27.8857 44.5139 44.0888 46.7993 51.0974 47.8766 40.3671 44.0572 44.7172 66.5285 64.4423 60.423 69.3665 31.0266 27.8676 30.0324 31.7699 5.91648 6.78098 6.90381 7.31617 40.1534 36.9807 35.1524 34.1986 41.2788 42.0909 41.7002 40.3342 22.9768 23.7014 23.0733 24.3353 25.9994 21.4142 40.5527 69.8239 52.6759 53.1232 33.7082 43.8032 67.8283 43.4478 30.4264 35.3239 25.2846 26.8938 63.0478 4.98525 59.0321 17.9638 27.4724 30.2692 69.5784 14.2796 17.3566 37.0068 35.278 16.0365 24.2876 21.9686 59.5658 9.90844 42.4178 10.2033 31.7037 50.0964 35.097 38.0327 38.9214 43.4662 16.6574 45.861
40.0692 41.6438 44.8149 39.9953 43.7771 40.3341 51.9564 54.2423 54.1906 62.0297 55.2519 61.4672 61.1896 62.7459 61.1075 63.7172 60.195 68.8669 61.5771 62.4327 73.3893 64.5538 54.008 64.954 57.8358 59.8273 62.5783 66.8382 59.377 61.2872 60.8942 70.7138 72.7672 66.4796 59.5752 69.238 65.835 71.5046 29.5581 35.6341 34.6969 33.9321 33.803 34.9986 35.5179 34.792 53.685 53.6519 57.9362 62.6681 50.3923 49.9205 53.3357 51.3904 44.787 43.3724 49.3847 42.1014 23.9964 25.0701 25.2419 28.6777 2.65007 0 3.33644 2.48354 50.8427 56.6691 49.956 53.8234 55.3239 49.8975 69.3722 74.5963 67.421 72.5067 46.3205 48.9083 47.5077 45.6478 44.7485 39.6967 37.7879 89.3437 47.0922 38.8364 33.4518 40.1849 37.8272 36.4684 37.4971 33.0272 33.1089 36.412 26.1459 28.1615 23.5429 24.4959 23.6952 26.552 29.9495 28.959 50.1001 46.8887 48.8034 45.5255 46.638 42.0696 44.0168 47.9761 69.3658 68.4126 65.8398 73.9184 25.0564 27.7134 25.8121 27.4612 5.18781 5.05197 6.32564 6.6743 35.958 36.5763 34.64 34.9282 40.1911 36.4625 36.0161 38.0385 21.8687 21.5864 26.0856 25.2029 30.5426 22.3932 37.8184 62.061 61.5714 47.1609 34.1218 47.9499 65.5253 43.6278 28.8494 41.592 24.7993 25.637 57.4228 6.64585 52.5543 19.1219 28.0569 34.9529 72.6959 12.7942 16.7193 34.767 38.5848 17.9336 23.2718 26.5896 56.8436 6.4633 53.0257 7.66532 29.4273 44.4235 33.2447 37.1287 34.6602 40.8419 20.6168 47.6663
38.6301 38.1188 42.5479 45.7071 40.3396 43.8019 58.5965 61.3567 56.0505 61.4543 60.5629 59.5808 63.1622 65.7335 70.5242 59.916 65.2666 69.8217 62.2928 70.6216 67.3979 75.8995 58.5234 58.5157 66.0538 64.8589 57.6277 59.9929 58.9908 68.2808 67.4351 65.2459 68.4913 61.9623 60.6408 60.4992 65.2214 60.5304 31.6572 31.3007 36.0804 31.9525 42.7291 41.4804 38.2978 42.7551 51.3674 49.7828 57.0193 56.1637 44.6665 54.3182 55.3987 54.221 42.7878 35.382 38.9861 36.1209 24.4656 23.9129 24.0169 27.7207 2.70762 3.33644 0 2.74984 51.405 58.1525 51.1052 57.007 56.6761 49.8829 68.9583 75.3671 63.5364 71.118 50.6805 58.9315 51.2719 43.0118 38.9016 40.1705 39.2854 88.3797 42.2812 33.1747 37.8506 37.7134 37.8663 35.4127 38.431 41.2138 40.8565 39.385 25.4967 29.1422 27.3975 26.3629 24.8642 24.416 23.2743 26.8304 49.6352 40.9022 48.3815 43.1576 39.1344 38.1078 41.7393 43.3886 65.2017 65.101 62.0994 64.7159 28.4328 31.9243 32.5883 32.4809 3.71628 4.43858 4.66046 5.14011 41.023 34.4765 39.7094 36.834 41.8801 39.5104 44.4582 42.2158 20.2205 19.1612 21.7097 23.0828 27.7232 21.8337 37.7942 71.705 55.4269 46.8308 33.3595 43.1823 63.2338 41.216 28.2704 38.7998 24.572 26.356 54.9402 2.71088 57.4944 14.1994 34.9404 32.3041 74.5364 12.0754 17.3769 35.8112 30.9618 16.1371 23.0764 28.388 48.0428 10.8339 46.7465 11.1698 32.3807 45.2484 37.5128 35.1855 44.1692 41.5107 15.6185 48.2106
39.8388 37.6738 44.3528 44.1493 37.7972 39.4548 57.4633 55.9575 57.4525 51.3347 53.4925 52.4991 56.6235 59.1134 58.5864 67.0872 67.7813 62.8266 70.588 62.4371 74.7821 68.1086 59.9829 52.7063 63.3499 62.7767 54.1169 58.8069 56.4434 57.1688 58.0999 65.4137 66.2232 62.132 59.3146 61.8336 64.1859 61.8299 29.1256 28.6212 34.1412 34.6908 37.4287 34.0505 34.0167 38.5193 53.6379 52.2629 56.3781 60.1268 53.5954 55.4569 48.4796 54.7634 42.6929 38.4163 41.7809 44.4774 22.2802 22.3388 22.4182 27.821 3.7256 2.48354 2.74984 0 51.5799 58.0682 51.7116 52.2808 56.6777 54.9749 69.8529 68.2891 67.2425 71.4181 53.0759 56.2588 52.2775 47.4385 40.3591 35.6894 37.7534 73.6309 38.7994 32.4772 31.9908 38.1656 32.8376 37.3805 34.8192 37.5542 35.3504 35.9936 23.5038 28.5431 24.444 28.5956 21.4127 23.3425 22.714 23.4464 49.3352 44.7309 48.4075 46.2516 44.0392 43.3774 38.9355 43.0849 60.792 60.155 64.0824 69.4275 25.5335 26.9988 25.9171 28.7947 2.61979 2.88951 3.14564 3.58719 39.7412 42.4508 38.7693 38.0286 40.2131 41.1088 39.3361 41.5895 22.0435 19.8441 20.2972 20.3238 28.7702 24.843 38.6488 71.221 57.3879 51.1177 33.6603 44.4604 57.5957 43.0008 28.3335 39.7116 25.3245 26.6663 51.4356 4.60873 59.007 17.2366 32.2016 37.7969 71.0858 9.8795 14.6195 36.1838 33.5484 18.7586 27.5156 28.513 50.5403 8.12324 47.1995 9.82101 32.3152 46.143 39.5345 33.5668 40.524 36.9909 20.2187 41.2656
61.3439 57.1642 59.7532 54.1023 57.7046 58.7159 53.5287 55.6141 63.7894 66.8437 60.9693 59.0453 62.4335 61.0635 62.7114 59.5706 61.0854 59.7289 61.7431 58.4866 56.282 65.7438 75.458 75.5648 78.5356 68.6724 66.6792 74.0771 66.3633 66.4367 117.698 112.602 103.768 104.146 105.796 95.9346 108.416 101.884 23.18 23.8846 24.2588 27.4323 19.7836 21.1975 20.4744 24.5425 87.0585 97.5481 89.054 94.5682 93.6537 81.0051 83.6491 88.7865 95.4759 93.5944 94.7229 89.533 50.069 47.5954 48.4805 47.5963 58.7283 50.8427 51.405 51.5799 0 2.70527 2.56132 3.48349 102.737 99.8489 72.964 70.1272 66.068 71.8735 22.2482 20.3488 90.0942 86.5862 81.3633 84.6363 13.5994 66.6762 73.0207 41.0381 44.3214 46.0915 51.8393 53.7552 17.1586 16.0715 18.7518 15.4226 24.4839 26.1449 25.1863 26.1076 63.2396 60.9222 58.3001 56.8977 84.8284 81.1795 92.9748 94.3846 70.2869 78.3 68.845 66.737 115.114 99.0493 103.244 113.993 23.8361 26.5614 26.3895 26.0027 54.1567 50.4978 53.1076 54.6421 91.0764 80.2216 87.0194 84.9339 14.9155 13.7619 15.4325 14.4577 56.8151 54.5957 57.9817 52.2781 83.7902 76.9421 84.1519 55.8477 44.7475 87.6237 67.0237 98.7053 58.5355 26.6098 38.0277 91.2871 65.7318 51.6831 17.997 58.7837 52.42 62.7005 59.5319 88.8277 57.6286 41.816 43.3981 21.3957 79.048 58.5666 71.0265 65.2791 95.4628 46.9019 87.6175 46.0845 75.2068 6.29447 77.8815 41.0875 27.8753 27.8999 77.2649 43.7631
56.8741 60.7933 66.7564 61.8738 68.241 53.955 57.9371 59.7123 67.7354 65.8574 57.6525 56.389 64.7553 63.2718 58.0197 53.6516 57.1204 65.8288 56.1473 52.9083 59.0885 62.4893 67.3662 71.3687 69.9796 71.4994 66.3979 72.6559 66.9379 74.0383 118.051 118.211 114.389 107.62 113.148 100.548 105.189 110.374 27.1619 29.563 28.0071 28.3143 21.2731 23.0778 25.4295 26.1741 92.9817 93.0454 94.0207 93.6046 81.5173 84.0427 100.873 92.6469 83.5603 84.3232 93.276 94.6999 45.1531 45.4997 54.7159 49.937 57.1616 56.6691 58.1525 58.0682 2.70527 0 3.80485 2.30338 101.661 99.0215 73.2062 72.5732 64.4871 64.8503 20.0906 20.4883 98.8042 94.413 89.3091 85.493 15.7528 75.4549 67.6494 45.9081 48.8783 54.5111 51.7682 52.956 21.3876 19.3746 20.7585 17.7106 30.1076 30.2508 29.4551 27.627 61.1821 60.7054 66.0032 69.7379 86.3443 94.3458 89.693 96.4296 79.6809 77.0627 70.3228 69.1755 109.125 109.605 108.591 98.9656 26.02 26.2147 27.6277 26.0309 52.5988 51.6352 57.6485 50.105 91.6025 90.4835 82.5078 85.0338 17.0946 17.6831 17.3943 15.6077 57.5839 60.5216 57.6668 56.0103 80.6594 83.2665 85.991 51.9799 43.2392 84.6261 69.6318 100.542 54.7626 25.0577 35.6496 96.6783 79.1672 59.6774 16.8164 52.4737 50.1614 64.1445 56.8286 83.4305 55.0674 45.355 43.2502 25.2062 77.0595 63.7611 68.7946 66.2907 94.1596 50.9149 89.4013 46.5198 69.6791 8.699 84.8712 37.5027 36.1149 31.6774 72.7441 42.1282
53.4822 54.4642 52.7612 59.2904 59.2828 54.1489 54.0242 56.5941 54.5232 63.6914 56.781 60.1463 52.2173 52.7458 53.253 58.8826 60.8531 59.0521 57.2898 57.2602 57.5843 52.6082 62.4194 76.0406 68.6464 75.5164 72.2286 66.0487 71.797 72.1747 108.525 99.449 100.724 101.916 109.507 104.538 99.5115 109.413 23.5524 21.4729 24.1394 26.0892 19.569 17.5862 21.8326 21.1573 82.6665 83.0101 92.0826 84.7616 90.6523 82.1639 92.34 93.0523 94.5642 81.0139 93.4888 83.5155 44.3862 40.786 46.7458 41.9105 53.1908 49.956 51.1052 51.7116 2.56132 3.80485 0 2.76075 95.7094 105.63 68.3596 66.433 66.7135 59.9154 17.9505 19.7624 89.4623 96.7276 76.3793 75.2404 12.0958 74.3113 72.2303 43.1176 46.4917 43.0661 51.0454 51.6708 20.886 16.5633 20.5667 17.3099 25.7433 26.7899 24.6622 26.1704 59.9946 64.2916 55.4663 64.2283 88.5198 87.7814 77.1644 88.5284 72.0318 63.8183 64.2153 71.6813 104.847 113.007 97.5825 116.277 27.5416 24.3281 26.2606 24.7385 50.6457 50.4344 52.3831 53.2393 86.5957 83.3617 81.072 74.5947 15.8473 14.0506 16.278 14.9908 57.4277 58.971 59.0599 55.7775 82.0955 69.1908 75.2071 48.1683 45.9326 89.3308 64.7019 89.1949 57.736 25.4016 39.2378 92.8776 74.8277 62.2163 22.8582 54.4361 48.2062 67.4069 54.777 80.0405 49.0914 43.0331 44.0369 21.9829 72.5092 67.5138 63.4901 61.9143 97.3757 44.6324 93.312 43.7422 69.6914 4.60519 74.0662 35.4253 33.6955 27.463 71.1025 40.0642
59.5905 64.7176 58.8312 57.9607 65.3195 56.1874 58.2258 54.6997 55.619 61.255 59.8736 58.4582 60.9652 55.6085 56.9534 52.9053 53.4695 56.0821 54.5885 50.5986 54.6651 56.3185 63.663 65.6715 75.0378 76.7621 72.5849 71.1371 64.4701 65.5608 105.575 108.802 115.326 115.563 98.5481 111.267 98.0799 98.7912 22.5723 27.8757 24.1764 26.3614 18.9313 22.8038 23.4775 23.0566 92.2264 89.3067 95.5072 100.012 97.5867 95.7551 85.3257 82.7786 93.3316 81.2453 89.7457 87.8507 49.7432 45.8865 54.5199 49.388 56.7496 53.8234 57.007 52.2808 3.48349 2.30338 2.76075 0 109.828 109.52 66.2228 70.0861 59.0887 60.5865 18.8436 17.0891 89.3424 92.0157 80.3843 74.627 14.2578 71.4288 69.7885 44.1469 48.4629 49.3175 52.9834 45.7778 22.8949 18.8543 23.2018 19.6421 28.1142 28.6632 31.3388 29.1966 67.8938 62.6591 68.0398 68.2478 78.2706 85.9014 81.6547 91.1644 79.4514 69.9117 79.5478 72.6832 112.66 100.726 103.892 117.17 26.2291 27.1745 30.3967 27.9924 53.5881 53.8246 53.3565 54.6839 82.7053 91.2852 87.0764 83.3093 18.0681 17.6493 17.091 18.7631 61.6978 53.189 61.4272 61.1484 81.2532 71.2306 84.1492 53.3712 40.9793 90.5453 65.8077 99.546 59.5338 27.3969 40.045 99.546 75.687 62.6743 19.6639 53.5982 47.4831 74.982 59.3557 90.1234 53.4702 46.219 39.6038 26.1592 73.8367 71.8577 69.3662 59.1482 96.7639 47.1453 90.3205 47.3166 81.3161 7.46915 76.7094 40.899 30.9918 32.4123 75.2941 40.1754
51.3818 47.7233 55.9621 54.4014 47.8232 60.6225 74.022 67.7955 75.2536 73.4479 67.5666 74.1543 79.427 71.6015 80.3206 88.3042 80.8307 79.133 88.6147 82.0031 93.2255 90.0924 64.4918 54.158 60.5107 56.23 61.6903 65.7597 67.2621 65.362 11.5793 13.4423 16.2271 14.7692 11.9783 13.7975 14.7682 16.7317 70.0395 73.4725 82.2721 77.6637 79.7819 75.5769 80.1958 87.8492 19.5756 20.6854 18.5081 20.9514 23.6093 22.8258 25.4983 23.2775 13.5164 14.2938 11.0672 14.3922 53.4298 56.4589 51.6507 54.2783 52.2865 55.3239 56.6761 56.6777 102.737 101.661 95.7094 109.828 0 2.50562 72.8954 79.2742 82.7141 81.241 91.819 98.223 57.4558 56.5962 21.7576 24.9357 79.3916 89.4245 45.2147 68.3481 60.1012 56.7243 59.7573 53.9942 81.2826 85.8282 84.4765 81.7507 84.0847 85.3104 75.0883 75.8452 38.4421 37.4808 43.0802 41.6821 23.1075 24.0922 20.7866 23.7195 41.1735 43.4629 37.4222 36.4026 18.2383 17.6733 18.548 19.623 71.7154 74.7807 71.6229 74.1758 55.0115 57.8911 52.7734 51.8857 66.4419 68.4206 60.9437 68.1093 85.6528 84.4927 87.4446 99.7841 41.2986 41.6816 41.1126 45.8906 28.353 50.356 20.6712 92.7259 76.4152 34.172 38.4842 13.9789 71.1533 80.0083 78.9748 22.6217 56.4626 73.2278 113.425 52.8651 84.4854 38.5924 82.5165 50.9561 83.459 56.7214 64.9752 84.1617 21.5359 51.8239 66.9079 70.2832 14.7708 66.721 7.872 57.4995 69.1363 104.541 64.6288 72.2919 86.0092 93.2394 39.7579 65.8493
48.1681 48.5093 51.8754 48.7569 43.6216 56.7002 60.4823 69.7395 68.7256 73.2919 78.1552 75.6235 71.5077 77.3011 77.9186 82.0885 83.792 85.0747 84.3887 82.0063 78.8101 79 62.1661 54.7178 52.2507 52.5637 57.7152 66.732 64.8647 60.374 12.7452 13.65 14.4738 15.4303 11.4852 14.282 15.5091 16.469 74.1208 68.9403 72.5322 76.9449 80.4578 71.4402 82.0327 73.1179 15.8766 16.2591 18.9952 17.4749 20.8933 19.5102 22.87 23.562 10.7118 12.2341 8.00444 9.96589 51.5526 49.2575 54.2881 49.5018 56.1416 49.8975 49.8829 54.9749 99.8489 99.0215 105.63 109.52 2.50562 0 67.7423 78.644 77.284 84.7213 80.8169 89.2319 59.6439 57.5767 20.0939 21.4849 81.0597 99.069 38.5913 58.0979 53.5738 57.4262 58.2976 62.4889 85.9504 83.9747 84.7634 81.5011 71.742 70.7328 82.242 78.0429 35.3515 34.4196 37.0086 35.1961 19.6458 18.904 19.3629 19.3274 38.853 35.6812 35.0986 35.4877 18.3199 18.8685 16.5487 17.4906 77.5055 76.7029 71.1027 70.6455 51.4794 52.9493 48.8127 46.5647 57.8392 63.4401 63.7338 61.5833 84.2659 84.6344 83.0102 92.046 38.6763 43.5375 40.9101 43.1218 23.5763 46.1851 15.6306 86.3985 70.1686 29.3992 37.0721 14.3294 68.9336 84.3754 81.0679 24.0079 52.4993 68.9647 117.773 43.8606 76.9492 36.3669 78.1692 48.5069 90.4934 54.7033 55.8794 80.2231 19.1108 52.9546 65.537 66.1295 11.5701 56.8919 7.7106 59.8191 59.6553 96.9798 72.503 66.784 94.2619 93.3036 39.249 69.9854
26.9782 27.8593 23.7365 23.8939 29.366 26.9294 15.7068 13.0333 11.4197 10.9405 15.6259 13.7362 13.6301 12.7336 17.9446 16.7953 16.1332 12.9812 19.7977 21.4912 20.3861 18.5482 13.0908 13.6778 11.6066 11.821 8.93426 7.4949 8.24982 7.17212 70.0559 75.2237 75.3957 72.2413 65.2744 61.715 66.5253 59.3361 52.1798 51.0615 48.0939 51.7783 49.9489 50.1155 50.8082 50.7463 52.1472 54.6806 51.3112 59.1431 53.3114 51.3446 44.5225 53.1596 66.5713 59.7323 68.4574 64.8353 44.7922 41.7592 43.8126 37.677 64.5133 69.3722 68.9583 69.8529 72.964 73.2062 68.3596 66.2228 72.8954 67.7423 0 2.4698 7.85231 9.93309 53.3245 47.5932 100.126 112.278 48.3058 46.0867 66.4445 23.9118 32.5902 38.1427 31.6567 35.1952 32.5882 32.238 70.8888 78.6256 79.3652 76.3521 73.1195 71.7733 65.8648 75.1657 45.6419 44.0027 47.6561 42.4716 50.651 51.233 48.2623 54.5706 37.8604 32.1928 32.5437 33.4208 68.2729 63.7445 62.9682 63.3296 62.7999 54.3011 54.0321 55.6198 66.0045 64.2883 65.732 66.7158 100.631 113.166 95.3105 112.831 80.2385 74.389 70.5114 74.5898 47.0352 46.7872 43.1365 44.4512 73.2308 83.5458 60.4635 23.1253 25.332 43.7655 38.3842 74.5586 14.6501 47.4457 89.6034 73.9316 86.003 97.9106 94.2039 70.639 20.1639 65.8553 100.347 98.6651 22.465 51.2011 59.4435 83.4931 63.293 87.6837 84.5807 86.6389 55.5241 73.9778 67.2451 74.6171 99.3292 65.8098 105.016 42.5094 95.4966 93.1715 71.171 26.1386
29.777 27.9069 29.3381 29.6929 29.1164 28.3753 14.0175 14.6761 11.6347 10.0051 15.3521 12.9831 10.9941 10.4499 14.1203 13.0655 12.1506 11.2409 19.7312 18.6919 17.4567 16.3141 15.8501 16.0321 14.5111 15.4012 10.82 9.43705 10.9698 9.15953 68.4296 67.3175 77.5899 67.9473 68.2182 68.2722 66.8818 68.062 57.9169 50.8026 56.8041 46.3817 50.7988 58.3713 56.8181 54.3545 55.8144 53.0728 56.6462 56.1495 55.5714 53.6856 49.2099 55.1396 64.1626 66.7912 65.1087 60.3706 43.0224 45.5205 39.5577 44.6772 74.6452 74.5963 75.3671 68.2891 70.1272 72.5732 66.433 70.0861 79.2742 78.644 2.4698 0 6.03534 8.33491 52.7087 49.9125 106.844 101.28 50.9403 50.0536 57.4977 19.0467 35.6224 32.8128 36.2324 33.9018 31.4626 30.7796 74.2749 80.5798 70.7318 72.1685 69.9815 64.4418 63.8628 62.7783 48.8376 47.2792 47.482 45.4983 49.3966 47.7602 51.2444 48.9289 39.1659 38.3046 35.4645 37.944 73.4724 67.0344 75.0074 69.0703 57.623 52.8008 61.1811 60.6453 63.1623 59.3795 59.592 57.7936 109.56 95.9711 102.35 105.611 68.1829 79.0785 70.7479 66.73 48.0219 44.7767 52.6644 51.2057 73.1293 84.278 56.3537 21.4691 21.92 39.5858 39.3506 86.8212 11.6059 45.8358 84.7735 82.4965 85.467 95.0936 82.7735 60.8673 20.4396 63.2133 95.028 88.9044 20.2702 57.1984 56.4876 73.88 55.1051 87.2464 102.251 85.9792 63.5127 65.5381 70.7593 66.9794 92.8713 68.9772 103.24 42.49 95.4025 83.5433 74.5012 30.6433
32.1861 27.5056 29.6096 26.8155 29.7089 28.606 13.3502 14.0134 12.0674 11.0438 12.0691 10.017 8.94243 8.10759 10.4836 8.41737 7.94326 6.6045 12.1365 12.7827 11.7841 10.7001 21.2975 21.5422 19.211 21.3392 14.5403 15.7623 15.8716 13.7917 81.8204 77.0404 72.422 79.532 76.8036 72.0064 75.0361 70.7859 52.2471 49.08 45.1439 44.2511 50.0814 46.6491 49.8614 49.1107 59.665 60.0869 60.229 61.7729 52.6262 52.0411 56.319 55.004 68.9707 64.0664 73.0997 63.4756 49.5548 45.4424 46.1805 42.7477 76.507 67.421 63.5364 67.2425 66.068 64.4871 66.7135 59.0887 82.7141 77.284 7.85231 6.03534 0 2.52731 42.1018 45.7859 119.657 108.376 58.9728 54.6617 54.8082 16.2648 39.2153 34.547 34.6491 29.8499 30.4827 30.1684 69.6061 71.2731 68.8535 71.0906 70.6886 69.805 65.5381 69.1206 47.4051 52.7593 50.6838 45.3439 53.0872 60.0342 53.1261 52.2531 43.8918 37.9714 40.0663 42.199 69.1412 65.6678 67.6978 79.6328 60.77 51.0137 50.038 54.9726 67.9763 69.6803 62.6768 62.1083 104.321 100.733 115.206 106.605 64.781 76.3752 73.7591 73.3897 48.8938 49.0513 50.2907 45.4535 66.6952 85.5979 61.1628 15.1395 18.9696 46.9171 44.0187 90.4456 9.52972 40.0332 90.2378 87.2567 88.9576 86.3053 82.8604 63.4143 17.2479 66.6288 87.2549 92.075 15.8111 57.8716 57.8486 71.7634 59.179 84.8074 98.2711 96.5435 71.605 73.2439 79.124 77.0424 105.137 55.7515 107.453 41.2714 90.6614 86.5547 72.2051 28.0583
35.37 31.0045 32.4395 29.8986 34.7209 32.6236 14.2742 14.0887 13.2501 13.0032 11.6623 10.574 10.8946 8.91739 10.2582 7.77461 7.3765 5.89189 12.003 9.99018 10.189 9.51731 24.1049 20.6036 21.2931 20.3551 17.5019 16.6887 17.4725 18.8086 73.2668 81.7021 72.955 81.4675 68.5305 72.9158 66.9281 79.6231 53.7839 53.4667 47.9119 49.2559 49.9916 52.5488 52.5568 43.1781 63.2173 67.2221 64.888 58.0005 58.524 57.6589 58.7886 63.7692 73.6305 67.7247 75.0278 68.63 51.4442 45.7123 41.7861 46.524 70.8119 72.5067 71.118 71.4181 71.8735 64.8503 59.9154 60.5865 81.241 84.7213 9.93309 8.33491 2.52731 0 43.2158 47.8762 123.533 114.68 54.9815 53.2464 57.4139 12.6828 42.8753 33.0347 32.6489 32.2326 36.2144 31.1319 70.2166 70.5404 70.9499 75.9787 65.8062 63.5965 65.1403 61.8655 48.797 47.2247 47.6353 47.1887 65.9526 53.4538 59.3404 55.8932 38.9834 45.2212 41.1597 39.4406 74.8956 80.8029 73.4434 77.7768 55.5589 57.2448 54.1271 52.9717 67.5862 72.2876 65.2008 60.2597 117.913 98.9529 118.014 106.541 65.6564 70.2407 73.0991 67.2765 57.4149 56.4962 47.908 55.7282 78.3888 93.0955 71.6365 11.7998 20.4986 45.1923 45.9689 89.9776 8.52695 38.4483 91.6945 86.7783 92.0263 98.7735 83.375 73.6392 19.7583 67.0364 101.214 106.529 13.1522 57.2303 53.6879 81.3537 64.3625 91.5193 100.852 92.6208 72.0839 74.3835 77.9072 81.4607 108.273 65.0344 101.862 34.9495 82.6972 91.5651 74.8647 24.6323
43.2234 40.3764 43.8247 47.1647 47.5841 40.8614 34.5324 37.8836 38.5811 40.8079 34.3676 38.9009 40.8405 42.8094 36.2888 40.6915 36.3732 40.2781 35.9015 36.8049 39.4345 41.438 50.2318 52.0488 49.6114 57.5098 50.1124 53.9922 51.1507 53.093 91.3448 91.9533 94.2895 103.068 83.438 83.6341 85.2828 95.1081 16.6986 18.0724 18.1605 16.1297 11.9598 12.0521 13.0246 12.0863 72.9464 77.9238 82.0825 76.2786 80.2578 70.1529 80.8816 75.8946 85.6212 81.9144 78.1768 80.1896 33.9156 32.8281 38.8585 33.4306 55.0281 46.3205 50.6805 53.0759 22.2482 20.0906 17.9505 18.8436 91.819 80.8169 53.3245 52.7087 42.1018 43.2158 0 2.76758 95.8025 102.623 68.699 67.876 13.0135 53.0076 51.0002 27.2352 35.2689 34.1266 31.7432 32.8578 31.2526 28.1568 28.4551 29.3858 33.7561 30.5395 29.0832 31.1943 48.315 46.0227 50.3431 49.0866 71.6402 71.0483 74.4399 78.8847 52.3364 61.0711 61.0124 57.4933 97.0913 84.2441 85.5146 99.0748 23.8212 20.9366 24.4744 21.5 46.5144 49.1989 49.2315 48.0405 85.2386 80.5782 85.2956 84.5249 27.0561 25.0725 26.833 25.369 43.4873 47.8709 46.7933 43.2054 67.5855 70.0101 75.7948 30.7271 27.0596 69.1008 52.6574 95.9773 37.7052 7.91782 43.9219 85.6426 75.576 63.0761 40.4437 53.7034 31.5546 65.7921 69.192 83.0309 36.0421 36.8347 38.6101 31.8526 72.7155 60.5944 66.9048 66.8908 81.074 48.0337 86.7394 47.1479 81.1401 16.2158 88.6295 24.0941 43.2182 40.6066 63.2967 23.688
42.4485 44.6953 42.2546 41.2744 43.864 38.5294 40.7327 41.654 38.2294 45.5768 36.2786 34.3943 38.8315 43.9117 37.1162 39.6158 40.1133 41.1871 35.4053 36.7961 37.2435 41.4365 55.8261 54.4963 60.8598 54.9113 47.6662 56.9204 50.8894 54.8041 104.277 98.3839 107.022 96.5013 97.2954 84.5697 101.83 87.7989 19.4486 21.732 19.0626 20.8026 16.123 15.2476 15.2997 15.4873 80.764 76.583 77.0753 90.4219 83.3965 80.1148 82.1848 77.4889 74.6372 84.543 77.5281 87.6725 42.507 35.0808 36.4955 36.0364 54.1091 48.9083 58.9315 56.2588 20.3488 20.4883 19.7624 17.0891 98.223 89.2319 47.5932 49.9125 45.7859 47.8762 2.76758 0 96.2633 105.475 66.4393 70.2914 16.6997 48.7583 50.7876 28.4997 38.6647 33.3651 33.6291 36.4053 29.8836 30.4618 31.6814 31.9869 37.1516 32.4458 34.5413 33.9449 52.7722 53.2904 56.3624 48.7728 79.4843 78.9023 76.8712 72.8863 57.6788 54.4136 62.6932 55.2881 92.4331 90.3429 93.8774 89.4587 26.5569 23.1527 26.6882 25.0015 52.5383 51.1043 53.8646 45.6007 82.4812 83.1543 88.9136 82.2099 29.9528 29.257 27.6344 29.3479 49.4585 45.5591 53.6045 45.7369 71.5193 78.0409 76.5873 31.4689 27.9503 65.9408 51.0924 82.5714 36.0882 10.5527 49.8083 82.8868 76.0413 63.6157 36.5929 59.0584 28.0369 63.427 63.4569 78.9082 36.518 46.4664 34.8127 34.8962 71.6093 63.8943 67.2444 67.5294 83.3289 50.2605 94.5177 52.883 80.3375 15.3385 81.832 24.4797 48.476 47.199 66.9962 26.0163
91.3277 89.2256 90.6255 85.4949 86.6447 79.0576 91.6846 106.411 101.191 98.1523 95.7349 107.468 115.075 114.023 100.222 103.65 109.316 118.134 111.453 120.77 114.619 115.839 105.461 92.2553 95.0315 106.882 100.802 106.12 95.7357 114.336 78.2734 70.158 75.4993 79.8448 74.9328 76.3632 80.1013 83.6769 77.9726 85.4649 78.0365 76.3828 88.0997 91.4735 82.4377 85.8907 75.1178 74.0148 81.0333 78.3172 80.6774 74.5749 78.3206 77.802 54.0046 50.5422 52.4131 60.6422 63.4393 74.4539 77.8138 72.1172 44.3277 47.5077 51.2719 52.2775 90.0942 98.8042 89.4623 89.3424 57.4558 59.6439 100.126 106.844 119.657 123.533 95.8025 96.2633 0 2.78958 61.0588 67.8094 86.2541 122.614 75.1849 79.5527 75.0769 83.6531 80.8394 75.6322 68.6725 79.2054 71.3268 80.4418 66.5164 74.7216 73.424 72.0842 61.9409 66.8349 64.2749 63.2265 67.4276 78.2728 74.0783 74.7907 83.4833 76.9744 78.0672 73.0806 74.8653 74.7854 73.2444 80.66 68.522 78.333 73.3529 80.0668 52.0362 46.8935 52.6348 48.4427 10.8499 10.9627 10.1412 11.7205 76.0898 80.3269 79.7828 84.1088 56.666 58.8814 59.6813 65.2695 48.1308 23.4811 55.2384 111.262 107.423 81.5974 73.241 49.0799 109.094 92.7833 61.5832 36.1761 21.2364 42.5817 95.6348 43.8375 97.0587 45.0585 43.6952 14.731 120.917 60.2393 69.6072 75.0187 60.5746 30.6848 26.6297 37.2275 68.4901 52.575 51.4619 49.7465 19.3155 84.4758 20.0302 76.0268 67.0972 67.9535 37.1758 84.572
87.982 83.0875 75.9311 86.9817 73.7842 86.8803 95.2666 90.9794 96.7261 104.14 111.657 102.66 111.444 107.616 117.974 98.4071 101.749 111.91 121.703 117.306 111.377 114.079 96.4523 89.1197 95.4141 110.523 102.946 104.434 108.942 94.0061 69.9175 72.3153 76.7066 77.0794 79.8007 78.5842 80.1563 85.8092 78.3691 84.4493 82.9589 84.6378 88.5045 74.2442 86.8313 82.6934 68.8183 76.7845 77.386 82.1432 80.6918 81.5847 73.7458 79.7687 55.6869 56.0599 55.9566 53.005 73.8972 73.8869 73.773 69.0687 41.2729 45.6478 43.0118 47.4385 86.5862 94.413 96.7276 92.0157 56.5962 57.5767 112.278 101.28 108.376 114.68 102.623 105.475 2.78958 0 64.1522 69.3423 88.4116 122.289 83.9064 87.5397 85.7152 87.698 85.3587 85.2549 67.5646 69.9106 71.8085 79.8035 64.7086 60.4003 66.0209 66.4783 65.8541 68.5337 66.073 66.2985 65.6087 67.2755 72.0398 77.2519 71.8466 84.2566 80.1354 79.7983 84.4559 76.3313 78.8036 85.8551 77.0528 72.5139 76.9931 68.4106 50.9557 54.1409 52.579 51.7953 7.88931 9.93799 9.35835 9.81698 75.6215 78.5653 73.9066 82.5141 60.9376 59.2088 66.8801 56.798 42.1123 24.7521 54.0382 107.829 92.0792 87.568 71.9816 45.9152 95.3254 80.6903 59.3363 37.054 17.8119 40.2276 83.2552 48.4548 92.4263 43.0365 41.3104 13.904 117.27 59.0653 59.8505 65.7791 62.4978 26.6333 24.6827 30.988 77.6386 49.6748 59.0838 43.0687 19.7507 85.6166 17.2871 87.2995 66.495 68.8357 29.9535 87.5565
27.637 29.7189 31.8661 29.0169 27.3841 31.7567 50.5542 49.3547 43.136 43.3393 53.454 52.1927 52.7893 51.2119 60.4946 54.8845 60.2728 64.2535 69.0694 66.9163 65.5042 68.9045 36.0474 35.4998 36.8421 37.1113 41.9896 39.3108 45.2075 45.3273 29.004 28.0972 25.8099 28.2251 24.3947 23.1703 23.4901 23.2208 54.7266 57.3226 58.0054 58.5477 65.0102 64.6105 63.7372 53.7832 12.2574 12.5244 14.1702 17.5357 11.1248 12.6557 12.6856 14.2688 17.3148 14.9059 15.3893 13.316 35.1632 35.7661 31.1502 32.537 43.1233 44.7485 38.9016 40.3591 81.3633 89.3091 76.3793 80.3843 21.7576 20.0939 48.3058 50.9403 58.9728 54.9815 68.699 66.4393 61.0588 64.1522 0 2.71281 73.1403 77.224 20.5449 39.5591 32.9691 34.3379 33.4298 33.1732 69.5674 65.7535 71.8346 75.6842 56.6976 61.4997 65.7709 55.7938 18.3615 20.5551 19.8295 19.6064 6.14799 6.93513 8.30054 7.93608 15.8222 17.1596 16.3555 17.8941 25.2712 28.6549 29.8333 26.0101 59.3513 60.2252 58.2643 52.9266 39.4206 36.0865 38.7004 40.9577 65.7255 63.1617 58.0995 66.6014 65.9394 74.795 76.0952 73.6563 24.5413 25.1015 21.0881 23.964 17.8649 48.8908 9.68826 59.9694 52.5155 14.9392 18.2177 28.8376 53.2809 58.9019 67.7546 29.04 50.3861 70.0496 91.2076 35.1541 52.3959 28.6711 69.1928 47.9709 67.1761 33.6825 39.6388 69.4548 6.88144 47.3604 52.0337 66.3781 14.4892 44.4048 21.7907 46.8835 65.8137 76.254 59.3493 47.5265 79.1871 82.2107 31.7209 51.4896
26.9309 28.3314 26.9476 26.76 25.7883 29.1929 45.7473 40.0857 44.0442 48.0767 48.7079 46.153 52.0575 52.1297 55.9632 57.6712 56.8841 51.2245 62.7252 56.8006 61.4765 62.7131 38.0262 35.9163 39.3587 39.1416 39.9492 38.8669 41.6965 45.1545 29.7201 32.5467 32.4491 30.5957 22.5411 26.7742 24.3194 27.4744 58.9517 51.8108 52.4136 50.4737 59.1867 55.3428 57.1408 53.4091 13.2445 15.7983 16.3075 16.3837 10.2913 12.0979 13.2671 16.015 16.6298 16.5246 15.646 13.2257 33.0739 30.9255 26.6898 33.5264 40.2755 39.6967 40.1705 35.6894 84.6363 85.493 75.2404 74.627 24.9357 21.4849 46.0867 50.0536 54.6617 53.2464 67.876 70.2914 67.8094 69.3423 2.71281 0 70.4357 65.8938 16.4397 39.8662 35.3794 33.4853 34.9397 36.4226 70.0012 67.505 64.0002 65.1071 60.9292 56.8614 55.1894 53.4102 15.6556 18.4292 15.9089 18.1645 7.80627 6.86329 9.7552 8.31059 14.8085 16.3612 14.0659 14.4509 27.7089 25.9007 28.0088 27.0108 54.9268 57.6257 52.6468 56.4264 35.8654 35.3417 35.7583 33.1931 70.4139 64.5277 67.232 67.4502 68.4879 75.5414 73.7588 72.5971 21.3069 21.1692 18.6426 19.8721 20.7856 42.248 10.8877 57.8261 52.8337 12.1327 15.0298 29.3821 51.5226 56.1024 62.2951 31.4193 51.321 70.2116 87.2918 34.2474 47.432 29.5003 73.26 50.8687 62.685 35.7238 36.9174 70.5934 8.51474 44.747 51.1984 65.845 16.0836 43.89 23.5673 51.2045 66.3928 66.6176 68.2293 41.1503 74.0241 75.7565 34.7664 44.8963
49.8651 43.7151 50.6353 43.2182 51.67 41.5056 42.5504 51.5301 52.6603 54.7606 46.1158 50.8116 47.0915 51.4526 50.8551 52.3514 53.8623 53.7968 51.7247 47.1501 50.8984 49.8824 56.4289 54.856 64.8555 57.9027 60.4538 56.5555 61.5321 64.2053 102.671 88.2848 104.639 95.6335 97.1654 85.5327 96.7761 90.8176 11.9441 11.8265 12.716 12.4705 6.30968 7.99604 9.89719 9.44744 87.0686 81.5285 84.0746 75.603 69.1744 73.283 81.7594 70.7488 77.4001 69.683 80.3004 75.448 33.361 32.3466 34.7321 32.7449 43.1702 37.7879 39.2854 37.7534 13.5994 15.7528 12.0958 14.2578 79.3916 81.0597 66.4445 57.4977 54.8082 57.4139 13.0135 16.6997 86.2541 88.4116 73.1403 70.4357 0 70.2593 57.3008 30.551 38.9232 32.9994 37.4306 39.6944 14.5608 16.0266 15.3507 12.7202 20.3625 18.2427 17.8328 17.7663 53.0624 45.5311 44.7001 48.8387 75.207 68.2852 68.9729 75.4509 58.8371 59.161 54.3607 65.0115 101.635 84.5976 91.1645 98.3545 14.9385 13.1446 12.8126 12.0957 41.9959 37.057 42.3441 40.2334 71.5483 81.766 78.6218 70.0883 13.9625 13.7691 12.5358 12.0609 41.2319 39.9328 48.873 41.7199 58.6127 67.3723 62.7618 44.9538 36.6439 77.0865 55.7029 91.8475 53.0947 16.3942 35.7278 78.0324 59.228 53.5828 29.6666 43.5755 43.15 58.0738 55.159 81.659 47.1215 33.6392 28.1118 19.4984 65.2727 61.3599 55.1593 58.1543 75.9491 37.0068 83.6283 38.2518 68.8461 7.59025 64.1684 26.2173 33.4041 26.1923 56.101 34.6089
44.9796 43.8048 43.7268 41.3694 43.5572 43.6248 30.504 26.2264 28.8283 28.5799 24.828 21.5547 20.999 22.4552 17.9957 15.8861 17.5781 16.3797 15.4379 15.1535 12.3708 12.919 33.0699 34.1019 33.7659 34.0647 29.4254 29.0962 27.51 27.8488 94.7895 85.45 87.6231 97.6646 86.7317 84.966 84.8706 86.3527 64.6213 60.5998 55.6566 54.0138 64.0637 59.677 59.4442 59.0059 73.9677 73.2972 77.8053 73.8599 76.1115 71.9657 67.5864 76.2994 87.7599 80.9722 90.8892 93.3191 60.9583 58.2209 52.1826 55.2269 88.7675 89.3437 88.3797 73.6309 66.6762 75.4549 74.3113 71.4288 89.4245 99.069 23.9118 19.0467 16.2648 12.6828 53.0076 48.7583 122.614 122.289 77.224 65.8938 70.2593 0 53.7647 44.252 47.3091 48.2036 45.4267 44.8024 77.9832 72.5473 83.2201 69.9233 81.4528 70.2239 80.8753 74.8115 63.7977 70.6187 61.7396 58.3655 79.2207 66.338 68.6796 74.0911 52.8495 53.3644 55.0174 50.8647 85.5976 80.3665 79.8111 80.39 63.1625 69.1414 63.6631 58.0495 83.6775 85.3244 84.9654 78.2754 120.103 110.055 127.665 110.349 79.8795 76.9556 83.0526 76.7097 69.0837 60.1486 67.8507 66.2665 77.8229 110.721 80.7317 19.2641 27.5592 60.37 61.3734 101.189 22.4277 46.3019 93.0747 94.2543 102.442 109.403 89.719 73.6368 25.9886 83.3491 103.468 102.386 16.2278 75.1375 62.6964 79.8393 83.8894 109.174 96.7169 107.409 82.829 89.1335 99.5617 81.7277 119.405 72.3731 113.069 50.4391 103.6 100.715 97.8998 36.2145
10.9562 11.1693 11.4266 11.3632 9.04136 15.3143 25.1458 28.6109 28.1646 29.8345 31.411 31.5893 31.7077 29.9012 37.3058 42.4863 42.3925 41.884 42.4 42.8232 48.3941 43.4924 17.827 21.6236 20.6335 20.6562 24.2363 23.8349 22.8484 24.9772 45.48 40.2849 45.733 41.1751 39.4458 35.2743 38.9772 35.8358 44.848 42.9357 43.0439 39.2079 49.394 51.5351 50.0851 47.308 25.9657 28.4334 25.629 30.73 21.0158 23.3741 23.7636 22.3693 33.2158 33.8529 34.7919 30.3425 24.4066 26.5039 20.3709 23.5904 48.2295 47.0922 42.2812 38.7994 73.0207 67.6494 72.2303 69.7885 45.2147 38.5913 32.5902 35.6224 39.2153 42.8753 51.0002 50.7876 75.1849 83.9064 20.5449 16.4397 57.3008 53.7647 0 26.059 19.8491 21.605 21.5044 21.0459 56.8248 63.1077 68.0767 64.0129 61.2115 56.9224 59.5973 54.875 16.9839 18.1111 16.4073 17.4931 23.3012 21.2683 19.9026 20.5722 3.58664 2.22157 3.5579 2.96427 38.8909 44.4164 38.2206 44.4247 50.4825 44.2705 44.5252 44.478 41.4657 40.4508 39.519 41.2212 71.7642 71.6206 75.7794 81.6511 60.1523 69.5219 62.0444 69.9439 21.2579 21.6798 20.5292 19.0004 35.8918 59.6572 29.7349 44.7092 36.49 14.9565 7.9138 46.5627 33.3831 43.6215 68.5412 46.8376 60.7481 77.0346 89.6609 40.0067 37.087 39.6322 69.982 62.8279 44.0585 35.7492 34.4167 68.1338 26.5004 56.5732 62.6088 69.1458 32.4065 43.3833 40.8267 50.2442 78.5667 64.4624 76.6598 33.9078 77.1683 73.2319 50.8051 29.4841
17.1506 15.7595 15.9049 17.0634 17.1992 14.0572 19.0668 20.028 21.7975 22.7668 21.9617 22.7855 26.3709 27.5886 30.8447 28.7178 27.7033 34.7297 32.4358 32.3192 35.7685 34.7613 28.3726 30.9486 31.3012 34.7697 30.9559 30.9919 28.5665 32.56 65.9663 70.7117 62.4412 69.464 56.8561 62.3066 58.0981 59.6418 22.4471 22.2837 19.4846 17.0434 23.8833 21.6133 20.3676 22.9705 53.2074 52.3076 55.4586 53.4112 48.1021 44.4424 52.1852 48.4434 47.9679 49.1812 52.1989 54.6849 13.0854 11.6106 11.8153 8.79019 36.8536 38.8364 33.1747 32.4772 41.0381 45.9081 43.1176 44.1469 68.3481 58.0979 38.1427 32.8128 34.547 33.0347 27.2352 28.4997 79.5527 87.5397 39.5591 39.8662 30.551 44.252 26.059 0 5.44895 4.44874 5.57603 5.50579 37.1953 42.3947 40.927 37.6086 37.7051 37.7782 35.7937 34.7294 26.9931 25.0038 25.0799 23.4631 41.3898 45.9083 41.5724 47.3834 30.9817 27.9086 27.2848 26.2101 68.519 59.4641 66.4639 66.788 25.11 24.7988 22.4164 23.0578 34.624 30.1496 33.6719 28.6262 81.4141 74.6101 77.8847 74.3608 41.3999 44.3169 43.931 38.5526 20.6738 23.5861 22.9151 23.0676 44.2147 56.7656 40.7429 33.7385 20.3321 38.8745 22.7313 63.9055 24.0079 20.9633 49.5021 55.2999 59.6722 56.6193 54.5851 36.8474 21.103 39.4396 62.9452 66.6663 30.3833 26.1448 21.241 43.3473 39.5627 55.4191 63.4118 64.8225 49.6654 33.1975 56.5304 41.7058 66.3827 36.9795 77.6587 5.86631 52.7469 53.0237 53.9931 11.8341
11.8707 12.6474 11.0422 10.8329 10.5379 9.62328 18.7007 21.5722 22.3273 25.0469 23.4551 23.9967 22.2643 27.3253 29.7443 30.4777 29.7229 32.23 33.4073 36.5109 35.0823 34.1418 25.3537 26.6509 30.0023 31.8551 24.3216 27.3327 25.6218 29.397 59.0184 56.6287 60.9034 57.334 54.4795 58.9698 57.618 54.2841 26.7819 24.5459 23.5007 21.8454 26.7901 26.7141 29.8242 24.7436 49.6536 48.4748 46.4239 48.2859 44.3367 44.5775 43.3566 44.5087 51.1436 50.1306 46.8319 49.0295 12.5046 10.3613 10.057 9.25249 40.0614 33.4518 37.8506 31.9908 44.3214 48.8783 46.4917 48.4629 60.1012 53.5738 31.6567 36.2324 34.6491 32.6489 35.2689 38.6647 75.0769 85.7152 32.9691 35.3794 38.9232 47.3091 19.8491 5.44895 0 1.0224 0.913364 1.3048 43.3392 49.0221 44.894 39.9766 40.9148 38.1951 39.6583 36.1556 22.7931 21.8455 23.1767 18.1354 42.1633 36.6967 39.7802 37.1427 23.994 22.5059 25.7184 24.3676 57.4382 59.3412 57.3998 66.5153 27.7745 26.2428 24.9831 26.4242 29.0877 32.1151 28.4526 28.5416 78.2919 71.6985 69.5563 66.9954 42.7883 42.9166 45.6197 42.598 19.3424 20.2315 21.2375 18.5674 43.7012 55.7207 39.3262 31.1675 21.0818 38.1193 18.5635 55.9924 26.2435 26.3577 54.2013 56.9347 62.5748 63.8792 63.9414 34.5274 20.8046 36.7453 61.5718 61.1819 30.5818 24.4733 23.3344 44.4113 37.8968 48.4795 55.7993 54.5268 47.2103 32.5612 60.4383 39.3195 64.174 38.5061 70.6834 10.9438 58.2426 56.3183 47.5768 15.3252
12.5687 13.5065 11.5931 12.7585 13.4146 8.75971 18.1129 22.0342 21.5082 22.5492 23.3615 25.1526 24.8697 24.2996 29.0509 29.6752 29.0401 30.9748 33.0443 32.2941 30.9922 33.9945 27.3697 25.4677 30.5645 29.2106 24.0467 25.1642 25.527 30.4283 59.9954 66.6944 62.9307 64.8184 58.4347 57.5219 58.9771 57.6535 26.5263 24.0324 23.0565 21.1923 31.3033 28.5976 26.3032 23.0781 47.2522 49.9663 46.1133 51.2631 43.9797 41.6439 40.0739 39.7237 51.9458 45.4965 47.2501 44.4278 11.6603 10.7806 10.5283 9.92994 38.5054 40.1849 37.7134 38.1656 46.0915 54.5111 43.0661 49.3175 56.7243 57.4262 35.1952 33.9018 29.8499 32.2326 34.1266 33.3651 83.6531 87.698 34.3379 33.4853 32.9994 48.2036 21.605 4.44874 1.0224 0 1.45268 0.960142 40.0076 46.211 40.209 42.128 36.0304 42.4437 41.4441 36.6473 23.6273 20.3825 20.1218 21.4626 44.1969 43.9999 43.8669 43.8118 23.1625 24.9146 23.3901 24.8018 57.5566 60.8615 61.3163 62.4832 29.0504 28.9204 27.9439 27.2333 31.0506 29.7214 28.9268 30.6364 78.3039 74.1511 73.2839 74.3155 45.6283 47.9174 42.9807 46.7492 21.1467 21.3128 20.9545 19.4784 43.2154 55.0333 42.7309 28.9166 20.4837 34.1597 19.516 56.7574 24.5559 23.2584 47.9757 55.9333 67.3532 61.9009 63.9092 35.399 18.6919 39.4109 64.8344 71.1035 31.144 26.2523 20.6916 43.85 39.9643 52.816 66.8083 57.6692 47.9669 35.6294 54.7137 36.47 70.5136 44.7604 69.6231 10.484 51.5633 57.0166 48.4929 13.1071
12.1789 10.5581 10.6206 9.73667 10.2481 7.66671 18.3311 19.0037 20.9354 22.2229 20.3435 21.8206 22.6317 25.2256 27.3149 31.6151 27.5205 33.8183 33.8692 36.1597 31.5557 33.6585 27.177 28.6622 29.337 29.4598 24.8996 26.2853 28.5414 31.3602 60.0057 65.5777 58.0368 68.8599 53.0459 59.0101 57.7403 60.1246 27.2844 24.8956 22.4404 21.5311 27.6582 30.6109 28.6302 28.9145 46.8709 43.7846 46.6742 48.7182 44.7617 42.0669 46.0448 42.4476 51.1145 50.1927 49.7674 49.7983 14.3189 12.7616 10.3402 9.98548 40.644 37.8272 37.8663 32.8376 51.8393 51.7682 51.0454 52.9834 59.7573 58.2976 32.5882 31.4626 30.4827 36.2144 31.7432 33.6291 80.8394 85.3587 33.4298 34.9397 37.4306 45.4267 21.5044 5.57603 0.913364 1.45268 0 0.970282 43.0264 49.3499 40.1949 49.0971 40.3643 36.3742 41.5904 40.7644 22.5033 20.3801 22.4276 22.0468 36.9714 36.4028 42.8047 36.6591 24.2091 21.5489 25.9545 23.2311 64.5042 57.9692 64.6122 60.52 28.7712 27.4382 25.4029 25.7834 32.2857 31.949 33.459 29.6025 71.6303 79.2698 68.9176 70.7477 50.5222 43.2532 42.6141 49.7927 21.4023 21.2368 21.0907 19.2038 38.5233 59.3462 44.0363 31.1879 24.2747 34.4238 17.347 64.1321 22.9291 27.529 54.0133 59.4217 64.9895 63.9158 62.7312 32.0605 20.372 35.922 62.3234 67.4058 33.3066 22.7504 22.6752 53.6007 35.6911 51.8938 58.5359 57.7094 53.8336 39.8737 60.4583 40.5264 64.7853 42.8469 67.3809 11.628 59.5927 55.648 46.4412 12.9035
12.2694 12.699 11.9781 11.6667 11.0096 9.26242 18.8571 20.1871 21.3071 21.8605 22.0554 22.4293 24.6516 24.0698 24.8556 27.3682 29.2802 31.9086 34.5928 31.9017 34.5492 35.0386 24.5694 26.7028 28.3739 28.4899 26.909 24.0699 26.1528 31.2744 62.5282 62.6042 70.1251 62.1183 58.4881 52.8553 55.7414 58.5541 28.5381 25.155 26.5451 24.851 31.9714 28.2436 27.7019 26.9495 43.6128 44.5466 49.7718 46.2896 43.6539 38.475 42.6815 46.581 53.2396 48.7553 53.6248 49.1839 14.297 11.9912 12.6534 10.0938 35.5692 36.4684 35.4127 37.3805 53.7552 52.956 51.6708 45.7778 53.9942 62.4889 32.238 30.7796 30.1684 31.1319 32.8578 36.4053 75.6322 85.2549 33.1732 36.4226 39.6944 44.8024 21.0459 5.50579 1.3048 0.960142 0.970282 0 47.6393 45.5054 44.753 46.9369 40.0249 41.7303 39.6319 36.8099 21.2238 20.9717 24.2534 21.7021 40.3559 37.5125 41.6533 40.7012 24.2149 24.3036 24.6926 25.999 59.5253 57.9092 62.1918 66.8748 28.7094 26.1897 28.815 26.2914 34.7004 30.3707 32.4156 33.152 74.9342 73.7425 77.8106 76.5632 44.8099 46.3331 41.7395 45.268 21.571 19.3299 20.3593 19.5633 42.0889 56.7829 43.3603 29.4008 22.8748 31.6776 19.7926 61.044 24.0971 26.6327 58.0512 53.7736 64.2132 57.7379 68.9696 32.089 17.9392 36.8759 62.0124 71.6987 32.2978 26.2046 22.1667 53.3769 38.5497 50.5645 62.1671 66.0047 54.0779 37.5679 55.664 40.1705 70.9774 42.5565 74.6637 10.4923 56.5672 51.7116 50.694 13.4667
53.3725 58.0618 52.5946 60.8596 57.4851 49.6645 59.6487 61.5382 67.8088 57.0126 57.409 60.4308 59.8428 58.1865 60.2809 62.5355 58.8706 64.1127 61.7591 58.9262 70.5614 62.6214 63.8112 71.2977 76.9775 67.7431 67.2632 69.3497 68.6183 65.4815 87.3199 93.3875 104.839 91.8685 94.0405 96.3265 101.659 88.9901 20.069 20.8992 20.3669 25.0683 17.7308 22.4129 21.5561 23.5988 81.5342 87.4907 80.1402 81.3954 72.0584 72.1682 78.4106 76.1481 76.2803 72.6073 80.9188 69.9202 35.4269 40.1009 42.7458 36.3633 35.0524 37.4971 38.431 34.8192 17.1586 21.3876 20.886 22.8949 81.2826 85.9504 70.8888 74.2749 69.6061 70.2166 31.2526 29.8836 68.6725 67.5646 69.5674 70.0012 14.5608 77.9832 56.8248 37.1953 43.3392 40.0076 43.0264 47.6393 0 1.09991 1.06578 1.50011 9.19707 9.8193 10.3832 9.38716 53.3289 54.2904 56.8171 47.3018 70.0469 70.4402 79.3261 78.0793 70.3717 60.9076 67.8087 60.532 104.15 105.89 93.2928 101.089 16.654 18.5348 16.939 18.3021 34.5691 32.9016 40.1012 32.9858 71.2767 63.3422 70.8426 64.2902 2.99489 4.04513 3.21174 3.99123 51.3167 48.1866 52.0197 47.4355 64.9063 57.9189 73.3607 61.3533 50.8869 73.9992 58.7652 81.6275 63.195 28.1046 19.8518 81.4415 54.5581 35.5413 23.3901 39.3332 49.7802 54.9636 38.8793 61.6379 62.4603 32.3047 27.9451 5.00332 63.1459 50.1283 53.6361 45.4246 82.6445 29.915 87.8037 27.1801 49.9906 15.7148 61.4241 36.0863 14.6096 14.7495 53.3491 44.4974
59.2616 58.925 59.6157 55.3913 60.6329 55.8947 54.3678 54.6215 66.7069 67.337 59.8736 61.5848 64.9462 59.7456 63.6925 62.5243 63.7792 66.1167 56.701 69.6737 58.7692 69.0306 68.2096 68.7556 78.1038 69.4183 69.4414 64.84 65.2683 72.9587 101.028 93.1616 96.1317 90.9096 91.7661 94.1462 88.3846 101.506 17.9995 21.706 21.0845 22.9077 18.8644 19.1542 20.2416 23.5528 89.7843 81.583 89.5083 80.9336 77.446 79.0824 76.5665 78.1641 72.4147 78.1904 76.5557 68.6284 38.5128 36.8486 42.6547 43.824 36.5403 33.0272 41.2138 37.5542 16.0715 19.3746 16.5633 18.8543 85.8282 83.9747 78.6256 80.5798 71.2731 70.5404 28.1568 30.4618 79.2054 69.9106 65.7535 67.505 16.0266 72.5473 63.1077 42.3947 49.0221 46.211 49.3499 45.5054 1.09991 0 1.42827 1.04757 11.6037 9.30342 11.6927 10.7321 54.3979 50.4662 51.5735 52.9192 75.6323 72.4563 76.5908 79.2685 63.9512 61.4733 63.165 67.3718 94.8674 92.988 93.4703 95.2162 17.1329 16.5148 16.8278 18.4781 36.7892 36.306 35.1895 37.9591 64.9949 70.6578 59.4917 58.4222 2.12444 2.87519 2.38502 3.33837 45.6963 51.2591 51.1107 49.0804 59.3722 63.492 66.4382 59.0913 55.0571 73.3454 58.4696 87.3718 66.4732 28.5144 20.2616 81.45 55.9133 42.4722 20.8935 40.756 53.3421 58.2311 40.7604 71.6513 63.6289 32.0687 31.405 5.25139 62.0533 46.1032 50.682 44.7286 91.181 31.0494 74.4161 27.1838 52.5353 15.0996 59.7778 32.3789 17.717 15.357 52.785 41.9445
59.8294 52.6093 52.1417 55.9959 51.9206 57.2867 60.3602 56.7948 61.5791 67.7039 56.6129 60.5811 64.5891 57.072 61.2832 59.127 57.7111 60.2848 59.0232 58.949 69.9133 60.6201 63.8846 63.7947 69.7579 75.0032 67.5351 66.3206 63.3764 76.6541 90.0352 89.9277 100.666 92.2315 83.696 91.3111 89.9685 101.025 16.9295 19.9275 22.6314 22.2515 19.0093 21.0932 20.1951 22.3902 79.3285 82.3298 75.8078 84.5156 76.4013 77.5426 74.4802 74.766 73.8293 78.3731 77.3414 78.4994 34.9557 33.1174 43.4728 38.8051 39.9727 33.1089 40.8565 35.3504 18.7518 20.7585 20.5667 23.2018 84.4765 84.7634 79.3652 70.7318 68.8535 70.9499 28.4551 31.6814 71.3268 71.8085 71.8346 64.0002 15.3507 83.2201 68.0767 40.927 44.894 40.209 40.1949 44.753 1.06578 1.42827 0 1.02747 8.75012 9.16587 10.7535 9.70678 52.1403 51.2588 51.0231 47.7369 71.2546 70.9308 81.5385 79.0076 68.2401 57.9082 64.9845 70.9763 94.604 104.98 104.549 95.532 17.5863 15.7082 18.7027 15.8341 38.8696 38.0495 35.3475 33.4906 61.1655 60.3652 61.1941 66.1512 3.22228 3.76137 2.97913 4.30751 44.1487 43.1448 50.9418 46.7839 65.5378 53.1393 65.3921 55.1715 54.5279 81.163 55.5711 84.1673 64.6727 29.4741 19.7441 73.7708 49.1533 40.2187 20.1892 37.5323 56.5676 49.8232 36.0373 67.9791 61.2291 35.8864 30.6618 6.33076 64.9182 46.292 52.3506 46.3473 87.5778 26.3322 79.8686 29.8196 53.6428 15.6154 56.1606 37.3707 16.7619 14.2168 53.9699 46.4409
55.1913 53.0479 52.4887 55.3613 56.1824 52.5982 55.1905 59.3405 64.245 56.666 61.2156 57.5602 57.4133 61.1177 63.5032 61.7111 65.5336 58.3606 62.3272 67.1937 66.0647 68.1466 70.4406 72.9669 68.1973 80.1263 72.4324 73.2973 68.6271 69.7818 88.3314 92.5076 92.3944 92.588 89.5923 100.57 92.4385 86.5713 17.7057 18.8163 20.4191 23.3186 19.7751 19.2711 20.6247 20.6396 74.7559 89.6101 91.676 88.0125 83.0863 78.8765 87.3247 78.1633 79.9464 76.0497 79.0026 74.7603 41.3734 34.2934 44.2333 40.8457 38.3217 36.412 39.385 35.9936 15.4226 17.7106 17.3099 19.6421 81.7507 81.5011 76.3521 72.1685 71.0906 75.9787 29.3858 31.9869 80.4418 79.8035 75.6842 65.1071 12.7202 69.9233 64.0129 37.6086 39.9766 42.128 49.0971 46.9369 1.50011 1.04757 1.02747 0 10.419 8.88617 10.64 8.94508 49.4558 49.9854 50.9119 50.5376 79.6635 68.6486 83.1808 71.7075 69.3401 61.7753 68.1686 65.8982 103.005 90.1804 99.8882 87.747 15.5508 16.9272 16.2393 18.2993 33.5267 39.1169 39.0478 34.4358 60.2675 59.2077 71.3265 70.8669 1.95765 3.21512 2.20031 2.94755 50.9412 50.8243 46.5275 42.5146 68.7573 59.7593 72.4538 65.1914 46.5918 72.8234 57.0215 76.3387 55.126 31.129 21.2947 75.8949 58.3962 36.6974 22.6195 41.7558 47.6835 52.1468 40.1657 64.8243 65.4861 30.5953 28.129 5.61688 66.6263 48.7552 51.1392 43.8826 81.7403 30.0086 87.0572 31.3187 61.5546 15.5236 65.1415 33.9339 16.2177 15.7716 50.9813 44.3287
47.893 47.8529 52.4229 54.8737 44.6321 50.5909 60.167 60.6364 54.7945 55.6867 51.3404 62.5018 61.1628 56.0426 57.801 61.8607 66.4097 58.0848 64.6564 67.8634 64.9594 60.3077 61.0308 69.4125 66.0308 73.9155 60.3951 64.1305 63.6085 73.7585 89.2852 88.8116 94.1935 89.7384 88.2261 79.6196 88.3109 92.1398 16.7267 17.5867 19.4808 18.8165 21.4256 19.4393 23.1058 20.9348 67.2736 68.7208 75.2222 69.7458 72.3129 67.4575 66.344 73.2624 71.1964 68.0449 68.0399 61.6929 31.2185 32.099 31.9612 31.4089 26.7179 26.1459 25.4967 23.5038 24.4839 30.1076 25.7433 28.1142 84.0847 71.742 73.1195 69.9815 70.6886 65.8062 33.7561 37.1516 66.5164 64.7086 56.6976 60.9292 20.3625 81.4528 61.2115 37.7051 40.9148 36.0304 40.3643 40.0249 9.19707 11.6037 8.75012 10.419 0 1.06814 0.933893 1.38315 45.9804 45.6231 40.9239 44.7308 67.2481 62.1909 71.3494 63.0888 52.6312 61.7016 63.2679 62.2487 93.4156 91.5297 92.4671 94.1798 12.4964 12.5574 14.9498 12.8141 27.0051 23.923 26.1336 27.7237 62.3475 54.1553 52.7497 61.2584 13.6227 13.5206 11.7613 14.459 40.157 41.1155 40.6299 36.0571 57.0185 52.673 55.508 58.4358 50.2908 66.9136 51.091 73.9655 61.9973 28.4343 15.6693 69.7937 43.5632 30.3126 29.915 28.6983 54.9863 44.0401 31.8387 57.8974 60.3626 23.1967 18.9441 12.0739 59.0472 35.2146 42.6221 33.1392 80.319 18.7143 66.2062 17.8076 47.3632 21.3465 45.9281 32.5677 17.9174 18.4396 46.517 41.2878
53.8492 46.2644 51.4821 52.7032 46.3456 45.005 50.9682 54.2783 60.6632 61.2176 50.952 58.1244 55.9197 57.5936 54.8404 64.3867 64.4907 57.1681 57.0793 57.4282 60.1461 60.2615 67.5384 68.1664 63.9665 72.1308 61.1417 62.941 73.2662 71.2641 92.4803 86.9694 81.4695 88.1421 85.1327 87.6315 81.0002 80.0122 14.8857 18.5072 19.6156 18.2892 19.3943 20.6164 22.265 20.2153 78.8543 80.2356 76.1407 76 73.11 65.6523 75.9627 69.7254 63.9776 65.7677 74.4515 70.4533 31.8214 32.1532 31.6839 32.1332 27.0648 28.1615 29.1422 28.5431 26.1449 30.2508 26.7899 28.6632 85.3104 70.7328 71.7733 64.4418 69.805 63.5965 30.5395 32.4458 74.7216 60.4003 61.4997 56.8614 18.2427 70.2239 56.9224 37.7782 38.1951 42.4437 36.3742 41.7303 9.8193 9.30342 9.16587 8.88617 1.06814 0 1.51162 0.906772 39.9567 45.6778 44.1278 44.9511 72.638 65.1562 75.6342 67.6637 63.1388 61.008 54.1842 63.6209 84.9297 86.2174 83.6064 87.492 13.0081 13.271 13.9147 14.9161 27.0929 27.3651 29.5025 29.2314 57.8063 56.3427 58.5296 54.0719 12.2484 13.9126 12.4343 13.1633 40.4971 35.6882 42.9782 37.2586 49.165 46.4009 65.9253 56.4017 51.2793 74.5807 50.4801 79.8475 57.7163 29.4952 17.1336 67.8936 46.8186 32.1531 27.5358 33.1975 53.4828 40.5516 29.7064 57.3797 63.0635 23.7938 20.4681 11.5807 55.799 42.6172 38.6975 33.9805 72.0608 19.5312 72.8158 18.2842 48.0665 24.0689 50.5715 30.7665 19.0893 15.942 50.131 39.9291
53.2123 52.1992 49.0063 46.5052 51.9579 45.6043 57.0736 57.9035 61.3487 60.3416 59.9776 61.1752 53.7464 64.6258 62.0936 58.6306 56.1666 58.7388 54.8967 67.0692 64.4936 61.7162 66.9862 64.0675 60.7849 64.0395 64.6633 60.0094 68.3744 70.3924 89.0844 94.1474 86.1799 92.9004 83.4928 76.8626 79.4298 82.9241 17.0587 16.8082 19.3049 19.1409 20.0944 21.1982 23.0045 21.8072 75.5322 80.8734 80.5393 78.7125 65.6754 77.603 67.6934 79.2948 64.6184 65.7559 72.1484 70.3244 30.0671 32.1982 35.2878 34.2245 29.9905 23.5429 27.3975 24.444 25.1863 29.4551 24.6622 31.3388 75.0883 82.242 65.8648 63.8628 65.5381 65.1403 29.0832 34.5413 73.424 66.0209 65.7709 55.1894 17.8328 80.8753 59.5973 35.7937 39.6583 41.4441 41.5904 39.6319 10.3832 11.6927 10.7535 10.64 0.933893 1.51162 0 1.05947 44.2019 44.3067 45.498 45.7567 69.8666 71.8186 66.1551 66.1144 51.628 60.1045 62.4332 58.5426 80.8955 85.6258 90.5622 88.7105 12.6322 10.9874 13.7495 14.03 27.5049 25.2202 26.6767 24.7166 61.4084 55.4606 58.1385 51.1614 11.9058 14.4741 11.9839 14.2333 34.7681 36.0749 40.379 34.089 56.4518 51.6707 59.3662 53.7339 51.9862 70.2335 48.8432 74.4896 63.38 31.5014 15.9284 69.8274 45.6667 29.5157 30.758 30.896 52.7607 38.7113 31.334 58.015 64.9074 24.2729 18.0675 13.1643 61.2978 36.8019 40.5295 33.6067 71.0194 19.6696 73.4457 18.4844 49.7993 23.7049 49.9153 32.5661 19.049 20.1346 45.6179 44.7224
46.8125 44.6521 47.9306 53.5306 43.3204 48.0447 53.1316 54.2745 57.5422 61.5782 57.4501 59.8885 57.3063 59.567 56.0568 60.2095 65.4102 65.6863 58.3365 57.8087 65.4633 67.4343 69.6774 68.0869 66.1756 65.259 62.5966 68.3051 62.5497 72.2873 79.88 90.8882 90.6429 87.5281 78.9271 85.6251 84.3714 93.8181 15.4197 17.8697 18.4356 17.5109 18.1415 20.5413 18.3994 20.8587 79.6873 68.472 72.1675 78.8857 67.4304 71.2982 76.1428 77.8081 65.2344 62.8952 69.8163 69.0306 27.9911 31.5421 34.5231 32.3287 30.7924 24.4959 26.3629 28.5956 26.1076 27.627 26.1704 29.1966 75.8452 78.0429 75.1657 62.7783 69.1206 61.8655 31.1943 33.9449 72.0842 66.4783 55.7938 53.4102 17.7663 74.8115 54.875 34.7294 36.1556 36.6473 40.7644 36.8099 9.38716 10.7321 9.70678 8.94508 1.38315 0.906772 1.05947 0 43.2526 42.231 46.5869 43.485 68.0227 60.3146 70.1281 73.9727 62.154 53.4368 56.8131 57.4829 93.5412 82.1759 86.5997 90.2647 11.2913 12.1952 13.6756 13.3618 29.3165 27.6017 27.6024 28.1767 55.719 61.4012 59.5521 60.3991 13.1895 14.1102 12.3689 12.3667 40.4704 34.1431 41.6094 41.4907 56.4318 49.1278 66.1705 56.1163 50.4733 72.8934 52.6669 75.474 59.3002 25.9492 18.3461 70.9132 46.0337 33.5289 30.0418 30.4299 52.7446 39.6504 32.8012 54.9099 63.9174 24.0983 21.2143 11.5266 56.7392 42.709 40.8666 39.3436 71.6884 17.3567 76.2737 21.3809 52.5647 24.2676 53.0279 27.7847 18.3716 17.446 41.5666 38.9536
19.0335 21.4596 21.147 21.3924 19.0605 21.8324 40.0801 34.7827 40.8888 43.2995 43.476 44.779 41.5052 43.0516 48.6384 49.9787 53.2599 46.6442 58.0289 57.1835 51.8263 59.9152 36.6658 35.5315 37.1999 39.4469 39.2948 39.5977 43.5274 39.3693 44.4496 46.4385 43.5556 49.3217 38.7991 44.1865 44.3528 44.3356 37.7091 34.6588 34.5223 38.7358 46.1783 38.6417 44.9636 42.5971 34.2367 32.5648 35.8334 35.5763 30.5478 30.6874 30.5298 33.1888 28.9998 26.8205 29.011 28.8029 15.1298 17.224 13.7762 14.7128 26.7285 23.6952 24.8642 21.4127 63.2396 61.1821 59.9946 67.8938 38.4421 35.3515 45.6419 48.8376 47.4051 48.797 48.315 52.7722 61.9409 65.8541 18.3615 15.6556 53.0624 63.7977 16.9839 26.9931 22.7931 23.6273 22.5033 21.2238 53.3289 54.3979 52.1403 49.4558 45.9804 39.9567 44.2019 43.2526 0 0.927835 1.05681 1.2905 25.2766 25.7441 28.3872 27.8181 16.6776 18.298 19.569 18.7554 49.1919 49.1801 43.9346 46.3465 37.9912 37.4497 34.3892 33.8254 20.4573 23.2291 20.9664 19.7543 63.5989 54.0691 59.0321 51.3855 56.4764 52.9295 52.1776 56.3302 4.24656 4.49327 3.62161 3.82502 19.7925 38.4242 20.0425 55.9444 43.4605 24.2152 10.7947 36.0751 43.2357 40.697 51.7952 32.9431 47.6404 56.9796 77.7629 19.2423 44.4287 19.0505 52.3623 44.5687 57.8708 19.1522 21.2876 52.521 16.7746 42.3171 44.6377 51.6169 33.8692 29.802 33.226 35.2541 52.204 55.7168 59.6798 27.0154 61.0734 57.9074 29.5776 34.7619
18.7501 21.3877 20.0218 22.8716 17.8648 19.742 33.6879 34.5673 36.7558 42.5384 39.919 39.3699 40.8923 43.5571 48.9991 46.5396 51.6981 48.4273 48.4186 53.2206 53.6131 55.6298 34.4329 35.2107 36.4307 41.3409 35.4255 40.2668 39.843 40.2607 46.1561 43.2459 48.0639 51.7739 45.5544 42.915 40.4561 45.0858 39.437 37.8013 35.329 33.8422 40.1281 40.1943 40.4662 41.4903 34.4848 32.02 36.2236 37.7693 30.3383 29.2049 32.9087 34.7209 31.0021 29.5423 32.6119 28.0986 13.9648 16.9015 13.0859 16.1524 26.4996 26.552 24.416 23.3425 60.9222 60.7054 64.2916 62.6591 37.4808 34.4196 44.0027 47.2792 52.7593 47.2247 46.0227 53.2904 66.8349 68.5337 20.5551 18.4292 45.5311 70.6187 18.1111 25.0038 21.8455 20.3825 20.3801 20.9717 54.2904 50.4662 51.2588 49.9854 45.6231 45.6778 44.3067 42.231 0.927835 0 1.43279 1.00453 24.0086 25.5742 25.3657 24.1874 19.1944 19.3593 17.6245 19.9073 48.5324 44.6134 51.5191 49.8909 34.3417 39.1286 32.7186 34.6441 19.2588 20.1032 21.1685 20.8521 56.6857 60.6038 56.8113 59.504 55.9798 56.9592 48.8318 54.8323 3.60565 4.556 2.72894 3.44019 21.3414 39.8548 20.7418 49.6238 40.1779 28.6444 9.73186 40.2475 40.46 40.2179 53.2625 38.5265 45.663 55.4143 67.8982 22.5067 39.7979 18.7483 57.1637 49.8305 48.1717 18.1145 20.0643 56.3568 20.5347 37.7181 46.5843 50.1678 34.6427 30.2081 38.3478 33.8266 56.1361 58.1804 53.5743 24.7626 53.6375 53.6004 30.4555 32.7284
21.2163 19.057 22.7148 23.6774 18.2961 21.4705 37.3895 40.2958 38.466 39.5807 38.2212 40.7445 43.3958 46.1896 47.2015 45.478 51.771 53.4099 50.3048 56.5822 57.455 54.6749 35.8073 33.2064 34.4559 35.9702 35.3803 39.7118 41.9008 38.1414 46.2192 47.1013 48.3611 50.762 39.0863 41.5082 42.1882 40.8035 37.8596 38.8358 37.1837 36.3553 45.0725 40.0526 43.5345 42.9874 27.8682 30.8536 32.8021 30.921 24.5624 29.7761 26.5115 32.3109 28.5174 28.3832 29.0106 26.7925 13.5144 15.8226 13.5268 15.2362 25.1843 29.9495 23.2743 22.714 58.3001 66.0032 55.4663 68.0398 43.0802 37.0086 47.6561 47.482 50.6838 47.6353 50.3431 56.3624 64.2749 66.073 19.8295 15.9089 44.7001 61.7396 16.4073 25.0799 23.1767 20.1218 22.4276 24.2534 56.8171 51.5735 51.0231 50.9119 40.9239 44.1278 45.498 46.5869 1.05681 1.43279 0 1.08011 24.8336 21.8517 26.8503 26.0506 17.8951 18.8061 17.1545 18.658 48.0805 47.3325 46.8634 43.0895 33.5093 35.9651 36.8103 34.9434 21.8074 21.1987 21.8068 19.9551 58.8082 58.5967 52.9055 54.1368 54.1719 49.6076 54.2666 51.4814 5.45337 5.89531 3.9479 4.95357 22.5443 40.2065 21.5663 49.7199 42.3582 27.3093 9.72322 38.8893 40.6032 43.2293 52.3501 34.4497 45.1009 48.3391 80.1828 22.0252 37.8887 22.6204 58.3659 51.0201 58.0962 21.3081 20.7815 53.7995 19.7914 40.4997 42.8979 48.5429 32.6333 32.6072 34.9853 31.5731 52.1973 58.9376 56.8417 29.0198 54.5765 64.4105 29.2434 34.838
20.1982 20.1463 18.5798 21.5706 17.6828 20.9164 36.8361 34.4678 37.0861 36.2521 42.9709 45.1468 41.4011 38.5589 51.7222 44.2979 50.7656 50.842 56.0049 51.3751 51.0182 49.4444 34.1218 38.0932 38.8752 41.0341 38.7203 36.8732 35.9689 43.8904 47.8132 50.5775 52.0545 44.6291 42.8178 45.3246 46.3417 41.0822 40.7374 35.7503 33.9095 38.8548 37.9552 43.1704 42.1719 37.9063 32.6367 30.9669 32.2676 33.6682 28.2793 28.7728 31.8005 28.2247 26.6137 24.5123 31.6873 27.1216 13.8531 15.8682 12.9563 13.8578 27.8857 28.959 26.8304 23.4464 56.8977 69.7379 64.2283 68.2478 41.6821 35.1961 42.4716 45.4983 45.3439 47.1887 49.0866 48.7728 63.2265 66.2985 19.6064 18.1645 48.8387 58.3655 17.4931 23.4631 18.1354 21.4626 22.0468 21.7021 47.3018 52.9192 47.7369 50.5376 44.7308 44.9511 45.7567 43.485 1.2905 1.00453 1.08011 0 23.1888 22.8458 27.531 25.8111 18.1821 18.5717 18.3755 18.9618 41.8145 43.0089 43.1545 50.2521 39.0718 39.4815 33.6531 37.9221 23.696 22.6493 20.4327 23.2053 64.5215 62.4166 59.9786 52.8775 48.9717 54.0601 56.0485 58.4021 4.19524 5.21446 3.39126 4.53023 24.4577 41.1647 19.7909 54.9445 39.3536 27.4784 8.94338 37.5462 40.1689 38.2654 54.5627 39.6896 47.123 55.6787 77.7944 20.943 37.0736 20.5644 56.4491 47.3386 49.6784 20.0106 21.3019 58.7339 17.9332 38.8374 47.0724 49.3953 35.7731 30.504 36.5759 33.2665 51.4268 56.255 60.2705 26.9352 57.1892 59.715 31.8715 34.7526
34.6885 31.9225 30.4065 31.687 32.8943 34.1289 51.3371 48.0989 52.1874 44.0825 57.4311 49.634 54.3301 56.2247 61.1384 65.8036 56.8099 54.6518 59.5826 59.6852 72.2483 64.6441 38.8651 36.8097 41.2463 42.6928 45.9444 40.6804 41.9971 46.5071 21.5326 20.9753 24.2876 24.3139 16.6806 18.2772 19.5403 20.595 59.9878 61.9382 66.041 59.0009 72.0315 70.5445 64.0438 69.9582 6.92303 7.186 7.55121 9.9723 3.93913 5.27775 6.81519 7.60975 16.0824 15.249 17.2565 13.9293 41.7997 36.6577 34.9288 41.6077 44.5139 50.1001 49.6352 49.3352 84.8284 86.3443 88.5198 78.2706 23.1075 19.6458 50.651 49.3966 53.0872 65.9526 71.6402 79.4843 67.4276 65.6087 6.14799 7.80627 75.207 79.2207 23.3012 41.3898 42.1633 44.1969 36.9714 40.3559 70.0469 75.6323 71.2546 79.6635 67.2481 72.638 69.8666 68.0227 25.2766 24.0086 24.8336 23.1888 0 1.07471 1.06269 1.36643 18.9914 20.858 19.2268 19.8521 21.0928 19.674 22.1403 21.5337 63.5506 64.1696 55.8195 66.8867 48.4533 44.7892 47.4397 43.8405 67.4052 70.7507 70.7181 72.1482 80.9147 77.9929 70.2792 74.5313 30.8945 32.8036 28.8489 28.6969 24.4757 46.6318 12.243 70.6174 65.0363 10.1895 21.3899 28.6255 58.7589 58.9264 78.9819 34.889 55.1642 76.4591 98.622 45.0218 61.4041 31.2821 82.4046 58.1305 61.0723 44.5957 47.9631 82.7781 12.2357 55.3729 60.3462 64.3462 9.50031 58.9766 22.2794 59.8228 65.9998 73.8038 66.9148 45.4588 76.1351 76.9589 43.6007 52.3081
28.3874 30.1429 34.1901 33.1473 29.3788 35.0877 44.0627 42.9883 48.6345 49.1839 54.1601 54.3315 56.626 54.9849 58.579 58.2624 63.8499 63.477 58.4317 69.1026 66.4583 60.0704 37.3834 38.3165 38.0771 42.1666 44.819 42.483 44.2781 44.7301 21.586 23.8056 22.6553 25.2915 19.3135 18.415 19.1691 20.7984 58.3125 63.1759 65.8564 60.9662 60.6878 60.8579 67.2662 62.8397 6.64732 7.2814 8.4661 9.57895 4.45987 4.91979 6.32849 7.24112 17.2261 18.4515 17.0258 13.8768 37.0715 42.0942 33.0129 41.4205 44.0888 46.8887 40.9022 44.7309 81.1795 94.3458 87.7814 85.9014 24.0922 18.904 51.233 47.7602 60.0342 53.4538 71.0483 78.9023 78.2728 67.2755 6.93513 6.86329 68.2852 66.338 21.2683 45.9083 36.6967 43.9999 36.4028 37.5125 70.4402 72.4563 70.9308 68.6486 62.1909 65.1562 71.8186 60.3146 25.7441 25.5742 21.8517 22.8458 1.07471 0 1.38244 0.978427 18.3844 17.7775 16.694 18.7934 23.6929 22.707 22.9229 20.8327 64.1692 58.6815 56.7647 54.4995 47.1621 41.3604 40.9608 45.815 65.8098 75.6039 72.9248 65.9294 83.1196 74.8371 73.793 74.5769 28.7808 30.5903 28.1929 31.3461 25.6536 46.3654 13.4898 68.2084 60.8805 10.4756 20.0545 29.006 52.3229 62.3681 76.0512 36.9142 62.2219 75.3623 93.5898 45.5024 52.2775 34.4079 71.2735 60.8535 67.0594 41.1193 48.7086 70.948 14.1786 60.9211 58.805 68.68 10.5042 52.4502 21.5248 50.9137 71.6406 74.4483 64.9435 51.6496 76.8839 75.3866 40.466 49.5761
30.3802 30.7979 31.0013 32.3387 32.3409 36.9022 52.4465 50.5596 49.725 44.2278 48.0138 55.4521 54.4314 56.8947 64.136 56.9431 62.7711 62.4806 71.1301 70.3906 67.4546 68.0295 34.0229 37.2819 36.9734 40.417 42.319 40.91 40.7155 41.4042 21.7829 22.1334 20.6686 24.4239 17.8627 15.5795 18.6516 16.9909 59.4315 62.2056 56.5341 56.7339 71.2837 71.9003 71.4737 59.1854 5.53845 5.9791 8.19265 8.27389 2.80175 4.40938 5.16938 6.84683 19.3131 17.5564 16.1785 14.9348 36.7212 43.8192 34.7338 39.5291 46.7993 48.8034 48.3815 48.4075 92.9748 89.693 77.1644 81.6547 20.7866 19.3629 48.2623 51.2444 53.1261 59.3404 74.4399 76.8712 74.0783 72.0398 8.30054 9.7552 68.9729 68.6796 19.9026 41.5724 39.7802 43.8669 42.8047 41.6533 79.3261 76.5908 81.5385 83.1808 71.3494 75.6342 66.1551 70.1281 28.3872 25.3657 26.8503 27.531 1.06269 1.38244 0 0.916846 16.8512 20.4033 19.1116 18.687 19.3502 18.6785 22.4567 19.796 65.8372 62.2028 56.2183 58.8566 44.1038 42.4848 44.805 45.1585 64.6354 65.1715 70.0444 70.0592 71.4157 75.0713 72.8631 80.394 31.5257 33.8414 28.3994 32.5387 28.5194 55.5902 14.8494 70.47 64.9295 11.6368 21.2942 31.3759 54.8131 60.5176 74.1733 32.297 64.7622 76.5041 97.4893 41.0864 51.0653 35.3233 70.6182 55.6576 67.3251 42.9555 44.1535 75.8944 12.9512 52.2516 58.4746 72.4875 9.39664 51.8083 24.2082 61.0908 71.6403 76.9958 65.1948 53.7819 87.0377 93.2485 38.6021 49.0112
28.7456 29.4153 29.9469 31.692 32.3271 33.2056 45.6188 44.0172 48.9601 47.2381 56.3289 54.7198 48.794 54.4119 55.6905 58.5167 62.7498 56.9114 70.0271 67.4675 64.9622 69.781 37.9052 35.938 41.0338 37.0634 44.475 40.4375 44.0122 39.7215 22.7472 22.8461 24.2925 22.9882 18.5494 17.9523 17.5129 19.8818 59.1145 58.4407 62.2604 53.9145 60.3 62.1683 69.0569 68.0054 6.09722 7.13989 7.86451 9.06564 3.12091 4.14666 5.37122 7.09812 19.7962 18.407 17.8224 15.0995 41.5623 41.1884 39.7912 42.4606 51.0974 45.5255 43.1576 46.2516 94.3846 96.4296 88.5284 91.1644 23.7195 19.3274 54.5706 48.9289 52.2531 55.8932 78.8847 72.8863 74.7907 77.2519 7.93608 8.31059 75.4509 74.0911 20.5722 47.3834 37.1427 43.8118 36.6591 40.7012 78.0793 79.2685 79.0076 71.7075 63.0888 67.6637 66.1144 73.9727 27.8181 24.1874 26.0506 25.8111 1.36643 0.978427 0.916846 0 18.0933 18.2629 18.7041 19.6641 19.6029 19.0053 20.9104 23.1074 62.0225 60.8761 55.4518 61.5688 44.4738 49.3261 41.1824 45.1259 77.3934 73.3575 75.8996 67.3311 81.8861 85.9259 85.2937 85.2499 29.3637 28.8301 29.1837 27.838 26.9297 57.1825 13.446 64.3378 63.34 10.6768 20.6549 26.8061 55.2791 65.7393 78.3411 34.3971 57.8716 76.7437 100.324 40.656 55.1658 31.6286 85.0127 61.7514 64.2572 46.8728 48.3767 71.4449 13.9487 59.8607 58.1205 66.8582 9.49823 58.0122 25.045 55.7516 75.8959 84.9681 66.8686 48.916 88.1996 90.2548 43.6144 49.7036
13.005 13.0028 15.067 16.4145 13.5393 17.9562 27.3181 29.9361 31.6929 30.6721 32.946 35.6584 35.1993 38.6002 38.3994 41.833 41.9602 45.4638 46.7065 49.1794 49.428 48.2771 20.6497 22.9025 24.4089 22.1841 27.9536 26.1604 25.5402 26.9251 36.4088 41.5438 43.9134 43.1787 32.6195 32.3949 32.639 37.137 49.8869 47.3505 45.9271 50.1323 48.2019 47.1122 48.4788 52.1091 22.3248 26.0263 21.9179 24.0558 17.1016 20.2812 19.5665 18.586 30.0334 27.5369 34.5647 28.5055 28.9278 26.4259 24.8612 24.5656 47.8766 46.638 39.1344 44.0392 70.2869 79.6809 72.0318 79.4514 41.1735 38.853 37.8604 39.1659 43.8918 38.9834 52.3364 57.6788 83.4833 71.8466 15.8222 14.8085 58.8371 52.8495 3.58664 30.9817 23.994 23.1625 24.2091 24.2149 70.3717 63.9512 68.2401 69.3401 52.6312 63.1388 51.628 62.154 16.6776 19.1944 17.8951 18.1821 18.9914 18.3844 16.8512 18.0933 0 0.910192 0.972435 1.40317 37.2948 34.0924 34.9785 39.4415 45.0696 52.988 48.1775 47.2895 36.4384 39.8985 37.6348 42.1285 71.3075 72.1744 73.0032 81.3848 70.4161 72.1954 69.9871 65.1313 22.2532 22.6933 20.9251 21.542 29.9077 55.0716 23.8266 48.7743 43.0664 12.0676 7.77012 42.9309 41.011 50.5684 69.4584 41.896 66.4937 72.2904 79.8258 41.3346 38.3397 36.9156 74.245 64.554 51.4987 37.0734 35.6273 67.9891 23.1744 60.6362 66.6022 62.279 30.0841 47.1518 36.8492 50.999 74.0336 68.58 76.9875 34.1686 79.313 68.2082 46.8523 36.871
12.4334 13.9106 13.8666 14.2905 12.0565 16.3985 31.2746 26.0612 30.4057 29.3291 31.5276 33.9265 33.5969 35.394 44.3176 38.6104 37.4372 39.8715 49.8664 46.0243 44.5816 48.7357 18.8405 22.9637 20.357 22.0743 27.3468 26.6691 24.6119 24.4742 42.8511 40.7244 37.5485 39.4842 38.892 34.7691 32.7892 34.762 45.8245 42.5703 43.2711 49.3454 49.8225 51.2504 53.2932 51.2886 25.6869 24.5151 25.2953 27.4755 19.6764 17.9318 21.8267 21.5452 34.4545 29.6556 35.1312 30.2659 25.7661 29.6172 24.709 25.425 40.3671 42.0696 38.1078 43.3774 78.3 77.0627 63.8183 69.9117 43.4629 35.6812 32.1928 38.3046 37.9714 45.2212 61.0711 54.4136 76.9744 84.2566 17.1596 16.3612 59.161 53.3644 2.22157 27.9086 22.5059 24.9146 21.5489 24.3036 60.9076 61.4733 57.9082 61.7753 61.7016 61.008 60.1045 53.4368 18.298 19.3593 18.8061 18.5717 20.858 17.7775 20.4033 18.2629 0.910192 0 1.50569 0.904014 35.8792 36.4182 38.6042 39.7312 43.3916 43.7865 46.6265 46.1393 39.1735 38.7638 35.1924 40.8775 69.2022 73.3897 82.0782 75.1308 65.01 65.4629 68.5284 65.8267 20.1656 23.328 21.7133 21.078 35.9499 52.9315 27.3263 46.3489 36.6356 12.7822 8.28494 41.0665 39.3693 48.1699 74.5427 46.6371 58.3833 69.3852 83.1252 36.1908 34.576 39.2638 78.4351 64.6123 51.365 36.2539 39.564 74.9744 21.9271 62.0556 70.0772 68.4081 26.1413 50.9845 36.5017 51.5969 72.9747 69.3925 75.006 36.3139 79.5971 68.4755 46.8209 34.3311
13.7096 14.0345 16.0066 14.5691 13.4602 16.9303 29.7697 27.9346 29.8356 30.1557 35.6524 38.282 36.1005 34.4672 43.22 40.3265 39.8171 41.1524 48.506 43.4837 51.0563 43.4485 22.8969 19.9015 23.8951 21.3766 23.4256 28.5085 24.3686 27.3641 36.872 39.2247 43.8805 44.0741 33.5314 35.0781 38.3283 35.2719 48.9016 45.6626 50.1322 48.8377 52.5217 51.8388 47.8783 46.7531 21.4084 24.9654 24.9478 24.0916 17.813 18.9445 20.0289 17.9545 35.3555 29.7186 30.9477 27.3844 28.0486 27.4088 24.6707 23.8808 44.0572 44.0168 41.7393 38.9355 68.845 70.3228 64.2153 79.5478 37.4222 35.0986 32.5437 35.4645 40.0663 41.1597 61.0124 62.6932 78.0672 80.1354 16.3555 14.0659 54.3607 55.0174 3.5579 27.2848 25.7184 23.3901 25.9545 24.6926 67.8087 63.165 64.9845 68.1686 63.2679 54.1842 62.4332 56.8131 19.569 17.6245 17.1545 18.3755 19.2268 16.694 19.1116 18.7041 0.972435 1.50569 0 0.90139 40.3249 34.5439 41.1522 38.3851 53.7933 45.7892 50.7178 45.6007 36.8636 42.5544 42.9466 38.2606 78.0547 68.5091 68.0375 78.6566 70.2208 71.7254 67.111 71.1703 22.8278 22.424 20.197 23.2104 33.267 57.4758 26.1192 43.7975 44.9996 9.73177 8.8599 42.5931 34.7176 44.7536 76.0442 44.4709 58.9678 68.2801 89.3075 38.5959 37.0108 35.1088 70.0177 66.2901 50.1414 33.4701 39.8619 66.147 21.3715 58.8135 70.9928 75.0781 28.5085 46.7019 37.3003 50.3246 73.3041 61.8989 77.2295 34.6541 70.4132 73.9756 43.7359 37.6648
13.7094 12.0838 14.6875 15.771 11.523 16.839 28.9632 29.8022 27.8621 26.9461 32.3939 33.1886 36.2861 32.9311 38.3432 41.3009 41.3003 44.1641 41.7124 45.7745 46.8029 46.1295 21.5592 19.8994 20.0887 24.3701 26.6345 23.4091 23.8723 28.4063 42.7542 38.7759 44.616 44.1404 33.6856 32.8523 33.0245 38.1484 52.54 44.8054 47.6958 49.8784 50.929 49.3777 54.9961 53.6111 23.1091 25.8547 26.9591 23.9232 20.3089 20.0931 20.8422 18.1717 32.876 30.7695 30.229 29.2513 25.3231 27.363 23.3584 23.2708 44.7172 47.9761 43.3886 43.0849 66.737 69.1755 71.6813 72.6832 36.4026 35.4877 33.4208 37.944 42.199 39.4406 57.4933 55.2881 73.0806 79.7983 17.8941 14.4509 65.0115 50.8647 2.96427 26.2101 24.3676 24.8018 23.2311 25.999 60.532 67.3718 70.9763 65.8982 62.2487 63.6209 58.5426 57.4829 18.7554 19.9073 18.658 18.9618 19.8521 18.7934 18.687 19.6641 1.40317 0.904014 0.90139 0 42.5008 36.2268 37.3173 39.8296 48.0116 46.5483 43.5922 43.5005 44.0811 38.5053 38.6896 36.4889 71.1782 77.2637 76.0803 71.5412 60.9894 66.835 70.5302 67.4049 22.9768 24.0465 20.9326 21.7292 33.3529 60.6953 27.0209 42.0012 42.4854 12.1723 8.405 41.7537 39.1923 45.2615 63.1163 50.6992 62.8066 66.3737 86.3033 39.736 37.1532 34.8523 80.4481 66.8768 48.3039 35.8158 38.8528 70.6346 22.3036 55.7373 68.2783 68.5632 26.9001 53.3376 41.056 56.5312 74.7953 62.7244 72.7326 36.315 69.0382 76.3996 46.4632 36.9879
54.9536 56.0171 51.2282 49.3732 47.7582 56.4671 60.6118 62.0723 66.5789 65.4451 66.2387 73.8059 69.6543 70.8348 74.1561 76.2043 77.58 81.1543 80.8157 85.2343 85.6438 76.33 49.0481 49.587 57.393 53.3219 59.5636 59.2385 64.9561 56.5826 5.47272 4.52353 3.4505 3.16911 5.3 4.45468 3.12487 2.56561 84.5666 84.4863 76.213 78.4627 94.8632 81.1693 78.5548 88.6848 14.1944 14.0606 15.2538 13.4341 18.1953 20.3503 18.7355 19.2027 26.4342 25.0524 21.6805 26.5527 58.174 62.2407 63.7917 61.0269 66.5285 69.3658 65.2017 60.792 115.114 109.125 104.847 112.66 18.2383 18.3199 68.2729 73.4724 69.1412 74.8956 97.0913 92.4331 74.8653 84.4559 25.2712 27.7089 101.635 85.5976 38.8909 68.519 57.4382 57.5566 64.5042 59.5253 104.15 94.8674 94.604 103.005 93.4156 84.9297 80.8955 93.5412 49.1919 48.5324 48.0805 41.8145 21.0928 23.6929 19.3502 19.6029 37.2948 35.8792 40.3249 42.5008 0 1.01481 0.97079 1.40902 78.4771 80.7487 76.4461 79.0361 68.482 66.8114 62.105 64.1569 86.02 75.0564 78.2855 79.2876 98.6059 98.2314 96.4727 108.669 53.1761 47.772 49.3001 45.6974 40.205 62.8498 27.6593 86.062 84.0584 25.725 47.2567 31.6434 79.5709 87.2936 98.2403 40.2337 80.6011 88.1606 116.144 59.4725 76.7498 51.5869 85.3576 69.2031 84.9744 67.0066 61.8206 91.2001 29.4038 75.4807 77.8151 85.2093 11.0521 67.7974 22.9189 75.904 89.0613 107.943 84.0429 77.3885 109.927 96.8432 52.1846 72.4828
49.5313 50.485 48.9485 51.7194 44.7641 53.3209 60.4815 70.136 61.6853 63.8678 66.3351 74.3976 65.9526 65.7924 72.3973 77.2448 69.9102 82.0424 85.6289 83.3029 76.8995 79.9596 52.2032 49.5106 50.2286 49.3689 53.3613 54.2332 62.325 57.5042 6.0705 4.95971 4.84948 4.47056 4.50055 3.77256 2.51935 1.67248 90.2109 81.8203 80.6055 75.5872 94.5902 92.5798 93.8433 87.2685 13.6251 13.5947 13.9484 13.3056 18.934 20.1366 16.7847 18.9052 24.4373 27.4623 22.0336 24.2338 56.2926 65.7204 55.0697 54.2686 64.4423 68.4126 65.101 60.155 99.0493 109.605 113.007 100.726 17.6733 18.8685 63.7445 67.0344 65.6678 80.8029 84.2441 90.3429 74.7854 76.3313 28.6549 25.9007 84.5976 80.3665 44.4164 59.4641 59.3412 60.8615 57.9692 57.9092 105.89 92.988 104.98 90.1804 91.5297 86.2174 85.6258 82.1759 49.1801 44.6134 47.3325 43.0089 19.674 22.707 18.6785 19.0053 34.0924 36.4182 34.5439 36.2268 1.01481 0 1.35673 1.05352 73.0751 81.9672 80.4582 84.1767 63.1567 64.8532 56.3323 66.8836 83.9152 85.1359 75.7715 83.3297 102.903 92.2089 102.484 102.819 52.2209 55.1391 45.6757 44.9057 41.2247 65.9831 27.899 77.3583 78.7444 27.5544 46.7417 29.0265 74.4968 88.7038 95.0551 42.8088 81.6192 81.9221 123.994 60.7621 80.5245 52.3028 90.0658 71.1122 89.9848 61.7511 70.933 93.572 27.5777 67.3853 76.7642 87.3838 10.3253 78.147 25.6888 80.5041 76.8339 95.7134 87.2569 65.9637 103.971 99.8923 55.6916 68.4838
49.8837 55.2405 50.2984 52.4656 49.3166 60.4013 67.8052 70.1218 66.0442 69.0939 78.3684 78.7275 73.8048 69.902 83.383 82.0516 73.8324 76.3485 78.2314 85.9661 75.0487 88.4859 57.4029 54.9925 50.7331 55.3949 55.4098 54.906 64.1882 59.8086 5.97989 5.2055 4.18792 3.54124 6.45737 5.56531 4.20905 3.0812 75.7431 76.5448 87.7845 87.1818 93.2345 84.4648 86.4678 91.5816 15.894 15.2882 15.1067 13.2509 19.5729 18.5462 20.9932 17.4085 29.4752 29.4744 26.5233 24.717 55.9626 61.1968 61.7552 58.6855 60.423 65.8398 62.0994 64.0824 103.244 108.591 97.5825 103.892 18.548 16.5487 62.9682 75.0074 67.6978 73.4434 85.5146 93.8774 73.2444 78.8036 29.8333 28.0088 91.1645 79.8111 38.2206 66.4639 57.3998 61.3163 64.6122 62.1918 93.2928 93.4703 104.549 99.8882 92.4671 83.6064 90.5622 86.5997 43.9346 51.5191 46.8634 43.1545 22.1403 22.9229 22.4567 20.9104 34.9785 38.6042 41.1522 37.3173 0.97079 1.35673 0 0.902305 89.2425 87.7662 87.0289 88.5329 60.2426 61.3807 67.6323 66.4327 81.1302 84.8609 74.0907 76.828 105.147 99.822 95.4595 98.8504 52.0333 50.9927 47.8029 50.7503 43.2452 64.0908 28.2605 89.754 82.2651 28.3047 48.3322 29.8427 78.2375 95.234 89.0655 40.752 73.7318 99.2171 130.948 60.5271 72.2537 53.5942 103.139 62.105 86.9075 59.5544 73.8724 91.5503 33.6549 77.8648 82.982 77.4575 12.6956 70.3611 23.8451 73.0803 90.4737 110.735 88.0884 65.11 104.585 95.9844 54.1209 71.5346
53.4399 55.2567 54.2731 48.596 47.693 58.1384 59.1103 61.2704 62.4952 61.7515 76.5532 71.9631 73.1129 68.895 73.0974 79.6566 79.87 72.6255 80.4283 76.6748 76.3059 79.6937 50.1236 54.7424 51.8285 55.7005 54.3326 63.8761 58.3086 58.4489 6.38476 6.59466 5.34075 4.86739 5.68605 4.37227 3.23497 2.24644 91.2517 82.7822 77.096 82.0667 79.8455 84.3984 88.8873 83.5006 13.9954 13.9879 13.1826 12.7533 17.5273 18.5093 17.6615 19.5806 26.9435 26.9259 26.3402 25.4824 64.0344 58.5013 53.3792 63.5512 69.3665 73.9184 64.7159 69.4275 113.993 98.9656 116.277 117.17 19.623 17.4906 63.3296 69.0703 79.6328 77.7768 99.0748 89.4587 80.66 85.8551 26.0101 27.0108 98.3545 80.39 44.4247 66.788 66.5153 62.4832 60.52 66.8748 101.089 95.2162 95.532 87.747 94.1798 87.492 88.7105 90.2647 46.3465 49.8909 43.0895 50.2521 21.5337 20.8327 19.796 23.1074 39.4415 39.7312 38.3851 39.8296 1.40902 1.05352 0.902305 0 84.8369 82.2861 83.0651 81.1289 58.5056 66.1036 65.4073 64.8062 86.1913 83.8167 84.6657 76.8391 104.855 94.6439 103.441 95.9926 51.8477 48.3084 52.0169 47.5874 36.6388 70.1784 28.3161 88.8089 77.9564 24.3277 46.4617 31.4118 68.4767 92.9871 88.3014 41.7488 75.9945 93.9898 113.118 58.8115 74.4131 53.1852 99.3788 68.9241 81.6459 66.3435 62.1326 90.9442 33.0189 66.6691 84.8181 92.3661 11.947 68.1181 23.1758 79.8921 80.9201 109.582 85.2835 67.251 106.883 98.6388 61.0104 70.3703
41.7043 40.4181 39.7227 38.5572 37.1748 35.1979 44.2538 42.2843 46.497 46.257 39.3358 42.6019 42.6063 50.5138 47.15 50.3426 46.5875 51.2098 50.5676 49.4701 46.4365 51.7679 55.7521 56.3791 56.5613 61.2823 51.1394 56.329 56.3336 53.7721 77.0685 74.0575 90.674 83.5428 76.3613 71.0609 76.5984 78.6527 4.93203 5.55059 7.10937 8.19572 9.33368 10.9478 10.8409 11.5907 72.7604 61.4768 64.8635 66.0867 68.9946 68.7194 59.3368 61.7036 68.9396 64.7111 69.9035 65.2717 23.8071 20.7631 26.6451 24.9913 31.0266 25.0564 28.4328 25.5335 23.8361 26.02 27.5416 26.2291 71.7154 77.5055 62.7999 57.623 60.77 55.5589 23.8212 26.5569 68.522 77.0528 59.3513 54.9268 14.9385 63.1625 50.4825 25.11 27.7745 29.0504 28.7712 28.7094 16.654 17.1329 17.5863 15.5508 12.4964 13.0081 12.6322 11.2913 37.9912 34.3417 33.5093 39.0718 63.5506 64.1692 65.8372 62.0225 45.0696 43.3916 53.7933 48.0116 78.4771 73.0751 89.2425 84.8369 0 0.957239 0.987233 1.29578 26.2729 22.8896 25.248 24.3511 62.0371 69.942 59.0251 64.2604 17.3861 20.5872 16.0367 17.21 32.3169 31.9704 32.8642 31.2259 51.0576 54.9413 51.3822 46.9494 33.633 59.8913 37.4235 66.6462 45.4117 19.3975 29.5253 63.7781 51.1449 45.3517 35.7099 33.0325 36.6216 39.9948 40.2564 59.8926 47.648 20.3147 14.1321 22.0298 58.3336 41.1847 47.4059 41.2739 63.3242 24.0316 74.5552 25.6385 52.1633 19.5534 60.574 19.7307 31.7647 28.7585 47.2172 27.776
41.2488 42.0297 42.2104 42.0069 40.0607 36.4095 41.5315 39.873 41.7176 48.7715 40.4606 40.8797 45.3651 42.6052 49.5462 45.0541 52.0455 52.7758 49.0079 53.7438 46.2069 51.6454 51.6121 51.8399 54.8628 56.9148 56.0671 56.655 52.4331 57.6706 86.1515 85.2575 87.6195 79.2782 84.9682 76.1291 71.8592 78.2399 3.95104 4.68163 6.0378 6.95569 9.60426 10.14 10.829 11.1103 64.1853 62.8183 64.8403 71.0741 68.2539 67.4253 69.0083 68.3479 64.8343 63.9262 65.6298 58.4832 24.4349 19.2518 24.2796 21.6941 27.8676 27.7134 31.9243 26.9988 26.5614 26.2147 24.3281 27.1745 74.7807 76.7029 54.3011 52.8008 51.0137 57.2448 20.9366 23.1527 78.333 72.5139 60.2252 57.6257 13.1446 69.1414 44.2705 24.7988 26.2428 28.9204 27.4382 26.1897 18.5348 16.5148 15.7082 16.9272 12.5574 13.271 10.9874 12.1952 37.4497 39.1286 35.9651 39.4815 64.1696 58.6815 62.2028 60.8761 52.988 43.7865 45.7892 46.5483 80.7487 81.9672 87.7662 82.2861 0.957239 0 1.46097 1.04481 25.0101 27.2393 28.1756 27.0272 63.0044 63.6779 59.8651 69.0886 18.2806 17.3293 18.776 17.9595 30.623 30.5461 32.6568 30.9956 47.6427 49.0461 51.7433 46.5283 39.6465 58.8569 39.7912 67.6167 44.5984 16.5225 28.5799 66.6262 56.2253 40.3185 38.4989 31.7605 40.8205 43.3933 42.6062 61.404 49.6006 19.8682 17.2005 21.7717 50.5524 42.3858 53.1379 47.1171 71.1253 24.3578 70.3898 24.2641 61.0815 18.5869 65.2929 19.9542 31.8841 26.7866 50.387 28.0164
38.1846 41.6218 38.5679 39.9295 36.6596 37.8427 37.7159 40.5205 48.2062 46.5524 38.273 47.212 48.454 50.6736 45.5214 51.861 52.7302 47.5511 43.8642 44.842 48.8087 55.316 47.5867 52.0429 51.6874 53.4628 49.5147 51.1218 51.6078 55.7347 85.1807 74.1058 89.7987 76.1078 80.5106 76.5208 78.5049 84.7366 4.14264 5.22148 6.19846 7.31264 8.99078 9.40992 10.4263 10.1857 63.8766 63.1138 74.4781 67.9285 56.4677 60.7352 59.2795 68.2182 60.2289 63.481 60.3295 65.8931 20.4132 18.8017 24.8157 19.9987 30.0324 25.8121 32.5883 25.9171 26.3895 27.6277 26.2606 30.3967 71.6229 71.1027 54.0321 61.1811 50.038 54.1271 24.4744 26.6882 73.3529 76.9931 58.2643 52.6468 12.8126 63.6631 44.5252 22.4164 24.9831 27.9439 25.4029 28.815 16.939 16.8278 18.7027 16.2393 14.9498 13.9147 13.7495 13.6756 34.3892 32.7186 36.8103 33.6531 55.8195 56.7647 56.2183 55.4518 48.1775 46.6265 50.7178 43.5922 76.4461 80.4582 87.0289 83.0651 0.987233 1.46097 0 1.07816 28.277 26.1597 23.9499 25.8921 69.4427 64.0838 70.0124 64.058 19.2465 20.7399 19.434 20.5331 33.3755 31.2923 31.0751 31.6997 51.2314 48.1256 54.5958 43.8217 33.2349 62.9616 38.6775 74.5854 47.8552 19.5569 26.6886 60.8027 54.6167 45.3093 40.3558 30.6595 37.4686 40.286 39.8913 59.5283 42.9025 18.8115 14.2791 24.5864 53.0106 45.7636 47.1905 47.822 67.0331 22.5549 65.604 27.3662 55.1683 19.9118 61.7289 18.0007 29.0726 28.9754 47.0194 29.8812
39.4089 34.7203 39.8547 35.6668 40.7957 39.1361 44.9851 42.6697 46.3512 45.4625 43.9645 42.9809 48.5014 41.9845 45.1492 45.2445 45.0623 53.2911 47.6822 51.1869 47.7662 47.9403 48.321 50.1902 59.8624 52.5839 50.7613 49.2218 54.4038 52.8136 79.3686 80.8465 80.5522 80.8605 70.3573 74.2349 75.3618 81.9969 3.56737 4.13915 5.12032 6.28989 9.04378 9.44747 9.88658 9.921 68.7173 70.197 73.7862 74.9255 64.9339 57.6438 61.0803 69.7794 58.1082 56.2099 62.2424 64.2721 20.9829 19.8709 26.3183 23.392 31.7699 27.4612 32.4809 28.7947 26.0027 26.0309 24.7385 27.9924 74.1758 70.6455 55.6198 60.6453 54.9726 52.9717 21.5 25.0015 80.0668 68.4106 52.9266 56.4264 12.0957 58.0495 44.478 23.0578 26.4242 27.2333 25.7834 26.2914 18.3021 18.4781 15.8341 18.2993 12.8141 14.9161 14.03 13.3618 33.8254 34.6441 34.9434 37.9221 66.8867 54.4995 58.8566 61.5688 47.2895 46.1393 45.6007 43.5005 79.0361 84.1767 88.5329 81.1289 1.29578 1.04481 1.07816 0 28.8936 26.6662 27.0272 27.4454 66.7928 65.9862 68.5743 69.7481 19.5261 17.9999 16.9584 18.1994 33.0397 30.2559 29.7893 31.0721 47.0986 49.6579 58.7613 48.3865 39.3767 56.8696 36.8376 74.0681 48.2494 18.0002 27.0834 66.8462 52.4443 42.1303 40.4648 32.788 35.293 45.4516 46.4617 61.4874 44.0029 21.7859 14.5396 23.818 53.3457 42.174 54.1168 46.4636 73.8376 24.5887 73.2345 23.555 55.9308 18.6412 62.6242 16.8154 29.0514 32.0855 44.9141 25.4168
37.0324 42.086 41.9116 37.7381 33.9621 40.7076 50.1028 52.3025 56.8442 56.6297 59.2485 52.6309 59.1397 56.6569 57.6201 60.0406 62.372 57.3091 68.3228 61.2237 61.7142 65.7758 55.1543 60.0219 61.9225 59.787 60.7387 57.8557 62.9343 64.6638 56.5289 68.6602 59.6078 68.0056 59.9731 56.3753 61.7474 60.008 27.395 29.22 29.191 33.8011 35.283 32.4124 36.1557 39.4969 53.3358 51.8967 52.2465 55.2691 48.5349 50.7995 52.9193 47.5282 38.766 40.2856 39.1431 38.7915 19.4322 23.098 23.9184 24.9373 5.91648 5.18781 3.71628 2.61979 54.1567 52.5988 50.6457 53.5881 55.0115 51.4794 66.0045 63.1623 67.9763 67.5862 46.5144 52.5383 52.0362 50.9557 39.4206 35.8654 41.9959 83.6775 41.4657 34.624 29.0877 31.0506 32.2857 34.7004 34.5691 36.7892 38.8696 33.5267 27.0051 27.0929 27.5049 29.3165 20.4573 19.2588 21.8074 23.696 48.4533 47.1621 44.1038 44.4738 36.4384 39.1735 36.8636 44.0811 68.482 63.1567 60.2426 58.5056 26.2729 25.0101 28.277 28.8936 0 0.935261 1.00205 1.29973 46.9515 43.7767 43.8038 45.2065 36.2857 37.6087 36.2304 41.7433 18.3705 17.4594 20.6745 18.3605 28.688 28.192 35.3634 59.0059 51.838 46.4161 28.891 43.4534 59.5968 44.3621 28.9707 37.4727 29.5699 28.0065 59.8217 4.15749 49.4108 18.2651 33.7805 32.9148 60.5245 8.97519 12.256 37.1421 31.3133 19.5258 27.6355 29.7629 54.1779 9.62189 45.973 12.2678 34.7926 43.9342 35.1036 28.2097 41.4766 40.6663 19.1705 41.5845
37.9914 39.9312 40.3003 37.5862 33.6134 35.9509 46.8609 46.6918 49.4616 53.4029 57.4005 58.5301 53.6134 53.5139 56.1918 56.73 67.8216 56.9502 66.8775 70.3135 65.7287 68.9447 51.3324 56.8856 58.317 57.7699 52.2229 54.6813 62.2852 60.6405 68.7393 66.9711 70.939 65.6418 63.148 57.4681 63.3028 65.1852 29.6234 29.3972 30.9293 32.0901 33.1386 33.6924 38.5156 38.4548 47.2397 54.0479 54.8581 59.2253 52.5231 49.276 51.1876 50.6634 37.9167 41.0695 41.7286 40.2533 20.6134 20.7234 22.217 21.5524 6.78098 5.05197 4.43858 2.88951 50.4978 51.6352 50.4344 53.8246 57.8911 52.9493 64.2883 59.3795 69.6803 72.2876 49.1989 51.1043 46.8935 54.1409 36.0865 35.3417 37.057 85.3244 40.4508 30.1496 32.1151 29.7214 31.949 30.3707 32.9016 36.306 38.0495 39.1169 23.923 27.3651 25.2202 27.6017 23.2291 20.1032 21.1987 22.6493 44.7892 41.3604 42.4848 49.3261 39.8985 38.7638 42.5544 38.5053 66.8114 64.8532 61.3807 66.1036 22.8896 27.2393 26.1597 26.6662 0.935261 0 1.33192 1.01546 41.2172 39.664 45.668 40.0036 39.341 37.8928 36.3771 41.0842 18.4807 19.269 17.1853 19.4869 29.4855 28.5381 38.605 58.5924 55.626 47.5766 34.4123 51.2637 61.4253 41.6429 29.5923 40.1003 30.9576 29.4149 52.8893 5.26561 51.9052 18.3494 31.407 36.8991 65.2922 7.82773 11.4927 35.7097 34.9532 21.3594 29.2656 30.1826 47.5952 9.10029 50.3101 11.9278 37.4005 48.1598 40.531 33.1722 43.1479 38.5171 21.1818 45.5273
34.8845 34.4737 34.6289 37.1285 32.7173 34.2469 45.9902 52.2096 48.4505 48.3756 58.5682 59.5617 58.4953 58.2451 55.0144 57.7526 63.1223 63.9293 57.2541 67.6378 60.8174 71.4575 57.6221 52.4471 55.7338 61.4302 51.6747 52.5072 53.9526 62.0068 62.5225 57.1113 68.1467 69.7104 56.2776 62.1176 64.7127 59.2707 32.5851 33.1806 29.5811 31.7268 34.0842 38.1106 32.699 32.7577 52.2589 46.3079 51.6216 50.2676 47.6877 49.5639 45.1179 53.023 39.6804 38.298 37.2777 40.5923 17.2017 19.8162 19.2445 21.9365 6.90381 6.32564 4.66046 3.14564 53.1076 57.6485 52.3831 53.3565 52.7734 48.8127 65.732 59.592 62.6768 65.2008 49.2315 53.8646 52.6348 52.579 38.7004 35.7583 42.3441 84.9654 39.519 33.6719 28.4526 28.9268 33.459 32.4156 40.1012 35.1895 35.3475 39.0478 26.1336 29.5025 26.6767 27.6024 20.9664 21.1685 21.8068 20.4327 47.4397 40.9608 44.805 41.1824 37.6348 35.1924 42.9466 38.6896 62.105 56.3323 67.6323 65.4073 25.248 28.1756 23.9499 27.0272 1.00205 1.33192 0 1.03705 44.3408 41.3251 43.7177 45.0331 38.0577 36.8108 41.4132 40.0929 17.3833 17.3102 17.7124 18.0847 27.052 29.4167 32.6674 61.2369 53.0141 48.7678 28.9519 48.6464 60.9174 37.3207 30.5456 35.5365 30.0335 32.3594 57.9726 4.09271 53.0416 14.9313 33.2799 37.8001 61.9931 7.67582 13.6972 40.3875 34.5128 23.7007 30.4853 27.86 50.9004 10.0376 49.1735 12.9552 36.65 47.619 39.8363 28.2105 39.0799 42.2676 20.2403 42.5451
40.6512 41.0054 34.1703 35.525 36.2787 36.1943 51.5035 54.7383 49.7293 51.7099 49.5566 53.452 60.0774 54.4195 62.3083 55.1036 60.8041 65.2074 64.4827 63.9118 61.6689 63.8668 55.0741 58.8606 52.4709 62.2154 52.4421 53.0314 55.2605 62.2076 57.4592 58.4416 63.7255 64.781 52.67 58.2884 55.8784 62.8153 32.2329 31.6992 31.8695 30.675 35.5166 33.0865 36.3967 34.566 50.3043 47.2317 48.7571 56.169 43.439 49.0549 49.4573 50.8008 39.9419 41.4407 46.2623 39.9457 16.7248 20.3397 21.9491 21.2416 7.31617 6.6743 5.14011 3.58719 54.6421 50.105 53.2393 54.6839 51.8857 46.5647 66.7158 57.7936 62.1083 60.2597 48.0405 45.6007 48.4427 51.7953 40.9577 33.1931 40.2334 78.2754 41.2212 28.6262 28.5416 30.6364 29.6025 33.152 32.9858 37.9591 33.4906 34.4358 27.7237 29.2314 24.7166 28.1767 19.7543 20.8521 19.9551 23.2053 43.8405 45.815 45.1585 45.1259 42.1285 40.8775 38.2606 36.4889 64.1569 66.8836 66.4327 64.8062 24.3511 27.0272 25.8921 27.4454 1.29973 1.01546 1.03705 0 43.6593 46.2515 46.1221 43.6277 39.2658 41.9171 39.3943 37.8469 16.1367 18.4444 19.5053 18.8937 26.1181 30.2136 35.8085 61.2318 53.2576 46.1852 28.4664 47.9361 61.4974 37.9589 32.3624 40.8439 28.4334 32.2646 59.2199 4.78384 54.522 18.5046 37.3191 37.7866 68.2118 6.29369 12.065 35.3585 33.165 20.5686 30.9049 28.2705 56.4457 9.79253 48.9831 13.4172 34.7508 41.3412 42.6546 30.3599 42.8875 42.6338 22.3896 44.1883
79.9726 80.5419 83.9661 79.8358 75.1537 77.3803 94.5632 101.176 102.161 91.9449 104.891 99.2448 91.4582 103.011 98.4753 93.8685 94.6302 114.896 115.212 99.0473 100.249 115.656 91.0757 92.4571 98.2844 106.613 104.042 89.1473 91.4052 104.478 81.9183 84.1052 87.1004 77.5795 69.1654 81.0205 74.2142 76.0815 67.4863 64.2349 72.6919 67.0699 74.4483 73.8884 79.5365 74.5853 74.2261 72.2943 72.4049 79.6543 74.1474 80.7563 74.9338 78.244 60.0051 57.902 63.2565 59.9952 62.1807 69.8432 61.8943 61.1704 40.1534 35.958 41.023 39.7412 91.0764 91.6025 86.5957 82.7053 66.4419 57.8392 100.631 109.56 104.321 117.913 85.2386 82.4812 10.8499 7.88931 65.7255 70.4139 71.5483 120.103 71.7642 81.4141 78.2919 78.3039 71.6303 74.9342 71.2767 64.9949 61.1655 60.2675 62.3475 57.8063 61.4084 55.719 63.5989 56.6857 58.8082 64.5215 67.4052 65.8098 64.6354 77.3934 71.3075 69.2022 78.0547 71.1782 86.02 83.9152 81.1302 86.1913 62.0371 63.0044 69.4427 66.7928 46.9515 41.2172 44.3408 43.6593 0 0.974916 0.990163 1.41583 65.4472 65.2428 71.2805 73.3501 58.4826 59.1192 61.4481 59.5437 43.3799 20.4156 62.0649 104.155 97.1683 70.8918 68.2174 50.4285 91.9505 78.3884 51.2543 39.2381 14.0128 28.0499 76.7955 41.0123 97.2288 37.3319 31.7331 14.6852 100.493 48.6235 50.6052 68.7197 61.0574 21.9444 14.6502 23.2018 74.9548 41.4598 54.8981 36.5386 9.43978 78.5953 7.03718 80.3055 62.5779 54.5323 31.7319 84.2427
76.8405 74.3308 74.5753 72.3479 74.33 85.3584 86.3476 86.6628 98.1457 87.4111 89.4721 106.978 100.69 89.4408 110.826 108.013 102.221 105.888 115.197 116.883 108.978 119.761 92.7145 91.1671 86.6042 104.413 96.8538 93.1091 101.398 97.5234 78.7396 74.027 84.0207 87.2132 75.8473 79.2416 81.7574 82.6097 74.341 73.837 65.5844 68.1758 66.8173 70.182 73.4246 80.7743 73.3712 81.0199 71.6168 83.8551 68.3092 77.5058 78.6581 75.9774 57.754 55.678 57.2963 54.1409 59.361 66.7343 59.1911 58.6912 36.9807 36.5763 34.4765 42.4508 80.2216 90.4835 83.3617 91.2852 68.4206 63.4401 113.166 95.9711 100.733 98.9529 80.5782 83.1543 10.9627 9.93799 63.1617 64.5277 81.766 110.055 71.6206 74.6101 71.6985 74.1511 79.2698 73.7425 63.3422 70.6578 60.3652 59.2077 54.1553 56.3427 55.4606 61.4012 54.0691 60.6038 58.5967 62.4166 70.7507 75.6039 65.1715 73.3575 72.1744 73.3897 68.5091 77.2637 75.0564 85.1359 84.8609 83.8167 69.942 63.6779 64.0838 65.9862 43.7767 39.664 41.3251 46.2515 0.974916 0 1.46556 1.04533 70.9278 62.7368 66.0102 73.4068 56.7004 59.8631 59.6819 63.2474 42.5202 20.5334 53.6752 103.2 94.2812 83.8464 66.3121 47.5572 90.3236 78.8493 48.8591 45.104 12.9792 27.717 79.2089 38.4708 90.3249 38.6424 28.2607 15.3751 111.466 48.5161 55.359 64.312 58.6059 21.4631 14.7947 23.6978 77.4335 42.1723 53.2549 38.853 9.25373 75.6629 6.3097 78.1742 57.1652 59.9575 32.3167 80.4884
82.1701 73.9409 75.6043 79.8164 77.2548 74.2168 90.3532 97.0748 98.2783 103.221 100.843 100.219 107.919 106.561 108.067 93.9679 98.9973 105.633 98.3246 101.265 104.121 119.467 97.6866 87.6038 88.7242 88.5365 87.7082 105.258 99.8226 95.9637 78.2346 69.7902 84.2538 74.831 70.6485 81.4167 75.7779 72.6415 74.0722 72.1427 69.5083 68.78 81.0932 69.4454 78.5403 71.0848 71.1538 78.6199 73.9596 69.9762 71.9927 69.2659 79.7744 76.678 54.4602 50.3508 57.8721 57.6369 67.4837 64.1639 69.1757 68.6888 35.1524 34.64 39.7094 38.7693 87.0194 82.5078 81.072 87.0764 60.9437 63.7338 95.3105 102.35 115.206 118.014 85.2956 88.9136 10.1412 9.35835 58.0995 67.232 78.6218 127.665 75.7794 77.8847 69.5563 73.2839 68.9176 77.8106 70.8426 59.4917 61.1941 71.3265 52.7497 58.5296 58.1385 59.5521 59.0321 56.8113 52.9055 59.9786 70.7181 72.9248 70.0444 75.8996 73.0032 82.0782 68.0375 76.0803 78.2855 75.7715 74.0907 84.6657 59.0251 59.8651 70.0124 68.5743 43.8038 45.668 43.7177 46.1221 0.990163 1.46556 0 1.03867 62.7952 69.6195 63.9701 68.1834 57.7904 56.4693 54.6736 56.0932 41.5106 17.3689 60.763 94.5222 96.6475 72.0423 64.5708 52.5392 107.902 78.0892 44.2593 40.5324 13.4531 26.3032 85.0168 36.1367 103.324 35.0519 35.2331 13.2753 107.924 50.2982 50.3359 61.4903 60.9576 22.8214 13.7561 22.5981 77.0235 40.9338 54.3955 37.312 9.36121 83.8006 7.75404 70.5291 52.7605 63.2769 29.5622 84.3563
76.7046 76.8371 84.272 78.5407 80.2109 71.9346 84.9536 84.3164 96.8955 104.285 104.362 96.297 91.1503 97.6787 91.9699 99.9779 95.9541 114.418 114.866 104.632 114.817 109.788 97.8548 85.6152 100.262 101.763 86.7053 96.7645 91.2702 102.811 69.5662 75.6718 78.2607 74.3823 77.9805 71.6665 82.1833 74.9154 73.6193 73.815 72.8562 75.5552 76.0851 66.543 76.5024 69.4948 75.8239 80.2748 81.6162 70.5352 72.7824 68.5329 74.9262 73.8383 51.6428 54.8514 53.6339 57.6822 60.086 67.0773 67.8023 60.5325 34.1986 34.9282 36.834 38.0286 84.9339 85.0338 74.5947 83.3093 68.1093 61.5833 112.831 105.611 106.605 106.541 84.5249 82.2099 11.7205 9.81698 66.6014 67.4502 70.0883 110.349 81.6511 74.3608 66.9954 74.3155 70.7477 76.5632 64.2902 58.4222 66.1512 70.8669 61.2584 54.0719 51.1614 60.3991 51.3855 59.504 54.1368 52.8775 72.1482 65.9294 70.0592 67.3311 81.3848 75.1308 78.6566 71.5412 79.2876 83.3297 76.828 76.8391 64.2604 69.0886 64.058 69.7481 45.2065 40.0036 45.0331 43.6277 1.41583 1.04533 1.03867 0 62.0838 70.4582 68.1995 69.9601 56.6095 57.9346 59.6754 60.0105 45.8552 16.8137 60.6505 114.044 100.39 83.7777 71.1441 53.2041 106.584 74.9734 50.3092 43.4604 10.8815 25.8341 81.1858 40.1113 99.1857 34.5841 28.2322 13.6548 100.532 46.5182 58.4278 63.0993 53.9586 18.4815 13.0172 22.9115 68.5044 44.0917 53.293 34.8159 9.6354 75.3366 6.08751 67.9006 61.3681 61.5922 28.9499 87.3571
60.9742 61.1473 62.6843 61.677 54.5205 57.616 58.0309 60.8649 66.8582 60.2579 53.9892 64.4553 59.3941 66.3709 64.5574 65.0352 65.6055 65.3515 58.7156 68.3948 67.0305 68.528 74.909 67.9067 77.7417 73.2832 72.6856 71.5397 74.7939 73.8144 94.9349 91.9596 102.958 94.44 89.2526 85.6705 102.393 89.7099 20.8497 18.9387 21.8172 24.9 20.6988 21.3485 23.2009 22.7881 78.7442 78.3292 83.4293 81.7543 80.4799 83.5984 76.6736 86.9966 77.6569 74.1862 79.4628 72.8944 42.1486 37.997 43.9687 41.4993 41.2788 40.1911 41.8801 40.2131 14.9155 17.0946 15.8473 18.0681 85.6528 84.2659 80.2385 68.1829 64.781 65.6564 27.0561 29.9528 76.0898 75.6215 65.9394 68.4879 13.9625 79.8795 60.1523 41.3999 42.7883 45.6283 50.5222 44.8099 2.99489 2.12444 3.22228 1.95765 13.6227 12.2484 11.9058 13.1895 56.4764 55.9798 54.1719 48.9717 80.9147 83.1196 71.4157 81.8861 70.4161 65.01 70.2208 60.9894 98.6059 102.903 105.147 104.855 17.3861 18.2806 19.2465 19.5261 36.2857 39.341 38.0577 39.2658 65.4472 70.9278 62.7952 62.0838 0 1.05187 1.06377 1.33321 46.7824 49.4989 51.4664 44.5899 62.8663 60.9804 68.9485 54.3932 45.9862 74.9921 59.442 86.6487 57.0588 31.9351 19.6363 74.6309 54.6547 36.7794 19.0786 46.4479 52.6386 54.6162 39.454 75.1344 59.3738 34.6071 28.6176 6.43134 77.1325 47.0901 57.9446 43.1413 83.9996 29.0255 88.6514 32.5789 61.8626 13.018 64.9511 34.4699 18.3359 15.5872 56.394 42.8925
63.7164 55.6314 55.3213 57.559 59.3526 59.1565 59.243 63.076 58.3588 63.6211 60.6366 60.9219 63.9268 65.8766 57.85 65.6004 60.1328 70.6814 67.4952 59.7239 60.7394 67.6371 67.0642 76.3152 73.1619 68.1077 72.7373 73.572 74.4104 74.0803 93.7886 94.7918 102.585 91.5975 97.068 87.5034 97.5244 92.5063 18.2517 22.6831 23.145 22.6278 18.7736 18.4641 21.544 21.2037 83.2514 81.9905 90.0902 83.6187 86.2758 75.5322 83.4227 80.0718 82.019 84.763 78.3105 73.1163 39.2865 40.4311 44.0115 37.8089 42.0909 36.4625 39.5104 41.1088 13.7619 17.6831 14.0506 17.6493 84.4927 84.6344 74.389 79.0785 76.3752 70.2407 25.0725 29.257 80.3269 78.5653 74.795 75.5414 13.7691 76.9556 69.5219 44.3169 42.9166 47.9174 43.2532 46.3331 4.04513 2.87519 3.76137 3.21512 13.5206 13.9126 14.4741 14.1102 52.9295 56.9592 49.6076 54.0601 77.9929 74.8371 75.0713 85.9259 72.1954 65.4629 71.7254 66.835 98.2314 92.2089 99.822 94.6439 20.5872 17.3293 20.7399 17.9999 37.6087 37.8928 36.8108 41.9171 65.2428 62.7368 69.6195 70.4582 1.05187 0 1.3783 0.924361 47.4295 49.9231 45.7658 47.9287 62.9679 58.6957 71.3136 62.0033 55.5434 79.3012 58.8618 93.4582 63.9179 31.598 23.1742 83.9945 56.3836 45.2736 19.8116 43.772 57.0899 58.4302 39.7006 71.4115 56.8729 38.4536 33.3443 7.40731 67.2472 48.1316 51.119 45.987 93.5073 33.3327 89.5765 34.0656 57.457 14.8802 58.1814 35.3519 16.1958 16.7467 58.636 40.2235
53.5138 58.0663 57.6933 58.276 50.6146 48.3464 63.3807 63.1149 66.0914 65.5759 56.005 64.6256 56.328 67.3533 61.4986 61.1302 64.374 65.4316 57.4621 66.388 65.8544 70.3166 72.3674 75.1436 75.1168 79.9151 70.5384 66.7249 74.0999 65.5087 93.5696 92.0786 103.626 91.4115 100.89 90.6557 96.2653 93.4208 17.6253 17.8545 22.3817 24.1513 16.6178 18.5438 21.2667 20.8787 88.8104 80.233 85.9238 81.2666 76.7382 76.5904 80.4667 75.8498 77.0927 70.022 84.4034 72.3898 43.4245 39.4819 45.6667 37.5361 41.7002 36.0161 44.4582 39.3361 15.4325 17.3943 16.278 17.091 87.4446 83.0102 70.5114 70.7479 73.7591 73.0991 26.833 27.6344 79.7828 73.9066 76.0952 73.7588 12.5358 83.0526 62.0444 43.931 45.6197 42.9807 42.6141 41.7395 3.21174 2.38502 2.97913 2.20031 11.7613 12.4343 11.9839 12.3689 52.1776 48.8318 54.2666 56.0485 70.2792 73.793 72.8631 85.2937 69.9871 68.5284 67.111 70.5302 96.4727 102.484 95.4595 103.441 16.0367 18.776 19.434 16.9584 36.2304 36.3771 41.4132 39.3943 71.2805 66.0102 63.9701 68.1995 1.06377 1.3783 0 1.03765 43.6126 43.2658 48.8025 44.5125 59.7928 63.4671 65.9424 63.1678 46.0819 83.5839 58.8413 84.0566 56.6781 26.5997 21.9343 70.7813 59.36 44.1841 19.2849 42.2693 50.4104 51.7033 38.3817 67.8036 64.9547 32.8923 27.7835 7.11587 69.7347 54.8645 52.9348 41.989 82.2107 31.6199 75.3999 33.2807 62.8265 14.8207 61.5511 34.509 17.7206 17.4347 54.1998 47.8528
58.1449 54.525 60.2182 56.2624 55.9757 49.465 54.0481 57.6169 56.3823 62.0809 56.4868 58.5335 65.5212 58.4241 58.011 63.2922 64.7219 65.2671 65.1958 59.5384 63.9589 63.8421 75.0541 72.5773 68.9502 80.5768 67.191 75.6443 76.303 67.3346 107.986 100.858 104.683 105.862 101.729 90.5895 92.2204 99.6617 20.0116 19.2568 20.5992 20.3527 19.4726 18.9424 21.4064 21.2832 81.6255 93.7473 94.3019 92.2938 77.8635 79.3266 86.6162 78.195 83.7895 84.172 84.9744 78.2424 44.1797 42.4019 44.9609 44.4046 40.3342 38.0385 42.2158 41.5895 14.4577 15.6077 14.9908 18.7631 99.7841 92.046 74.5898 66.73 73.3897 67.2765 25.369 29.3479 84.1088 82.5141 73.6563 72.5971 12.0609 76.7097 69.9439 38.5526 42.598 46.7492 49.7927 45.268 3.99123 3.33837 4.30751 2.94755 14.459 13.1633 14.2333 12.3667 56.3302 54.8323 51.4814 58.4021 74.5313 74.5769 80.394 85.2499 65.1313 65.8267 71.1703 67.4049 108.669 102.819 98.8504 95.9926 17.21 17.9595 20.5331 18.1994 41.7433 41.0842 40.0929 37.8469 73.3501 73.4068 68.1834 69.9601 1.33321 0.924361 1.03765 0 44.6635 50.7003 50.9879 50.7781 70.1954 67.2348 69.0701 56.5841 48.2784 69.7844 53.6767 81.315 56.8317 29.8459 20.8692 77.2449 56.1302 42.3867 20.3034 39.907 47.3893 58.1569 44.4179 65.1048 60.1832 32.414 29.7535 8.24043 73.0922 56.0015 53.3937 50.0869 89.3864 33.7946 90.2007 32.0752 54.4896 11.8509 63.9989 32.1007 18.4285 15.9563 57.1581 42.3719
22.1125 20.7444 22.5152 21.0637 18.3478 22.6034 39.4777 38.5341 38.9791 37.3675 39.7782 46.7546 43.4466 46.9302 49.8185 49.8946 54.1318 47.8794 54.7281 52.6498 49.2799 57.9776 39.477 38.9905 37.3969 44.0363 39.3717 45.1608 39.3091 40.5176 47.8952 49.0063 46.7808 46.9016 47.2881 44.0645 42.7975 47.9529 36.156 32.3115 36.1586 33.7869 42.2822 38.8176 37.1998 36.5839 35.8934 33.0528 36.0626 40.4036 35.0558 35.8382 34.0197 34.6507 33.5504 31.118 30.6703 32.9922 10.6489 13.7948 10.7096 14.7792 22.9768 21.8687 20.2205 22.0435 56.8151 57.5839 57.4277 61.6978 41.2986 38.6763 47.0352 48.0219 48.8938 57.4149 43.4873 49.4585 56.666 60.9376 24.5413 21.3069 41.2319 69.0837 21.2579 20.6738 19.3424 21.1467 21.4023 21.571 51.3167 45.6963 44.1487 50.9412 40.157 40.4971 34.7681 40.4704 4.24656 3.60565 5.45337 4.19524 30.8945 28.7808 31.5257 29.3637 22.2532 20.1656 22.8278 22.9768 53.1761 52.2209 52.0333 51.8477 32.3169 30.623 33.3755 33.0397 18.3705 18.4807 17.3833 16.1367 58.4826 56.7004 57.7904 56.6095 46.7824 47.4295 43.6126 44.6635 0 0.916343 0.94694 1.45318 21.8518 39.2996 26.1574 56.0782 42.0557 28.798 14.3707 42.1692 48.7712 41.7075 46.898 37.6266 41.2713 44.1863 71.6353 17.1664 39.4182 18.0637 51.5924 47.8716 55.9647 13.3792 17.4035 49.7714 20.8782 35.8335 48.2793 50.6431 37.3852 28.2105 40.3314 30.3482 54.4463 51.466 56.0313 25.182 58.4077 55.9463 30.1509 30.7127
21.8402 21.7549 21.9012 24.418 19.8298 24.1774 38.2279 40.7548 38.0993 42.0923 42.4344 42.6375 46.2752 44.7427 50.5669 50.9338 51.6268 47.6886 49.798 48.5386 57.0282 52.3171 35.4619 39.1388 40.1111 44.6651 43.3601 43.7114 45.2215 38.8668 48.1253 55.4233 50.0056 48.4101 46.4327 50.1103 49.7939 44.3873 35.8309 30.85 30.3839 34.5673 38.2747 36.275 38.0559 37.5794 38.2054 39.5366 40.6763 38.3448 34.7755 36.0213 34.4112 32.5848 35.9823 31.4122 33.8841 33.7715 10.1691 12.8202 9.50493 13.1987 23.7014 21.5864 19.1612 19.8441 54.5957 60.5216 58.971 53.189 41.6816 43.5375 46.7872 44.7767 49.0513 56.4962 47.8709 45.5591 58.8814 59.2088 25.1015 21.1692 39.9328 60.1486 21.6798 23.5861 20.2315 21.3128 21.2368 19.3299 48.1866 51.2591 43.1448 50.8243 41.1155 35.6882 36.0749 34.1431 4.49327 4.556 5.89531 5.21446 32.8036 30.5903 33.8414 28.8301 22.6933 23.328 22.424 24.0465 47.772 55.1391 50.9927 48.3084 31.9704 30.5461 31.2923 30.2559 17.4594 19.269 17.3102 18.4444 59.1192 59.8631 56.4693 57.9346 49.4989 49.9231 43.2658 50.7003 0.916343 0 1.42803 1.0198 25.1352 39.9746 24.8823 55.4979 39.1949 31.0673 12.5669 45.5956 45.1633 41.6576 46.1709 37.3671 45.5969 46.4397 65.169 16.9694 39.1099 20.2637 48.9742 45.0657 52.562 12.7832 18.1133 53.0538 25.2399 39.3761 41.3051 42.3744 42.579 25.4422 36.3295 30.04 48.8961 55.5343 55.8733 24.4076 57.0477 50.0872 25.9879 36.0089
22.52 19.5349 21.5303 23.1582 18.3446 23.9936 37.3175 39.983 38.3081 41.862 42.6305 42.6098 45.65 42.9367 50.4973 48.1481 52.7191 53.0187 51.5782 51.2967 51.471 59.0493 37.1177 38.8081 40.3496 40.5322 36.6838 41.8948 41.6276 38.5786 48.5602 46.8283 51.43 56.4053 42.6708 45.5662 44.6957 44.5275 37.4867 33.2917 33.0529 32.9493 37.7042 40.282 36.9452 36.0331 37.3233 37.7409 33.5291 38.9863 28.9016 30.6927 30.9626 35.4734 32.2718 26.7851 33.0996 27.9585 10.3153 12.7684 10.8168 14.5093 23.0733 26.0856 21.7097 20.2972 57.9817 57.6668 59.0599 61.4272 41.1126 40.9101 43.1365 52.6644 50.2907 47.908 46.7933 53.6045 59.6813 66.8801 21.0881 18.6426 48.873 67.8507 20.5292 22.9151 21.2375 20.9545 21.0907 20.3593 52.0197 51.1107 50.9418 46.5275 40.6299 42.9782 40.379 41.6094 3.62161 2.72894 3.9479 3.39126 28.8489 28.1929 28.3994 29.1837 20.9251 21.7133 20.197 20.9326 49.3001 45.6757 47.8029 52.0169 32.8642 32.6568 31.0751 29.7893 20.6745 17.1853 17.7124 19.5053 61.4481 59.6819 54.6736 59.6754 51.4664 45.7658 48.8025 50.9879 0.94694 1.42803 0 0.988695 20.9755 40.8893 22.1622 52.0883 43.5013 26.213 12.3565 42.2309 43.1292 42.0754 44.107 39.1542 43.8225 47.3059 68.838 17.6856 37.5548 19.9141 50.1493 50.4482 50.2214 15.2846 17.417 47.9805 21.9762 38.1886 42.212 50.9864 41.2261 27.7432 40.4165 33.0368 49.7564 51.4347 54.7879 26.6425 58.3042 57.6253 30.1689 35.5498
22.511 21.9688 19.484 20.1449 19.1693 20.3175 35.5848 40.0678 41.2045 42.371 43.8921 44.4094 40.2752 40.8601 50.1661 45.1726 45.1528 47.5968 48.9723 51.0189 57.1361 58.6358 34.0939 39.1332 39.3522 39.3716 39.5693 42.2174 38.468 43.5407 50.0823 55.6212 52.4656 55.1211 42.1888 42.5627 42.7293 44.4882 34.6374 35.5691 30.3821 32.263 37.927 39.0341 36.6419 38.3293 32.5552 37.5184 40.9073 38.6129 31.9156 30.0153 34.0347 33.9914 29.7212 31.063 33.8306 33.6408 10.3519 12.6003 10.7046 12.5107 24.3353 25.2029 23.0828 20.3238 52.2781 56.0103 55.7775 61.1484 45.8906 43.1218 44.4512 51.2057 45.4535 55.7282 43.2054 45.7369 65.2695 56.798 23.964 19.8721 41.7199 66.2665 19.0004 23.0676 18.5674 19.4784 19.2038 19.5633 47.4355 49.0804 46.7839 42.5146 36.0571 37.2586 34.089 41.4907 3.82502 3.44019 4.95357 4.53023 28.6969 31.3461 32.5387 27.838 21.542 21.078 23.2104 21.7292 45.6974 44.9057 50.7503 47.5874 31.2259 30.9956 31.6997 31.0721 18.3605 19.4869 18.0847 18.8937 59.5437 63.2474 56.0932 60.0105 44.5899 47.9287 44.5125 50.7781 1.45318 1.0198 0.988695 0 24.8042 35.7739 23.2022 52.1362 44.904 31.1979 12.3201 38.1039 42.119 41.8504 51.7099 38.1611 47.3118 46.2101 74.8946 18.3263 38.0891 20.487 55.0085 52.1799 55.8009 13.9514 17.5909 53.2688 21.2002 36.4169 48.1362 52.0129 38.8843 25.1895 35.4787 27.2845 56.7602 49.209 55.0406 26.0668 60.1113 54.0292 29.6476 33.9789
41.1454 38.7339 40.6968 45.6452 35.6439 39.5436 53.3493 61.305 54.6472 55.7352 68.0901 66.3405 59.3098 60.5388 65.9525 77.189 64.8203 72.3257 72.5819 82.1282 79.6168 75.2802 57.5447 52.8172 57.7044 53.7211 55.9251 54.1723 58.0687 66.2414 40.1606 35.3245 36.3683 38.5363 37.7227 33.4292 37.1395 39.0721 52.4887 58.8004 56.8247 57.2684 64.7347 56.244 63.2436 55.7701 31.0122 28.6353 30.5597 31.9945 30.792 28.5233 29.5583 33.6706 15.4086 11.5974 15.2835 15.6477 35.4537 34.1864 34.1726 35.2957 25.9994 30.5426 27.7232 28.7702 83.7902 80.6594 82.0955 81.2532 28.353 23.5763 73.2308 73.1293 66.6952 78.3888 67.5855 71.5193 48.1308 42.1123 17.8649 20.7856 58.6127 77.8229 35.8918 44.2147 43.7012 43.2154 38.5233 42.0889 64.9063 59.3722 65.5378 68.7573 57.0185 49.165 56.4518 56.4318 19.7925 21.3414 22.5443 24.4577 24.4757 25.6536 28.5194 26.9297 29.9077 35.9499 33.267 33.3529 40.205 41.2247 43.2452 36.6388 51.0576 47.6427 51.2314 47.0986 28.688 29.4855 27.052 26.1181 43.3799 42.5202 41.5106 45.8552 62.8663 62.9679 59.7928 70.1954 21.8518 25.1352 20.9755 24.8042 0 26.1346 12.8084 77.7657 65.2904 30.5225 28.7843 20.2819 69.8586 60.5517 58.7826 13.752 37.3898 45.9435 90.45 23.5068 61.6597 11.6507 59.7047 30.9017 71.3954 30.6785 37.6868 68.7675 11.3112 31.8947 39.172 49.928 29.1126 35.1466 18.8152 39.1654 45.6949 64.566 48.1195 50.7118 65.1567 61.2417 14.6301 58.1279
55.1517 66.0478 61.9422 57.1967 52.8094 54.731 74.9099 69.5724 72.6964 81.9544 80.7518 76.723 83.2084 89.3564 88.4702 80.0048 84.5664 90.7864 96.8985 99.6039 89.4705 88.6613 76.4901 74.17 77.0193 75.9993 77.5119 83.0258 83.2227 83.7708 60.2884 55.9847 58.6957 64.7089 53.4426 60.6987 58.3301 66.4527 56.6549 57.0995 62.5099 61.3461 67.7436 66.3517 68.4522 58.55 59.3198 59.3143 51.7641 58.2448 54.4128 53.2894 59.655 53.0528 38.2803 35.9475 38.2631 41.9813 45.4427 47.3524 48.2437 49.296 21.4142 22.3932 21.8337 24.843 76.9421 83.2665 69.1908 71.2306 50.356 46.1851 83.5458 84.278 85.5979 93.0955 70.0101 78.0409 23.4811 24.7521 48.8908 42.248 67.3723 110.721 59.6572 56.7656 55.7207 55.0333 59.3462 56.7829 57.9189 63.492 53.1393 59.7593 52.673 46.4009 51.6707 49.1278 38.4242 39.8548 40.2065 41.1647 46.6318 46.3654 55.5902 57.1825 55.0716 52.9315 57.4758 60.6953 62.8498 65.9831 64.0908 70.1784 54.9413 49.0461 48.1256 49.6579 28.192 28.5381 29.4167 30.2136 20.4156 20.5334 17.3689 16.8137 60.9804 58.6957 63.4671 67.2348 39.2996 39.9746 40.8893 35.7739 26.1346 0 34.758 84.7356 84.5188 59.0083 48.1628 38.4189 88.1188 67.7262 43.3534 26.226 10.1071 31.316 75.8306 23.6756 79.2204 19.5855 34.2526 8.92062 97.2715 34.7524 40.0376 54.8102 35.5211 11.0298 14.4155 26.2859 50.0244 29.6073 41.497 30.9478 18.6191 68.9737 18.1903 59.6133 50.1625 56.916 10.4246 73.3469
37.5758 33.0139 34.2412 39.311 32.159 41.4267 55.5022 51.2979 54.7707 56.5463 62.5248 62.4102 63.9901 56.9072 60.8116 60.2644 64.1288 71.0922 70.57 68.0771 69.5867 70.6304 49.2849 42.767 49.3541 50.7319 46.4676 50.3342 50.4595 56.7029 25.5894 28.3165 28.1011 29.4838 24.3148 25.069 27.3906 27.2914 61.7101 61.4825 53.8245 52.2035 56.9927 67.8055 58.0479 64.4764 16.8257 18.9129 20.9345 19.399 17.7093 20.0662 21.015 19.7569 8.09829 6.08431 8.88416 5.80484 34.594 34.7163 37.9805 38.6026 40.5527 37.8184 37.7942 38.6488 84.1519 85.991 75.2071 84.1492 20.6712 15.6306 60.4635 56.3537 61.1628 71.6365 75.7948 76.5873 55.2384 54.0382 9.68826 10.8877 62.7618 80.7317 29.7349 40.7429 39.3262 42.7309 44.0363 43.3603 73.3607 66.4382 65.3921 72.4538 55.508 65.9253 59.3662 66.1705 20.0425 20.7418 21.5663 19.7909 12.243 13.4898 14.8494 13.446 23.8266 27.3263 26.1192 27.0209 27.6593 27.899 28.2605 28.3161 51.3822 51.7433 54.5958 58.7613 35.3634 38.605 32.6674 35.8085 62.0649 53.6752 60.763 60.6505 68.9485 71.3136 65.9424 69.0701 26.1574 24.8823 22.1622 23.2022 12.8084 34.758 0 67.904 60.9041 23.1276 24.8171 19.7341 59.7115 59.7019 72.2183 19.0145 43.2316 65.8369 93.847 34.2004 58.9158 20.5916 69.9178 45.5451 65.3532 39.8027 38.9676 65.3025 2.538 39.8638 46.8054 62.003 15.8344 43.248 13.1763 44.4571 51.542 79.0679 60.203 47.7625 80.9675 70.0222 27.0932 52.5328
36.2221 36.2628 30.9416 31.9702 38.9786 28.9524 16.5164 16.0299 15.8665 18.8184 12.4633 11.2017 12.3468 12.8802 5.45357 6.33503 6.41247 7.28429 1.56894 2.98836 4.61423 5.37719 28.7846 30.8989 33.7636 32.598 25.4052 27.0971 27.456 25.3576 78.5904 79.7011 81.1114 90.0784 79.9198 76.317 83.3333 88.4539 39.8417 42.3483 43.0447 36.4916 41.1432 38.0614 38.9207 34.4866 65.749 69.1953 70.1518 65.4135 70.5858 58.9805 65.7246 68.6403 81.7107 75.9638 74.1056 71.408 40.2304 37.9409 41.7306 39.6076 69.8239 62.061 71.705 71.221 55.8477 51.9799 48.1683 53.3712 92.7259 86.3985 23.1253 21.4691 15.1395 11.7998 30.7271 31.4689 111.262 107.829 59.9694 57.8261 44.9538 19.2641 44.7092 33.7385 31.1675 28.9166 31.1879 29.4008 61.3533 59.0913 55.1715 65.1914 58.4358 56.4017 53.7339 56.1163 55.9444 49.6238 49.7199 54.9445 70.6174 68.2084 70.47 64.3378 48.7743 46.3489 43.7975 42.0012 86.062 77.3583 89.754 88.8089 46.9494 46.5283 43.8217 48.3865 59.0059 58.5924 61.2369 61.2318 104.155 103.2 94.5222 114.044 54.3932 62.0033 63.1678 56.5841 56.0782 55.4979 52.0883 52.1362 77.7657 84.7356 67.904 0 10.8144 54.5734 47.3364 86.4219 9.78147 32.1718 79.6789 82.9605 87.4873 96.5793 69.3756 63.0692 10.4866 76.0222 81.9973 106.217 1.96291 55.6415 52.2596 59.8386 60.8802 84.7467 91.721 93.1073 66.9016 59.2788 75.3745 68.9446 102.101 46.2954 94.8361 30.6377 83.5465 71.2713 83.6797 18.2346
28.9447 27.5162 29.0326 23.8482 28.2361 21.9441 14.0584 13.8248 16.2279 16.3706 10.8869 10.4208 12.4729 13.9539 10.2483 12.1905 12.7389 13.4159 11.4103 13.399 14.7599 14.8451 31.407 30.1951 28.8628 28.9699 26.4233 27.0782 24.3322 28.8797 77.6745 76.2299 86.57 87.4174 79.6143 82.9174 78.4476 72.4717 36.0743 34.6255 29.4412 28.2293 29.1332 27.8783 27.6182 30.7734 61.3495 66.9764 64.2504 64.5454 60.3552 61.3053 65.4404 54.5053 69.9543 67.4966 69.9101 65.6491 31.2419 32.7004 33.33 32.2112 52.6759 61.5714 55.4269 57.3879 44.7475 43.2392 45.9326 40.9793 76.4152 70.1686 25.332 21.92 18.9696 20.4986 27.0596 27.9503 107.423 92.0792 52.5155 52.8337 36.6439 27.5592 36.49 20.3321 21.0818 20.4837 24.2747 22.8748 50.8869 55.0571 54.5279 46.5918 50.2908 51.2793 51.9862 50.4733 43.4605 40.1779 42.3582 39.3536 65.0363 60.8805 64.9295 63.34 43.0664 36.6356 44.9996 42.4854 84.0584 78.7444 82.2651 77.9564 33.633 39.6465 33.2349 39.3767 51.838 55.626 53.0141 53.2576 97.1683 94.2812 96.6475 100.39 45.9862 55.5434 46.0819 48.2784 42.0557 39.1949 43.5013 44.904 65.2904 84.5188 60.9041 10.8144 0 53.7083 35.8794 77.6057 12.5862 23.8695 68.257 80.3198 78.4906 85.1682 59.3901 55.7272 3.38255 57.6179 83.3903 85.8746 11.4337 46.5162 43.7648 55.0326 63.0986 78.3448 73.073 75.9441 71.7868 53.5457 80.5693 57.7073 86.3914 43.1608 93.5664 23.8191 68.8294 63.2308 68.7221 8.63953
23.316 25.0882 26.4412 27.8101 22.698 26.5226 39.9494 40.1091 36.8708 35.5519 43.7116 47.8106 40.4335 42.4557 49.6596 50.7291 49.0081 48.9479 58.9244 59.8865 54.2372 56.1609 28.2612 27.2151 28.6489 28.8156 34.5434 30.6401 31.2104 35.2211 32.5723 29.2324 31.7526 27.9518 25.0939 23.7425 24.2722 27.1371 54.3094 54.0808 60.396 58.662 64.7219 62.7757 59.2214 64.9489 15.7178 13.4593 13.8597 13.082 8.83846 8.75924 8.79816 8.83822 26.0673 26.0789 25.49 25.1632 36.9935 37.2751 35.6343 39.6673 53.1232 47.1609 46.8308 51.1177 87.6237 84.6261 89.3308 90.5453 34.172 29.3992 43.7655 39.5858 46.9171 45.1923 69.1008 65.9408 81.5974 87.568 14.9392 12.1327 77.0865 60.37 14.9565 38.8745 38.1193 34.1597 34.4238 31.6776 73.9992 73.3454 81.163 72.8234 66.9136 74.5807 70.2335 72.8934 24.2152 28.6444 27.3093 27.4784 10.1895 10.4756 11.6368 10.6768 12.0676 12.7822 9.73177 12.1723 25.725 27.5544 28.3047 24.3277 59.8913 58.8569 62.9616 56.8696 46.4161 47.5766 48.7678 46.1852 70.8918 83.8464 72.0423 83.7777 74.9921 79.3012 83.5839 69.7844 28.798 31.0673 26.213 31.1979 30.5225 59.0083 23.1276 54.5734 53.7083 0 17.3008 35.1902 43.4146 64.348 78.8236 43.6914 64.3251 71.9582 97.0615 42.6906 44.0434 40.7449 86.591 68.9342 53.1655 41.2842 43.3717 71.193 19.3346 60.3535 75.2197 71.0844 18.5788 56.5519 29.5487 63.0847 74.8205 69.8235 72.9117 43.0176 83.5846 76.9187 51.9236 43.2297
11.7047 11.5448 13.9519 13.7112 8.67479 13.8298 29.7065 29.591 31.0335 28.1347 36.6604 34.5247 35.4402 34.165 43.192 41.8033 38.107 40.2852 42.3531 47.4299 45.8347 43.8974 24.3698 24.1539 27.9209 27.6788 27.686 29.8013 32.3337 28.9337 48.0788 41.6903 44.4264 43.67 40.7474 43.2306 37.4077 38.1476 41.369 43.9413 43.0554 40.9301 45.146 46.9856 42.2719 46.3695 28.1098 30.1967 27.6906 32.1032 23.6987 25.7446 24.2525 24.7729 33.5159 31.5758 29.6645 30.942 18.5137 18.6719 15.3587 17.8132 33.7082 34.1218 33.3595 33.6603 67.0237 69.6318 64.7019 65.8077 38.4842 37.0721 38.3842 39.3506 44.0187 45.9689 52.6574 51.0924 73.241 71.9816 18.2177 15.0298 55.7029 61.3734 7.9138 22.7313 18.5635 19.516 17.347 19.7926 58.7652 58.4696 55.5711 57.0215 51.091 50.4801 48.8432 52.6669 10.7947 9.73186 9.72322 8.94338 21.3899 20.0545 21.2942 20.6549 7.77012 8.28494 8.8599 8.405 47.2567 46.7417 48.3322 46.4617 37.4235 39.7912 38.6775 36.8376 28.891 34.4123 28.9519 28.4664 68.2174 66.3121 64.5708 71.1441 59.442 58.8618 58.8413 53.6767 14.3707 12.5669 12.3565 12.3201 28.7843 48.1628 24.8171 47.3364 35.8794 17.3008 0 39.9029 34.1992 43.5741 57.4955 41.908 58.1295 59.2729 77.253 31.5321 38.9187 29.6843 71.8589 56.8516 47.9087 25.3464 28.4253 57.6399 20.0664 48.5344 59.2584 57.147 30.2608 42.4205 36.6165 44.3365 69.3423 53.0846 70.028 26.6002 61.3758 71.1652 41.1408 31.3137
49.5523 59.2075 59.04 51.3819 49.8164 62.4784 71.841 70.0465 69.4421 79.3708 81.4834 82.2178 70.458 70.918 86.3287 83.4352 76.5774 82.942 85.436 85.3233 96.2049 90.1338 58.9163 59.1002 62.9643 68.406 66.4913 76.3928 76.07 71.1063 24.3318 24.8751 29.4648 27.8991 25.3203 26.1551 29.5659 30.0862 79.0563 79.0013 66.027 72.6247 81.4048 75.7506 79.2092 74.6657 25.8545 29.358 30.2539 32.3622 34.016 30.9962 32.9879 33.0032 11.6882 13.5314 12.144 15.0691 56.8876 59.5613 54.439 55.0776 43.8032 47.9499 43.1823 44.4604 98.7053 100.542 89.1949 99.546 13.9789 14.3294 74.5586 86.8212 90.4456 89.9776 95.9773 82.5714 49.0799 45.9152 28.8376 29.3821 91.8475 101.189 46.5627 63.9055 55.9924 56.7574 64.1321 61.044 81.6275 87.3718 84.1673 76.3387 73.9655 79.8475 74.4896 75.474 36.0751 40.2475 38.8893 37.5462 28.6255 29.006 31.3759 26.8061 42.9309 41.0665 42.5931 41.7537 31.6434 29.0265 29.8427 31.4118 66.6462 67.6167 74.5854 74.0681 43.4534 51.2637 48.6464 47.9361 50.4285 47.5572 52.5392 53.2041 86.6487 93.4582 84.0566 81.315 42.1692 45.5956 42.2309 38.1039 20.2819 38.4189 19.7341 86.4219 77.6057 35.1902 39.9029 0 86.7553 75.5975 69.3139 11.9699 45.3783 66.9965 112.182 41.2026 72.8299 26.9601 68.9846 36.7868 84.1087 52.3573 56.4702 79.4732 22.11 44.1706 48.6714 53.795 26.2537 49.8117 6.95128 57.0713 54.1344 87.0205 51.0166 67.7232 79.9709 84.7942 30.7229 72.8614
22.8594 26.467 23.0508 22.1677 27.1757 24.9602 7.5128 7.77418 7.19253 7.75873 3.4522 2.70381 1.77497 1.97369 4.56985 4.72241 4.77292 6.08062 10.1961 9.09202 9.81816 9.96632 18.6253 22.2044 19.1219 21.1171 15.521 14.5436 17.4925 17.1237 80.8794 79.3548 71.3809 74.3415 73.9172 69.3423 74.7763 64.3163 41.0553 39.0342 42.8464 38.277 39.3092 40.0548 37.9135 37.6921 57.127 58.5623 59.8217 65.9384 53.062 56.0353 52.0388 56.3762 75.8377 62.5041 63.7698 65.273 41.518 40.1891 38.2 33.7277 67.8283 65.5253 63.2338 57.5957 58.5355 54.7626 57.736 59.5338 71.1533 68.9336 14.6501 11.6059 9.52972 8.52695 37.7052 36.0882 109.094 95.3254 53.2809 51.5226 53.0947 22.4277 33.3831 24.0079 26.2435 24.5559 22.9291 24.0971 63.195 66.4732 64.6727 55.126 61.9973 57.7163 63.38 59.3002 43.2357 40.46 40.6032 40.1689 58.7589 52.3229 54.8131 55.2791 41.011 39.3693 34.7176 39.1923 79.5709 74.4968 78.2375 68.4767 45.4117 44.5984 47.8552 48.2494 59.5968 61.4253 60.9174 61.4974 91.9505 90.3236 107.902 106.584 57.0588 63.9179 56.6781 56.8317 48.7712 45.1633 43.1292 42.119 69.8586 88.1188 59.7115 9.78147 12.5862 43.4146 34.1992 86.7553 0 34.4734 67.3504 76.2278 79.422 87.1365 74.8188 60.4393 9.76834 68.9429 81.7338 99.876 11.3173 54.7608 44.4925 69.8085 59.8631 80.8975 84.6278 88.431 70.2303 63.9953 76.7791 63.8261 88.4953 57.3682 94.1297 29.7186 69.8376 75.0882 77.0163 16.0215
37.8864 34.5152 33.925 32.1248 36.0013 31.6188 34.1958 31.9113 36.1532 37.1722 30.0364 30.4437 33.1023 34.838 33.6224 31.7889 38.0658 37.1267 34.6393 34.4721 37.5291 34.0652 44.13 43.0064 48.1712 47.6699 45.9484 41.2859 43.8988 50.3337 92.1038 95.0432 81.8761 83.4093 75.0038 85.1687 83.5133 90.394 14.1659 13.4074 11.3865 10.0567 11.2074 9.49196 8.32543 6.81925 64.5964 65.2248 66.2033 67.1291 61.3356 70.0971 64.9202 73.3154 77.0513 70.5474 77.0848 66.4872 31.7705 25.6667 27.132 25.4883 43.4478 43.6278 41.216 43.0008 26.6098 25.0577 25.4016 27.3969 80.0083 84.3754 47.4457 45.8358 40.0332 38.4483 7.91782 10.5527 92.7833 80.6903 58.9019 56.1024 16.3942 46.3019 43.6215 20.9633 26.3577 23.2584 27.529 26.6327 28.1046 28.5144 29.4741 31.129 28.4343 29.4952 31.5014 25.9492 40.697 40.2179 43.2293 38.2654 58.9264 62.3681 60.5176 65.7393 50.5684 48.1699 44.7536 45.2615 87.2936 88.7038 95.234 92.9871 19.3975 16.5225 19.5569 18.0002 44.3621 41.6429 37.3207 37.9589 78.3884 78.8493 78.0892 74.9734 31.9351 31.598 26.5997 29.8459 41.7075 41.6576 42.0754 41.8504 60.5517 67.7262 59.7019 32.1718 23.8695 64.348 43.5741 75.5975 34.4734 0 41.9021 80.7202 67.8506 64.7935 41.7594 48.542 24.5133 52.4458 55.5135 74.1237 30.4262 33.4237 28.8222 33.3891 60.6897 60.1568 67.5539 67.7124 77.1396 43.0184 84.42 46.6155 72.3835 20.9267 82.0445 14.7421 41.0809 44.3568 66.3898 17.3121
61.3187 66.8757 62.0569 63.3438 62.3413 64.4408 69.8436 71.1136 70.0046 72.7584 77.399 74.8851 70.2802 79.8571 77.6441 79.7024 85.1171 72.1982 78.6588 77.7142 83.6828 81.8828 84.4358 72.541 76.3137 87.9978 79.0058 75.2355 85.2318 79.7689 92.6041 84.1448 91.0051 94.4501 89.8306 98.7886 90.4899 93.3127 30.9202 30.7664 35.6876 39.1126 33.859 36.2955 38.0027 40.2249 88.9536 81.6536 83.2505 76.5479 81.5157 85.7455 88.6218 87.3158 65.0183 62.6944 72.7802 69.6672 43.0563 40.4219 42.528 49.612 30.4264 28.8494 28.2704 28.3335 38.0277 35.6496 39.2378 40.045 78.9748 81.0679 89.6034 84.7735 90.2378 91.6945 43.9219 49.8083 61.5832 59.3363 67.7546 62.2951 35.7278 93.0747 68.5412 49.5021 54.2013 47.9757 54.0133 58.0512 19.8518 20.2616 19.7441 21.2947 15.6693 17.1336 15.9284 18.3461 51.7952 53.2625 52.3501 54.5627 78.9819 76.0512 74.1733 78.3411 69.4584 74.5427 76.0442 63.1163 98.2403 95.0551 89.0655 88.3014 29.5253 28.5799 26.6886 27.0834 28.9707 29.5923 30.5456 32.3624 51.2543 48.8591 44.2593 50.3092 19.6363 23.1742 21.9343 20.8692 46.898 46.1709 44.107 51.7099 58.7826 43.3534 72.2183 79.6789 68.257 78.8236 57.4955 69.3139 67.3504 41.9021 0 67.744 34.453 19.7071 34.7549 31.2186 67.02 45.6574 17.3798 49.1974 73.1401 35.5618 29.4606 16.2846 63.1778 35.0609 35.6792 22.5962 80.0496 23.4244 70.0534 20.558 35.3359 38.3092 39.7688 45.4079 10.6486 12.8276 42.6322 55.5302
59.7867 59.8823 57.3895 60.3156 55.897 57.7332 75.6048 67.9582 79.4452 69.0233 70.7213 78.5421 76.7146 78.6976 85.7475 92.4407 87.4093 82.8434 84.8579 93.8823 90.8851 93.6694 72.6669 67.6059 70.1056 69.7538 76.6572 67.6461 71.051 79.5225 38.9058 39.0928 41.0747 36.5625 35.6479 34.9396 39.7567 42.3104 67.0852 72.2861 68.3999 64.4538 75.9303 79.2158 73.4865 72.4425 34.9419 32.6484 34.7092 36.0479 35.2948 37.6745 39.4206 41.6884 15.3704 16.6798 17.5566 21.1132 47.5978 46.4301 44.5669 46.5136 35.3239 41.592 38.7998 39.7116 91.2871 96.6783 92.8776 99.546 22.6217 24.0079 73.9316 82.4965 87.2567 86.7783 85.6426 82.8868 36.1761 37.054 29.04 31.4193 78.0324 94.2543 46.8376 55.2999 56.9347 55.9333 59.4217 53.7736 81.4415 81.45 73.7708 75.8949 69.7937 67.8936 69.8274 70.9132 32.9431 38.5265 34.4497 39.6896 34.889 36.9142 32.297 34.3971 41.896 46.6371 44.4709 50.6992 40.2337 42.8088 40.752 41.7488 63.7781 66.6262 60.8027 66.8462 37.4727 40.1003 35.5365 40.8439 39.2381 45.104 40.5324 43.4604 74.6309 83.9945 70.7813 77.2449 37.6266 37.3671 39.1542 38.1611 13.752 26.226 19.0145 82.9605 80.3198 43.6914 41.908 11.9699 76.2278 80.7202 67.744 0 36.1871 49.9012 88.9909 30.8836 72.0458 20.8849 58.0137 25.0266 83.835 45.1459 51.8224 76.5182 24.5259 36.6292 41.2467 49.3635 36.0245 50.3579 16.5399 50.3917 43.0583 85.7194 45.1972 58.9606 70.1611 73.2492 20.2434 66.0909
60.0752 68.5181 67.7892 73.5097 67.1295 65.3752 80.2414 78.2678 81.3182 79.8085 88.2382 78.4556 94.4443 88.8447 83.8792 87.2862 86.5327 90.6759 94.0573 102.63 94.9223 90.1544 74.6857 89.1438 76.1591 77.0456 78.4674 88.1802 92.5652 95.2074 71.6362 78.3078 79.2894 81.3388 66.9165 77.3533 67.4313 68.9677 56.165 60.667 58.8669 57.7904 60.086 59.3785 62.2133 68.2586 63.0119 63.9801 61.5011 65.262 71.5664 72.4983 67.829 66.311 51.1186 49.0435 45.8621 47.9625 46.0642 52.4314 55.9311 48.2584 25.2846 24.7993 24.572 25.3245 65.7318 79.1672 74.8277 75.687 56.4626 52.4993 86.003 85.467 88.9576 92.0263 75.576 76.0413 21.2364 17.8119 50.3861 51.321 59.228 102.442 60.7481 59.6722 62.5748 67.3532 64.9895 64.2132 54.5581 55.9133 49.1533 58.3962 43.5632 46.8186 45.6667 46.0337 47.6404 45.663 45.1009 47.123 55.1642 62.2219 64.7622 57.8716 66.4937 58.3833 58.9678 62.8066 80.6011 81.6192 73.7318 75.9945 51.1449 56.2253 54.6167 52.4443 29.5699 30.9576 30.0335 28.4334 14.0128 12.9792 13.4531 10.8815 54.6547 56.3836 59.36 56.1302 41.2713 45.5969 43.8225 47.3118 37.3898 10.1071 43.2316 87.4873 78.4906 64.3251 58.1295 45.3783 79.422 67.8506 34.453 36.1871 0 21.3927 69.172 28.4517 85.9689 27.7041 26.1548 14.2078 87.5066 38.7799 41.5833 47.6557 49.4796 8.69765 3.80898 15.6034 70.3248 28.5512 55.4555 26.4816 7.65506 65.6783 10.1591 54.8766 45.9871 52.2601 21.6615 75.9627
72.9381 65.2934 64.7902 74.2122 67.3427 71.1584 78.0302 81.2311 77.5219 90.5561 80.2358 75.6809 90.2398 93.2212 89.5003 88.7937 92.2041 88.9459 88.6545 98.1651 98.6419 90.0614 90.1599 81.0737 82.4605 95.9195 79.714 86.6083 84.7825 93.1779 89.2496 88.7328 96.9579 95.8835 79.5997 85.1288 80.806 90.503 43.4682 45.9338 48.3347 54.2824 53.2649 49.9198 48.3607 48.917 85.6394 74.7156 80.2199 75.9691 70.8246 75.9393 75.7931 79.9124 57.6957 56.7399 64.6067 66.208 49.406 46.6617 54.2951 53.0717 26.8938 25.637 26.356 26.6663 51.6831 59.6774 62.2163 62.6743 73.2278 68.9647 97.9106 95.0936 86.3053 98.7735 63.0761 63.6157 42.5817 40.2276 70.0496 70.2116 53.5828 109.403 77.0346 56.6193 63.8792 61.9009 63.9158 57.7379 35.5413 42.4722 40.2187 36.6974 30.3126 32.1531 29.5157 33.5289 56.9796 55.4143 48.3391 55.6787 76.4591 75.3623 76.5041 76.7437 72.2904 69.3852 68.2801 66.3737 88.1606 81.9221 99.2171 93.9898 45.3517 40.3185 45.3093 42.1303 28.0065 29.4149 32.3594 32.2646 28.0499 27.717 26.3032 25.8341 36.7794 45.2736 44.1841 42.3867 44.1863 46.4397 47.3059 46.2101 45.9435 31.316 65.8369 96.5793 85.1682 71.9582 59.2729 66.9965 87.1365 64.7935 19.7071 49.9012 21.3927 0 54.7096 29.9211 77.875 38.9147 4.70597 35.5602 86.3584 39.1796 35.8189 32.6189 63.2966 17.8833 16.0528 5.92248 77.4201 23.1113 62.0707 20.6748 19.6796 55.6478 22.1461 61.4941 30.0676 29.6402 34.4077 73.6754
78.5589 78.4427 69.1542 75.5106 79.3504 78.8264 69.5683 72.2924 82.391 75.2959 76.2156 82.3629 78.3138 77.0875 76.027 76.4031 73.8861 86.4527 77.2074 80.7901 76.4585 83.5664 84.637 87.6128 88.805 87.1394 89.2272 94.9465 86.8131 92.0727 124.674 109.602 130.569 109.548 119.509 112.005 107.126 121.108 36.0086 40.0891 43.4415 39.2248 31.7997 38.9655 40.9665 36.2921 96.3047 110.125 109.698 102.891 107.215 96.6317 97.7222 98.6434 101.787 103.119 96.4119 97.2483 64.291 58.943 56.7553 62.1129 63.0478 57.4228 54.9402 51.4356 17.997 16.8164 22.8582 19.6639 113.425 117.773 94.2039 82.7735 82.8604 83.375 40.4437 36.5929 95.6348 83.2552 91.2076 87.2918 29.6666 89.719 89.6609 54.5851 63.9414 63.9092 62.7312 68.9696 23.3901 20.8935 20.1892 22.6195 29.915 27.5358 30.758 30.0418 77.7629 67.8982 80.1828 77.7944 98.622 93.5898 97.4893 100.324 79.8258 83.1252 89.3075 86.3033 116.144 123.994 130.948 113.118 35.7099 38.4989 40.3558 40.4648 59.8217 52.8893 57.9726 59.2199 76.7955 79.2089 85.0168 81.1858 19.0786 19.8116 19.2849 20.3034 71.6353 65.169 68.838 74.8946 90.45 75.8306 93.847 69.3756 59.3901 97.0615 77.253 112.182 74.8188 41.7594 34.7549 88.9909 69.172 54.7096 0 59.1252 63.2509 81.1567 50.2002 87.0807 72.187 51.3758 49.766 21.8407 93.9138 69.117 69.8874 58.4594 111.671 47.8467 105.049 46.8027 67.4695 21.7588 77.9348 54.9811 24.7438 23.0617 79.365 57.956
36.2223 39.6454 39.3667 43.6526 37.2483 40.9701 56.826 56.6115 50.3562 55.33 56.3735 58.5867 58.4204 57.0026 62.3333 61.5559 63.0886 66.8757 60.7145 67.7855 74.1784 73.9438 50.6111 57.5826 57.0288 55.2087 58.93 59.9474 55.866 66.2132 58.3944 64.2367 64.7453 60.7378 58.4992 53.5277 58.9488 53.8253 34.5952 32.9644 37.2948 37.934 40.0844 42.2163 42.3482 38.4551 49.3316 48.4801 52.5416 55.6513 50.6431 43.5351 49.4605 50.4291 37.8023 36.4174 41.2927 40.5148 19.9587 26.1153 24.5227 25.5517 4.98525 6.64585 2.71088 4.60873 58.7837 52.4737 54.4361 53.5982 52.8651 43.8606 70.639 60.8673 63.4143 73.6392 53.7034 59.0584 43.8375 48.4548 35.1541 34.2474 43.5755 73.6368 40.0067 36.8474 34.5274 35.399 32.0605 32.089 39.3332 40.756 37.5323 41.7558 28.6983 33.1975 30.896 30.4299 19.2423 22.5067 22.0252 20.943 45.0218 45.5024 41.0864 40.656 41.3346 36.1908 38.5959 39.736 59.4725 60.7621 60.5271 58.8115 33.0325 31.7605 30.6595 32.788 4.15749 5.26561 4.09271 4.78384 41.0123 38.4708 36.1367 40.1113 46.4479 43.772 42.2693 39.907 17.1664 16.9694 17.6856 18.3263 23.5068 23.6756 34.2004 63.0692 55.7272 42.6906 31.5321 41.2026 60.4393 48.542 31.2186 30.8836 28.4517 29.9211 59.1252 0 52.7585 13.7022 36.2011 31.0729 66.7047 12.1325 16.0033 39.7674 30.9311 17.7199 26.87 29.325 51.4098 12.4282 38.6739 14.5589 34.0836 48.4049 33.1162 36.9108 46.609 45.1445 17.5811 44.2995
27.2721 22.06 25.102 22.8456 26.8257 21.841 11.3272 12.0308 11.4453 13.2512 7.65541 8.38662 8.91237 11.6277 9.81126 9.51657 12.041 13.0488 13.0672 14.2137 14.1711 15.2326 27.1784 24.5189 24.8513 25.3619 22.2992 23.6287 21.3583 23.9308 82.806 84.4098 74.7686 81.3996 74.0136 66.4877 75.1457 69.4385 34.8054 33.368 30.4064 32.3643 31.3393 34.2585 30.5586 27.375 64.1886 55.831 63.7515 64.7089 55.5388 57.4165 58.5085 51.9155 75.2099 63.3765 74.4734 64.1963 32.1467 31.4968 31.7297 30.8921 59.0321 52.5543 57.4944 59.007 52.42 50.1614 48.2062 47.4831 84.4854 76.9492 20.1639 20.4396 17.2479 19.7583 31.5546 28.0369 97.0587 92.4263 52.3959 47.432 43.15 25.9886 37.087 21.103 20.8046 18.6919 20.372 17.9392 49.7802 53.3421 56.5676 47.6835 54.9863 53.4828 52.7607 52.7446 44.4287 39.7979 37.8887 37.0736 61.4041 52.2775 51.0653 55.1658 38.3397 34.576 37.0108 37.1532 76.7498 80.5245 72.2537 74.4131 36.6216 40.8205 37.4686 35.293 49.4108 51.9052 53.0416 54.522 97.2288 90.3249 103.324 99.1857 52.6386 57.0899 50.4104 47.3893 39.4182 39.1099 37.5548 38.0891 61.6597 79.2204 58.9158 10.4866 3.38255 44.0434 38.9187 72.8299 9.76834 24.5133 67.02 72.0458 85.9689 77.875 63.2509 52.7585 0 55.3151 85.6373 94.2106 11.4946 40.1295 37.4781 62.4469 60.7398 75.7188 84.0159 73.7701 60.6919 49.9073 80.0343 62.097 85.5011 46.7699 82.2465 23.3653 70.7713 67.2268 72.0988 9.7598
36.9727 42.3881 39.3612 40.7969 40.159 38.1263 52.9295 60.3732 63.3344 60.9642 61.1422 60.1503 68.6854 58.5868 62.9335 62.4512 74.5822 67.4895 70.8775 68.5339 71.8954 72.5694 52.1056 55.8682 55.5169 55.9935 61.7435 56.4954 64.3984 64.6166 49.3137 46.6845 50.4615 52.5268 41.416 45.2505 50.3004 44.1105 43.3289 44.3706 50.1694 49.7928 53.9166 56.2582 49.0689 53.9349 38.9879 36.7674 43.0896 40.2551 35.219 38.6573 38.443 37.8439 27.6046 23.0202 25.3503 23.6903 29.6532 30.776 27.0054 32.7305 17.9638 19.1219 14.1994 17.2366 62.7005 64.1445 67.4069 74.982 38.5924 36.3669 65.8553 63.2133 66.6288 67.0364 65.7921 63.427 45.0585 43.0365 28.6711 29.5003 58.0738 83.3491 39.6322 39.4396 36.7453 39.4109 35.922 36.8759 54.9636 58.2311 49.8232 52.1468 44.0401 40.5516 38.7113 39.6504 19.0505 18.7483 22.6204 20.5644 31.2821 34.4079 35.3233 31.6286 36.9156 39.2638 35.1088 34.8523 51.5869 52.3028 53.5942 53.1852 39.9948 43.3933 40.286 45.4516 18.2651 18.3494 14.9313 18.5046 37.3319 38.6424 35.0519 34.5841 54.6162 58.4302 51.7033 58.1569 18.0637 20.2637 19.9141 20.487 11.6507 19.5855 20.5916 76.0222 57.6179 40.7449 29.6843 26.9601 68.9429 52.4458 45.6574 20.8849 27.7041 38.9147 81.1567 13.7022 55.3151 0 45.5745 26.0252 79.7102 22.1539 26.2099 56.79 22.905 22.5072 30.5918 33.5152 38.7575 23.6517 32.5895 28.669 37.4156 58.6999 39.0677 40.8544 60.5148 53.2925 9.7965 55.3739
66.6953 79.2956 78.7632 70.5569 74.2014 74.3586 83.7663 90.6614 82.17 83.3456 77.446 80.455 91.5305 95.6908 90.6891 98.5821 94.6072 98.1647 89.6004 87.1098 87.5799 103.783 89.7923 96.5323 92.6032 87.0458 81.2018 84.831 88.4868 99.7968 89.4809 87.4038 98.7904 94.0628 87.7686 98.6882 94.4226 96.0398 51.1184 49.4068 52.0476 51.7702 51.2607 52.2819 56.4073 49.1077 86.8381 88.0091 77.1636 93.6376 72.9686 80.9105 80.0702 79.0233 63.7353 62.3836 76.8553 71.0857 53.675 52.5808 51.4211 53.5586 27.4724 28.0569 34.9404 32.2016 59.5319 56.8286 54.777 59.3557 82.5165 78.1692 100.347 95.028 87.2549 101.214 69.192 63.4569 43.6952 41.3104 69.1928 73.26 55.159 103.468 69.982 62.9452 61.5718 64.8344 62.3234 62.0124 38.8793 40.7604 36.0373 40.1657 31.8387 29.7064 31.334 32.8012 52.3623 57.1637 58.3659 56.4491 82.4046 71.2735 70.6182 85.0127 74.245 78.4351 70.0177 80.4481 85.3576 90.0658 103.139 99.3788 40.2564 42.6062 39.8913 46.4617 33.7805 31.407 33.2799 37.3191 31.7331 28.2607 35.2331 28.2322 39.454 39.7006 38.3817 44.4179 51.5924 48.9742 50.1493 55.0085 59.7047 34.2526 69.9178 81.9973 83.3903 86.591 71.8589 68.9846 81.7338 55.5135 17.3798 58.0137 26.1548 4.70597 50.2002 36.2011 85.6373 45.5745 0 36.7531 94.5531 38.2757 37.731 36.42 62.5567 25.5994 22.6765 10.2634 78.9211 27.3811 70.2104 25.9483 22.726 57.0417 22.2829 53.8602 26.2805 26.464 41.5387 63.8626
68.9438 74.3183 70.3846 63.2782 66.6007 70.3672 83.7032 77.4199 91.93 78.756 91.4708 86.7988 94.135 91.9451 97.2054 98.4584 105.911 97.1444 91.971 99.4715 99.1669 100.73 81.3824 76.927 89.5851 81.4721 78.101 86.7197 96.5807 89.4382 63.4736 66.8387 61.644 66.1929 65.5624 56.7039 59.4039 64.6409 70.4222 71.6131 67.0408 70.255 73.7261 66.205 70.3452 72.4598 58.3626 59.9482 64.3963 64.7911 59.9416 60.9264 60.4661 65.7922 40.1788 44.0824 40.0683 39.1007 51.2194 52.2179 58.5688 58.2512 30.2692 34.9529 32.3041 37.7969 88.8277 83.4305 80.0405 90.1234 50.9561 48.5069 98.6651 88.9044 92.075 106.529 83.0309 78.9082 14.731 13.904 47.9709 50.8687 81.659 102.386 62.8279 66.6663 61.1819 71.1035 67.4058 71.6987 61.6379 71.6513 67.9791 64.8243 57.8974 57.3797 58.015 54.9099 44.5687 49.8305 51.0201 47.3386 58.1305 60.8535 55.6576 61.7514 64.554 64.6123 66.2901 66.8768 69.2031 71.1122 62.105 68.9241 59.8926 61.404 59.5283 61.4874 32.9148 36.8991 37.8001 37.7866 14.6852 15.3751 13.2753 13.6548 75.1344 71.4115 67.8036 65.1048 47.8716 45.0657 50.4482 52.1799 30.9017 8.92062 45.5451 106.217 85.8746 68.9342 56.8516 36.7868 99.876 74.1237 49.1974 25.0266 14.2078 35.5602 87.0807 31.0729 94.2106 26.0252 36.7531 0 101.037 45.4977 48.8334 71.2362 45.3448 19.4532 19.3177 29.4929 54.419 37.139 40.158 34.8212 18.7647 79.5643 18.5376 66.1955 66.9432 61.0519 18.4789 81.1731
37.6622 34.7029 34.1425 32.6767 38.1213 35.3353 17.4544 19.8583 17.5671 18.4915 14.6493 13.9682 12.9328 15.0588 6.41392 7.30704 8.57235 9.61177 2.13717 3.11659 4.30421 5.55401 32.9697 34.6399 35.3433 34.9806 27.5308 26.1144 26.0836 28.3097 92.8796 87.2507 89.9199 92.5617 79.698 83.9502 86.7096 84.661 43.899 43.7955 40.4944 36.3779 41.2324 38.4566 37.8012 35.6745 76.759 68.691 67.2586 74.3211 69.9876 69.7912 61.2541 63.2619 76.8135 83.4209 72.4752 73.5941 40.7247 39.0935 44.9619 40.3929 69.5784 72.6959 74.5364 71.0858 57.6286 55.0674 49.0914 53.4702 83.459 90.4934 22.465 20.2702 15.8111 13.1522 36.0421 36.518 120.917 117.27 67.1761 62.685 47.1215 16.2278 44.0585 30.3833 30.5818 31.144 33.3066 32.2978 62.4603 63.6289 61.2291 65.4861 60.3626 63.0635 64.9074 63.9174 57.8708 48.1717 58.0962 49.6784 61.0723 67.0594 67.3251 64.2572 51.4987 51.365 50.1414 48.3039 84.9744 89.9848 86.9075 81.6459 47.648 49.6006 42.9025 44.0029 60.5245 65.2922 61.9931 68.2118 100.493 111.466 107.924 100.532 59.3738 56.8729 64.9547 60.1832 55.9647 52.562 50.2214 55.8009 71.3954 97.2715 65.3532 1.96291 11.4337 53.1655 47.9087 84.1087 11.3173 30.4262 73.1401 83.835 87.5066 86.3584 72.187 66.7047 11.4946 79.7102 94.5531 101.037 0 59.0038 46.6486 66.8522 73.0464 90.6454 84.0936 97.2092 78.7624 68.0834 81.8482 63.629 97.8018 49.8399 102.842 30.935 82.537 80.3983 81.3963 19.3442
33.9066 33.487 33.562 34.3587 27.0422 27.9202 40.4432 46.3507 44.395 50.9105 43.1486 42.8773 47.8955 53.0353 55.393 54.502 51.8472 58.1414 53.4018 60.0364 52.0081 59.1608 43.5031 46.5832 46.6785 50.822 53.7236 53.6745 47.0538 49.1485 62.1981 62.1105 64.5265 71.0424 55.723 60.2393 60.7775 62.9569 24.174 22.7048 25.3735 25.4288 26.6418 27.7352 27.704 28.9319 52.0946 48.6253 52.0059 55.2117 48.6724 48.8401 47.6973 51.121 42.9853 41.638 44.4321 41.7736 12.8827 14.1977 15.5727 15.3354 14.2796 12.7942 12.0754 9.8795 41.816 45.355 43.0331 46.219 56.7214 54.7033 51.2011 57.1984 57.8716 57.2303 36.8347 46.4664 60.2393 59.0653 33.6825 35.7238 33.6392 75.1375 35.7492 26.1448 24.4733 26.2523 22.7504 26.2046 32.3047 32.0687 35.8864 30.5953 23.1967 23.7938 24.2729 24.0983 19.1522 18.1145 21.3081 20.0106 44.5957 41.1193 42.9555 46.8728 37.0734 36.2539 33.4701 35.8158 67.0066 61.7511 59.5544 66.3435 20.3147 19.8682 18.8115 21.7859 8.97519 7.82773 7.67582 6.29369 48.6235 48.5161 50.2982 46.5182 34.6071 38.4536 32.8923 32.414 13.3792 12.7832 15.2846 13.9514 30.6785 34.7524 39.8027 55.6415 46.5162 41.2842 25.3464 52.3573 54.7608 33.4237 35.5618 45.1459 38.7799 39.1796 51.3758 12.1325 40.1295 22.1539 38.2757 45.4977 59.0038 0 5.78851 33.0859 35.8422 28.6349 34.7764 34.8241 53.3988 13.8078 53.1516 15.5796 46.9138 37.0035 48.9401 23.3451 39.9342 39.5505 30.4109 31.5873
31.3013 31.3599 33.2421 28.3433 31.5511 26.7642 40.1478 44.1074 43.2021 47.4184 40.084 47.7558 47.3296 43.9014 46.8352 50.6882 53.415 48.9961 55.5026 57.9759 53.6983 60.2785 45.3624 47.0952 52.2943 46.6387 50.9442 51.9447 49.2269 49.9582 73.1571 65.4978 71.8474 74.0355 58.6232 61.3225 60.202 64.0818 19.6738 19.2209 19.4722 18.4629 23.4103 24.2808 22.5676 24.9448 55.2186 57.5422 55.9398 57.7936 54.2859 46.8263 53.8106 48.3819 45.3058 46.387 46.717 48.2283 10.1977 12.2473 14.5362 13.2287 17.3566 16.7193 17.3769 14.6195 43.3981 43.2502 44.0369 39.6038 64.9752 55.8794 59.4435 56.4876 57.8486 53.6879 38.6101 34.8127 69.6072 59.8505 39.6388 36.9174 28.1118 62.6964 34.4167 21.241 23.3344 20.6916 22.6752 22.1667 27.9451 31.405 30.6618 28.129 18.9441 20.4681 18.0675 21.2143 21.2876 20.0643 20.7815 21.3019 47.9631 48.7086 44.1535 48.3767 35.6273 39.564 39.8619 38.8528 61.8206 70.933 73.8724 62.1326 14.1321 17.2005 14.2791 14.5396 12.256 11.4927 13.6972 12.065 50.6052 55.359 50.3359 58.4278 28.6176 33.3443 27.7835 29.7535 17.4035 18.1133 17.417 17.5909 37.6868 40.0376 38.9676 52.2596 43.7648 43.3717 28.4253 56.4702 44.4925 28.8222 29.4606 51.8224 41.5833 35.8189 49.766 16.0033 37.4781 26.2099 37.731 48.8334 46.6486 5.78851 0 35.0951 39.0942 32.7652 41.0311 37.123 57.8057 13.8387 58.1448 19.5781 42.7374 37.0289 47.2576 19.9776 36.2911 41.3758 33.2059 33.3326
56.4315 60.0082 60.438 57.1471 60.2104 52.1396 66.7385 63.2382 66.2793 64.8688 61.426 61.8144 63.6638 65.9452 69.9531 73.3178 65.1666 77.2623 71.3723 66.5687 72.6965 75.5425 72.5539 72.8119 82.1542 83.4 68.6519 74.7948 80.7028 73.2525 105.722 93.3679 101.661 97.6943 100.519 104.846 100.131 105.621 23.6701 23.0456 28.8328 25.8706 24.9885 25.5737 28.7308 26.0187 79.875 83.2621 84.5491 93.2907 83.247 84.5474 87.9313 86.1986 74.205 74.9119 80.4072 79.6999 45.563 38.8824 42.4863 47.6884 37.0068 34.767 35.8112 36.1838 21.3957 25.2062 21.9829 26.1592 84.1617 80.2231 83.4931 73.88 71.7634 81.3537 31.8526 34.8962 75.0187 65.7791 69.4548 70.5934 19.4984 79.8393 68.1338 43.3473 44.4113 43.85 53.6007 53.3769 5.00332 5.25139 6.33076 5.61688 12.0739 11.5807 13.1643 11.5266 52.521 56.3568 53.7995 58.7339 82.7781 70.948 75.8944 71.4449 67.9891 74.9744 66.147 70.6346 91.2001 93.572 91.5503 90.9442 22.0298 21.7717 24.5864 23.818 37.1421 35.7097 40.3875 35.3585 68.7197 64.312 61.4903 63.0993 6.43134 7.40731 7.11587 8.24043 49.7714 53.0538 47.9805 53.2688 68.7675 54.8102 65.3025 59.8386 55.0326 71.193 57.6399 79.4732 69.8085 33.3891 16.2846 76.5182 47.6557 32.6189 21.8407 39.7674 62.4469 56.79 36.42 71.2362 66.8522 33.0859 35.0951 0 74.5269 42.3767 50.1427 41.0574 80.6366 31.6931 77.776 30.3407 48.969 21.0181 54.3233 35.9193 11.8478 8.97204 49.9655 45.1198
34.0818 37.224 32.4548 32.7806 31.9715 32.9094 48.9525 55.9796 54.5875 50.0545 54.7732 61.069 51.8039 62.8739 57.2897 62.4614 67.6905 58.7952 74.5238 75.0448 64.1561 67.2223 47.9384 48.1787 49.1168 50.5846 46.9422 46.3058 48.5577 53.037 30.0551 31.0135 32.2945 32.8602 23.0266 24.5472 25.4682 29.5547 51.4031 52.8204 49.5981 58.2608 66.9378 63.5767 54.3334 54.5402 16.3443 17.4078 19.8999 20.0131 17.0038 17.4819 18.0964 20.6425 9.87871 7.84901 10.0555 7.8767 33.0378 32.4016 34.8218 31.9001 35.278 38.5848 30.9618 33.5484 79.048 77.0595 72.5092 73.8367 21.5359 19.1108 63.293 55.1051 59.179 64.3625 72.7155 71.6093 60.5746 62.4978 6.88144 8.51474 65.2727 83.8894 26.5004 39.5627 37.8968 39.9643 35.6911 38.5497 63.1459 62.0533 64.9182 66.6263 59.0472 55.799 61.2978 56.7392 16.7746 20.5347 19.7914 17.9332 12.2357 14.1786 12.9512 13.9487 23.1744 21.9271 21.3715 22.3036 29.4038 27.5777 33.6549 33.0189 58.3336 50.5524 53.0106 53.3457 31.3133 34.9532 34.5128 33.165 61.0574 58.6059 60.9576 53.9586 77.1325 67.2472 69.7347 73.0922 20.8782 25.2399 21.9762 21.2002 11.3112 35.5211 2.538 60.8802 63.0986 19.3346 20.0664 22.11 59.8631 60.6897 63.1778 24.5259 49.4796 63.2966 93.9138 30.9311 60.7398 22.905 62.5567 45.3448 73.0464 35.8422 39.0942 74.5269 0 46.8698 48.0267 59.2286 17.6586 44.838 18.123 45.8999 56.4805 79.092 52.7914 45.9201 81.1527 78.2681 28.9395 51.753
57.2254 59.0021 56.9034 61.8848 53.6781 62.1556 68.9092 73.5402 74.3009 77.7999 68.9725 70.2683 77.5414 72.0663 88.6632 90.6426 84.2611 90.3245 82.1357 80.3246 83.6873 87.2668 67.2454 76.6901 75.1887 82.9558 75.2311 79.4116 72.895 75.0126 67.3467 67.1931 65.333 76.0328 66.29 62.6326 72.3056 70.1657 52.8882 50.2298 46.3573 51.4725 49.2064 49.4953 51.6694 52.6692 65.0524 58.6195 66.0723 58.2964 64.5477 66.8277 67.231 61.0938 45.1917 46.3729 44.6173 44.2139 38.3839 45.942 40.8517 41.4615 16.0365 17.9336 16.1371 18.7586 58.5666 63.7611 67.5138 71.8577 51.8239 52.9546 87.6837 87.2464 84.8074 91.5193 60.5944 63.8943 30.6848 26.6333 47.3604 44.747 61.3599 109.174 56.5732 55.4191 48.4795 52.816 51.8938 50.5645 50.1283 46.1032 46.292 48.7552 35.2146 42.6172 36.8019 42.709 42.3171 37.7181 40.4997 38.8374 55.3729 60.9211 52.2516 59.8607 60.6362 62.0556 58.8135 55.7373 75.4807 67.3853 77.8648 66.6691 41.1847 42.3858 45.7636 42.174 19.5258 21.3594 23.7007 20.5686 21.9444 21.4631 22.8214 18.4815 47.0901 48.1316 54.8645 56.0015 35.8335 39.3761 38.1886 36.4169 31.8947 11.0298 39.8638 84.7467 78.3448 60.3535 48.5344 44.1706 80.8975 60.1568 35.0609 36.6292 8.69765 17.8833 69.117 17.7199 75.7188 22.5072 25.5994 19.4532 90.6454 28.6349 32.7652 42.3767 46.8698 0 8.28354 15.3675 58.7649 23.1529 43.9733 17.7731 13.3212 57.2491 17.4598 52.9214 42.2023 47.4415 15.3854 58.7727
62.9744 68.3925 67.1381 71.9248 61.0659 63.5071 77.5827 86.7418 85.297 75.6828 89.9471 87.2653 87.7269 87.1753 90.6438 84.2011 90.1797 89.3777 100.61 84.2984 89.1379 97.6681 86.1249 81.4156 87.8285 80.2099 84.4029 76.8977 79.0747 89.7611 66.9982 70.9947 74.5636 73.4549 67.1251 67.0801 73.9146 68.6406 55.1711 49.3244 50.5995 57.1348 53.7897 59.0952 56.8282 61.5095 64.2049 66.2617 74.8843 66.8182 71.622 66.118 62.3498 76.3306 55.1041 54.8146 47.9605 51.8619 52.6217 49.0816 49.827 54.6013 24.2876 23.2718 23.0764 27.5156 71.0265 68.7946 63.4901 69.3662 66.9079 65.537 84.5807 102.251 98.2711 100.852 66.9048 67.2444 26.6297 24.6827 52.0337 51.1984 55.1593 96.7169 62.6088 63.4118 55.7993 66.8083 58.5359 62.1671 53.6361 50.682 52.3506 51.1392 42.6221 38.6975 40.5295 40.8666 44.6377 46.5843 42.8979 47.0724 60.3462 58.805 58.4746 58.1205 66.6022 70.0772 70.9928 68.2783 77.8151 76.7642 82.982 84.8181 47.4059 53.1379 47.1905 54.1168 27.6355 29.2656 30.4853 30.9049 14.6502 14.7947 13.7561 13.0172 57.9446 51.119 52.9348 53.3937 48.2793 41.3051 42.212 48.1362 39.172 14.4155 46.8054 91.721 73.073 75.2197 59.2584 48.6714 84.6278 67.5539 35.6792 41.2467 3.80898 16.0528 69.8874 26.87 84.0159 30.5918 22.6765 19.3177 84.0936 34.7764 41.0311 50.1427 48.0267 8.28354 0 11.3608 60.8246 27.8331 54.4164 22.9348 6.99388 71.2951 10.5191 54.5182 42.8428 49.5367 20.7754 74.0618
68.0272 71.335 70.3898 67.3222 63.9454 72.9948 80.1861 87.019 87.7625 82.8061 87.4931 86.1538 83.8125 88.2309 85.9737 96.7877 93.5548 83.8329 90.0135 92.5461 86.5748 90.2097 87.6669 88.2526 94.245 84.0571 91.5117 94.3406 88.5887 83.8763 83.9059 89.2638 92.0393 78.5995 87.121 75.8809 79.5349 80.8428 44.9379 46.6426 53.0439 55.8861 53.0631 58.2755 56.087 59.2223 74.6072 71.7031 72.7344 81.2205 66.7536 69.3645 79.2145 73.8487 61.9695 53.4792 65.4927 57.3342 47.7308 51.6869 51.5639 50.6689 21.9686 26.5896 28.388 28.513 65.2791 66.2907 61.9143 59.1482 70.2832 66.1295 86.6389 85.9792 96.5435 92.6208 66.8908 67.5294 37.2275 30.988 66.3781 65.845 58.1543 107.409 69.1458 64.8225 54.5268 57.6692 57.7094 66.0047 45.4246 44.7286 46.3473 43.8826 33.1392 33.9805 33.6067 39.3436 51.6169 50.1678 48.5429 49.3953 64.3462 68.68 72.4875 66.8582 62.279 68.4081 75.0781 68.5632 85.2093 87.3838 77.4575 92.3661 41.2739 47.1171 47.822 46.4636 29.7629 30.1826 27.86 28.2705 23.2018 23.6978 22.5981 22.9115 43.1413 45.987 41.989 50.0869 50.6431 42.3744 50.9864 52.0129 49.928 26.2859 62.003 93.1073 75.9441 71.0844 57.147 53.795 88.431 67.7124 22.5962 49.3635 15.6034 5.92248 58.4594 29.325 73.7701 33.5152 10.2634 29.4929 97.2092 34.8241 37.123 41.0574 59.2286 15.3675 11.3608 0 76.669 25.8873 64.0395 21.9967 14.4598 53.8989 15.4562 55.8865 36.7053 37.7507 27.1462 63.8136
39.225 37.8336 44.0948 40.7609 39.3516 47.589 61.2512 56.7638 59.9857 54.1337 57.5164 63.2368 57.4231 58.5853 74.1158 63.6154 63.6986 74.7347 78.6052 68.251 78.6477 82.061 45.1256 44.8063 48.4846 47.2703 53.7738 50.8972 51.4802 53.4903 12.0846 13.8626 13.1097 12.8173 7.77467 7.36372 8.97032 9.46714 70.5583 73.2966 70.8569 74.9286 82.0828 72.4335 69.3452 78.8078 4.51269 4.27396 5.96761 6.70525 9.75165 10.2778 10.9541 10.9279 15.9552 15.5182 15.3755 15.7933 46.8262 47.121 50.2325 45.3203 59.5658 56.8436 48.0428 50.5403 95.4628 94.1596 97.3757 96.7639 14.7708 11.5701 55.5241 63.5127 71.605 72.0839 81.074 83.3289 68.4901 77.6386 14.4892 16.0836 75.9491 82.829 32.4065 49.6654 47.2103 47.9669 53.8336 54.0779 82.6445 91.181 87.5778 81.7403 80.319 72.0608 71.0194 71.6884 33.8692 34.6427 32.6333 35.7731 9.50031 10.5042 9.39664 9.49823 30.0841 26.1413 28.5085 26.9001 11.0521 10.3253 12.6956 11.947 63.3242 71.1253 67.0331 73.8376 54.1779 47.5952 50.9004 56.4457 74.9548 77.4335 77.0235 68.5044 83.9996 93.5073 82.2107 89.3864 37.3852 42.579 41.2261 38.8843 29.1126 50.0244 15.8344 66.9016 71.7868 18.5788 30.2608 26.2537 70.2303 77.1396 80.0496 36.0245 70.3248 77.4201 111.671 51.4098 60.6919 38.7575 78.9211 54.419 78.7624 53.3988 57.8057 80.6366 17.6586 58.7649 60.8246 76.669 0 66.2196 17.9909 60.2037 73.234 82.7144 70.6579 57.8785 97.0641 84.9384 42.0065 63.1178
41.2148 42.9537 42.102 41.9172 45.6254 42.9823 56.4505 56.9101 62.4111 63.3492 59.3905 54.2558 54.0589 57.1945 60.9711 65.0624 62.4998 63.4751 62.1718 63.363 66.127 67.1735 55.378 65.4585 64.9693 65.1727 67.1115 61.1794 62.1804 68.4306 75.7168 74.3971 70.4563 73.7019 73.0349 70.4435 63.9992 72.0015 27.3483 25.9901 28.2711 27.7142 34.7426 32.1746 33.7483 33.8486 63.1444 59.1618 66.3443 62.7038 54.2826 54.6525 60.0829 56.6443 49.0726 43.7735 55.0082 51.6128 23.4548 22.9775 28.8521 24.8539 9.90844 6.4633 10.8339 8.12324 46.9019 50.9149 44.6324 47.1453 66.721 56.8919 73.9778 65.5381 73.2439 74.3835 48.0337 50.2605 52.575 49.6748 44.4048 43.89 37.0068 89.1335 43.3833 33.1975 32.5612 35.6294 39.8737 37.5679 29.915 31.0494 26.3322 30.0086 18.7143 19.5312 19.6696 17.3567 29.802 30.2081 32.6072 30.504 58.9766 52.4502 51.8083 58.0122 47.1518 50.9845 46.7019 53.3376 67.7974 78.147 70.3611 68.1181 24.0316 24.3578 22.5549 24.5887 9.62189 9.10029 10.0376 9.79253 41.4598 42.1723 40.9338 44.0917 29.0255 33.3327 31.6199 33.7946 28.2105 25.4422 27.7432 25.1895 35.1466 29.6073 43.248 59.2788 53.5457 56.5519 42.4205 49.8117 63.9953 43.0184 23.4244 50.3579 28.5512 23.1113 47.8467 12.4282 49.9073 23.6517 27.3811 37.139 68.0834 13.8078 13.8387 31.6931 44.838 23.1529 27.8331 25.8873 66.2196 0 50.9794 3.78515 31.4797 39.3762 35.2192 34.8997 30.1797 28.7722 24.9236 42.645
53.1826 54.0822 54.3855 53.7371 50.6387 57.5735 61.3483 70.0596 69.2956 70.2932 65.1142 75.832 67.0976 77.1049 75.0487 86.5639 85.3914 76.1724 89.8298 79.2455 82.4317 85.5076 55.1612 59.9856 58.3394 59.1725 65.9345 66.533 71.0804 69.8551 19.4286 20.9173 20.379 21.5363 18.2534 22.0747 20.6075 23.0116 67.5263 67.0443 63.9201 76.3462 73.8474 69.8273 74.1497 71.2809 20.5096 22.9562 21.9794 26.3081 24.2712 26.594 24.0505 27.1456 6.75289 8.9738 5.64513 8.27934 49.9749 48.2082 43.997 50.9263 42.4178 53.0257 46.7465 47.1995 87.6175 89.4013 93.312 90.3205 7.872 7.7106 67.2451 70.7593 79.124 77.9072 86.7394 94.5177 51.4619 59.0838 21.7907 23.5673 83.6283 99.5617 40.8267 56.5304 60.4383 54.7137 60.4583 55.664 87.8037 74.4161 79.8686 87.0572 66.2062 72.8158 73.4457 76.2737 33.226 38.3478 34.9853 36.5759 22.2794 21.5248 24.2082 25.045 36.8492 36.5017 37.3003 41.056 22.9189 25.6888 23.8451 23.1758 74.5552 70.3898 65.604 73.2345 45.973 50.3101 49.1735 48.9831 54.8981 53.2549 54.3955 53.293 88.6514 89.5765 75.3999 90.2007 40.3314 36.3295 40.4165 35.4787 18.8152 41.497 13.1763 75.3745 80.5693 29.5487 36.6165 6.95128 76.7791 84.42 70.0534 16.5399 55.4555 62.0707 105.049 38.6739 80.0343 32.5895 70.2104 40.158 81.8482 53.1516 58.1448 77.776 18.123 43.9733 54.4164 64.0395 17.9909 50.9794 0 58.6361 58.285 96.954 61.1992 67.8239 86.4182 94.249 35.4286 64.2247
51.4737 49.6609 48.0427 45.7962 43.8797 46.479 53.5988 60.942 57.2218 65.4008 64.9718 57.8049 64.9481 59.6511 66.1832 64.0471 70.8008 74.031 76.6851 67.5132 70.2572 78.0969 66.6721 65.4207 61.7582 64.0506 70.7961 60.7157 66.6747 64.6091 68.0606 73.5911 75.2892 75.2064 72.7488 76.2716 73.6838 80.1411 32.331 30.1461 30.6803 32.4927 36.6194 37.5475 34.0467 33.602 57.0343 63.9804 66.9126 63.5608 54.843 66.3733 65.9252 64.9592 51.1572 51.3024 49.5322 51.8277 27.313 26.0799 33.619 32.5827 10.2033 7.66532 11.1698 9.82101 46.0845 46.5198 43.7422 47.3166 57.4995 59.8191 74.6171 66.9794 77.0424 81.4607 47.1479 52.883 49.7465 43.0687 46.8835 51.2045 38.2518 81.7277 50.2442 41.7058 39.3195 36.47 40.5264 40.1705 27.1801 27.1838 29.8196 31.3187 17.8076 18.2842 18.4844 21.3809 35.2541 33.8266 31.5731 33.2665 59.8228 50.9137 61.0908 55.7516 50.999 51.5969 50.3246 56.5312 75.904 80.5041 73.0803 79.8921 25.6385 24.2641 27.3662 23.555 12.2678 11.9278 12.9552 13.4172 36.5386 38.853 37.312 34.8159 32.5789 34.0656 33.2807 32.0752 30.3482 30.04 33.0368 27.2845 39.1654 30.9478 44.4571 68.9446 57.7073 63.0847 44.3365 57.0713 63.8261 46.6155 20.558 50.3917 26.4816 20.6748 46.8027 14.5589 62.097 28.669 25.9483 34.8212 63.629 15.5796 19.5781 30.3407 45.8999 17.7731 22.9348 21.9967 60.2037 3.78515 58.6361 0 30.8692 41.2165 34.3315 38.3419 29.759 31.3064 25.1941 44.4476
71.2761 80.2533 71.0882 73.261 65.858 77.603 89.1025 95.6971 97.1964 87.8138 87.5192 82.647 89.1361 99.1333 96.8359 96.5116 97.7756 103.848 100.953 94.2691 108.238 108.472 82.4686 81.0698 82.0398 94.5871 98.3282 95.7177 101.889 94.7622 83.6407 78.1831 78.0854 81.0714 82.6494 78.6872 73.7271 80.7506 65.2447 65.5984 67.1857 56.9086 67.4065 61.1656 61.7202 72.92 77.3667 78.4143 74.8365 74.3262 71.7539 72.5953 69.1382 73.4774 55.1244 50.8639 57.7876 52.6941 56.3165 54.1409 52.0385 63.5545 31.7037 29.4273 32.3807 32.3152 75.2068 69.6791 69.6914 81.3161 69.1363 59.6553 99.3292 92.8713 105.137 108.273 81.1401 80.3375 19.3155 19.7507 65.8137 66.3928 68.8461 119.405 78.5667 66.3827 64.174 70.5136 64.7853 70.9774 49.9906 52.5353 53.6428 61.5546 47.3632 48.0665 49.7993 52.5647 52.204 56.1361 52.1973 51.4268 65.9998 71.6406 71.6403 75.8959 74.0336 72.9747 73.3041 74.7953 89.0613 76.8339 90.4737 80.9201 52.1633 61.0815 55.1683 55.9308 34.7926 37.4005 36.65 34.7508 9.43978 9.25373 9.36121 9.6354 61.8626 57.457 62.8265 54.4896 54.4463 48.8961 49.7564 56.7602 45.6949 18.6191 51.542 102.101 86.3914 74.8205 69.3423 54.1344 88.4953 72.3835 35.3359 43.0583 7.65506 19.6796 67.4695 34.0836 85.5011 37.4156 22.726 18.7647 97.8018 46.9138 42.7374 48.969 56.4805 13.3212 6.99388 14.4598 73.234 31.4797 58.285 30.8692 0 65.3163 3.18451 65.4762 46.9338 52.654 27.481 78.8174
49.5224 56.3195 56.1624 57.1652 51.6818 49.5604 56.5444 52.6594 56.8525 57.1212 50.8048 48.6519 49.6531 49.442 51.7608 55.0206 58.0251 56.5047 55.1525 56.2199 56.077 51.0083 59.7069 67.8362 71.5161 75.3972 58.2866 58.2162 70.6275 70.418 93.3282 109.202 98.557 105.394 102.848 101.119 102.464 95.5639 18.5932 17.3798 18.656 21.5056 14.6303 14.8253 15.4761 18.1019 91.0034 86.0295 83.7335 88.18 76.477 88.4198 80.434 92.9804 77.2207 77.5203 82.5245 78.759 41.6145 38.274 41.8324 42.4277 50.0964 44.4235 45.2484 46.143 6.29447 8.699 4.60519 7.46915 104.541 96.9798 65.8098 68.9772 55.7515 65.0344 16.2158 15.3385 84.4758 85.6166 76.254 66.6176 7.59025 72.3731 64.4624 36.9795 38.5061 44.7604 42.8469 42.5565 15.7148 15.0996 15.6154 15.5236 21.3465 24.0689 23.7049 24.2676 55.7168 58.1804 58.9376 56.255 73.8038 74.4483 76.9958 84.9681 68.58 69.3925 61.8989 62.7244 107.943 95.7134 110.735 109.582 19.5534 18.5869 19.9118 18.6412 43.9342 48.1598 47.619 41.3412 78.5953 75.6629 83.8006 75.3366 13.018 14.8802 14.8207 11.8509 51.466 55.5343 51.4347 49.209 64.566 68.9737 79.0679 46.2954 43.1608 69.8235 53.0846 87.0205 57.3682 20.9267 38.3092 85.7194 65.6783 55.6478 21.7588 48.4049 46.7699 58.6999 57.0417 79.5643 49.8399 37.0035 37.0289 21.0181 79.092 57.2491 71.2951 53.8989 82.7144 39.3762 96.954 41.2165 65.3163 0 73.3287 31.06 31.6212 28.4995 64.0204 34.6023
76.4982 71.3619 71.3747 78.0914 69.8848 80.6327 89.1405 98.1261 100.883 99.635 87.5275 96.3514 101.164 99.12 97.7728 105.114 100.273 108.322 111.006 113.732 106.375 104.01 93.168 90.3507 96.6818 91.3826 103.555 90.877 89.7963 89.2179 85.58 86.4802 86.5664 82.6625 76.8917 79.6013 87.8087 77.0911 60.6658 63.556 60.8227 67.135 74.7461 68.386 75.38 76.4777 75.0088 83.2365 77.4999 83.721 81.79 81.7508 72.8046 76.6334 57.3765 55.9231 61.9685 53.6012 61.6977 58.3117 62.7685 60.3748 35.097 33.2447 37.5128 39.5345 77.8815 84.8712 74.0662 76.7094 64.6288 72.503 105.016 103.24 107.453 101.862 88.6295 81.832 20.0302 17.2871 59.3493 68.2293 64.1684 113.069 76.6598 77.6587 70.6834 69.6231 67.3809 74.6637 61.4241 59.7778 56.1606 65.1415 45.9281 50.5715 49.9153 53.0279 59.6798 53.5743 56.8417 60.2705 66.9148 64.9435 65.1948 66.8686 76.9875 75.006 77.2295 72.7326 84.0429 87.2569 88.0884 85.2835 60.574 65.2929 61.7289 62.6242 35.1036 40.531 39.8363 42.6546 7.03718 6.3097 7.75404 6.08751 64.9511 58.1814 61.5511 63.9989 56.0313 55.8733 54.7879 55.0406 48.1195 18.1903 60.203 94.8361 93.5664 72.9117 70.028 51.0166 94.1297 82.0445 39.7688 45.1972 10.1591 22.1461 77.9348 33.1162 82.2465 39.0677 22.2829 18.5376 102.842 48.9401 47.2576 54.3233 52.7914 17.4598 10.5191 15.4562 70.6579 35.2192 61.1992 34.3315 3.18451 73.3287 0 74.2184 50.5086 56.2045 28.522 76.8187
21.1864 20.4809 21.1573 21.4167 23.8346 19.3992 23.4073 27.2476 25.9209 30.9884 24.6504 28.9422 26.0565 27.0055 31.819 33.0638 31.9086 31.3305 30.9023 37.4307 38.3636 34.7546 37.3388 35.0344 34.9216 41.8889 32.0355 33.9746 39.8902 36.3791 67.1426 76.8736 74.1197 66.6097 63.4966 69.0599 68.2913 66.6626 15.2728 14.6804 14.7007 12.8824 18.0602 18.9392 15.5459 14.2935 51.4438 58.9715 59.6128 62.8047 51.5055 52.8109 54.9883 55.5549 60.3279 50.7137 59.4365 58.7478 13.9826 12.1939 13.2545 11.9674 38.0327 37.1287 35.1855 33.5668 41.0875 37.5027 35.4253 40.899 72.2919 66.784 42.5094 42.49 41.2714 34.9495 24.0941 24.4797 76.0268 87.2995 47.5265 41.1503 26.2173 50.4391 33.9078 5.86631 10.9438 10.484 11.628 10.4923 36.0863 32.3789 37.3707 33.9339 32.5677 30.7665 32.5661 27.7847 27.0154 24.7626 29.0198 26.9352 45.4588 51.6496 53.7819 48.916 34.1686 36.3139 34.6541 36.315 77.3885 65.9637 65.11 67.251 19.7307 19.9542 18.0007 16.8154 28.2097 33.1722 28.2105 30.3599 80.3055 78.1742 70.5291 67.9006 34.4699 35.3519 34.509 32.1007 25.182 24.4076 26.6425 26.0668 50.7118 59.6133 47.7625 30.6377 23.8191 43.0176 26.6002 67.7232 29.7186 14.7421 45.4079 58.9606 54.8766 61.4941 54.9811 36.9108 23.3653 40.8544 53.8602 66.1955 30.935 23.3451 19.9776 35.9193 45.9201 52.9214 54.5182 55.8865 57.8785 34.8997 67.8239 38.3419 65.4762 31.06 74.2184 0 45.5732 51.1726 48.0929 11.9612
70.5549 61.867 71.5263 73.5747 70.5017 65.0697 69.143 78.201 77.9143 71.9031 71.5807 76.8291 82.3309 76.8896 73.2626 84.7474 71.9958 83.7889 84.1666 73.4905 83.6944 82.989 75.3183 82.7616 78.8974 92.8685 78.2544 89.5931 83.6913 83.1901 92.1502 100.057 100.339 97.8299 99.7272 107.455 105.858 97.4194 35.6613 35.4035 39.0019 36.6594 37.7667 33.7768 34.7281 36.7001 85.9105 94.622 100.026 102.059 82.5964 89.6048 88.9564 93.1027 74.2352 71.4868 85.5423 76.6778 54.2932 51.6643 49.4538 47.2906 38.9214 34.6602 44.1692 40.524 27.8753 36.1149 33.6955 30.9918 86.0092 94.2619 95.4966 95.4025 90.6614 82.6972 43.2182 48.476 67.0972 66.495 79.1871 74.0241 33.4041 103.6 77.1683 52.7469 58.2426 51.5633 59.5927 56.5672 14.6096 17.717 16.7619 16.2177 17.9174 19.0893 19.049 18.3716 61.0734 53.6375 54.5765 57.1892 76.1351 76.8839 87.0377 88.1996 79.313 79.5971 70.4132 69.0382 109.927 103.971 104.585 106.883 31.7647 31.8841 29.0726 29.0514 41.4766 43.1479 39.0799 42.8875 62.5779 57.1652 52.7605 61.3681 18.3359 16.1958 17.7206 18.4285 58.4077 57.0477 58.3042 60.1113 65.1567 50.1625 80.9675 83.5465 68.8294 83.5846 61.3758 79.9709 69.8376 41.0809 10.6486 70.1611 45.9871 30.0676 24.7438 46.609 70.7713 60.5148 26.2805 66.9432 82.537 39.9342 36.2911 11.8478 81.1527 42.2023 42.8428 36.7053 97.0641 30.1797 86.4182 29.759 46.9338 31.6212 50.5086 45.5732 0 2.39478 60.3182 57.1779
70.1133 70.2059 65.0558 67.2319 71.2737 62.8937 74.0082 76.7548 72.7697 70.8285 71.1321 76.5733 67.5112 69.0825 81.6552 82.3287 72.418 85.848 69.1711 82.3179 83.4174 72.3121 84.3024 77.8829 87.4179 89.3558 73.3737 83.0507 89.3035 90.6864 107.097 93.2927 95.6823 94.8763 106.248 95.9317 105.66 101.569 33.8886 33.4728 34.0645 32.5666 35.302 35.9892 35.8116 37.9942 94.8459 96.0829 97.6722 86.2131 79.265 94.1765 82.6552 88.4459 88.0135 86.1024 76.8057 85.7012 52.125 48.6794 51.8584 55.3125 43.4662 40.8419 41.5107 36.9909 27.8999 31.6774 27.463 32.4123 93.2394 93.3036 93.1715 83.5433 86.5547 91.5651 40.6066 47.199 67.9535 68.8357 82.2107 75.7565 26.1923 100.715 73.2319 53.0237 56.3183 57.0166 55.648 51.7116 14.7495 15.357 14.2168 15.7716 18.4396 15.942 20.1346 17.446 57.9074 53.6004 64.4105 59.715 76.9589 75.3866 93.2485 90.2548 68.2082 68.4755 73.9756 76.3996 96.8432 99.8923 95.9844 98.6388 28.7585 26.7866 28.9754 32.0855 40.6663 38.5171 42.2676 42.6338 54.5323 59.9575 63.2769 61.5922 15.5872 16.7467 17.4347 15.9563 55.9463 50.0872 57.6253 54.0292 61.2417 56.916 70.0222 71.2713 63.2308 76.9187 71.1652 84.7942 75.0882 44.3568 12.8276 73.2492 52.2601 29.6402 23.0617 45.1445 67.2268 53.2925 26.464 61.0519 80.3983 39.5505 41.3758 8.97204 78.2681 47.4415 49.5367 37.7507 84.9384 28.7722 94.249 31.3064 52.654 28.4995 56.2045 51.1726 2.39478 0 55.2952 59.2318
51.0855 52.3055 53.0139 56.0126 47.5724 52.706 65.7785 71.5084 71.6982 73.6539 69.0706 70.2741 77.425 71.6319 72.7172 72.7392 78.162 80.4025 84.4466 73.3761 81.1621 88.7369 65.9218 62.4235 66.0488 71.8389 63.1864 69.6687 75.7494 71.0211 56.4597 52.3865 56.1866 53.2493 49.3822 47.366 51.4495 49.1491 53.9842 50.193 48.5912 55.2292 60.4366 56.0376 61.4299 51.6224 45.2985 44.7912 43.6523 48.1045 42.8711 48.6332 49.5155 52.878 27.3485 27.5435 32.5515 29.3684 38.6574 35.9066 39.0781 36.4879 16.6574 20.6168 15.6185 20.2187 77.2649 72.7441 71.1025 75.2941 39.7579 39.249 71.171 74.5012 72.2051 74.8647 63.2967 66.9962 37.1758 29.9535 31.7209 34.7664 56.101 97.8998 50.8051 53.9931 47.5768 48.4929 46.4412 50.694 53.3491 52.785 53.9699 50.9813 46.517 50.131 45.6179 41.5666 29.5776 30.4555 29.2434 31.8715 43.6007 40.466 38.6021 43.6144 46.8523 46.8209 43.7359 46.4632 52.1846 55.6916 54.1209 61.0104 47.2172 50.387 47.0194 44.9141 19.1705 21.1818 20.2403 22.3896 31.7319 32.3167 29.5622 28.9499 56.394 58.636 54.1998 57.1581 30.1509 25.9879 30.1689 29.6476 14.6301 10.4246 27.0932 83.6797 68.7221 51.9236 41.1408 30.7229 77.0163 66.3898 42.6322 20.2434 21.6615 34.4077 79.365 17.5811 72.0988 9.7965 41.5387 18.4789 81.3963 30.4109 33.2059 49.9655 28.9395 15.3854 20.7754 27.1462 42.0065 24.9236 35.4286 25.1941 27.481 64.0204 28.522 48.0929 60.3182 55.2952 0 56.8006
22.0872 22.6069 20.0416 21.3935 23.8144 18.9116 15.9082 16.5227 16.8368 20.0897 14.4407 17.0492 18.3734 18.834 16.8079 20.3247 20.16 23.8194 20.5601 22.1245 23.5104 23.7272 26.015 32.3998 30.7165 31.147 24.4907 24.8569 27.6982 27.7524 74.3682 78.1866 70.396 70.8402 69.0787 74.6512 73.0335 72.5558 25.8688 24.9909 24.9123 21.1923 25.5228 26.4319 25.4277 21.3774 62.9106 63.8975 53.7922 62.8238 57.0107 56.5647 52.7914 50.6559 68.7612 60.4143 57.1172 62.7886 23.6 20.3001 24.215 21.3186 45.861 47.6663 48.2106 41.2656 43.7631 42.1282 40.0642 40.1754 65.8493 69.9854 26.1386 30.6433 28.0583 24.6323 23.688 26.0163 84.572 87.5565 51.4896 44.8963 34.6089 36.2145 29.4841 11.8341 15.3252 13.1071 12.9035 13.4667 44.4974 41.9445 46.4409 44.3287 41.2878 39.9291 44.7224 38.9536 34.7619 32.7284 34.838 34.7526 52.3081 49.5761 49.0112 49.7036 36.871 34.3311 37.6648 36.9879 72.4828 68.4838 71.5346 70.3703 27.776 28.0164 29.8812 25.4168 41.5845 45.5273 42.5451 44.1883 84.2427 80.4884 84.3563 87.3571 42.8925 40.2235 47.8528 42.3719 30.7127 36.0089 35.5498 33.9789 58.1279 73.3469 52.5328 18.2346 8.63953 43.2297 31.3137 72.8614 16.0215 17.3121 55.5302 66.0909 75.9627 73.6754 57.956 44.2995 9.7598 55.3739 63.8626 81.1731 19.3442 31.5873 33.3326 45.1198 51.753 58.7727 74.0618 63.8136 63.1178 42.645 64.2247 44.4476 78.8174 34.6023 76.8187 11.9612 57.1779 59.2318 56.8006 0
