10
100
174
0 0.667004 1.27431 1.94397 2.46699 4.31873 17.3027 18.6686 16.7881 20.1097 22.1705 24.281 24.7248 21.94 30.7295 32.7794 28.3935 32.8705 36.5619 32.3073 37.8487 36.0038 15.689 16.6229 19.5718 19.7631 18.2475 20.8267 21.3756 22.3242 52.8255 49.5058 52.3425 49.3193 44.2621 51.4247 45.109 51.174 41.0841 39.2115 39.2623 34.89 42.281 39.4612 42.2624 37.4765 40.419 35.0834 38.3398 37.355 32.3808 31.0026 34.4766 35.4814 47.2066 43.4249 44.5801 39.777 19.5745 20.3295 16.563 16.6337 46.0287 41.1969 44.7481 38.4218 63.7475 58.2626 63.7956 63.0766 55.8194 52.066 25.2967 27.4708 31.6588 29.7782 41.6513 44.4268 81.9816 88.0951 29.2922 27.8933 43.8686 48.7882 9.14112 16.64 11.169 12.0646 11.5961 13.1138 60.3185 59.8956 55.8456 60.8772 49.2531 50.6122 47.3048 48.8714 20.7398 18.6334 22.1862 20.847 31.7005 28.2986 29.7538 32.4447 13.6183 11.9165 14.8876 11.6044 50.66 51.9377 54.5984 47.5333 39.3365 39.3434 34.8256 41.3618 36.1676 35.7777 33.9831 36.7845 79.4232 76.1225 76.1529 77.8525 56.6543 62.9762 57.8579 62.3077 23.1652 20.207 20.9681 22.0792 37.8795 54.8505 37.7629 35.5156 28.6243 26.0226 11.548 50.6703 22.9009 36.4152 61.3668 52.8608 63.909 74.2552 72.1617 42.7167 25.2368 41.4761 68.7447 61.7107 38.1371 33.8698 32.5377 63.8778 30.8468 54.3416 62.5831 66.4803 40.8562 46.5886 45.5561 45.3013 77.0459 60.2723 69.5742 22.6318 68.9503 70.6727 53.5187 21.8302
0.667004 0 0.694618 1.21124 3.07071 3.60105 17.3108 17.3261 18.5847 20.406 21.5696 20.9751 23.8528 25.6058 30.8831 29.115 31.8061 29.3071 36.7967 37.2671 36.3654 37.1529 15.735 16.621 18.8364 19.1288 18.4826 17.3315 20.647 22.869 50.6139 53.2633 49.2096 52.1913 43.9508 45.3178 48.0317 46.72 37.9417 37.2001 37.3978 34.6839 41.7482 36.2703 42.1351 37.6669 35.2434 37.8199 37.0631 42.1259 34.3138 31.375 32.8595 35.933 45.669 41.3995 39.7942 38.4985 21.0507 20.6942 17.6373 17.6813 40.3328 45.1856 45.5462 43.7168 55.5559 58.1724 56.1487 61.4929 54.4376 54.8145 28.2123 27.6256 29.2198 30.2571 47.1634 48.2903 86.2778 86.9109 31.2028 26.526 43.4077 48.4849 10.914 15.9187 12.288 12.0771 11.81 12.7601 52.4156 60.8334 59.7524 58.1136 47.2107 47.7501 44.8097 48.5891 19.7359 19.8026 20.9097 20.6409 35.242 31.6432 30.1024 31.7489 14.0115 14.1121 14.7813 14.2569 57.2508 49.0695 53.7303 47.3993 40.0393 42.8586 35.3417 38.385 41.3761 37.3264 40.6662 40.5617 71.3465 75.2189 83.321 78.6314 56.2269 56.1443 53.6444 53.6261 24.4951 20.613 20.3582 21.9453 38.0889 55.9485 33.7778 31.32 24.4504 23.8796 13.2642 60.3699 24.1598 34.5876 65.6532 58.2996 62.9922 75.7402 74.6658 36.0298 25.6619 44.8129 79.1515 64.271 32.302 30.5864 29.1772 60.6631 32.836 64.0473 68.3543 71.3705 41.5911 42.3726 48.8027 53.1041 75.6337 58.3039 78.0646 20.6837 67.5116 64.1683 52.4331 21.6034
1.27431 0.694618 0 0.599561 3.64426 3.25911 16.7029 15.7193 17.2382 17.874 22.4839 21.9726 22.041 24.0253 29.0929 31.3634 28.462 30.5748 34.3669 34.4334 37.4647 31.9656 15.2188 18.0378 16.9256 18.2445 18.9729 16.8037 19.0542 22.8747 50.5098 60.3318 59.4068 57.7378 46.5673 46.4242 47.1985 50.5256 40.488 35.8248 37.8926 35.5335 40.7072 36.3421 37.4358 37.4261 39.1672 42.0993 42.3061 39.7903 35.2594 35.3196 34.8257 31.3581 47.4419 40.0704 48.2026 45.4993 21.4929 20.9305 19.5068 17.98 46.4754 43.79 44.7887 37.9526 56.0969 67.2377 62.5135 56.8015 53.0239 48.763 24.2609 29.7007 31.4029 34.1944 44.1092 43.2334 91.6097 84.6224 28.2393 28.1744 47.9117 42.426 10.7865 16.8839 11.2786 11.1483 11.8077 10.992 57.0656 53.7142 55.1211 58.4864 46.5075 49.4094 53.2055 52.6538 21.8885 19.1993 19.3961 20.3668 32.7431 32.7655 30.2265 29.5601 14.9097 13.274 13.5214 15.2512 50.1431 51.8159 55.2516 49.3977 38.1224 35.6464 38.4146 34.7965 39.7142 35.6509 39.5035 39.6748 82.6907 84.423 78.8645 82.6109 59.98 52.3027 51.0312 54.9643 23.4595 23.3448 23.3914 20.2287 40.5891 64.1029 34.712 29.6805 26.5617 23.5916 13.569 57.5294 24.7883 37.4933 66.4168 58.3705 66.3022 68.4003 81.983 39.1798 24.8605 39.2725 75.5347 67.2182 36.4447 32.8281 31.4645 64.8601 34.3698 60.6329 60.1711 62.6535 38.7543 49.0623 47.4102 50.532 72.9369 53.9316 70.7531 20.7235 70.8183 67.7776 47.4747 22.1863
1.94397 1.21124 0.599561 0 3.94734 2.37219 16.203 15.0853 16.0432 16.9713 19.7269 20.5547 22.2767 22.2038 27.2883 26.7919 28.1172 26.911 32.1135 36.2801 31.1614 37.3707 15.4056 16.2764 18.7781 17.3886 18.2322 19.3789 18.4199 19.6774 56.6917 60.4219 51.8748 52.5907 53.8226 47.2524 48.3354 52.2562 35.8725 33.9664 32.4671 37.0401 43.8254 35.8736 34.4981 38.2065 42.2133 42.3288 40.2886 39.9527 34.8951 34.9497 32.1967 31.8229 44.9276 47.5732 45.9641 41.1151 20.9799 20.8992 19.6597 16.4225 40.7792 46.4672 40.3319 42.1292 60.4316 65.2709 53.3419 55.2646 58.1389 46.8094 23.7013 24.8292 28.1966 33.8143 40.1255 43.0288 80.9791 81.124 32.455 26.2141 45.2443 39.9246 12.568 16.0776 10.8614 12.6945 10.8016 10.6698 52.1576 60.5427 52.0635 60.3011 46.7114 53.5868 48.8111 53.6018 22.7459 20.5584 21.5322 20.9099 36.1746 32.1519 31.728 35.6547 16.1982 13.5448 15.5538 13.1707 48.2925 48.8572 53.6831 52.143 35.4831 35.1351 38.5125 41.3306 35.7181 41.2801 36.4771 38.6488 87.3309 79.3599 77.2263 76.3851 58.6152 54.9349 55.5377 53.3801 23.2126 24.4716 22.4199 23.7107 39.8022 64.7686 37.9581 35.3087 27.8371 27.1936 12.735 54.3937 22.236 37.9037 56.7094 56.4103 72.3142 68.805 71.8592 43.2125 21.3586 41.0285 72.6824 74.001 34.702 32.5053 33.7737 61.922 33.0894 60.2505 62.3062 73.8444 42.4777 40.4698 53.1598 52.0034 66.4587 49.1319 73.1529 21.3742 67.7657 65.9895 55.448 20.4629
2.46699 3.07071 3.64426 3.94734 0 5.08388 19.7084 19.2945 22.0739 21.477 25.9988 27.3689 26.0753 26.0947 34.5792 34.815 31.5989 33.1118 39.8205 38.8553 38.6039 36.6736 18.9778 19.2823 20.282 20.2197 21.2197 23.8142 22.1029 24.4554 54.2809 56.1504 51.4016 52.6887 51.0679 46.8277 51.1632 52.2108 34.9615 38.0657 33.4136 33.0763 41.6417 39.6792 34.9919 41.5237 38.3424 38.1994 38.1502 37.0815 32.4056 28.5441 33.4654 31.4284 40.991 42.5892 44.8681 42.1865 19.8862 17.626 17.3025 15.3914 45.1567 41.1266 36.0986 41.2001 60.6889 66.8167 56.2826 55.8964 50.5853 46.6255 31.6546 28.6843 30.9357 31.2525 42.0611 47.3408 84.9325 83.2668 27.0986 22.9295 45.8239 45.7514 9.4008 16.856 10.6232 13.0076 10.0155 10.7727 53.5245 54.6676 56.7441 52.5885 44.5706 51.7924 43.1595 47.7256 17.4169 16.7246 18.5607 15.3976 27.9965 31.0568 32.787 27.2397 13.5019 11.1233 12.4971 11.2279 49.4023 51.5816 47.3704 48.6338 40.5575 34.7398 35.8615 33.9863 34.4099 33.6326 31.9575 33.8132 83.7115 72.497 73.7141 74.6133 61.6709 54.1163 51.0216 59.7733 20.5703 17.752 17.9185 19.9118 37.549 55.011 34.494 33.1207 31.7429 25.2116 9.4663 55.9793 25.9673 39.5867 63.8201 49.3919 70.128 68.3395 81.4487 39.9314 27.9019 41.8964 75.9176 61.7133 40.7557 27.3868 31.8138 57.8048 29.7773 53.3364 67.7967 72.0556 43.0463 42.6909 46.1405 49.0029 66.9241 54.6982 78.4221 23.9546 66.7224 66.3041 46.0001 24.9209
4.31873 3.60105 3.25911 2.37219 5.08388 0 13.9364 16.016 15.3267 19.1574 20.3337 18.9516 19.9998 19.8616 27.0249 26.2479 26.7313 31.176 29.4844 34.0976 29.8841 32.1561 17.5838 17.9948 19.7804 22.5458 18.4833 21.3702 22.3056 22.301 53.8188 61.6184 54.0771 55.9319 56.5063 53.4647 50.4028 57.1417 37.0406 37.3083 34.334 29.8771 36.2695 34.8017 34.4361 31.3715 37.4844 38.5889 38.8967 38.0995 37.2765 35.3085 34.9851 33.8129 43.6584 40.0584 45.0857 45.6008 17.0699 17.8365 15.8483 16.8327 41.1151 42.3628 41.8627 36.4332 57.0743 57.8188 56.2533 53.7141 53.5678 56.3277 25.8824 25.9044 29.7949 29.0802 39.2817 41.6445 80.7909 76.4215 35.1655 31.7595 42.3296 42.4268 14.3279 14.0315 8.42555 10.0891 8.38512 8.86579 53.0682 54.4948 50.7411 49.7186 48.9097 50.4782 42.2275 45.1207 21.6619 22.968 21.2221 20.3902 32.7007 30.9188 34.6377 35.4863 18.7525 15.3039 17.7094 16.0891 50.3158 53.4066 52.4489 54.3405 37.896 39.1967 33.7832 38.4951 37.1841 39.6731 34.7962 32.8527 74.5887 70.8959 73.4365 81.9125 55.0828 53.8073 49.433 53.6226 23.4669 22.6448 21.1948 22.4754 46.3228 63.9187 41.6884 32.7975 23.9152 29.65 14.8468 62.9669 23.5202 31.0616 56.9152 60.2147 66.4101 74.2764 70.4669 35.5304 20.3907 39.9026 69.0775 64.0595 32.3283 33.7044 31.5747 53.9298 39.1411 64.0175 65.031 62.467 43.229 44.2611 53.899 44.1189 68.0851 49.7627 81.9292 19.6907 63.9509 61.3136 55.4166 18.6592
17.3027 17.3108 16.7029 16.203 19.7084 13.9364 0 1.30155 2.70401 3.65056 5.50291 5.9426 5.55607 6.87101 11.7942 13.3328 12.9608 12.2306 16.9908 16.3202 19.4779 18.3288 13.7124 16.1722 17.5875 16.7355 10.0517 11.9537 12.1198 13.3212 74.0926 64.1483 67.9553 74.4282 64.7894 63.6632 66.1398 61.2688 36.4599 36.8008 36.0036 36.3884 41.9913 38.7159 37.7841 36.4492 49.6024 51.4436 57.2718 50.2801 50.1504 46.7946 46.9682 45.1911 58.1085 62.5055 57.5903 56.1904 33.1282 29.72 27.9034 30.7393 59.4506 60.7042 60.1996 55.1559 63.8122 60.5628 61.1702 55.0194 72.4891 60.0941 15.4197 15.7576 12.8231 15.1777 41.3265 36.8831 105.854 107.336 50.6055 40.7161 45.0922 25.6503 26.6242 22.587 20.9874 19.1824 17.3437 19.3927 54.3693 64.9926 55.1213 56.8024 60.1162 52.8145 55.5225 56.9628 34.2909 33.0737 36.3062 33.8722 48.0359 46.7681 51.0061 50.3363 32.3709 30.3914 30.8147 27.0533 60.6156 67.9375 72.2846 64.2641 39.3651 45.9671 39.2566 41.8065 49.1629 54.6948 47.2732 50.5579 96.4749 99.6347 84.9614 89.5133 53.6018 64.7898 60.319 55.4938 39.5814 33.5052 35.8087 34.5208 61.6163 77.78 52.3777 16.4033 12.68 37.7454 30.9404 66.0042 8.47657 35.3425 72.9684 76.8655 75.7711 79.5475 77.5557 52.9949 11.724 57.8698 79.7063 90.6426 18.3645 45.8203 41.9742 63.2667 47.4008 71.2824 76.8498 78.1749 58.5218 51.821 67.4468 56.3368 94.7022 50.9552 82.8111 25.2879 66.5581 70.6359 68.3767 13.501
18.6686 17.3261 15.7193 15.0853 19.2945 16.016 1.30155 0 1.15888 2.73927 5.29113 5.3636 5.53527 5.47907 11.6399 12.0332 13.5447 12.8713 17.0696 16.2572 17.3074 19.7894 13.9764 14.7628 14.3418 15.0074 9.94146 10.4212 10.9877 12.4873 75.6454 68.5394 75.8798 62.8665 59.8002 61.5436 68.5975 65.3349 39.604 39.9892 37.9273 39.0946 39.5838 43.2192 37.4161 40.3429 57.6232 49.573 54.1938 51.0903 48.7737 47.6096 44.7404 43.8045 65.2512 58.3916 58.0841 60.5979 36.0139 31.6802 30.4 29.6162 53.1708 55.2676 59.9959 54.4494 59.9224 62.4961 59.626 60.6593 71.5282 61.4261 11.818 13.9546 14.1712 16.2256 42.204 38.9277 92.5555 95.7767 47.3492 47.0367 47.673 25.1605 25.2571 21.8889 20.5807 21.944 18.5347 17.3853 62.9502 61.9178 61.2475 58.34 62.3063 57.2362 56.9045 50.6811 36.8767 40.7035 35.2155 39.4664 50.8961 48.4221 48.6615 49.5502 27.5511 27.7676 28.8156 28.6902 68.4255 65.4027 65.6305 70.8451 44.1178 42.0556 40.0919 42.0501 51.5165 55.4357 56.262 49.4347 102.148 93.3872 87.3517 86.9487 61.5497 62.0521 57.5026 61.7378 41.5601 38.0721 37.7764 39.1652 54.0068 79.4682 55.0403 16.1275 14.7342 39.3883 28.8824 73.1787 7.33436 35.2801 72.4685 79.0501 78.3276 87.0488 70.4931 51.4725 11.0864 52.1121 88.3206 85.4879 19.3997 41.2264 43.7486 71.2529 52.1565 70.2856 74.1054 80.9525 59.9403 58.694 61.4754 58.0559 90.4339 53.7933 82.7136 23.6286 77.4195 76.277 68.7263 15.5344
16.7881 18.5847 17.2382 16.0432 22.0739 15.3267 2.70401 1.15888 0 1.14978 6.48888 5.86564 5.07404 5.4574 10.908 13.1484 12.8202 12.1288 18.0044 15.8227 17.6714 17.2447 14.8633 15.0683 13.6315 16.7571 8.91711 10.9934 11.7718 10.9962 65.2987 68.1478 64.5613 72.5927 63.3811 67.426 59.9728 63.3359 42.6341 40.6691 41.866 34.9947 44.3336 42.43 37.7483 38.3402 56.3659 51.5717 55.2407 49.0637 45.3264 50.6187 52.1482 47.4507 59.0471 63.8457 55.9755 57.3174 35.6449 30.8599 33.5562 30.672 55.5787 57.9722 61.1415 57.4932 62.7273 65.3388 61.9196 63.1118 71.0296 65.1326 10.7837 11.2192 10.995 14.9206 37.5003 38.5766 99.2111 102.249 47.553 46.0969 45.0793 28.5743 29.5481 24.826 23.2366 21.5738 22.1675 21.6501 65.1316 61.2001 58.3514 66.1782 58.6464 60.6891 60.5389 62.0028 36.2461 39.35 41.1692 38.4127 50.4995 44.2251 52.7164 44.2036 28.1405 30.765 28.6436 26.3649 63.5186 58.5842 72.6081 66.4869 49.4322 49.5801 47.8326 47.1885 49.6106 53.6688 52.7456 47.7358 95.4988 93.2496 87.9888 89.6441 63.2305 67.5847 62.762 63.6671 36.7816 38.342 40.7598 40.6675 62.5112 82.9816 52.2528 17.9122 14.8089 35.2737 32.2065 67.0851 6.64896 37.0312 75.4446 68.5639 90.9222 81.7134 70.6234 58.1143 13.159 55.7244 79.6472 84.7275 19.7213 46.725 39.5377 62.6045 56.134 75.0076 73.9251 74.4148 52.5298 56.9829 63.369 58.1325 83.9987 53.301 90.0244 29.6354 72.9468 73.1468 65.7429 17.9191
20.1097 20.406 17.874 16.9713 21.477 19.1574 3.65056 2.73927 1.14978 0 6.68374 5.72271 5.5523 4.87378 11.9155 13.0574 11.9888 13.4114 18.3694 16.5672 16.19 16.9559 12.2001 14.1315 15.4905 13.9103 8.43149 9.02348 9.21293 10.3976 62.439 72.5437 68.6394 65.6124 61.6313 63.5668 64.0505 59.3934 47.8789 40.3488 40.2939 36.348 41.3593 41.1314 39.524 43.9379 47.99 52.5358 48.529 57.5915 47.4069 46.5635 47.2306 43.3198 58.0355 57.3769 56.7194 58.2556 35.4772 30.5287 30.8353 33.4816 64.316 57.3165 62.9629 55.5492 59.8636 58.1246 56.0135 62.5318 66.5349 68.3791 9.65382 10.37 10.6185 12.9592 40.3156 46.4298 99.9214 102.839 51.6063 40.3812 47.4424 27.3574 24.6109 22.7705 22.6381 24.3834 23.001 19.9006 62.3497 60.3321 58.9664 61.2834 58.7272 63.6779 58.8666 61.0372 43.7445 41.0794 37.1746 39.9623 46.382 50.8487 50.2498 48.1592 30.7392 30.4655 28.2242 27.2037 62.6914 63.546 69.4514 71.371 42.0995 49.5703 48.8298 41.0733 57.5073 57.6559 55.6866 54.648 100.508 102.507 97.4084 98.6054 60.1292 66.8609 66.341 62.597 37.5248 39.569 38.3134 36.8503 56.441 83.521 58.2211 17.4423 17.935 40.0041 32.796 76.6936 7.92935 32.8685 80.0187 75.4872 86.0924 91.6065 79.599 52.0832 13.3369 58.0733 82.2833 93.8929 18.4792 46.5323 48.0254 73.1577 51.1005 82.5305 89.1082 75.872 53.9275 56.1451 67.0548 67.2533 84.1003 61.2244 90.466 29.101 75.9842 71.675 72.8112 17.294
22.1705 21.5696 22.4839 19.7269 25.9988 20.3337 5.50291 5.29113 6.48888 6.68374 0 1.15587 2.36724 3.99928 7.64888 7.85088 8.71026 9.78401 12.1948 12.4259 11.8785 13.2919 21.2349 19.4199 19.9065 23.0352 15.2501 16.2236 15.7612 18.9067 74.0329 78.2662 75.7227 68.0954 70.2651 62.6037 67.1462 65.8946 37.2691 40.315 38.7711 38.6241 42.0805 38.9503 41.153 33.6361 55.1213 58.4859 53.896 55.2144 48.8119 56.5298 56.1203 51.7299 64.5674 60.4059 72.1825 69.4126 35.9697 35.1833 34.4691 32.0753 64.565 54.357 58.0295 60.6566 51.2278 53.1343 52.6899 53.7638 75.005 65.3876 15.9869 15.9482 11.4921 13.5599 32.8486 36.1762 113.672 100.219 49.6309 53.2215 46.8394 23.0241 33.1504 22.4243 24.5493 23.8922 24.0224 20.7388 55.6486 61.9976 63.3324 52.4821 55.5866 50.4186 57.2466 57.0635 40.6549 42.0006 39.0003 43.0863 56.4539 54.1613 51.17 47.8227 35.9516 36.3081 35.164 36.6418 65.84 70.1569 75.5396 63.9645 47.3503 41.2173 40.2478 43.3213 51.8422 54.8688 50.6346 56.6035 88.3405 87.7727 91.8305 99.7937 62.2168 54.9228 52.8274 63.6214 42.6861 43.7005 37.9366 38.5651 68.287 80.5584 54.3609 11.4431 9.49578 40.594 37.0293 77.8064 3.65861 27.6922 76.1038 84.3545 88.1034 82.9093 80.8458 53.1052 7.3936 64.2458 85.8102 89.1977 14.1013 47.1651 45.558 68.9521 60.8995 70.3424 77.3063 76.709 57.9428 52.0734 73.0436 56.8674 95.9114 48.4929 88.1347 24.5656 81.0671 69.476 63.3847 13.8819
24.281 20.9751 21.9726 20.5547 27.3689 18.9516 5.9426 5.3636 5.86564 5.72271 1.15587 0 1.24392 2.56261 7.10784 6.40886 6.80396 8.24291 12.3542 11.9403 11.9108 13.5005 19.8378 20.946 21.993 20.9117 14.1722 14.3286 14.6436 15.3152 76.7683 78.3291 67.1127 81.7878 63.6604 75.4058 64.4145 65.0055 43.3874 40.2357 39.4922 38.4378 40.2989 39.3717 40.9572 35.8333 55.465 61.1091 52.5987 57.7718 50.1136 56.0802 56.4207 57.5996 62.7495 59.5894 69.9465 61.3237 36.1594 33.6252 30.6652 33.8033 63.5956 57.4997 57.935 55.5025 54.6326 60.5514 50.744 51.149 72.4972 65.0727 12.6762 13.4937 10.5754 12.5047 35.2221 41.8617 104.36 102.076 49.4146 45.0924 42.6085 22.1832 35.085 23.535 25.9498 24.5264 20.9119 20.0009 62.5864 61.1903 60.0027 61.2688 57.5994 54.574 52.55 56.8488 44.0167 44.6572 45.1715 39.5113 56.3154 51.6642 48.3641 49.8262 34.3891 35.6923 33.9025 30.8978 77.7219 75.0143 67.4469 68.6094 41.1743 45.2915 44.7132 42.8456 54.482 50.1736 49.4852 52.6722 106.846 103.548 101.78 91.5007 62.4681 62.6906 56.9874 59.5502 45.9423 38.3949 44.4501 40.7132 58.4028 79.7528 57.916 12.4991 11.7116 45.7507 36.9431 72.3842 2.30167 32.5073 69.5813 76.0148 84.2393 83.6753 68.6199 59.9991 7.91567 56.9118 91.0204 94.6369 14.1457 49.2408 43.1377 63.1979 61.4483 70.7708 78.3057 81.3543 62.0214 60.8906 77.9812 59.721 89.1713 55.998 102.322 25.83 79.9601 79.902 64.865 15.9592
24.7248 23.8528 22.041 22.2767 26.0753 19.9998 5.55607 5.53527 5.07404 5.5523 2.36724 1.24392 0 1.30767 6.22209 6.95271 6.92513 6.86191 13.0953 12.4251 12.3173 12.7412 19.6276 18.5343 18.4302 18.3809 14.4882 14.5401 15.1103 17.0488 77.3214 76.9628 71.2414 75.9782 63.0615 70.0334 67.8396 65.9544 43.8292 43.4326 39.6224 35.5296 45.9358 39.5039 36.1344 36.0077 58.5771 61.7478 63.0257 59.9793 53.6423 49.1717 55.1951 55.8184 68.6441 71.056 60.0655 60.2158 39.5409 36.3843 37.2951 32.3731 60.5525 55.1924 58.9304 57.3586 53.8813 63.9257 57.1705 57.4441 74.7014 67.1417 12.9146 13.0158 9.50678 10.4462 36.492 41.1483 95.8805 104.455 47.765 52.2447 48.8093 20.4665 34.3348 27.0112 25.9724 25.0952 26.1588 22.9454 66.6227 57.117 55.1967 63.7592 64.344 62.3038 60.3487 57.9343 44.6189 38.3788 39.7405 40.7558 56.0536 50.8482 57.0327 52.9761 35.8098 36.5051 38.6548 34.8692 70.1326 72.3298 73.5437 67.7494 50.373 44.1464 41.9227 45.8458 58.3606 52.0465 57.1608 51.0533 89.8845 92.4795 93.6215 104.993 66.1608 66.8747 60.602 59.7953 47.6412 38.7233 45.3331 42.4523 70.2133 77.8822 57.6 12.4734 11.1697 40.0827 37.4199 82.9055 1.84244 32.2871 68.2121 71.167 82.4374 92.269 79.7979 60.201 9.58758 62.9947 94.3191 94.8293 13.566 48.6135 46.7753 68.6991 52.374 70.3891 90.5646 81.3835 64.8346 57.6062 72.8306 58.1929 83.0022 57.3279 90.0214 27.528 82.7472 72.7619 64.8998 17.5051
21.94 25.6058 24.0253 22.2038 26.0947 19.8616 6.87101 5.47907 5.4574 4.87378 3.99928 2.56261 1.30767 0 6.41832 6.5746 6.85555 6.72182 12.6965 11.7256 12.2681 11.0375 18.1482 19.2083 20.9202 19.2996 13.2296 14.1884 15.3959 14.8871 81.5059 72.5393 77.211 67.5868 66.8328 72.5485 68.5692 66.4595 44.43 40.9493 42.5431 37.7235 44.7639 41.4199 38.4407 40.0769 55.8277 58.2887 61.6863 53.5988 57.144 52.4179 51.5138 54.3396 61.2239 70.473 67.0928 58.5458 36.9224 35.6357 37.4635 32.9194 63.3875 56.4257 61.3943 55.9884 62.636 66.7029 60.0848 56.5001 76.3862 74.7193 10.6275 10.9779 7.46663 9.00512 37.8623 41.183 109.823 108.177 57.2647 52.5081 51.2067 22.1599 31.4846 28.3252 28.1049 24.5763 25.7727 26.3558 60.2391 68.437 61.0095 60.9524 64.9984 55.9229 53.5124 55.1079 47.0383 45.7771 41.0935 44.4836 58.6632 57.2056 50.4007 53.8435 34.2672 38.0432 34.8266 34.7135 78.0923 65.0611 65.9409 68.4812 43.7966 51.6709 49.8318 43.7538 57.1607 62.3539 62.0452 58.2376 95.7566 92.5093 89.9305 96.4013 68.4927 57.1629 66.6365 63.2775 46.0651 44.6507 43.4268 42.2433 70.4169 80.3967 57.0227 13.0701 11.9765 45.5735 34.5008 85.1032 2.13875 33.8977 72.612 74.9215 78.8487 89.4951 78.2246 53.9583 10.6226 65.4656 87.5278 91.1232 14.7791 52.8316 44.8657 63.7529 58.4422 76.0533 92.644 84.0425 56.7233 64.1365 73.0151 67.7072 93.394 55.1869 98.5915 31.5894 84.2384 70.9844 72.9833 19.1095
30.7295 30.8831 29.0929 27.2883 34.5792 27.0249 11.7942 11.6399 10.908 11.9155 7.64888 7.10784 6.22209 6.41832 0 1.3423 2.47494 4.01586 5.48604 5.81141 5.64207 6.2909 24.7214 24.2477 25.476 27.205 17.8501 19.3192 20.4827 21.0714 75.7418 87.4554 73.4395 79.4624 81.1452 70.0231 71.3504 82.7334 46.7046 42.2671 39.9502 39.8824 39.835 44.2112 40.5393 37.0776 69.7496 71.1331 68.1601 68.9934 64.3602 61.583 55.269 60.6137 66.8482 68.6644 77.6653 70.5242 43.6883 41.6419 37.6193 34.7233 70.992 60.8893 62.9665 59.8782 61.9939 58.5813 50.5188 51.6439 79.354 77.3655 17.0694 14.9094 10.8465 9.85263 37.1219 37.6037 118.612 106.797 54.0625 55.5113 44.3417 16.6449 35.6389 26.9527 28.6328 26.5331 30.5395 30.2316 56.8689 59.8118 58.7684 55.5864 59.9192 65.5507 59.6019 60.9429 50.801 50.8075 44.0453 48.9789 63.5985 56.7112 56.302 59.5087 44.7158 41.2893 40.8456 38.8963 70.5611 81.9299 81.1825 84.7083 48.0079 49.408 46.1349 47.4326 63.8123 59.3464 63.1421 61.4741 108.764 95.4861 107.753 106.839 67.2952 61.3678 57.1529 56.8845 46.5963 44.8716 46.1375 44.6402 74.1516 79.5304 66.3573 5.26309 10.8385 50.6053 43.7186 86.7744 4.65703 35.0271 78.0936 79.3565 91.738 94.9935 78.345 57.0883 9.04522 62.3533 95.4725 97.4775 7.39081 53.2038 51.4331 65.7491 66.1614 79.6561 86.2601 95.6977 69.7909 62.2712 74.3427 64.8389 98.0697 56.1931 92.6588 33.3978 75.9199 78.7701 79.2717 18.7806
32.7794 29.115 31.3634 26.7919 34.815 26.2479 13.3328 12.0332 13.1484 13.0574 7.85088 6.40886 6.95271 6.5746 1.3423 0 1.17583 2.72772 5.7548 5.89464 5.13552 5.50473 23.8616 24.0654 23.4972 25.6992 19.6927 19.3382 21.5253 22.5629 83.5772 86.028 86.277 76.5294 82.1484 75.808 70.323 80.2608 45.7918 44.0952 40.6443 44.4211 40.6678 40.4983 45.088 41.4737 63.5709 66.2288 66.9127 68.8435 56.3327 56.9727 54.8564 53.757 80.8743 74.8206 70.6303 74.6426 42.1348 42.3875 44.126 39.9609 62.2092 63.5714 69.0349 57.5502 57.8082 55.0453 56.458 51.8925 79.3344 76.2884 14.7682 14.5618 8.81685 8.39858 34.3215 39.9198 106.149 102.359 61.2217 56.2073 52.6619 18.0107 40.9016 32.0996 27.2401 26.2536 27.2303 30.8804 60.8707 66.6107 57.2804 56.043 56.944 65.8614 64.0276 59.1374 50.3382 46.9698 46.1452 44.2979 57.9366 58.6782 59.3409 63.4713 39.4458 41.0427 44.6178 37.7477 77.6885 77.7616 72.678 74.6546 51.947 51.5847 49.8095 43.2376 63.7205 55.033 64.5848 54.4737 104.749 113.547 96.8987 105.233 67.9217 67.378 61.5614 66.6973 47.7243 47.2031 53.0265 52.035 74.6127 81.0565 60.2949 5.71149 12.2766 49.3137 41.4138 86.7771 4.40503 31.5347 76.5483 86.1715 89.4528 91.9931 79.893 61.2097 9.96457 66.8282 88.6652 92.7479 7.3828 50.5895 49.2911 66.0944 61.3604 83.1308 91.5874 88.1689 71.6094 63.7851 79.7765 72.8721 88.0508 53.592 95.4196 34.4924 78.0338 77.2143 80.8488 19.5688
28.3935 31.8061 28.462 28.1172 31.5989 26.7313 12.9608 13.5447 12.8202 11.9888 8.71026 6.80396 6.92513 6.85555 2.47494 1.17583 0 1.30292 5.88933 5.95165 5.32188 5.42284 22.1083 25.8521 27.2481 24.3478 18.6092 20.5191 19.1361 19.0365 75.9943 85.6803 77.6986 75.8493 79.9151 69.9778 82.7838 79.2994 45.9365 46.8755 39.3514 42.6983 41.1348 45.4157 44.9214 43.3634 69.5272 63.5669 71.1474 65.6469 57.2005 62.0329 56.9903 63.5971 75.1722 65.6682 70.9389 77.8397 43.306 40.2669 37.5478 37.4545 64.2667 71.1159 72.0083 66.4693 57.8395 62.8341 62.3547 62.2889 78.7826 78.5029 15.8688 13.295 7.06601 6.84541 41.6626 38.6113 101.813 110.394 57.804 59.0892 48.9321 16.3707 41.4498 31.0164 32.1414 27.7092 30.9393 28.861 58.273 68.6267 67.3351 61.6757 63.0928 57.2748 61.9662 60.5995 51.7645 46.49 53.1262 49.6364 59.7647 58.5159 62.1564 62.8869 44.1089 43.6842 39.835 41.135 78.7567 80.8583 76.4731 75.7556 51.4931 51.6039 50.1611 46.8595 59.2795 59.0933 62.4662 58.4237 103.29 94.9171 106.974 95.4202 59.5677 64.6829 61.2794 58.3673 48.0579 50.9625 50.6434 45.2251 68.8653 83.167 71.8537 6.5174 12.5654 46.9613 38.1548 90.2687 4.68101 38.1689 77.6626 87.8063 87.3193 90.1375 75.908 63.2377 11.5507 69.7034 82.5069 93.5029 8.38903 55.0886 48.689 65.0937 61.719 82.4991 92.012 85.9135 62.3775 60.8691 84.982 69.7529 91.4791 50.9087 109.184 35.219 78.2419 84.9345 79.4659 19.0141
32.8705 29.3071 30.5748 26.911 33.1118 31.176 12.2306 12.8713 12.1288 13.4114 9.78401 8.24291 6.86191 6.72182 4.01586 2.72772 1.30292 0 6.77198 5.72661 4.99777 5.88225 22.6277 25.6647 24.7582 24.8755 17.6824 19.2638 20.5356 18.721 76.139 86.6023 75.4758 80.3189 70.7277 69.447 70.0682 80.9565 44.3872 44.6274 46.9194 39.0529 48.7586 46.3858 42.9388 40.068 64.8346 70.0837 62.9298 68.8156 64.3193 62.8469 62.1916 60.8746 72.2627 67.5864 67.8514 67.3445 41.2073 43.8641 43.722 39.2618 65.9486 61.464 63.8536 61.9899 62.379 63.1607 61.8709 58.0834 82.1303 81.448 13.8835 11.678 7.41796 5.51751 39.4431 43.2005 110.329 113.3 60.0471 53.9364 51.8715 14.5052 36.585 32.5823 31.8644 30.2567 29.2105 29.2703 68.2052 65.598 70.5035 70.2158 67.8237 59.6649 63.2976 61.3504 47.4319 48.4449 47.8249 46.2659 63.3123 58.7417 65.2906 64.8043 45.6589 44.6114 46.3897 41.689 70.6385 79.2537 75.0901 81.6729 48.1357 49.4804 45.1836 46.8355 63.9159 65.7623 66.8353 62.9929 108.701 110.919 104.114 100.746 63.0981 60.4566 68.1244 63.7497 47.9791 54.1875 48.6422 49.9805 72.6058 92.6542 61.6736 7.19142 14.8868 47.5123 44.0775 94.009 6.11274 38.6233 78.2057 79.7764 83.9627 89.1739 71.9716 65.5441 12.8664 73.9611 87.4217 100.52 8.95665 53.8377 54.8595 75.0613 66.0061 85.9937 85.7358 98.6789 75.2983 60.9785 74.6005 69.0096 108.405 52.0179 109.927 34.3408 85.6021 76.192 80.0896 20.9084
36.5619 36.7967 34.3669 32.1135 39.8205 29.4844 16.9908 17.0696 18.0044 18.3694 12.1948 12.3542 13.0953 12.6965 5.48604 5.7548 5.88933 6.77198 0 1.31421 2.64355 3.43975 29.2458 28.6254 33.377 33.6173 25.6281 23.0723 27.256 25.0827 90.6516 80.5123 83.1975 80.2399 88.3071 79.6004 84.5961 73.579 46.7105 44.7674 39.2047 41.2457 42.7722 42.6708 41.6369 39.5222 76.032 70.1522 64.6661 67.7172 62.2855 60.3537 66.6265 70.8274 72.2671 78.7773 75.0617 69.4848 43.3144 40.298 46.0546 41.9242 71.0729 65.2824 69.9746 66.283 52.8591 55.6589 57.8606 57.1037 81.3888 83.2917 18.984 18.506 13.9842 12.2492 34.8028 34.8078 124.256 123.001 59.3706 59.7227 43.933 16.8811 39.8701 35.1527 31.4087 32.8007 29.5101 33.44 63.0606 57.0877 62.2388 62.7472 67.2208 61.5333 59.1238 66.1363 56.3501 54.0894 51.1856 47.6283 62.7466 60.1459 70.8529 65.1765 50.2413 50.6429 46.5926 45.961 76.614 76.4962 76.9289 88.2833 52.7758 50.9971 44.3055 46.2738 65.2033 66.7815 67.3296 68.1245 106.943 111.982 113.631 114.813 58.4253 66.489 57.6525 63.7192 54.0067 49.9106 53.6051 48.8133 80.1043 81.9114 66.2066 1.59156 11.7383 56.038 44.3663 92.1181 9.49568 29.5155 73.3649 80.187 85.1862 83.1636 70.7158 66.5133 12.2365 72.5205 92.6106 90.7019 2.00211 59.4824 49.0055 62.4622 74.658 82.0834 89.8826 83.1573 69.4077 64.0676 90.5064 75.0978 102.722 48.2682 97.3113 35.0637 82.0747 79.7783 79.156 20.6415
32.3073 37.2671 34.4334 36.2801 38.8553 34.0976 16.3202 16.2572 15.8227 16.5672 12.4259 11.9403 12.4251 11.7256 5.81141 5.89464 5.95165 5.72661 1.31421 0 1.23711 2.50837 28.6871 27.7273 31.8078 30.0882 25.7684 24.5689 25.9063 23.9094 92.3367 93.4682 90.8788 78.3807 72.9344 81.3963 77.0265 88.5409 47.0009 41.2873 44.5221 45.8532 40.9309 41.0503 43.4422 43.6235 77.2502 63.1781 63.3509 70.899 68.9953 65.0223 61.4746 60.1896 75.8286 81.0251 84.2262 81.7687 44.3271 44.2813 45.6421 45.1659 73.1303 63.9504 69.1051 69.5195 55.0194 53.0268 59.9523 59.4767 90.924 89.3352 21.7327 18.2306 11.3386 9.58048 38.8807 39.105 122.374 114.467 67.4374 64.1005 50.129 14.6045 40.0036 31.657 33.8672 29.8837 31.857 33.0351 65.1814 62.8094 62.5102 67.3279 57.1914 59.8329 58.8925 63.4755 51.245 58.0745 50.7731 56.0562 70.0866 68.301 62.2324 69.1778 50.7268 48.8608 51.0974 50.4224 79.1987 88.7686 86.8041 81.5551 49.5123 50.6105 53.9499 52.1537 65.0818 64.3456 62.8845 58.5855 109.738 112.234 112.186 116.889 68.791 59.5798 62.3274 58.9191 55.9077 56.6051 57.9648 48.5551 74.8235 94.9014 67.146 2.69235 12.2272 60.7978 44.6017 97.2417 10.7115 35.3775 85.0533 92.2728 94.6944 84.9841 76.1258 71.7641 12.7381 79.1679 91.1418 103.047 3.24695 54.7896 57.7305 64.94 63.4013 79.9971 92.2603 88.793 73.1297 65.4729 78.0416 66.2028 91.6131 51.5034 96.6769 33.5509 80.8718 74.6308 79.0224 22.6863
37.8487 36.3654 37.4647 31.1614 38.6039 29.8841 19.4779 17.3074 17.6714 16.19 11.8785 11.9108 12.3173 12.2681 5.64207 5.13552 5.32188 4.99777 2.64355 1.23711 0 1.33827 29.2593 30.871 28.0127 30.1186 24.6629 23.2285 26.8282 24.2604 94.4593 83.5071 82.6262 85.9374 84.2408 74.198 88.5812 84.4893 42.8414 49.7132 47.1067 40.6165 43.7085 46.9204 39.4636 44.2256 75.4565 69.2255 75.2711 76.6167 63.4441 63.5565 61.8082 68.7164 72.5547 75.1036 74.531 75.3257 42.9648 44.5254 46.3693 43.8576 75.4931 69.0266 65.0112 63.8797 56.6635 65.0273 52.9669 55.8118 92.62 92.284 19.4709 16.3271 11.9374 9.19468 39.5001 40.954 113.734 111.18 62.6005 66.4177 53.4653 14.2668 47.1752 36.2226 35.5631 32.1539 35.862 33.2166 67.4694 65.7952 58.4558 69.0979 67.2732 62.373 57.6128 56.7838 54.6363 55.1248 58.4967 56.0766 59.788 58.5832 63.8097 66.8133 43.1179 44.8965 45.2808 46.5391 89.1779 78.43 81.5656 84.1461 48.6651 47.7482 49.5251 51.0773 67.702 61.4851 69.3258 65.9581 111.992 111.528 108.183 112.156 61.6878 70.5191 64.5731 64.7194 56.3434 52.6545 49.1101 57.1118 75.2937 91.2719 77.4353 4.49928 14.997 57.3115 43.5047 94.3459 10.4004 32.6108 83.9255 92.2509 87.887 86.2398 77.8721 74.6174 15.3999 72.8041 101.468 95.587 4.65094 52.1318 50.6325 63.8478 67.921 91.8343 91.5384 85.5242 77.523 68.5846 89.1306 76.2459 105.157 53.3955 97.8712 33.2996 80.6693 84.0526 80.5068 23.1869
36.0038 37.1529 31.9656 37.3707 36.6736 32.1561 18.3288 19.7894 17.2447 16.9559 13.2919 13.5005 12.7412 11.0375 6.2909 5.50473 5.42284 5.88225 3.43975 2.50837 1.33827 0 32.1668 29.442 30.4801 28.62 21.73 23.1143 23.3743 26.4422 88.1818 90.3294 91.5082 92.9865 88.5636 85.2564 86.0818 80.2993 48.295 44.0829 47.6869 44.9764 48.0392 48.0077 43.6148 44.158 65.6434 63.4042 69.9074 64.9851 61.8806 65.9936 61.0383 66.8095 77.0542 77.4792 73.5972 74.0845 51.6632 50.0543 43.5035 48.0319 67.0287 72.0989 70.26 69.6488 60.4478 60.8626 53.1931 60.6678 84.5863 84.8191 18.6048 14.9208 11.8977 9.52762 39.5995 42.174 124.76 124.334 58.9345 63.4325 54.3311 12.1238 45.7907 35.2939 38.377 36.6699 31.8015 36.9146 61.2573 69.2488 70.9891 59.3408 66.589 69.9918 69.7541 62.7256 59.7937 57.9645 53.385 53.7634 59.318 67.4089 67.8487 61.03 47.5409 45.5353 45.5071 42.5352 88.6793 75.6981 86.2877 81.1057 55.8979 54.8787 50.4065 50.1966 72.3245 59.8647 71.6147 60.135 100.647 110.921 103.698 118.359 67.4793 66.7116 69.3021 58.5972 55.0204 49.4669 54.8697 55.5782 78.4456 85.7616 75.5946 5.51758 16.3183 59.6161 49.5871 85.7743 9.67019 37.2072 86.0688 94.3726 94.7723 86.5317 70.8848 73.4783 14.9467 72.5033 104.047 107.856 5.23861 58.4748 50.1601 76.9021 68.1629 81.4803 91.422 101.38 74.2274 62.6465 93.4283 76.141 111.135 53.6759 110.392 36.913 74.496 82.3562 86.7759 24.2411
15.689 15.735 15.2188 15.4056 18.9778 17.5838 13.7124 13.9764 14.8633 12.2001 21.2349 19.8378 19.6276 18.1482 24.7214 23.8616 22.1083 22.6277 29.2458 28.6871 29.2593 32.1668 0 1.21361 2.52778 3.61486 4.93161 5.5754 5.40747 5.9498 53.0457 62.3588 56.2343 55.4714 54.6402 54.6709 50.309 56.3413 50.7988 53.3943 49.0716 46.6626 49.1779 55.3021 49.1386 46.22 38.6915 43.0853 43.1841 40.0395 37.3628 38.3994 34.8001 36.837 49.747 55.0643 48.7272 53.7288 34.7737 36.867 34.3723 32.3903 61.6826 57.282 62.5147 62.1555 78.1877 66.8149 69.5051 75.8735 60.9531 56.6043 13.1338 15.6729 18.7096 23.7628 50.0672 52.0473 95.1733 91.0439 38.7732 37.5962 58.1989 34.1986 18.7927 30.6102 23.3249 24.8147 26.6908 22.9288 72.7894 65.0187 73.6326 63.0347 62.311 58.6323 57.5574 68.2825 38.9481 33.5444 32.2073 36.7765 39.5047 38.8755 38.92 34.2428 22.0408 22.05 20.6937 20.0636 57.0953 51.4864 58.4377 50.2399 56.9385 51.6806 50.2066 55.5009 58.327 55.714 50.8783 52.7702 100.96 99.2271 95.0036 94.4418 64.6063 74.1264 69.1926 64.2876 37.5465 34.0833 38.3223 38.9025 55.3604 73.1759 44.0799 30.8546 31.5097 28.3504 23.3163 64.9906 21.5379 48.1348 75.0474 69.2175 82.511 87.8434 81.3553 54.3384 26.1463 60.7139 87.9181 85.8871 30.9325 51.9271 47.0506 78.3634 42.5608 80.272 88.1552 88.6271 45.0956 58.5344 61.7614 61.6709 93.3706 68.1919 95.3392 35.9198 88.6639 78.8035 70.8449 26.1186
16.6229 16.621 18.0378 16.2764 19.2823 17.9948 16.1722 14.7628 15.0683 14.1315 19.4199 20.946 18.5343 19.2083 24.2477 24.0654 25.8521 25.6647 28.6254 27.7273 30.871 29.442 1.21361 0 1.17785 2.53815 5.14566 5.01258 5.01632 6.53666 62.224 60.0016 62.0199 61.5137 54.9474 56.9264 53.7847 48.5876 54.4151 52.9269 47.3882 44.848 50.7639 54.1505 54.247 53.7979 44.9788 40.3281 38.8901 41.5615 34.2066 32.8504 32.9983 37.8644 55.2768 51.4976 50.8442 50.0949 35.5899 39.1094 31.32 31.6631 61.5674 54.9981 62.6611 57.3168 68.8191 68.715 65.9851 66.478 55.516 53.8607 12.0723 15.4276 19.0765 21.3569 53.3836 54.7027 104.528 102.218 42.1031 33.432 55.6597 34.6988 18.4592 28.8305 25.197 29.1662 26.9267 25.1518 73.8026 74.2991 71.2573 63.966 60.3791 66.5899 69.9981 61.3032 35.9916 35.5045 37.7389 36.6049 40.5699 39.0717 35.3779 35.3806 21.0598 19.4237 20.8924 19.4326 55.3288 49.5552 52.2498 55.6687 53.1596 56.7382 54.87 51.0814 55.3584 52.5237 57.4397 54.0252 86.1117 93.6097 103.61 96.9727 67.9347 64.8687 76.7439 70.6776 38.5795 37.7894 34.2378 40.8766 54.3864 74.5739 47.6554 31.5635 30.5812 25.1316 26.2209 66.0486 21.0551 46.1514 81.362 74.2368 83.4818 78.1599 84.3026 60.4863 23.9001 61.2195 89.6539 87.0968 29.4389 44.4442 47.726 75.7061 43.442 77.4684 75.2635 83.6518 45.8643 65.963 53.673 65.6656 91.4071 65.9828 101.939 33.6737 86.5427 82.9455 62.5553 28.0114
19.5718 18.8364 16.9256 18.7781 20.282 19.7804 17.5875 14.3418 13.6315 15.4905 19.9065 21.993 18.4302 20.9202 25.476 23.4972 27.2481 24.7582 33.377 31.8078 28.0127 30.4801 2.52778 1.17785 0 1.2204 6.40498 6.06945 5.36464 5.56466 61.1253 55.903 54.5072 59.3013 47.1407 56.5825 49.7238 52.4808 51.0353 53.8028 55.9715 51.684 50.9023 55.9462 52.6419 54.7811 46.0717 43.8432 40.3682 38.7837 35.8935 34.146 37.9914 33.8874 54.8999 49.4743 49.5002 47.0603 40.9018 36.3417 32.913 38.2266 62.8437 60.7449 56.6354 58.1779 73.2616 80.8598 65.2049 69.4329 61.2059 52.8424 12.9546 15.6531 18.6353 22.5562 58.257 57.0547 97.5145 97.697 39.1009 34.759 67.6639 33.3106 20.7483 31.9243 30.1245 26.1597 24.7383 29.5928 69.8877 68.0138 70.2327 73.7978 67.7101 66.2921 60.4305 61.0668 39.3033 39.7491 38.3363 35.6568 37.9619 34.3249 38.8294 37.7478 20.7106 20.3729 21.6788 19.5668 56.2606 56.6726 53.2311 48.4987 54.5657 53.6611 52.8611 54.5544 61.6701 51.142 53.6838 53.2889 92.194 93.1868 94.4908 97.2657 74.6778 76.7704 65.3904 75.0419 36.269 36.8932 37.7066 42.3376 54.6413 83.6868 47.2835 33.2433 27.6195 27.6547 25.4639 64.243 22.0967 44.6371 72.8594 72.926 84.5684 90.4676 88.9279 61.6956 26.1283 60.9358 87.6982 76.8833 32.6648 51.3055 49.603 70.5284 45.5119 83.3685 76.3212 90.8477 44.2751 68.0218 55.6711 65.1394 85.3918 72.5039 85.0668 36.4131 89.4015 77.7838 67.9471 31.9672
19.7631 19.1288 18.2445 17.3886 20.2197 22.5458 16.7355 15.0074 16.7571 13.9103 23.0352 20.9117 18.3809 19.2996 27.205 25.6992 24.3478 24.8755 33.6173 30.0882 30.1186 28.62 3.61486 2.53815 1.2204 0 7.14578 5.76804 5.6309 5.39607 52.6093 55.2002 54.3805 56.8386 47.7247 57.1257 50.3426 56.8603 58.3622 53.3299 53.168 49.6765 58.5278 55.068 56.4595 53.2753 45.087 44.6145 41.8515 42.9607 34.1007 38.6188 38.794 34.6187 59.4786 51.4567 56.2178 55.1212 39.3468 36.8051 35.7667 34.1922 67.4677 61.6773 59.6807 57.4689 75.6748 71.898 72.2299 67.8709 63.7845 54.208 13.6976 13.8536 21.1504 22.6795 59.1688 57.6762 97.3522 98.2912 41.477 36.6511 62.9611 31.9766 22.0379 32.0475 29.7185 31.5403 27.7154 29.9524 76.6235 78.4168 73.3629 67.9198 68.3802 69.8523 73.9669 66.2549 37.2437 40.4222 38.4243 39.1134 39.314 38.2742 36.6792 40.279 24.2042 23.985 23.1776 21.0254 58.5848 52.2871 54.8628 56.9645 56.7941 54.8725 51.0722 50.5582 56.0779 59.4605 62.1082 55.0748 90.907 100.338 93.8527 95.352 77.3601 73.6582 74.0928 67.8012 41.9797 37.3768 42.1918 42.604 55.2275 81.7647 47.6585 32.9606 28.4869 29.6874 29.5093 67.1986 20.6468 50.7495 84.2411 68.4124 92.0704 96.2006 98.1116 64.5923 29.6975 61.9971 91.7266 90.015 29.9985 56.1716 47.6907 81.7196 48.7266 80.7135 91.4568 82.9488 45.1219 68.4894 59.6252 72.9668 92.4041 72.4001 100.478 41.838 91.2681 89.3434 72.9123 34.7238
18.2475 18.4826 18.9729 18.2322 21.2197 18.4833 10.0517 9.94146 8.91711 8.43149 15.2501 14.1722 14.4882 13.2296 17.8501 19.6927 18.6092 17.6824 25.6281 25.7684 24.6629 21.73 4.93161 5.14566 6.40498 7.14578 0 1.21475 2.78744 4.10895 67.1311 63.5376 67.7336 57.1259 55.9198 52.0945 52.8503 56.725 49.4003 43.6864 51.317 43.5961 48.9885 45.4932 46.8448 45.1854 50.0918 47.0372 43.1283 42.5818 43.9942 40.3026 43.4752 41.0481 57.6627 52.5295 58.3477 53.1742 38.2392 36.7652 34.9221 36.4169 56.2041 58.9253 64.738 58.9878 66.8493 72.4359 68.605 71.8309 61.7526 61.3968 8.90733 11.9692 13.9223 16.0769 47.316 54.6998 105.144 102.374 45.4418 40.9426 59.3486 31.2981 24.9773 30.1221 28.2029 24.0575 27.1553 25.558 69.6669 71.108 64.0017 65.1123 68.3961 63.3931 61.6171 57.6299 37.8282 35.9802 38.3659 38.045 39.2674 43.1655 39.6374 39.1059 24.4976 26.6123 25.9158 23.7192 60.8092 57.8126 57.0767 63.2038 46.8543 47.1382 54.629 52.9492 58.159 58.285 57.5197 56.6175 94.214 101.985 93.1887 102.381 68.7566 65.5627 66.7331 74.2496 36.4703 41.6877 37.8998 40.2034 61.8956 72.6 47.467 24.3103 26.1807 35.1762 28.8386 65.8121 16.663 40.3717 79.1754 66.912 83.5121 83.809 93.1032 52.5103 20.8836 59.3849 91.2002 78.208 24.6875 48.9684 46.7503 72.1367 44.9826 73.3733 80.519 89.6369 49.9817 62.3267 68.2752 66.1003 97.5645 58.9852 86.1124 34.3703 88.4214 86.4318 67.8609 28.1194
20.8267 17.3315 16.8037 19.3789 23.8142 21.3702 11.9537 10.4212 10.9934 9.02348 16.2236 14.3286 14.5401 14.1884 19.3192 19.3382 20.5191 19.2638 23.0723 24.5689 23.2285 23.1143 5.5754 5.01258 6.06945 5.76804 1.21475 0 1.32372 2.59409 58.919 64.5951 64.6499 64.7713 58.09 51.8529 53.6663 55.8968 52.5165 45.8702 53.1474 48.5551 48.3041 47.2299 49.6785 47.9851 49.991 47.6981 49.0519 44.0151 44.1967 43.1964 43.9805 39.0936 58.9438 55.9991 55.394 51.6422 38.4468 40.3462 32.63 31.8534 67.1131 67.7969 61.739 57.351 74.2563 65.9144 67.5235 64.0061 58.1585 56.4488 8.33051 11.4448 14.9641 16.7829 55.4102 49.7933 108.294 102.163 45.3086 43.5855 53.5102 27.535 25.0246 27.9905 25.0585 27.1002 25.2287 27.343 64.9469 67.9909 70.7442 75.547 63.263 67.5379 60.2974 70.2933 43.3917 40.4033 40.7426 35.8464 45.1984 40.3714 43.1101 40.1177 27.2013 27.2218 25.8576 25.9023 53.8261 53.9124 53.3359 59.4413 53.6744 56.6718 49.1875 53.1586 60.4878 57.3492 61.2491 54.6033 103.14 94.4502 90.2868 95.788 66.6239 77.3222 76.3194 70.5394 44.1088 41.0509 43.8505 40.1678 59.4148 75.7898 48.0525 27.8911 23.2002 30.7185 31.6451 71.806 15.1614 41.5576 80.6713 75.7833 82.1124 85.3129 81.4392 60.9557 22.6347 53.8789 96.5996 92.0421 26.1295 50.063 47.8314 82.0031 45.3295 72.2855 77.9537 87.4573 47.795 65.109 61.6629 64.1053 90.051 68.555 104.069 38.0425 86.5322 90.3165 69.328 27.4113
21.3756 20.647 19.0542 18.4199 22.1029 22.3056 12.1198 10.9877 11.7718 9.21293 15.7612 14.6436 15.1103 15.3959 20.4827 21.5253 19.1361 20.5356 27.256 25.9063 26.8282 23.3743 5.40747 5.01632 5.36464 5.6309 2.78744 1.32372 0 1.3595 65.9798 68.5822 61.6488 67.657 52.672 56.2576 53.4663 58.3342 49.6328 50.2392 44.8064 51.9056 55.83 50.1861 50.8427 53.3495 50.8914 48.4696 49.0585 47.5096 45.4923 40.2295 43.5799 38.5074 58.3046 60.0115 55.0435 55.6027 39.2614 40.9641 38.8338 38.5321 63.1265 65.9904 67.8257 57.1843 70.1579 69.8739 62.5436 75.2206 69.2867 56.8603 8.32662 9.8746 15.3504 16.1591 49.2827 49.3518 104.155 111.156 46.154 43.7056 56.098 28.4611 22.6739 32.271 26.3629 27.2483 28.3009 27.2392 65.5652 78.5889 64.1802 76.2416 67.7515 73.0103 64.1768 63.7088 42.2512 37.8458 37.1861 42.4965 40.988 45.3253 46.8339 44.4568 27.4605 27.5873 28.5888 28.1508 60.5881 54.0588 53.9445 55.3625 58.2487 58.0899 58.7626 51.5942 54.2701 58.3569 58.8322 57.7291 108.553 89.2755 95.8646 90.1234 70.7593 71.8698 64.1526 74.972 43.1881 43.0678 40.4301 39.5261 58.2847 84.6456 49.9599 23.7931 28.9094 35.485 32.9127 73.5208 16.7995 49.1489 77.1355 67.0694 81.6037 91.829 96.0474 60.7549 23.7992 66.685 99.9498 84.4423 26.8701 46.5996 53.01 82.37 50.9795 85.5482 81.1558 89.7587 55.6184 59.0244 62.8626 71.6295 86.7753 66.2745 102.809 35.5544 89.2637 85.749 68.8038 25.2381
22.3242 22.869 22.8747 19.6774 24.4554 22.301 13.3212 12.4873 10.9962 10.3976 18.9067 15.3152 17.0488 14.8871 21.0714 22.5629 19.0365 18.721 25.0827 23.9094 24.2604 26.4422 5.9498 6.53666 5.56466 5.39607 4.10895 2.59409 1.3595 0 61.4362 57.6266 58.92 59.2769 55.9307 58.8938 62.8721 57.5919 57.159 55.3285 48.9978 45.1222 55.7883 57.9237 52.931 50.1196 49.4838 51.9324 44.6522 50.2941 43.7142 39.5197 40.5004 41.3428 61.1999 63.5719 54.6899 55.5101 41.366 38.8881 36.3939 36.7611 67.7184 64.2597 60.7877 63.7001 70.3897 77.0966 66.7371 74.6762 59.3783 63.4603 7.38801 9.68077 14.3983 17.7342 49.3556 57.7337 102.64 109.934 45.7778 44.2348 62.7613 30.8753 24.3539 35.7843 30.3355 30.3421 28.5661 29.1357 70.6122 75.349 77.0845 77.9913 62.2334 62.0832 63.4919 62.724 44.6355 40.0872 41.2392 43.8404 40.7126 42.2616 42.0916 42.541 26.2302 28.0977 27.7144 25.9224 56.4128 60.7121 55.4771 61.29 60.4259 51.1026 57.6872 59.6586 64.9215 63.6003 54.2669 61.1374 100.289 99.4348 99.8275 94.3785 79.1982 65.8827 71.5672 72.7074 41.1359 47.2385 44.716 39.939 61.536 78.9828 57.9689 25.2217 25.5713 32.0543 30.2209 64.3806 17.8027 46.1885 85.9899 69.7955 82.1474 96.5265 84.892 56.9768 24.7785 66.4861 88.0999 88.3516 26.8233 56.3016 46.5748 81.4734 55.5454 87.7273 79.7534 80.1918 53.9547 64.9014 66.5705 64.9708 101.628 71.4355 106.785 34.7881 80.9793 79.4314 73.731 28.7703
52.8255 50.6139 50.5098 56.6917 54.2809 53.8188 74.0926 75.6454 65.2987 62.439 74.0329 76.7683 77.3214 81.5059 75.7418 83.5772 75.9943 76.139 90.6516 92.3367 94.4593 88.1818 53.0457 62.224 61.1253 52.6093 67.1311 58.919 65.9798 61.4362 0 1.36344 2.44194 3.67696 5.11434 5.85018 5.72872 6.95157 83.9572 85.0625 87.9996 80.3774 83.1256 89.7491 92.5288 78.0725 16.3335 16.3998 14.6527 15.7404 22.5649 21.6602 22.7155 21.9373 22.5629 25.0974 19.7221 20.0752 56.2237 66.0773 53.1291 61.9974 57.6494 67.5939 56.5335 57.2671 110.556 117.615 96.9811 118.424 12.8571 13.3339 73.8741 79.6878 82.8382 87.0752 101.712 93.4965 72.8859 78.7811 24.8423 27.6673 86.9531 84.2027 42.5977 63.963 64.5628 61.9157 67.4851 58.4055 105.221 103.391 94.2465 103.257 88.3805 94.1228 79.9752 78.8436 46.6038 49.5246 44.3308 43.2912 21.9653 23.9656 20.1552 21.047 37.0664 41.8087 38.5137 38.5599 5.32423 5.99904 6.19914 6.89529 85.7893 81.1732 76.3371 75.4535 67.8894 56.6206 58.3125 63.117 71.3466 83.5735 78.6025 74.4444 96.3752 96.8312 95.1749 101.419 53.0387 53.6019 53.0186 51.9885 40.0958 57.9689 27.3652 79.9921 80.0063 29.1577 45.1767 26.3712 78.8219 93.3773 94.0437 36.7164 68.8838 94.6774 129.592 57.1869 77.0221 44.4565 97.3411 65.1625 83.2418 64.1197 67.8774 96.8925 28.3072 61.2873 66.4994 77.452 11.9214 69.8239 19.1635 72.8219 70.5559 104.396 81.221 76.2128 96.7831 95.597 52.1485 77.3667
49.5058 53.2633 60.3318 60.4219 56.1504 61.6184 64.1483 68.5394 68.1478 72.5437 78.2662 78.3291 76.9628 72.5393 87.4554 86.028 85.6803 86.6023 80.5123 93.4682 83.5071 90.3294 62.3588 60.0016 55.903 55.2002 63.5376 64.5951 68.5822 57.6266 1.36344 0 1.34342 2.46712 5.36158 5.69069 5.90915 6.55408 86.1485 89.1246 81.3583 86.3228 87.8068 83.4598 79.5275 81.1145 16.2217 16.0116 16.6939 15.161 23.7449 20.4699 22.9357 21.4909 24.7183 27.3058 21.5236 23.3288 64.0155 64.7825 64.3386 59.8064 66.7255 62.9406 66.1875 66.5968 113.193 104.084 98.0533 108.612 13.6194 15.1306 75.6198 72.2279 77.6402 84.6374 101.924 98.0044 70.1137 76.423 26.6554 30.1571 102.168 83.2972 42.6666 62.1292 66.1021 64.645 62.132 67.1415 104.705 95.6216 99.2015 95.1485 88.8301 94.7061 79.0934 88.1439 50.3764 50.5615 46.7966 44.0627 21.3403 22.517 23.2892 22.0841 40.0265 37.4132 41.7124 44.8291 4.18803 5.29217 5.6032 6.52731 89.6367 87.4087 80.4172 89.6927 67.3631 65.9488 64.5963 68.0753 82.2421 77.619 74.1492 81.9647 95.1257 103.49 100.979 105.432 50.1826 52.8521 53.8985 54.7339 38.1554 57.7036 27.8235 93.2191 87.1762 29.4681 41.0076 24.994 81.0672 93.1395 97.4811 37.6584 73.1947 81.9638 119.605 56.7109 73.2465 47.153 94.1773 60.8567 83.9229 57.5121 63.1605 101.829 28.9333 63.843 79.1537 77.9343 12.2366 65.2663 20.2699 76.7244 80.1039 97.3984 81.3006 67.9737 113.237 104.412 53.0286 70.2871
52.3425 49.2096 59.4068 51.8748 51.4016 54.0771 67.9553 75.8798 64.5613 68.6394 75.7227 67.1127 71.2414 77.211 73.4395 86.277 77.6986 75.4758 83.1975 90.8788 82.6262 91.5082 56.2343 62.0199 54.5072 54.3805 67.7336 64.6499 61.6488 58.92 2.44194 1.34342 0 1.22399 6.55241 5.39257 5.03387 5.06454 89.4855 86.3424 86.4103 82.4422 84.87 82.827 94.8794 90.0289 16.3579 15.9929 16.975 17.4319 20.2564 22.3087 19.5277 23.1688 23.295 27.3001 23.7273 22.6185 63.0891 65.485 55.8158 62.0332 71.7157 73.5216 69.5313 61.4606 106.565 107.661 113.666 110.624 13.6396 14.5623 67.3037 66.5699 70.005 76.753 102.622 92.8704 81.6254 73.1085 29.1576 30.6507 98.2394 84.9472 43.4188 64.6318 60.6022 62.4928 63.377 64.981 89.2399 97.868 90.2073 95.9011 84.0968 85.9942 96.6819 82.3317 43.7632 43.9368 45.3191 45.5963 21.7886 24.3644 21.4838 21.3973 43.2916 44.0125 40.0106 44.2761 3.53184 4.41398 4.36273 5.036 90.8384 87.241 74.3324 77.1643 64.2995 58.7376 64.7357 69.5816 78.6507 84.4743 84.4899 74.0423 103.876 107.601 98.8201 106.119 50.7352 50.365 46.8313 50.9033 37.3349 64.6595 27.6664 86.4973 77.2284 30.7525 42.1872 30.185 81.0046 84.2977 95.6577 36.1059 66.6254 85.9354 121.531 62.5519 83.3545 45.3662 102.771 68.0849 94.8241 58.7745 62.846 97.3795 28.3284 66.8827 81.0251 87.9072 13.7423 67.2708 23.158 79.0382 84.7074 108.988 74.0558 70.1275 110.532 96.9067 57.463 78.2057
49.3193 52.1913 57.7378 52.5907 52.6887 55.9319 74.4282 62.8665 72.5927 65.6124 68.0954 81.7878 75.9782 67.5868 79.4624 76.5294 75.8493 80.3189 80.2399 78.3807 85.9374 92.9865 55.4714 61.5137 59.3013 56.8386 57.1259 64.7713 67.657 59.2769 3.67696 2.46712 1.22399 0 6.8438 6.44793 5.07639 4.92806 87.9122 88.8458 78.0017 80.3538 92.482 93.7878 82.7846 92.0444 17.6127 16.7795 17.5826 14.8382 22.875 21.1575 23.8611 23.7564 26.9478 27.7006 23.1006 26.9436 67.4144 59.2875 65.8664 56.7114 60.961 70.1683 63.8092 69.181 112.752 105.932 107.15 113.233 15.9644 15.9205 73.2152 77.5467 71.317 80.8452 91.4729 103.608 76.0626 75.3637 31.5687 28.9761 90.942 97.8831 46.6344 72.2381 69.2249 62.414 58.3151 60.3941 107.95 106.021 91.2536 106.089 93.6549 95.0569 83.9786 95.2518 45.8572 44.2016 45.222 43.4359 21.6875 24.7413 22.5407 22.0697 43.9137 44.0686 37.907 39.1906 3.25602 4.4381 3.3608 4.83769 88.0207 77.9153 87.5953 87.4421 59.9442 62.4223 68.9603 67.1761 78.1115 83.3222 82.9003 83.9023 108.326 109.271 93.1925 98.2168 51.7021 51.9774 53.73 47.1896 39.8257 64.6281 31.5821 79.1171 77.1766 31.527 43.7221 31.1044 70.5067 81.4421 91.8814 39.0238 68.5523 82.7113 123.501 65.208 84.638 54.5826 90.9097 71.1491 89.5638 72.0765 75.263 104.035 30.5044 72.8748 84.216 81.459 12.7023 67.2515 24.3993 73.5353 81.2156 108.579 90.7475 68.49 108.552 108.703 60.4502 82.3264
44.2621 43.9508 46.5673 53.8226 51.0679 56.5063 64.7894 59.8002 63.3811 61.6313 70.2651 63.6604 63.0615 66.8328 81.1452 82.1484 79.9151 70.7277 88.3071 72.9344 84.2408 88.5636 54.6402 54.9474 47.1407 47.7247 55.9198 58.09 52.672 55.9307 5.11434 5.36158 6.55241 6.8438 0 1.26566 2.73733 3.9122 78.7857 82.3215 84.5089 84.4289 82.8167 78.3454 88.524 73.9596 10.9836 11.8139 11.0367 10.5328 17.4255 14.7673 15.9813 17.4721 22.8484 20.5551 17.1161 19.8706 57.6256 53.5981 54.3085 58.7645 63.0897 62.4151 63.3124 62.8033 101.295 100.979 94.7952 93.4651 12.2504 12.1511 60.2118 71.7089 67.6941 71.4032 92.9724 84.1437 73.5986 80.805 20.4206 22.7586 86.7099 85.7637 38.8782 65.5312 59.6571 63.583 59.4522 62.4299 91.9251 89.8768 86.1597 84.4208 78.3647 77.6954 83.7107 88.2731 43.8437 44.0098 44.0863 39.0927 17.5661 18.7632 17.1666 16.2963 37.597 32.1505 32.8505 34.9766 5.01542 5.01442 6.17662 5.70986 78.5631 81.3313 72.4446 70.9403 58.3184 54.7605 60.8924 61.7193 74.023 72.8477 79.9253 78.0505 95.8279 89.2819 102.264 85.5579 42.0107 50.1791 46.1754 46.5446 35.8654 53.3849 24.2897 83.0976 75.3675 23.2423 43.0331 24.2115 66.3145 80.5454 81.6808 37.0302 70.806 77.0235 106.34 51.3082 79.4775 43.5808 80.7208 65.8425 78.552 53.2861 63.0967 98.8942 22.783 69.1571 71.8712 80.5097 7.34061 64.5039 18.6556 65.8483 78.0238 94.953 77.8914 70.1224 93.1074 101.701 45.8028 68.3785
51.4247 45.3178 46.4242 47.2524 46.8277 53.4647 63.6632 61.5436 67.426 63.5668 62.6037 75.4058 70.0334 72.5485 70.0231 75.808 69.9778 69.447 79.6004 81.3963 74.198 85.2564 54.6709 56.9264 56.5825 57.1257 52.0945 51.8529 56.2576 58.8938 5.85018 5.69069 5.39257 6.44793 1.26566 0 1.14969 2.67916 84.2887 79.3674 73.5254 77.2177 85.1386 90.5087 82.486 87.209 11.4743 11.5077 10.9834 10.7178 15.8307 16.1177 17.2705 15.333 23.9054 24.2663 21.3748 21.9229 52.811 59.701 50.2278 51.044 55.9023 56.8105 56.6732 58.2152 111.198 103.845 95.8372 98.1785 14.3088 12.663 67.9667 73.1838 72.4537 69.609 98.9708 91.3349 76.207 82.6392 23.2898 27.1406 93.8944 85.7975 42.1041 58.5634 57.4021 61.6029 61.7609 63.7164 84.0479 101.436 89.0278 86.3891 77.6902 78.4572 79.1777 75.8611 46.0698 46.6916 39.4111 43.2542 15.8914 18.7762 17.6177 17.2283 38.2407 36.5772 37.9731 33.4368 4.56388 3.52308 5.27026 5.12727 76.4661 72.7315 74.9536 76.133 54.7825 57.6327 60.1422 61.0524 71.0666 76.8326 70.1093 76.3613 91.4034 101.133 100.528 93.7849 48.7476 48.2892 49.4129 49.2689 33.9779 54.8911 23.4201 84.8624 83.2351 24.5624 41.7974 25.9094 75.5857 86.7839 93.899 37.7868 77.0542 89.3359 119.974 58.7287 77.6314 44.1308 97.5226 57.8259 85.989 58.7226 63.5335 90.1829 23.5862 62.3421 68.9412 82.2253 7.48264 69.7172 21.5613 69.663 70.41 99.3935 75.4934 67.7578 99.9483 103.996 52.1618 70.7422
45.109 48.0317 47.1985 48.3354 51.1632 50.4028 66.1398 68.5975 59.9728 64.0505 67.1462 64.4145 67.8396 68.5692 71.3504 70.323 82.7838 70.0682 84.5961 77.0265 88.5812 86.0818 50.309 53.7847 49.7238 50.3426 52.8503 53.6663 53.4663 62.8721 5.72872 5.90915 5.03387 5.07639 2.73733 1.14969 0 1.23508 76.8606 79.173 75.1973 78.6907 77.0993 90.8147 88.0639 79.245 11.2257 10.5547 10.3375 10.9037 15.7252 15.4929 17.4208 17.3724 22.0377 21.9927 20.1088 22.1338 58.9136 58.8439 59.618 51.5976 63.9773 58.0603 56.2405 59.2426 108.358 114.378 98.9968 114.737 17.0911 16.1547 64.0766 67.3624 74.7546 76.7008 100.463 102.562 77.9157 80.1969 22.9636 24.4954 100.316 88.4122 40.5019 64.7463 55.1627 60.5184 58.1779 55.9653 86.9609 87.53 99.074 99.3538 79.0893 86.9005 86.8926 77.6683 39.375 42.9004 45.6491 38.9259 17.1102 18.1419 16.6769 17.0849 35.8421 35.3474 31.5211 37.3117 3.02358 2.79127 3.93798 3.66098 76.8393 81.1146 73.3125 86.4577 60.6479 65.979 60.0081 65.4541 75.4523 77.8427 73.4526 74.5391 94.2794 99.3089 96.9616 95.3879 50.2842 47.0362 47.7266 47.0755 34.1182 61.7687 26.5681 78.3414 71.7929 23.7221 40.2794 29.448 69.2919 87.9056 92.0071 41.7191 78.8271 93.7972 113.407 58.5864 71.9869 46.3993 84.8476 68.4479 85.4905 62.3955 59.864 104.108 29.4068 65.9068 68.8007 81.4723 9.35832 66.3651 23.1276 75.5319 78.166 101.714 83.5913 72.8585 101.38 106.976 49.1076 74.6815
51.174 46.72 50.5256 52.2562 52.2108 57.1417 61.2688 65.3349 63.3359 59.3934 65.8946 65.0055 65.9544 66.4595 82.7334 80.2608 79.2994 80.9565 73.579 88.5409 84.4893 80.2993 56.3413 48.5876 52.4808 56.8603 56.725 55.8968 58.3342 57.5919 6.95157 6.55408 5.06454 4.92806 3.9122 2.67916 1.23508 0 87.2 74.3485 79.4577 75.9331 92.618 79.8059 87.0345 78.6059 13.0046 10.8274 12.2232 10.5765 16.9052 15.4764 15.1641 15.0558 22.7155 25.1889 20.548 23.8855 53.3947 64.0625 58.4967 61.1157 67.9797 61.0672 62.1935 62.295 109.127 113.603 106.834 114.306 18.0983 15.2175 67.2771 69.5407 72.0891 78.8435 88.624 87.5519 80.698 80.8696 23.9588 24.3087 93.1071 91.6431 40.7931 58.5179 59.8681 63.4111 55.8752 60.3404 103.474 97.6161 88.0526 88.4528 82.3623 86.0463 79.8184 84.0484 45.666 46.2778 39.4325 41.0449 19.8239 19.894 19.2285 21.0329 33.2063 37.2453 37.5357 33.2376 2.52439 1.57424 3.32454 2.2238 83.6474 79.375 73.5344 72.668 60.6642 58.6094 63.6949 65.3337 83.5715 72.9988 82.225 79.8628 95.1466 93.73 91.7122 91.29 50.954 53.4625 50.2585 47.7199 40.7621 63.9464 28.9621 88.5513 71.3676 25.5203 41.7984 32.2793 76.1349 79.832 96.0899 38.1635 69.6978 82.0703 113.76 54.8184 78.7709 48.573 96.0921 71.1905 78.0414 63.3088 69.3862 98.2524 28.8657 63.5854 68.5045 85.8619 10.619 69.075 23.8783 76.6882 86.277 93.3182 76.676 62.9445 109.068 111.542 50.674 77.8327
41.0841 37.9417 40.488 35.8725 34.9615 37.0406 36.4599 39.604 42.6341 47.8789 37.2691 43.3874 43.8292 44.43 46.7046 45.7918 45.9365 44.3872 46.7105 47.0009 42.8414 48.295 50.7988 54.4151 51.0353 58.3622 49.4003 52.5165 49.6328 57.159 83.9572 86.1485 89.4855 87.9122 78.7857 84.2887 76.8606 87.2 0 1.17436 2.34056 3.55977 5.19421 5.74899 6.03434 7.14134 70.8852 76.2399 76.1488 64.9179 60.8868 62.9015 71.8534 68.9069 59.8739 61.7426 68.8345 70.3226 22.3897 23.6462 24.8635 23.0417 36.0514 35.1463 33.0247 34.4424 22.8146 28.2731 23.0193 23.5238 75.4044 69.214 56.5523 54.2842 53.5622 51.4512 16.9434 20.4339 73.1551 78.8504 54.513 53.7096 11.3036 61.2535 43.1618 20.3071 26.9588 25.5343 29.458 29.3161 19.0521 18.1541 17.9252 17.1867 17.1261 16.2823 17.3637 14.1008 40.6751 39.1054 40.5119 40.6728 65.3923 55.5765 62.5144 55.948 46.8485 51.875 48.6903 48.3896 90.0999 75.1477 82.5185 91.296 4.87931 4.03272 4.59343 3.36275 31.3459 29.001 29.4703 30.4699 74.4954 70.1824 68.802 64.0248 19.8356 18.0614 19.1606 19.8036 33.7037 33.1084 36.8158 32.3032 55.4587 61.8272 59.3583 45.6413 34.069 54.0715 42.1219 75.5831 40.983 13.2063 32.7235 71.3484 55.7086 50.4358 37.3463 35.2192 31.1539 46.9033 51.1665 68.5531 40.8677 22.7161 17.805 24.6795 54.7875 46.2078 50.4051 52.3773 66.1377 27.7919 75.8489 28.9068 57.188 17.2455 62.182 14.7138 33.1787 32.1314 53.9212 26.1167
39.2115 37.2001 35.8248 33.9664 38.0657 37.3083 36.8008 39.9892 40.6691 40.3488 40.315 40.2357 43.4326 40.9493 42.2671 44.0952 46.8755 44.6274 44.7674 41.2873 49.7132 44.0829 53.3943 52.9269 53.8028 53.3299 43.6864 45.8702 50.2392 55.3285 85.0625 89.1246 86.3424 88.8458 82.3215 79.3674 79.173 74.3485 1.17436 0 1.30449 2.47869 5.87128 5.01808 5.54802 5.90518 68.5885 68.326 67.3197 74.0927 68.117 61.1748 59.0254 61.3194 70.3417 59.1651 67.5839 62.7937 20.9345 18.876 26.0725 21.9827 31.6821 34.5794 33.1726 34.399 25.58 28.4211 23.9141 25.6322 81.463 68.2736 54.3401 56.0055 53.0771 50.6193 16.9294 21.139 73.6882 83.182 57.9637 52.7561 12.1609 55.1833 46.6867 19.4872 25.2192 26.0974 25.9371 25.7224 19.3699 19.927 18.1039 20.1661 17.8086 16.1075 16.2609 16.0079 34.5958 39.5949 34.9858 35.5942 58.2862 61.0836 66.5071 64.8439 50.0187 49.6025 44.2001 52.208 86.3582 81.3014 81.8557 85.7142 5.45941 5.58294 5.15967 4.42515 30.7781 28.3983 28.0497 26.7159 74.217 72.4717 68.4841 72.4521 20.8516 22.9449 20.6265 20.4855 32.1632 32.9504 35.5663 36.1726 52.6534 62.3259 57.3557 43.2894 28.8247 63.3412 42.639 80.1793 38.6848 12.5864 32.0685 72.4672 59.0463 45.6359 38.0246 35.8557 34.6543 43.4246 48.5515 63.073 39.1943 21.7925 19.8197 26.7258 58.1802 46.7056 60.0775 53.6841 66.5108 27.3061 74.2095 29.6817 59.247 17.8366 64.8104 15.385 37.6431 31.2587 49.4595 22.134
39.2623 37.3978 37.8926 32.4671 33.4136 34.334 36.0036 37.9273 41.866 40.2939 38.7711 39.4922 39.6224 42.5431 39.9502 40.6443 39.3514 46.9194 39.2047 44.5221 47.1067 47.6869 49.0716 47.3882 55.9715 53.168 51.317 53.1474 44.8064 48.9978 87.9996 81.3583 86.4103 78.0017 84.5089 73.5254 75.1973 79.4577 2.34056 1.30449 0 1.36231 6.44174 5.75629 5.81081 6.08426 68.6735 68.6739 72.6044 69.8758 66.6354 67.7556 69.7902 64.7021 66.6285 57.4682 70.7728 57.3175 24.4781 22.1194 25.1287 21.6529 36.7738 35.5123 35.5622 34.2126 26.7271 29.0742 26.073 24.6844 72.8943 73.4996 51.804 56.8397 48.0114 53.5941 17.0698 18.094 76.9692 76.045 54.7471 52.0786 11.7777 58.4621 47.618 18.9361 25.7042 24.4499 25.6895 25.4662 20.9609 19.8119 20.2799 20.6424 19.455 19.8874 16.6178 19.3599 36.3219 38.2611 38.6348 38.2994 62.5409 63.8427 56.6724 59.5157 45.8675 49.9981 47.5877 48.9927 75.6277 73.6616 85.136 75.5138 6.7855 5.87089 5.53395 5.563 31.9754 31.7444 29.7127 27.5807 77.822 73.176 74.5192 65.3494 19.9262 21.8941 22.6996 23.1016 32.094 31.4102 34.0998 30.8981 51.0931 60.88 53.7442 37.399 28.8669 60.4197 36.4018 70.2838 44.4537 10.8549 33.9391 72.7826 55.573 52.5954 38.5682 37.7972 32.2671 47.5041 53.6415 66.211 44.5199 26.1177 18.7433 25.3398 60.2507 52.5575 58.7606 48.0175 74.5692 25.8859 65.8884 32.0635 61.7218 21.1082 61.8838 13.042 33.731 37.2153 52.3788 24.0171
34.89 34.6839 35.5335 37.0401 33.0763 29.8771 36.3884 39.0946 34.9947 36.348 38.6241 38.4378 35.5296 37.7235 39.8824 44.4211 42.6983 39.0529 41.2457 45.8532 40.6165 44.9764 46.6626 44.848 51.684 49.6765 43.5961 48.5551 51.9056 45.1222 80.3774 86.3228 82.4422 80.3538 84.4289 77.2177 78.6907 75.9331 3.55977 2.47869 1.36231 0 5.9938 5.63259 5.45605 5.03612 65.3818 70.5482 62.3544 69.8783 66.2554 57.4499 58.7305 64.3066 64.6284 58.4604 59.6747 66.305 21.4606 20.2987 25.0046 22.878 35.5075 33.4743 33.055 30.7718 27.477 26.359 25.9072 27.3748 76.6033 78.5694 49.4581 47.7564 47.4813 44.4482 18.5017 19.8417 86.7211 84.3574 54.1275 53.758 12.9245 59.0801 43.7781 16.3965 21.5017 24.1635 21.6419 22.3591 22.6167 24.1133 20.4281 24.1217 18.7748 19.6876 19.7602 17.4159 37.2283 33.1361 35.2105 32.3551 58.5043 61.2862 61.7971 62.5386 43.6295 40.5544 49.3223 44.3766 83.5739 79.8149 79.1044 77.6031 8.61785 6.95472 6.66416 6.49295 31.7581 28.6159 33.3249 29.9624 64.5971 75.0368 68.3387 68.2467 23.0835 23.5815 22.8584 24.7328 30.3829 29.4371 33.7961 30.2572 50.0963 61.4968 53.8022 41.7303 31.8538 52.8647 38.9845 70.052 36.1417 11.3913 33.3719 68.6856 61.5806 48.6323 39.8552 33.2326 29.9759 45.1287 48.4621 72.765 39.9254 22.3918 19.0819 29.353 56.3617 53.9021 56.4777 57.0438 75.6885 28.3423 77.2379 33.5494 64.7063 19.581 69.659 12.0554 39.3582 35.3938 50.084 21.4714
42.281 41.7482 40.7072 43.8254 41.6417 36.2695 41.9913 39.5838 44.3336 41.3593 42.0805 40.2989 45.9358 44.7639 39.835 40.6678 41.1348 48.7586 42.7722 40.9309 43.7085 48.0392 49.1779 50.7639 50.9023 58.5278 48.9885 48.3041 55.83 55.7883 83.1256 87.8068 84.87 92.482 82.8167 85.1386 77.0993 92.618 5.19421 5.87128 6.44174 5.9938 0 1.37223 2.38916 4.07836 76.9803 77.6093 72.4719 79.1238 67.1644 63.1633 66.8144 70.7074 66.7115 66.3006 77.5736 65.3864 29.8989 25.8428 28.5557 28.3682 41.524 35.8424 38.6827 33.8846 20.4456 19.9254 16.6512 21.5001 81.5884 87.5021 57.7304 49.5917 47.8643 53.5528 12.4822 14.3759 75.624 76.3887 59.7581 62.0772 7.11324 58.9136 49.1764 22.981 29.1407 27.8402 29.1507 26.5688 21.1379 18.2824 17.1515 17.5166 19.4996 17.8491 19.0277 17.6533 43.1681 40.6354 47.0449 40.15 70.7673 69.6565 73.863 61.8533 49.386 50.1493 54.7747 56.6727 88.8925 92.4119 92.4427 93.1941 10.8059 9.82992 8.87779 8.44646 37.8066 33.0231 34.5252 35.0647 68.6875 77.9323 71.7031 74.0185 18.945 17.8602 18.7192 16.5887 40.2724 39.6543 36.8061 40.7185 59.9847 62.3912 68.9392 37.7575 32.8768 57.0038 47.2111 73.8539 46.8178 9.81702 31.6334 70.9513 60.0479 54.2497 37.7056 40.8815 30.5295 47.4313 51.8647 71.5016 45.254 26.8679 24.3778 22.7403 58.3235 51.313 58.5453 55.3033 79.3924 35.0486 71.0777 33.5272 63.6991 12.9712 62.0965 16.9287 34.1425 35.4731 53.7694 24.5469
39.4612 36.2703 36.3421 35.8736 39.6792 34.8017 38.7159 43.2192 42.43 41.1314 38.9503 39.3717 39.5039 41.4199 44.2112 40.4983 45.4157 46.3858 42.6708 41.0503 46.9204 48.0077 55.3021 54.1505 55.9462 55.068 45.4932 47.2299 50.1861 57.9237 89.7491 83.4598 82.827 93.7878 78.3454 90.5087 90.8147 79.8059 5.74899 5.01808 5.75629 5.63259 1.37223 0 1.3434 2.35713 67.1321 69.1457 79.2781 72.2977 73.6307 65.7957 64.2638 76.1424 66.0206 70.8443 72.9473 70.5901 28.061 26.9455 28.6405 26.3137 44.0431 37.2783 39.406 40.0331 20.6331 21.3207 19.7997 19.338 85.9974 86.753 49.6851 50.9048 53.1588 50.515 11.5752 14.0597 90.0528 83.9116 55.2591 62.8785 7.32128 60.3907 48.2812 21.0777 29.5213 29.9378 29.7456 26.5417 20.6203 21.716 21.1508 18.5455 22.4641 21.9682 21.4731 19.3159 38.5508 38.8141 42.9666 44.305 62.1692 62.4633 71.8753 68.5925 47.387 47.4032 52.8242 50.6224 93.2094 89.6722 95.2322 82.8535 11.2996 10.3278 9.34766 9.68851 34.4976 31.7745 32.9621 34.9306 68.6805 70.5497 73.5151 71.4961 19.0522 20.1637 18.463 20.1443 37.9435 37.6484 34.965 38.7257 61.761 68.7134 68.7117 38.3362 32.9703 58.7326 46.9881 85.6324 38.2625 10.4314 33.4936 78.9622 66.0236 49.4766 39.232 40.326 34.5517 49.4263 53.5627 66.0734 37.9912 28.1393 24.6013 25.5382 65.7528 52.1057 61.0928 57.2803 69.195 29.2966 72.9964 32.8743 68.9128 13.9377 65.9017 18.405 39.5494 33.7267 51.5073 26.6997
42.2624 42.1351 37.4358 34.4981 34.9919 34.4361 37.7841 37.4161 37.7483 39.524 41.153 40.9572 36.1344 38.4407 40.5393 45.088 44.9214 42.9388 41.6369 43.4422 39.4636 43.6148 49.1386 54.247 52.6419 56.4595 46.8448 49.6785 50.8427 52.931 92.5288 79.5275 94.8794 82.7846 88.524 82.486 88.0639 87.0345 6.03434 5.54802 5.81081 5.45605 2.38916 1.3434 0 1.32801 76.0896 69.7583 71.7163 68.6989 70.1454 72.1432 67.1939 62.9701 69.3507 62.4468 74.0758 68.8301 27.7462 25.2664 27.1731 26.7275 43.5978 40.2174 39.9043 34.33 20.8568 24.9156 21.753 20.118 75.2744 84.7168 57.3123 52.1789 51.2011 48.5829 12.8109 13.4077 86.4749 79.7159 53.9096 55.2726 8.23833 58.7514 49.2975 21.5441 28.4665 25.6635 26.3761 29.2228 21.9258 23.1986 18.8164 21.6026 20.9191 23.2742 19.9572 19.858 42.5097 42.9653 42.4099 38.8281 70.0075 59.7991 70.6008 68.7613 53.4478 54.5085 47.0254 47.2481 87.3393 88.6286 91.5073 93.5186 11.8917 9.76971 10.0264 9.67427 38.7215 33.7739 38.8607 35.7495 81.8749 75.4813 75.1982 71.0677 19.3183 22.3412 19.2719 18.5369 40.6997 38.1551 37.3372 36.2055 56.6754 56.583 67.6111 41.8375 28.341 61.6331 39.5632 79.7223 43.0653 8.7667 37.3155 66.0477 59.8088 56.2505 41.3185 38.6075 30.3507 51.8097 58.0688 66.4381 38.2848 27.1538 21.8555 28.1019 54.1519 51.6372 56.7702 60.557 73.9219 33.4226 82.8837 34.5247 65.3515 14.4514 67.006 16.4625 37.2309 32.0452 52.4388 23.2007
37.4765 37.6669 37.4261 38.2065 41.5237 31.3715 36.4492 40.3429 38.3402 43.9379 33.6361 35.8333 36.0077 40.0769 37.0776 41.4737 43.3634 40.068 39.5222 43.6235 44.2256 44.158 46.22 53.7979 54.7811 53.2753 45.1854 47.9851 53.3495 50.1196 78.0725 81.1145 90.0289 92.0444 73.9596 87.209 79.245 78.6059 7.14134 5.90518 6.08426 5.03612 4.07836 2.35713 1.32801 0 75.5113 78.619 68.6471 79.7239 65.716 65.6964 61.9346 62.2433 75.6877 64.5681 63.9468 63.2741 25.7111 23.3429 26.8466 24.971 37.3288 38.5583 38.5963 39.0191 22.6928 23.5636 19.0599 24.6612 87.0176 78.1478 49.2094 54.2987 52.2184 45.9562 11.6658 15.4652 89.7091 90.1108 62.3684 54.0444 9.52646 50.3395 43.2441 21.111 26.8844 27.9786 26.1737 28.3128 24.6812 23.003 21.7755 21.8832 20.9088 23.1106 21.9858 22.5677 40.9177 39.9358 40.8652 40.3605 68.4778 59.9993 68.195 62.887 47.1063 46.0035 47.4112 49.9681 78.6271 89.9919 92.9952 92.3189 12.0409 9.76114 10.4896 10.1936 34.7924 35.6543 39.4988 37.882 81.1403 78.4353 74.05 72.3656 21.1635 21.039 23.6753 20.7406 39.3735 38.9909 39.3347 39.9558 60.1685 63.5967 64.9143 38.4237 30.9912 63.7733 44.8506 73.2906 42.6104 6.727 36.8407 73.1135 62.7388 48.6565 42.5723 40.9873 27.9598 55.5947 57.8503 70.7026 38.5982 30.7498 24.1526 27.4793 58.8151 58.812 63.2658 56.0535 67.6602 34.7288 73.502 33.912 70.7269 17.6646 72.3349 14.3711 38.9283 38.107 55.4852 21.1589
40.419 35.2434 39.1672 42.2133 38.3424 37.4844 49.6024 57.6232 56.3659 47.99 55.1213 55.465 58.5771 55.8277 69.7496 63.5709 69.5272 64.8346 76.032 77.2502 75.4565 65.6434 38.6915 44.9788 46.0717 45.087 50.0918 49.991 50.8914 49.4838 16.3335 16.2217 16.3579 17.6127 10.9836 11.4743 11.2257 13.0046 70.8852 68.5885 68.6735 65.3818 76.9803 67.1321 76.0896 75.5113 0 1.2722 2.47102 3.99019 5.17788 5.57739 5.5395 6.35888 18.0404 18.8523 15.9919 15.3736 40.7764 45.7152 42.9548 44.6368 50.8324 54.7213 47.2469 57.1936 87.2532 94.1059 97.2042 86.164 18.7543 16.3882 51.9066 57.741 58.4637 65.8396 83.3159 79.9387 70.9948 71.5809 12.696 14.6856 73.5284 73.6249 28.4499 48.215 50.6401 51.2533 49.0959 51.5247 90.4127 91.2814 83.4447 87.9119 76.6806 76.1045 71.0936 79.8697 32.3966 33.1772 31.7992 33.2952 7.03447 7.27651 5.51596 6.48608 23.6766 26.0196 22.7697 24.2626 16.0619 15.2309 16.9311 14.673 63.3194 74.4857 61.2785 72.1144 46.1809 45.894 53.72 48.0589 75.4759 78.2665 79.7022 70.0132 90.8594 91.6713 82.3991 91.8357 37.1219 39.713 33.7351 32.9737 30.0779 52.6873 16.2241 73.7897 65.4706 14.9976 28.5799 29.8259 58.5288 68.1021 78.2858 33.1867 61.2901 83.4571 104.473 48.3597 56.8613 41.3271 75.0155 63.7718 75.8725 46.3908 53.8886 93.1693 16.3309 63.6571 71.2235 77.9311 4.0649 54.5012 20.9452 60.9082 71.9982 83.1883 72.6106 56.6741 83.7334 88.1886 47.5032 60.7443
35.0834 37.8199 42.0993 42.3288 38.1994 38.5889 51.4436 49.573 51.5717 52.5358 58.4859 61.1091 61.7478 58.2887 71.1331 66.2288 63.5669 70.0837 70.1522 63.1781 69.2255 63.4042 43.0853 40.3281 43.8432 44.6145 47.0372 47.6981 48.4696 51.9324 16.3998 16.0116 15.9929 16.7795 11.8139 11.5077 10.5547 10.8274 76.2399 68.326 68.6739 70.5482 77.6093 69.1457 69.7583 78.619 1.2722 0 1.2452 2.5474 5.55528 5.47557 5.53333 6.32824 21.9684 20.4085 19.4695 16.3677 48.328 43.1471 42.8527 48.0874 58.4501 51.9857 54.4557 49.922 90.4744 92.7519 86.1341 93.5645 18.3804 16.7047 58.1106 61.8907 59.2807 59.7111 80.7323 79.541 76.1858 76.4905 14.0535 14.126 73.0133 72.5068 28.258 52.3303 50.8691 44.8316 43.5716 50.0244 79.974 77.8777 86.2304 88.1452 69.6258 82.8375 69.1535 68.0975 32.2811 31.8237 33.4449 29.4616 7.99236 7.52696 6.8907 7.29517 26.3091 24.2027 24.7101 23.5034 13.2503 12.1452 15.9744 13.302 74.3893 74.6603 70.8991 63.301 48.4092 56.5603 55.588 54.4982 80.3629 68.8709 71.2168 78.2192 90.1066 90.3846 82.6812 89.1863 37.429 34.0453 35.3575 40.1351 33.0985 53.3254 20.3208 65.8005 59.0441 12.8697 30.3714 31.3067 63.7108 65.7762 86.1188 38.6004 62.8702 78.6925 110.67 46.7934 62.0665 37.7448 84.9232 59.8127 69.9883 48.3838 59.1911 83.9241 18.4509 59.8851 69.4922 71.549 4.93971 57.9466 20.1574 62.0395 80.7532 89.7566 79.1062 56.3911 95.2022 100.291 50.8101 57.6832
38.3398 37.0631 42.3061 40.2886 38.1502 38.8967 57.2718 54.1938 55.2407 48.529 53.896 52.5987 63.0257 61.6863 68.1601 66.9127 71.1474 62.9298 64.6661 63.3509 75.2711 69.9074 43.1841 38.8901 40.3682 41.8515 43.1283 49.0519 49.0585 44.6522 14.6527 16.6939 16.975 17.5826 11.0367 10.9834 10.3375 12.2232 76.1488 67.3197 72.6044 62.3544 72.4719 79.2781 71.7163 68.6471 2.47102 1.2452 0 1.3909 5.42416 5.74275 5.32446 5.59706 22.0505 19.1032 18.2139 20.0984 44.8102 47.151 45.0513 44.3269 50.7 53.2741 49.7715 54.3665 87.8997 87.5458 91.8797 86.6291 21.499 18.368 57.0709 61.3602 61.6416 60.6247 76.4447 86.8853 73.5982 79.1987 15.8238 17.2404 80.4585 78.7696 26.7326 54.7345 45.092 46.4842 45.9877 46.4951 82.3976 93.4756 84.0702 88.5632 68.4068 76.4395 81.0499 80.2989 31.2333 31.9472 33.7052 32.7818 7.43815 9.56563 7.59642 7.98969 23.6893 27.6842 23.4511 22.7597 13.4166 12.8362 14.8105 14.593 64.8694 75.1342 66.0951 63.7173 50.6919 54.7266 51.4428 50.616 82.5894 70.1261 77.0842 71.1941 82.7707 88.2395 78.2315 88.8633 40.6108 34.5338 36.2135 39.2006 33.5595 55.1877 20.3901 66.6388 60.4628 15.167 32.1409 30.8053 58.9522 67.1198 90.4305 40.1543 71.6355 83.695 112.617 47.4334 65.173 41.4742 77.8294 65.2326 65.1481 51.9619 54.8018 91.4824 19.6031 56.6663 69.7843 70.7403 5.4969 57.9687 20.9363 69.9721 74.208 91.1881 75.1709 60.1069 84.7898 90.0441 47.1518 57.7692
37.355 42.1259 39.7903 39.9527 37.0815 38.0995 50.2801 51.0903 49.0637 57.5915 55.2144 57.7718 59.9793 53.5988 68.9934 68.8435 65.6469 68.8156 67.7172 70.899 76.6167 64.9851 40.0395 41.5615 38.7837 42.9607 42.5818 44.0151 47.5096 50.2941 15.7404 15.161 17.4319 14.8382 10.5328 10.7178 10.9037 10.5765 64.9179 74.0927 69.8758 69.8783 79.1238 72.2977 68.6989 79.7239 3.99019 2.5474 1.3909 0 6.28263 5.44077 6.09981 4.87292 23.0565 20.4316 22.1931 20.0254 45.0424 47.0885 46.1585 49.3305 54.5598 60.5835 50.1266 60.6122 101.746 105.132 89.377 95.8583 19.0836 18.082 49.1955 58.6365 63.7641 61.3995 75.6105 80.5609 72.1956 79.6016 14.8623 16.6716 74.6341 74.5397 27.3654 52.1534 50.8666 48.6787 48.2814 46.3685 77.1535 94.8605 92.6392 85.9504 82.0091 81.1815 71.1852 82.0538 36.4156 32.3499 35.1278 35.871 9.90711 10.6366 8.7845 8.44122 24.2197 27.2321 24.5447 27.3346 12.1632 13.3038 14.657 13.2701 72.9259 76.5867 74.2306 63.7727 50.1648 57.5995 51.8753 57.7243 81.1966 79.9972 78.8768 71.4365 93.958 96.0613 87.7703 85.0485 36.4354 40.8292 40.7185 39.6482 33.5899 56.4367 19.1012 72.0333 60.7227 15.5424 32.6574 28.7968 60.3258 78.4804 90.6748 38.2191 66.3433 79.4309 107.333 48.366 68.4389 46.5936 92.5915 56.9641 78.3426 55.7596 58.2451 92.3412 20.9907 57.9368 66.528 81.5939 6.57075 62.8642 22.5277 64.1477 73.0982 91.5169 72.0041 57.6443 99.4808 98.4175 50.1135 54.8557
32.3808 34.3138 35.2594 34.8951 32.4056 37.2765 50.1504 48.7737 45.3264 47.4069 48.8119 50.1136 53.6423 57.144 64.3602 56.3327 57.2005 64.3193 62.2855 68.9953 63.4441 61.8806 37.3628 34.2066 35.8935 34.1007 43.9942 44.1967 45.4923 43.7142 22.5649 23.7449 20.2564 22.875 17.4255 15.8307 15.7252 16.9052 60.8868 68.117 66.6354 66.2554 67.1644 73.6307 70.1454 65.716 5.17788 5.55528 5.42416 6.28263 0 1.31346 2.61197 4.0892 21.2664 20.5263 20.043 19.6052 43.9152 42.1188 35.3255 37.8796 46.3609 51.5897 53.5185 47.5388 85.0475 82.3396 80.2325 89.9583 25.2539 20.418 48.7871 51.2839 58.9363 53.6625 81.4715 70.8812 68.6502 69.7098 10.9111 11.0615 76.7717 65.6234 23.1519 49.9137 43.367 44.6279 43.8882 39.8493 73.8918 71.9911 77.0986 73.8924 68.9836 68.8011 69.004 77.1546 30.8066 27.5346 28.4979 25.6835 4.22075 4.12359 3.00561 3.19538 18.1431 20.0685 18.9094 18.7369 21.0068 17.1355 21.6384 17.5695 66.4679 63.6626 63.2857 65.7323 47.5086 52.2644 43.8244 44.8602 76.4177 73.3181 76.6275 75.8915 85.4318 76.2742 84.2509 79.3663 32.8436 35.9052 29.9839 35.224 27.2767 59.7902 17.832 67.5245 54.2154 8.21263 21.9458 30.2221 52.6041 62.9876 83.5866 37.0705 68.7507 79.5902 107.406 44.1 60.2744 34.3415 86.8125 63.5322 68.4255 49.8358 45.5566 75.6749 15.9498 58.7337 69.3194 68.6575 9.07263 57.3213 24.5904 60.0755 69.8141 89.0548 81.0512 53.6794 83.5111 85.6206 44.826 51.2567
31.0026 31.375 35.3196 34.9497 28.5441 35.3085 46.7946 47.6096 50.6187 46.5635 56.5298 56.0802 49.1717 52.4179 61.583 56.9727 62.0329 62.8469 60.3537 65.0223 63.5565 65.9936 38.3994 32.8504 34.146 38.6188 40.3026 43.1964 40.2295 39.5197 21.6602 20.4699 22.3087 21.1575 14.7673 16.1177 15.4929 15.4764 62.9015 61.1748 67.7556 57.4499 63.1633 65.7957 72.1432 65.6964 5.57739 5.47557 5.74275 5.44077 1.31346 0 1.24122 2.67472 23.8215 19.3945 21.2238 19.3717 44.5481 46.0774 42.9613 41.021 50.5885 58.4768 48.2553 49.1419 93.7513 82.6199 94.941 95.2473 22.6957 22.655 50.296 56.7624 56.345 54.9723 72.9928 84.6206 75.4495 73.0298 11.9976 12.8075 77.8112 68.5268 24.1756 44.5235 38.7708 40.0785 44.0629 38.2104 85.7732 76.0445 82.5685 83.5756 68.0957 69.8055 73.6777 71.093 30.5732 31.901 27.2409 27.4432 5.30111 5.70239 4.13339 4.42254 17.0523 21.4913 19.6199 18.347 19.8313 16.9413 19.2029 16.9421 65.505 66.9823 58.8941 69.8911 48.9425 49.2406 49.4609 48.8162 77.5144 74.7425 78.4853 75.3468 89.3147 83.5901 77.4558 84.568 34.1097 34.4394 33.1024 30.0208 30.1495 55.0587 17.2908 62.9744 57.7317 9.34709 24.7267 32.6125 59.7746 67.343 85.1613 40.4478 66.1512 78.9127 105.516 44.4014 61.2546 35.582 82.2043 64.6535 62.6205 52.2886 46.6334 78.4013 19.3946 56.5443 68.2 76.8795 8.98457 61.1735 24.6058 63.2837 67.4888 81.3234 82.5149 51.8922 96.1402 92.8806 46.642 59.4332
34.4766 32.8595 34.8257 32.1967 33.4654 34.9851 46.9682 44.7404 52.1482 47.2306 56.1203 56.4207 55.1951 51.5138 55.269 54.8564 56.9903 62.1916 66.6265 61.4746 61.8082 61.0383 34.8001 32.9983 37.9914 38.794 43.4752 43.9805 43.5799 40.5004 22.7155 22.9357 19.5277 23.8611 15.9813 17.2705 17.4208 15.1641 71.8534 59.0254 69.7902 58.7305 66.8144 64.2638 67.1939 61.9346 5.5395 5.53333 5.32446 6.09981 2.61197 1.24122 0 1.38935 24.2235 20.2928 21.076 20.6383 44.8141 47.3467 43.2077 43.3771 55.3329 53.0828 52.7862 54.5845 90.6746 85.1762 95.218 82.4605 24.8508 19.9882 50.5354 48.8449 56.1141 62.0204 70.5043 76.9732 83.1209 80.6029 13.9111 14.9466 78.0241 78.0454 24.4552 42.9291 44.674 42.5919 43.4715 38.7751 80.5136 79.4049 85.5563 76.0508 65.5293 72.409 66.8165 74.5474 29.5177 32.6835 31.5452 27.6555 6.35871 7.032 5.73697 5.8502 17.6367 21.9982 18.5175 18.6847 17.1614 19.2074 20.1974 20.084 59.2395 69.8544 64.8769 63.2304 52.4137 50.2853 51.448 54.2354 83.4474 83.8362 80.0136 69.005 82.3386 81.857 76.8991 87.3509 36.4594 36.6721 31.541 33.4687 35.0572 55.1263 19.8925 61.5864 64.9334 8.04351 24.1305 32.4187 50.8152 65.8549 73.7348 43.2142 68.3898 84.6044 103.779 44.6881 52.3603 41.4434 85.8311 61.7811 72.3252 53.5058 48.3315 87.7491 19.535 58.027 67.7367 77.6682 10.7554 56.2261 27.0835 63.4693 68.054 83.3875 74.8378 52.3703 93.1488 85.6597 43.1551 53.3394
35.4814 35.933 31.3581 31.8229 31.4284 33.8129 45.1911 43.8045 47.4507 43.3198 51.7299 57.5996 55.8184 54.3396 60.6137 53.757 63.5971 60.8746 70.8274 60.1896 68.7164 66.8095 36.837 37.8644 33.8874 34.6187 41.0481 39.0936 38.5074 41.3428 21.9373 21.4909 23.1688 23.7564 17.4721 15.333 17.3724 15.0558 68.9069 61.3194 64.7021 64.3066 70.7074 76.1424 62.9701 62.2433 6.35888 6.32824 5.59706 4.87292 4.0892 2.67472 1.38935 0 26.0745 24.7146 23.0687 20.7882 42.3498 43.6916 38.674 44.2517 49.8353 59.0861 50.5822 51.5908 92.2769 95.4011 93.6836 89.8401 22.859 21.1205 52.5959 53.794 54.1774 53.0334 70.5618 75.7028 85.1367 83.3839 14.821 15.2151 74.8132 71.5963 21.0885 50.7482 45.6038 48.1375 45.4288 46.5854 79.3889 88.8352 86.5805 76.8301 75.3202 78.9923 68.9595 70.3837 33.8766 33.1857 33.3546 30.5904 7.40691 7.96873 7.26702 7.0261 19.4615 21.8029 18.7684 21.8821 18.2282 16.8447 19.7314 18.7194 70.3869 63.4111 64.1351 69.7472 53.8719 50.4132 50.0974 47.9023 79.8982 78.7389 71.0321 80.3131 91.4144 90.2789 79.3635 80.4832 36.5214 32.5164 33.3656 37.1429 32.0935 56.7462 23.2222 70.163 60.5838 8.68915 24.391 34.4329 51.6464 61.6392 79.6242 43.9052 67.2432 73.1558 104.853 53.3082 61.1752 41.0031 83.9993 61.6989 61.1644 47.1358 49.4201 83.2198 18.9713 68.6429 65.8635 82.7965 11.263 62.1185 27.4688 68.0886 82.5667 83.741 77.5014 58.0932 86.8888 81.4707 45.7254 57.6111
47.2066 45.669 47.4419 44.9276 40.991 43.6584 58.1085 65.2512 59.0471 58.0355 64.5674 62.7495 68.6441 61.2239 66.8482 80.8743 75.1722 72.2627 72.2671 75.8286 72.5547 77.0542 49.747 55.2768 54.8999 59.4786 57.6627 58.9438 58.3046 61.1999 22.5629 24.7183 23.295 26.9478 22.8484 23.9054 22.0377 22.7155 59.8739 70.3417 66.6285 64.6284 66.7115 66.0206 69.3507 75.6877 18.0404 21.9684 22.0505 23.0565 21.2664 23.8215 24.2235 26.0745 0 2.69976 2.29274 3.51605 38.6958 47.0502 41.0268 49.1076 44.5082 45.3655 43.3256 42.2044 95.923 94.9081 95.0148 81.4408 12.3345 9.91645 69.9609 63.8966 67.8308 79.0589 78.9146 83.0781 56.6444 51.2748 14.8107 17.028 79.361 96.7404 35.2761 53.0073 45.5899 47.0099 51.8249 49.4862 82.5013 81.4903 80.5535 74.9617 68.1139 67.9792 67.336 65.1916 31.5214 27.8949 30.018 31.9062 19.2416 16.595 18.3824 20.113 35.2616 30.8467 35.6508 34.4638 24.9078 27.1579 29.7599 27.1926 58.5105 60.1855 56.3356 58.1161 36.7534 41.3841 42.2164 39.868 59.104 58.3222 51.4159 53.4497 82.7199 82.9503 70.4657 73.1996 34.6483 35.9942 28.5595 33.1391 14.1205 36.6417 8.03747 82.505 74.0136 27.0616 35.2719 11.0405 64.8486 76.493 66.4327 15.6168 47.3442 67.8973 98.053 37.3657 66.4046 27.2932 65.3987 40.0322 85.0482 40.3517 46.1788 80.8882 10.2447 44.4005 51.1561 59.7585 17.4531 45.8006 6.2536 48.2317 55.1536 81.7655 52.515 59.2921 74.9526 85.6944 31.792 63.2245
43.4249 41.3995 40.0704 47.5732 42.5892 40.0584 62.5055 58.3916 63.8457 57.3769 60.4059 59.5894 71.056 70.473 68.6644 74.8206 65.6682 67.5864 78.7773 81.0251 75.1036 77.4792 55.0643 51.4976 49.4743 51.4567 52.5295 55.9991 60.0115 63.5719 25.0974 27.3058 27.3001 27.7006 20.5551 24.2663 21.9927 25.1889 61.7426 59.1651 57.4682 58.4604 66.3006 70.8443 62.4468 64.5681 18.8523 20.4085 19.1032 20.4316 20.5263 19.3945 20.2928 24.7146 2.69976 0 3.78156 2.76181 42.2223 40.2379 41.0072 45.2357 36.0912 37.755 34.7918 37.6257 79.1395 89.4631 87.5804 85.029 14.4472 12.8741 64.4468 68.5406 75.5471 77.0911 70.3816 81.927 53.4431 57.9008 13.5282 14.2314 66.9612 79.0853 34.8421 48.349 49.8572 43.3995 50.3109 49.5 72.3674 77.3365 79.6162 71.1441 66.1587 61.9747 57.5809 61.7051 24.0515 27.0516 23.988 27.4122 17.9419 15.8748 16.6571 16.3107 32.3186 31.9817 32.3723 33.9922 24.863 26.8147 27.907 29.9425 61.5211 59.3658 63.1369 63.3812 40.0504 40.9463 35.0936 35.9328 58.2755 51.6922 55.0209 49.4607 82.9688 71.8043 81.117 83.7416 28.2851 29.7646 31.9487 30.8482 12.6731 36.2459 5.41261 70.4414 74.1668 27.9556 28.5439 13.3252 72.0618 68.1237 68.6853 18.628 44.9542 68.4372 99.5756 34.5658 63.9101 25.4834 63.0455 38.4444 72.2031 37.6204 44.7401 76.2765 8.14412 47.2112 49.8816 58.4784 17.3035 43.9366 8.99919 46.4925 52.1982 87.1838 60.4983 53.2859 74.2256 72.1075 26.6432 63.4238
44.5801 39.7942 48.2026 45.9641 44.8681 45.0857 57.5903 58.0841 55.9755 56.7194 72.1825 69.9465 60.0655 67.0928 77.6653 70.6303 70.9389 67.8514 75.0617 84.2262 74.531 73.5972 48.7272 50.8442 49.5002 56.2178 58.3477 55.394 55.0435 54.6899 19.7221 21.5236 23.7273 23.1006 17.1161 21.3748 20.1088 20.548 68.8345 67.5839 70.7728 59.6747 77.5736 72.9473 74.0758 63.9468 15.9919 19.4695 18.2139 22.1931 20.043 21.2238 21.076 23.0687 2.29274 3.78156 0 2.55081 46.6077 42.485 46.9266 41.0164 43.8816 48.1702 38.6953 40.8804 97.0567 94.7692 85.8762 96.4447 9.90694 8.23748 72.5216 61.9729 74.1688 81.6625 82.2194 84.1389 57.5627 54.9642 16.1016 18.039 76.0548 93.0554 35.9169 53.7577 46.7353 47.5111 52.3603 47.7022 77.3168 77.3822 72.8926 79.6558 66.4489 61.8695 64.6688 72.0573 29.7574 28.6365 26.769 27.7301 16.3261 16.66 15.6498 15.95 30.9445 29.9671 28.9471 31.0906 25.8366 25.6193 22.778 22.7168 65.8374 59.2133 63.648 60.4221 42.4101 42.1359 39.9963 44.5123 63.608 58.3196 53.0108 57.3999 74.637 78.8574 81.319 84.4285 30.7651 33.3162 34.0455 31.4117 15.9575 43.7942 8.21461 81.4131 63.8265 26.387 32.6652 13.2818 64.7394 67.6185 70.632 18.3906 52.114 63.0861 89.2596 38.5546 73.8696 24.5069 64.8857 47.4625 85.6462 40.8553 46.6731 76.3876 9.85741 44.9477 55.8072 67.3606 15.5243 47.5882 5.82532 51.3791 53.9589 89.7389 61.8685 51.5641 90.1026 90.5924 28.4076 60.046
39.777 38.4985 45.4993 41.1151 42.1865 45.6008 56.1904 60.5979 57.3174 58.2556 69.4126 61.3237 60.2158 58.5458 70.5242 74.6426 77.8397 67.3445 69.4848 81.7687 75.3257 74.0845 53.7288 50.0949 47.0603 55.1212 53.1742 51.6422 55.6027 55.5101 20.0752 23.3288 22.6185 26.9436 19.8706 21.9229 22.1338 23.8855 70.3226 62.7937 57.3175 66.305 65.3864 70.5901 68.8301 63.2741 15.3736 16.3677 20.0984 20.0254 19.6052 19.3717 20.6383 20.7882 3.51605 2.76181 2.55081 0 40.9187 41.5121 40.3954 41.7008 42.2226 41.6027 41.4695 37.4902 92.9219 95.2676 82.3527 89.5974 13.9947 9.92497 68.8278 66.4878 73.9184 77.4162 76.8439 88.0329 56.8056 58.3058 12.4373 13.903 75.2913 80.0274 31.3567 51.677 50.9281 48.0158 46.1895 47.1102 75.2169 74.2958 81.7526 68.7361 60.1801 63.7387 69.6997 72.0518 28.0987 26.6002 27.8403 27.6308 13.5224 13.4188 14.28 14.7643 27.2706 28.2251 32.5377 32.4498 22.796 23.136 25.6128 23.4745 61.2515 57.5842 58.0541 55.9155 40.4398 42.3512 39.6222 36.9624 62.3265 54.4032 60.5498 54.8639 77.8241 72.7375 73.2803 83.5108 31.0948 30.9314 30.6815 31.4789 16.4006 40.7955 5.26564 77.6319 71.5478 26.1517 28.4334 15.3162 72.4396 73.5941 64.0253 18.9944 51.1396 70.839 90.2469 38.0979 71.7412 24.5619 62.8471 45.0489 76.3106 38.6671 45.8828 73.3516 8.45871 45.6157 49.9028 54.8435 13.9667 45.732 8.03805 54.6255 52.4573 74.2658 58.5304 51.4846 75.4684 84.1742 29.3057 56.2771
19.5745 21.0507 21.4929 20.9799 19.8862 17.0699 33.1282 36.0139 35.6449 35.4772 35.9697 36.1594 39.5409 36.9224 43.6883 42.1348 43.306 41.2073 43.3144 44.3271 42.9648 51.6632 34.7737 35.5899 40.9018 39.3468 38.2392 38.4468 39.2614 41.366 56.2237 64.0155 63.0891 67.4144 57.6256 52.811 58.9136 53.3947 22.3897 20.9345 24.4781 21.4606 29.8989 28.061 27.7462 25.7111 40.7764 48.328 44.8102 45.0424 43.9152 44.5481 44.8141 42.3498 38.6958 42.2223 46.6077 40.9187 0 2.51055 2.55826 3.72366 26.3609 26.307 25.3431 23.2989 44.7822 49.0923 43.316 49.4946 53.7343 54.4528 46.197 49.5015 47.3906 48.4367 38.7206 37.8062 70.8617 70.7584 34.2284 30.7445 35.3206 58.7977 24.8287 12.9617 12.4176 12.009 13.2703 12.4522 42.2831 38.6146 36.8714 37.6462 30.4152 29.6567 32.5519 31.7421 13.4935 13.4595 15.7999 12.4196 37.5869 35.6997 42.4136 37.3269 26.0948 25.7895 24.9051 26.4074 55.82 59.9157 57.6545 56.8765 20.5463 21.5527 19.5925 23.1059 18.5839 18.2749 18.2163 19.2017 59.3277 58.0891 67.3024 59.639 37.7876 44.9717 42.9983 40.6798 10.6651 10.243 10.3281 10.9563 35.8643 47.4742 35.0516 42.1097 31.3311 39.1193 17.7948 48.0142 40.8626 26.3206 40.0195 45.5635 52.9345 47.9507 64.9893 21.663 33.8556 26.3448 51.8576 50.732 43.0676 12.9712 10.3778 41.8249 30.7136 44.9526 46.341 48.5027 45.9719 23.5565 48.835 28.0244 57.4381 44.3214 54.1307 14.4481 52.7862 52.656 33.0645 26.8336
20.3295 20.6942 20.9305 20.8992 17.626 17.8365 29.72 31.6802 30.8599 30.5287 35.1833 33.6252 36.3843 35.6357 41.6419 42.3875 40.2669 43.8641 40.298 44.2813 44.5254 50.0543 36.867 39.1094 36.3417 36.8051 36.7652 40.3462 40.9641 38.8881 66.0773 64.7825 65.485 59.2875 53.5981 59.701 58.8439 64.0625 23.6462 18.876 22.1194 20.2987 25.8428 26.9455 25.2664 23.3429 45.7152 43.1471 47.151 47.0885 42.1188 46.0774 47.3467 43.6916 47.0502 40.2379 42.485 41.5121 2.51055 0 3.31608 2.65668 29.1484 26.9822 26.684 24.7901 48.0831 52.4773 40.4876 45.7479 53.0624 49.098 45.1792 48.947 44.5644 47.1053 33.5862 37.6457 75.9862 65.611 32.3845 30.3094 31.5189 56.938 23.0948 11.6995 11.3853 12.5066 10.7402 12.8982 36.854 36.0233 37.198 38.3897 33.237 28.9731 29.4945 27.4141 16.2923 14.3405 17.7074 14.5666 39.2783 35.9193 44.6671 41.1706 25.9269 28.4015 25.7489 29.053 62.0048 66.6834 65.6387 62.2096 21.8303 22.2967 20.7704 21.6994 22.7475 20.2407 18.5743 18.8629 64.0854 60.7738 59.9778 62.4503 39.9638 41.4249 39.5729 40.6548 13.7655 12.8456 13.0766 12.8462 37.0914 42.3278 34.6869 37.7218 33.7062 38.9478 18.8396 50.8276 39.9633 24.5566 45.881 46.3385 55.1909 48.6984 58.1564 21.9466 32.1114 27.6403 49.882 59.3683 43.1751 14.2376 10.5998 41.664 33.9412 44.2987 52.5183 46.0264 53.9419 23.9575 54.8747 27.4067 60.5853 40.7121 58.4858 12.2406 48.4026 49.5093 35.1163 22.6649
16.563 17.6373 19.5068 19.6597 17.3025 15.8483 27.9034 30.4 33.5562 30.8353 34.4691 30.6652 37.2951 37.4635 37.6193 44.126 37.5478 43.722 46.0546 45.6421 46.3693 43.5035 34.3723 31.32 32.913 35.7667 34.9221 32.63 38.8338 36.3939 53.1291 64.3386 55.8158 65.8664 54.3085 50.2278 59.618 58.4967 24.8635 26.0725 25.1287 25.0046 28.5557 28.6405 27.1731 26.8466 42.9548 42.8527 45.0513 46.1585 35.3255 42.9613 43.2077 38.674 41.0268 41.0072 46.9266 40.3954 2.55826 3.31608 0 2.55981 26.2732 26.9401 25.758 25.6826 51.5476 48.2483 46.0102 51.5499 56.2817 52.7847 38.4972 43.0092 42.0449 49.6621 38.0365 40.0009 68.0238 67.2533 31.1187 27.1729 39.8157 52.3941 23.7768 12.4166 10.0971 11.154 11.2554 12.8094 44.6162 45.4492 42.8596 37.7819 35.3845 33.9726 34.2464 30.3942 12.6911 11.9177 14.9309 13.1116 40.4828 38.3521 38.8288 37.9335 25.4193 24.8122 24.9403 26.0171 59.3719 56.3943 55.1856 60.2891 26.5818 25.6665 23.038 24.5328 22.9972 22.7755 21.9782 22.3895 57.7225 68.9338 68.0162 57.6144 44.249 47.0473 41.5959 43.3209 11.9902 9.36251 9.99201 10.9 36.9966 49.9493 37.9417 44.7489 35.7502 35.0183 16.4903 54.3816 35.3487 28.0295 49.2662 47.0204 53.4505 50.8237 60.8346 25.6283 33.2658 30.2151 51.0402 52.86 43.779 13.4324 12.3594 42.8541 29.8415 38.6854 46.3929 55.2743 43.8095 28.3588 50.6955 33.7069 54.7108 41.6673 61.1101 13.422 49.5135 50.8738 36.377 22.6167
16.6337 17.6813 17.98 16.4225 15.3914 16.8327 30.7393 29.6162 30.672 33.4816 32.0753 33.8033 32.3731 32.9194 34.7233 39.9609 37.4545 39.2618 41.9242 45.1659 43.8576 48.0319 32.3903 31.6631 38.2266 34.1922 36.4169 31.8534 38.5321 36.7611 61.9974 59.8064 62.0332 56.7114 58.7645 51.044 51.5976 61.1157 23.0417 21.9827 21.6529 22.878 28.3682 26.3137 26.7275 24.971 44.6368 48.0874 44.3269 49.3305 37.8796 41.021 43.3771 44.2517 49.1076 45.2357 41.0164 41.7008 3.72366 2.65668 2.55981 0 26.986 24.9575 24.7792 23.9137 45.9129 47.9453 49.132 44.6379 60.8172 56.673 38.9674 44.4309 40.9209 39.9284 33.4117 39.7936 75.6396 71.8718 37.1047 29.5199 34.8909 56.2049 23.232 9.33906 8.53606 10.2233 9.41242 9.52172 40.6168 42.279 40.6898 40.7052 33.357 35.297 34.0185 34.6397 16.9503 14.7137 15.332 16.7452 38.0962 34.9722 38.212 42.6656 27.9529 25.0558 26.4972 24.8825 55.8212 61.8409 61.7777 58.3504 22.5752 22.8177 21.9509 23.791 24.387 21.1258 24.3498 22.4269 64.3987 61.9171 59.4857 67.024 43.5133 42.0512 36.5727 44.8043 12.9554 12.2167 14.4823 12.3957 33.7035 51.9376 40.089 38.3745 30.8341 34.8074 18.9767 56.2278 34.812 24.2235 46.2726 54.7129 48.835 47.3974 60.2468 25.4196 28.6481 31.9476 55.6406 62.7732 44.6288 15.6671 12.773 42.2363 37.7295 47.3509 51.5771 56.8552 45.566 28.3209 53.3035 31.7401 53.6075 42.3995 62.8316 10.8723 54.6112 53.363 40.6655 20.4586
46.0287 40.3328 46.4754 40.7792 45.1567 41.1151 59.4506 53.1708 55.5787 64.316 64.565 63.5956 60.5525 63.3875 70.992 62.2092 64.2667 65.9486 71.0729 73.1303 75.4931 67.0287 61.6826 61.5674 62.8437 67.4677 56.2041 67.1131 63.1265 67.7184 57.6494 66.7255 71.7157 60.961 63.0897 55.9023 63.9773 67.9797 36.0514 31.6821 36.7738 35.5075 41.524 44.0431 43.5978 37.3288 50.8324 58.4501 50.7 54.5598 46.3609 50.5885 55.3329 49.8353 44.5082 36.0912 43.8816 42.2226 26.3609 29.1484 26.2732 26.986 0 2.33035 2.43298 3.45548 49.7326 56.3944 57.5927 52.6875 56.9855 53.7715 69.0898 69.0292 74.7965 71.77 49.7377 52.7363 42.3463 42.8349 44.8969 39.7566 45.9745 91.6995 48.2131 37.2253 38.4897 42.0871 36.0919 38.0331 39.1876 36.3041 34.7705 36.6243 24.8535 29.4724 29.9757 29.7123 23.8322 27.8694 27.1996 25.3254 45.617 45.6602 51.8046 50.0573 46.0363 44.9047 44.9495 47.2822 69.8106 68.7197 64.9147 68.7451 28.0601 30.8965 30.2885 32.8574 5.4392 6.11047 7.36478 7.30381 38.1179 36.4272 33.2236 37.6952 38.6736 44.6261 36.1929 42.84 25.2577 25.1346 22.5789 26.2165 27.842 21.0217 35.3807 63.471 58.4506 53.4751 38.3568 43.769 61.9291 48.8664 31.3612 40.3623 23.7651 24.6308 63.5959 4.83503 60.7736 16.9951 27.9669 29.2129 64.2665 14.3422 18.0012 38.9801 37.4742 15.2594 23.5028 25.585 57.0195 9.50218 42.9936 10.4044 32.0159 50.8083 32.8288 40.0268 37.779 43.6853 19.1084 46.0283
41.1969 45.1856 43.79 46.4672 41.1266 42.3628 60.7042 55.2676 57.9722 57.3165 54.357 57.4997 55.1924 56.4257 60.8893 63.5714 71.1159 61.464 65.2824 63.9504 69.0266 72.0989 57.282 54.9981 60.7449 61.6773 58.9253 67.7969 65.9904 64.2597 67.5939 62.9406 73.5216 70.1683 62.4151 56.8105 58.0603 61.0672 35.1463 34.5794 35.5123 33.4743 35.8424 37.2783 40.2174 38.5583 54.7213 51.9857 53.2741 60.5835 51.5897 58.4768 53.0828 59.0861 45.3655 37.755 48.1702 41.6027 26.307 26.9822 26.9401 24.9575 2.33035 0 3.41276 2.3474 48.8218 58.8684 46.824 48.9462 51.3136 50.8438 66.8211 67.6837 72.2719 70.2241 48.5242 48.3442 51.6329 47.8219 42.4792 41.376 39.2532 81.12 48.231 37.7667 33.1428 33.3237 34.6528 34.6292 38.3662 34.6815 37.9085 32.9705 23.1659 27.0664 24.4224 23.5676 26.8237 26.1865 27.8593 25.3415 50.761 47.6714 52.3746 52.8766 41.5928 46.4999 43.558 44.4509 61.3956 61.7419 73.2913 72.4515 24.8403 28.4709 27.1786 26.869 5.44082 5.18586 5.51922 5.65971 39.817 38.0707 40.6519 40.9239 35.7824 42.4959 35.8111 35.531 24.0031 23.2084 21.8644 23.2192 29.1431 23.7238 40.1282 66.1485 58.1211 50.7747 35.2098 51.3133 66.3788 43.501 29.0446 35.3225 25.5436 28.706 60.0854 5.99753 59.6878 18.1538 32.5554 36.7582 66.3439 11.8947 15.3726 33.5744 38.5198 16.5865 25.5255 22.3742 55.4275 6.94741 50.4062 7.93383 32.7472 50.0359 34.6002 35.4959 34.0342 41.0909 18.5965 48.7
44.7481 45.5462 44.7887 40.3319 36.0986 41.8627 60.1996 59.9959 61.1415 62.9629 58.0295 57.935 58.9304 61.3943 62.9665 69.0349 72.0083 63.8536 69.9746 69.1051 65.0112 70.26 62.5147 62.6611 56.6354 59.6807 64.738 61.739 67.8257 60.7877 56.5335 66.1875 69.5313 63.8092 63.3124 56.6732 56.2405 62.1935 33.0247 33.1726 35.5622 33.055 38.6827 39.406 39.9043 38.5963 47.2469 54.4557 49.7715 50.1266 53.5185 48.2553 52.7862 50.5822 43.3256 34.7918 38.6953 41.4695 25.3431 26.684 25.758 24.7792 2.43298 3.41276 0 2.67441 58.0257 59.9152 53.137 55.3721 54.4269 46.5418 66.4057 70.8565 75.813 65.9966 52.2616 54.0673 43.9764 43.2766 38.4665 34.3515 47.4429 81.663 43.2464 35.3415 35.7552 39.0238 36.038 36.9146 37.8228 42.1593 35.3477 36.4067 25.7085 30.0426 28.4732 31.0777 25.6253 25.9698 26.7651 23.3096 48.8168 45.5089 47.91 49.1317 38.3572 39.8137 40.8481 45.4583 57.9415 62.8649 65.1919 66.1279 27.9437 32.1328 29.3195 33.3688 3.66437 5.21506 4.44497 5.73195 41.2087 41.6337 37.0204 37.9789 42.6154 44.8951 44.3442 44.5275 22.4488 22.534 19.9658 23.4583 26.9501 24.3888 32.0638 67.5005 59.0108 52.1157 32.7021 45.0352 63.5076 49.4419 33.7237 37.9052 28.3567 28.094 62.2063 2.80335 51.4178 14.1111 32.9318 32.0951 65.1942 11.1789 16.5233 41.4831 34.7581 19.0438 25.5013 28.9998 56.0413 9.99678 40.4046 11.5084 30.9133 49.8101 34.3971 34.5582 37.2689 44.5642 16.8082 49.1665
38.4218 43.7168 37.9526 42.1292 41.2001 36.4332 55.1559 54.4494 57.4932 55.5492 60.6566 55.5025 57.3586 55.9884 59.8782 57.5502 66.4693 61.9899 66.283 69.5195 63.8797 69.6488 62.1555 57.3168 58.1779 57.4689 58.9878 57.351 57.1843 63.7001 57.2671 66.5968 61.4606 69.181 62.8033 58.2152 59.2426 62.295 34.4424 34.399 34.2126 30.7718 33.8846 40.0331 34.33 39.0191 57.1936 49.922 54.3665 60.6122 47.5388 49.1419 54.5845 51.5908 42.2044 37.6257 40.8804 37.4902 23.2989 24.7901 25.6826 23.9137 3.45548 2.3474 2.67441 0 55.9956 58.3573 49.2538 51.1294 53.3613 56.0094 61.6109 61.461 69.8615 67.3687 47.7986 50.9174 51.1806 42.4617 38.0317 35.1689 37.839 81.538 41.6625 37.4089 30.8799 36.3579 37.5559 37.08 33.4096 34.0931 35.5556 39.6633 28.3975 24.321 26.5906 26.5278 22.4834 22.9413 22.511 26.457 47.2535 50.1592 51.1072 45.9646 44.3537 39.974 39.8136 45.651 64.9081 67.4135 70.4402 64.6715 27.9681 30.5085 27.7841 30.5525 2.41139 2.79679 3.73606 3.43201 37.2985 40.9256 40.4793 41.2528 36.1424 37.6288 37.7764 39.5607 20.395 20.7629 19.501 19.6974 26.6766 24.5228 36.798 61.49 59.1333 53.2496 35.8577 46.6569 54.3079 47.3593 29.9247 39.9755 25.8172 29.8634 58.2843 4.20932 56.474 18.6024 35.3086 37.6724 65.0233 11.3889 15.4313 34.8693 32.543 20.0078 28.409 29.0666 49.642 8.59729 50.6432 10.7341 34.9982 43.7861 33.1781 34.3857 39.3477 38.5319 19.6401 42.6562
63.7475 55.5559 56.0969 60.4316 60.6889 57.0743 63.8122 59.9224 62.7273 59.8636 51.2278 54.6326 53.8813 62.636 61.9939 57.8082 57.8395 62.379 52.8591 55.0194 56.6635 60.4478 78.1877 68.8191 73.2616 75.6748 66.8493 74.2563 70.1579 70.3897 110.556 113.193 106.565 112.752 101.295 111.198 108.358 109.127 22.8146 25.58 26.7271 27.477 20.4456 20.6331 20.8568 22.6928 87.2532 90.4744 87.8997 101.746 85.0475 93.7513 90.6746 92.2769 95.923 79.1395 97.0567 92.9219 44.7822 48.0831 51.5476 45.9129 49.7326 48.8218 58.0257 55.9956 0 2.62576 2.30808 3.28345 99.7626 101.975 77.3774 77.7546 66.2672 61.8162 21.244 19.7922 86.9575 97.0106 78.4948 80.5031 12.5915 71.209 68.4016 41.2808 49.3865 47.4831 44.8232 51.6506 19.5058 16.2801 18.225 17.6574 25.0117 28.1782 26.4108 27.1598 59.2967 66.9065 60.1663 61.6197 81.9023 78.2568 92.8119 85.7327 65.256 70.9828 77.4642 66.441 107.596 113.669 108.073 104.735 23.7964 24.3805 27.146 24.0675 47.4721 52.885 51.4469 46.9971 85.535 87.8692 84.1153 75.011 14.281 14.9081 14.0754 13.7739 61.8917 53.0845 59.1387 63.2048 76.5389 77.1773 89.5342 58.4769 47.8388 84.7627 70.2556 102.488 59.2846 25.299 37.6927 93.5702 69.7444 55.8392 18.8457 60.1842 51.3212 68.911 53.4294 87.8269 53.6535 50.8044 44.4724 19.4816 74.548 69.7475 73.6331 58.0211 88.6098 46.4596 101.338 46.0555 79.6081 5.70964 71.8329 36.2902 33.5846 26.4606 67.355 39.7582
58.2626 58.1724 67.2377 65.2709 66.8167 57.8188 60.5628 62.4961 65.3388 58.1246 53.1343 60.5514 63.9257 66.7029 58.5813 55.0453 62.8341 63.1607 55.6589 53.0268 65.0273 60.8626 66.8149 68.715 80.8598 71.898 72.4359 65.9144 69.8739 77.0966 117.615 104.084 107.661 105.932 100.979 103.845 114.378 113.603 28.2731 28.4211 29.0742 26.359 19.9254 21.3207 24.9156 23.5636 94.1059 92.7519 87.5458 105.132 82.3396 82.6199 85.1762 95.4011 94.9081 89.4631 94.7692 95.2676 49.0923 52.4773 48.2483 47.9453 56.3944 58.8684 59.9152 58.3573 2.62576 0 3.55686 2.77304 99.9573 95.1993 68.2317 77.8968 62.1369 64.5656 21.7541 22.8276 99.7976 99.7771 88.5597 81.588 15.1762 78.0376 64.6656 47.3286 52.9757 54.1579 49.6502 54.7473 19.1372 19.5734 21.4427 18.6092 27.4847 28.0296 28.2753 28.3114 60.2429 68.4647 63.9695 63.7863 79.8805 89.7365 82.3681 88.9072 75.6141 66.9972 75.4637 68.6777 111.466 112.592 119.196 99.447 27.9213 27.9547 29.2564 30.432 55.7401 51.1596 48.8934 55.0539 85.0189 92.1938 82.0132 81.0119 19.4203 17.9877 15.8801 16.8863 56.461 61.5203 54.9999 57.4488 81.2909 76.652 92.6344 59.2899 51.4932 91.3817 61.9733 89.6712 53.8552 26.2089 38.0802 94.774 70.2395 54.5265 18.6036 57.2313 54.1611 74.914 55.4699 83.3422 52.2182 45.3478 43.7238 23.8207 87.1476 70.6546 74.9775 57.3518 91.6954 51.6549 91.7368 45.4079 81.8264 7.43188 84.4913 36.6349 30.486 31.7572 69.5548 48.3672
63.7956 56.1487 62.5135 53.3419 56.2826 56.2533 61.1702 59.626 61.9196 56.0135 52.6899 50.744 57.1705 60.0848 50.5188 56.458 62.3547 61.8709 57.8606 59.9523 52.9669 53.1931 69.5051 65.9851 65.2049 72.2299 68.605 67.5235 62.5436 66.7371 96.9811 98.0533 113.666 107.15 94.7952 95.8372 98.9968 106.834 23.0193 23.9141 26.073 25.9072 16.6512 19.7997 21.753 19.0599 97.2042 86.1341 91.8797 89.377 80.2325 94.941 95.218 93.6836 95.0148 87.5804 85.8762 82.3527 43.316 40.4876 46.0102 49.132 57.5927 46.824 53.137 49.2538 2.30808 3.55686 0 2.45556 108.76 103.561 72.6764 62.7493 65.7968 63.6962 18.2683 18.0816 87.8735 91.3627 82.262 74.7763 10.9038 72.8799 62.5669 43.6106 50.6254 49.6227 51.9664 44.4818 20.2002 19.6904 19.5599 19.1087 25.4263 26.3883 25.8495 23.5113 66.3743 60.2768 55.418 55.3862 89.3435 90.0343 88.8487 82.824 72.1823 70.8365 72.6662 75.906 103.663 95.8237 108.537 114.953 25.626 25.1371 23.2178 25.063 52.4241 53.7229 55.5467 54.6036 76.4995 90.5652 80.6298 88.0536 17.9877 16.2271 17.4468 14.1293 51.1079 60.0283 62.4993 55.5655 69.2673 77.62 83.1246 56.7372 44.2364 82.2584 58.7159 89.0029 61.2428 23.8234 35.8264 93.7946 73.7083 60.2676 19.292 58.3137 50.4656 72.0265 60.5433 77.6049 52.2133 41.9048 36.5154 24.0479 81.1071 69.2588 69.6411 60.5309 101.553 46.0281 96.2709 46.8963 72.5792 5.03826 76.2626 38.8963 35.0947 29.32 68.9953 40.5035
63.0766 61.4929 56.8015 55.2646 55.8964 53.7141 55.0194 60.6593 63.1118 62.5318 53.7638 51.149 57.4441 56.5001 51.6439 51.8925 62.2889 58.0834 57.1037 59.4767 55.8118 60.6678 75.8735 66.478 69.4329 67.8709 71.8309 64.0061 75.2206 74.6762 118.424 108.612 110.624 113.233 93.4651 98.1785 114.737 114.306 23.5238 25.6322 24.6844 27.3748 21.5001 19.338 20.118 24.6612 86.164 93.5645 86.6291 95.8583 89.9583 95.2473 82.4605 89.8401 81.4408 85.029 96.4447 89.5974 49.4946 45.7479 51.5499 44.6379 52.6875 48.9462 55.3721 51.1294 3.28345 2.77304 2.45556 0 93.8453 101.006 74.829 65.0212 59.1142 65.2756 18.9622 17.0901 99.6105 85.4467 81.574 86.4063 14.556 74.8472 67.0618 47.0426 52.3524 43.6383 50.8739 45.3573 22.422 21.5223 20.1217 19.222 28.3847 28.5784 29.3906 27.5722 59.2019 57.3481 56.9085 67.4691 84.6983 84.8689 94.7019 94.4046 69.7932 66.4111 80.1982 69.3105 111.094 110.116 106.441 112.298 26.1419 26.085 27.2998 27.3448 56.4515 51.5232 48.8008 48.0856 80.2744 91.7185 82.3148 85.3575 17.3442 19.1372 16.7223 19.0929 53.9315 56.7761 62.8027 56.981 85.6283 74.6562 85.5983 57.3401 41.7302 90.8478 63.4252 96.1949 58.1722 26.4635 42.5409 96.0829 74.9311 55.9124 21.0656 53.224 44.9568 65.6546 52.7088 90.329 50.8662 45.2905 38.9924 25.2209 85.3364 61.2647 78.0307 66.0822 87.6257 47.1185 96.0903 44.075 78.0985 6.35807 77.5301 39.7474 31.3224 28.9091 68.7715 40.9309
55.8194 54.4376 53.0239 58.1389 50.5853 53.5678 72.4891 71.5282 71.0296 66.5349 75.005 72.4972 74.7014 76.3862 79.354 79.3344 78.7826 82.1303 81.3888 90.924 92.62 84.5863 60.9531 55.516 61.2059 63.7845 61.7526 58.1585 69.2867 59.3783 12.8571 13.6194 13.6396 15.9644 12.2504 14.3088 17.0911 18.0983 75.4044 81.463 72.8943 76.6033 81.5884 85.9974 75.2744 87.0176 18.7543 18.3804 21.499 19.0836 25.2539 22.6957 24.8508 22.859 12.3345 14.4472 9.90694 13.9947 53.7343 53.0624 56.2817 60.8172 56.9855 51.3136 54.4269 53.3613 99.7626 99.9573 108.76 93.8453 0 2.77437 74.0547 81.2376 76.4119 76.0164 90.0209 85.4722 58.7738 61.2364 21.1988 25.2816 83.0314 98.1618 43.8739 69.4095 55.6201 65.3889 61.188 55.682 96.7406 85.9921 93.7333 88.9068 80.6862 84.642 82.3205 75.5044 43.0168 43.7293 38.2471 42.5165 20.2072 23.2109 22.4298 22.7546 35.6704 39.78 35.3903 36.8306 15.9008 16.5431 18.0917 17.1303 78.9644 74.6742 72.054 75.9426 53.0263 50.9532 53.55 49.54 60.1265 62.397 60.3132 58.2635 86.9708 85.8956 82.8631 83.4636 40.1565 41.6792 46.0364 39.9549 28.842 46.4138 17.4043 78.5729 81.3384 30.0777 41.4011 13.8457 81.3306 85.1535 77.0094 24.422 57.5359 82.7162 114.964 48.2578 78.4891 36.3255 78.3645 45.015 94.8705 54.9239 64.4919 90.4755 20.361 50.6554 60.9463 72.9885 14.3821 58.9866 8.33665 65.3944 64.9809 88.909 72.5883 69.6986 100.506 87.4248 41.5786 76.4643
52.066 54.8145 48.763 46.8094 46.6255 56.3277 60.0941 61.4261 65.1326 68.3791 65.3876 65.0727 67.1417 74.7193 77.3655 76.2884 78.5029 81.448 83.2917 89.3352 92.284 84.8191 56.6043 53.8607 52.8424 54.208 61.3968 56.4488 56.8603 63.4603 13.3339 15.1306 14.5623 15.9205 12.1511 12.663 16.1547 15.2175 69.214 68.2736 73.4996 78.5694 87.5021 86.753 84.7168 78.1478 16.3882 16.7047 18.368 18.082 20.418 22.655 19.9882 21.1205 9.91645 12.8741 8.23748 9.92497 54.4528 49.098 52.7847 56.673 53.7715 50.8438 46.5418 56.0094 101.975 95.1993 103.561 101.006 2.77437 0 75.4335 72.2492 75.5396 78.1743 79.5325 94.0373 67.7617 65.9435 20.2973 24.2699 82.9798 92.5812 43.1818 60.657 58.7575 58.3873 55.5473 61.3467 79.6877 83.2326 91.569 88.4674 83.9886 75.2363 77.1881 71.7661 37.7596 36.8484 36.2426 40.014 20.1904 18.0762 18.964 21.0256 38.1734 35.4887 33.1292 39.3674 17.4598 16.4881 18.4514 19.1845 75.1477 79.868 75.0116 74.7598 51.09 51.7412 52.5245 51.239 69.7252 66.5688 66.9433 58.8625 79.7444 90.0317 82.8639 97.2854 37.6936 42.3551 36.6385 40.5894 25.7195 42.2706 18.0445 83.0252 83.453 31.2946 38.7623 13.148 78.824 86.1974 73.5775 22.4757 60.9986 70.7222 113.402 43.2406 69.1718 38.6804 80.987 52.3781 87.7194 56.7145 55.0119 95.6545 19.3424 50.5195 55.3267 67.2143 12.5787 60.2522 7.54477 61.4069 65.164 91.0353 68.431 70.199 86.2258 90.2237 39.5197 65.7519
25.2967 28.2123 24.2609 23.7013 31.6546 25.8824 15.4197 11.818 10.7837 9.65382 15.9869 12.6762 12.9146 10.6275 17.0694 14.7682 15.8688 13.8835 18.984 21.7327 19.4709 18.6048 13.1338 12.0723 12.9546 13.6976 8.90733 8.33051 8.32662 7.38801 73.8741 75.6198 67.3037 73.2152 60.2118 67.9667 64.0766 67.2771 56.5523 54.3401 51.804 49.4581 57.7304 49.6851 57.3123 49.2094 51.9066 58.1106 57.0709 49.1955 48.7871 50.296 50.5354 52.5959 69.9609 64.4468 72.5216 68.8278 46.197 45.1792 38.4972 38.9674 69.0898 66.8211 66.4057 61.6109 77.3774 68.2317 72.6764 74.829 74.0547 75.4335 0 2.74904 7.79928 10.8623 53.4414 47.241 119.951 112.145 55.2709 50.1831 58.1942 22.3593 29.0197 33.4704 33.4028 31.2135 31.2102 31.1129 70.1964 72.3553 78.3587 67.2416 73.4454 63.0897 68.3385 69.8323 48.0523 47.6983 50.8893 47.2633 53.5261 50.5176 55.1955 51.115 34.2114 33.1196 32.1443 30.7083 67.4414 65.1366 62.6355 60.1116 51.6666 59.8656 52.6157 51.2686 62.0752 58.0837 66.7699 64.1149 105.665 111.189 110.828 110.738 74.4687 73.4384 71.5022 72.0481 49.7652 52.9273 44.0861 46.6112 71.8001 83.7945 59.2897 21.3416 25.1455 37.9116 40.4741 72.5392 13.2237 44.7289 86.4818 77.989 91.1907 101.282 85.6966 68.7802 20.7718 61.2803 88.7936 88.2881 22.4882 56.7944 56.1075 76.4416 54.469 78.653 99.5967 86.4511 56.1616 75.4785 65.9254 66.9363 93.3821 72.356 109.807 36.4328 92.5067 79.9184 68.9569 31.604
27.4708 27.6256 29.7007 24.8292 28.6843 25.9044 15.7576 13.9546 11.2192 10.37 15.9482 13.4937 13.0158 10.9779 14.9094 14.5618 13.295 11.678 18.506 18.2306 16.3271 14.9208 15.6729 15.4276 15.6531 13.8536 11.9692 11.4448 9.8746 9.68077 79.6878 72.2279 66.5699 77.5467 71.7089 73.1838 67.3624 69.5407 54.2842 56.0055 56.8397 47.7564 49.5917 50.9048 52.1789 54.2987 57.741 61.8907 61.3602 58.6365 51.2839 56.7624 48.8449 53.794 63.8966 68.5406 61.9729 66.4878 49.5015 48.947 43.0092 44.4309 69.0292 67.6837 70.8565 61.461 77.7546 77.8968 62.7493 65.0212 81.2376 72.2492 2.74904 0 5.22212 8.70617 48.7497 50.7155 116.72 115.928 51.3322 54.1219 56.9054 18.7952 37.271 35.2794 33.0567 34.0617 33.0729 33.1746 76.3051 75.4949 71.1371 71.0936 63.1656 64.5834 72.447 66.1077 48.6937 45.2949 45.5556 44.8593 50.3925 47.6386 58.6703 50.8989 37.3968 32.6135 39.0394 38.964 63.4633 64.3287 70.6082 68.3375 60.6391 55.9573 52.8279 59.3569 66.9163 68.6836 62.6822 62.4825 112.689 114.864 107.609 112.508 80.4871 73.9869 71.7752 66.816 47.376 53.604 48.9361 50.8668 72.2872 94.5937 60.4414 18.4163 25.7306 40.9175 35.5077 76.8197 13.3554 46.7591 86.8236 79.8772 101.462 92.6568 94.7676 68.3215 23.3451 68.5276 93.6418 93.2875 20.8536 62.5177 58.9425 78.2828 64.1739 78.0574 90.9965 98.4898 66.3596 67.1165 80.4687 70.7418 92.3576 68.6446 97.5041 43.1991 86.5161 84.4653 73.5323 29.1905
31.6588 29.2198 31.4029 28.1966 30.9357 29.7949 12.8231 14.1712 10.995 10.6185 11.4921 10.5754 9.50678 7.46663 10.8465 8.81685 7.06601 7.41796 13.9842 11.3386 11.9374 11.8977 18.7096 19.0765 18.6353 21.1504 13.9223 14.9641 15.3504 14.3983 82.8382 77.6402 70.005 71.317 67.6941 72.4537 74.7546 72.0891 53.5622 53.0771 48.0114 47.4813 47.8643 53.1588 51.2011 52.2184 58.4637 59.2807 61.6416 63.7641 58.9363 56.345 56.1141 54.1774 67.8308 75.5471 74.1688 73.9184 47.3906 44.5644 42.0449 40.9209 74.7965 72.2719 75.813 69.8615 66.2672 62.1369 65.7968 59.1142 76.4119 75.5396 7.79928 5.22212 0 2.74971 50.0583 46.2128 108.099 107.195 57.6512 52.7177 52.039 14.3684 40.6139 35.6803 30.415 34.6011 33.336 35.1107 68.5589 72.3137 76.068 72.3477 65.9071 65.4915 62.0987 62.5543 47.655 49.8996 45.3827 44.8391 61.7198 61.9624 59.6191 61.1527 40.9796 39.5355 39.0907 39.0346 79.6599 78.6917 76.6912 72.285 51.8556 50.5591 52.0047 57.4217 64.7561 60.7441 61.8073 58.117 111.785 114.901 102.339 115.103 65.2957 76.2501 73.2708 63.9013 47.7135 51.5624 53.2662 49.8168 65.5966 81.2522 63.1839 13.7655 18.2668 43.1665 38.9911 86.2427 9.58398 41.1974 81.4251 92.9292 86.3506 87.2353 85.3598 68.1117 17.8747 76.7712 94.5441 92.8444 14.8054 62.3595 53.6577 81.9769 63.8515 81.3361 101.626 91.1004 68.8767 65.5548 82.4257 76.9846 98.0359 64.1732 104.362 40.7369 91.0574 87.0162 74.7485 23.7581
29.7782 30.2571 34.1944 33.8143 31.2525 29.0802 15.1777 16.2256 14.9206 12.9592 13.5599 12.5047 10.4462 9.00512 9.85263 8.39858 6.84541 5.51751 12.2492 9.58048 9.19468 9.52762 23.7628 21.3569 22.5562 22.6795 16.0769 16.7829 16.1591 17.7342 87.0752 84.6374 76.753 80.8452 71.4032 69.609 76.7008 78.8435 51.4512 50.6193 53.5941 44.4482 53.5528 50.515 48.5829 45.9562 65.8396 59.7111 60.6247 61.3995 53.6625 54.9723 62.0204 53.0334 79.0589 77.0911 81.6625 77.4162 48.4367 47.1053 49.6621 39.9284 71.77 70.2241 65.9966 67.3687 61.8162 64.5656 63.6962 65.2756 76.0164 78.1743 10.8623 8.70617 2.74971 0 41.5295 47.7346 104.246 114.404 57.5324 55.466 61.7427 14.1981 42.8081 33.1503 32.2799 36.3939 36.0242 32.0484 73.1763 77.496 65.2932 70.9246 72.3323 66.0758 72.9829 70.4668 48.8814 50.4712 51.281 54.5435 59.7251 54.1193 63.1009 59.2068 45.3824 37.7464 42.6152 45.0727 73.7484 71.3366 76.2056 78.1065 50.7405 55.4316 57.0283 49.2786 64.9568 71.8734 72.5032 70.7009 108.656 105.562 109.081 108.044 70.0821 73.3979 72.3588 66.6107 54.9868 49.2609 57.5627 49.7767 70.8872 94.196 74.0217 13.201 18.4541 52.2031 47.1705 78.8452 9.36687 42.1838 78.8664 86.1267 94.2428 99.8569 78.7066 69.2991 17.8579 69.6179 106.058 100.063 13.4699 61.4081 54.7388 71.3444 65.2033 92.7324 93.3756 101.843 70.1499 67.8273 81.4172 77.2772 106.159 56.9101 99.7871 40.0311 89.0758 87.4831 88.985 27.9908
41.6513 47.1634 44.1092 40.1255 42.0611 39.2817 41.3265 42.204 37.5003 40.3156 32.8486 35.2221 36.492 37.8623 37.1219 34.3215 41.6626 39.4431 34.8028 38.8807 39.5001 39.5995 50.0672 53.3836 58.257 59.1688 47.316 55.4102 49.2827 49.3556 101.712 101.924 102.622 91.4729 92.9724 98.9708 100.463 88.624 16.9434 16.9294 17.0698 18.5017 12.4822 11.5752 12.8109 11.6658 83.3159 80.7323 76.4447 75.6105 81.4715 72.9928 70.5043 70.5618 78.9146 70.3816 82.2194 76.8439 38.7206 33.5862 38.0365 33.4117 49.7377 48.5242 52.2616 47.7986 21.244 21.7541 18.2683 18.9622 90.0209 79.5325 53.4414 48.7497 50.0583 41.5295 0 2.6911 101.172 97.2353 68.478 65.2623 14.0105 46.8202 49.8314 27.2695 35.5542 29.3801 34.106 33.5105 30.6532 29.1399 28.489 27.6013 32.372 31.1372 33.4672 30.0989 51.0016 49.4417 51.1998 48.2564 71.7644 71.4841 79.2878 78.1486 58.283 59.9041 56.219 59.2932 94.0256 100.991 100.772 102.239 22.2723 21.9361 20.9362 20.918 43.7571 47.2561 47.0034 45.8695 79.6565 91.2266 80.0047 83.1683 29.728 27.1688 25.607 27.4846 43.6453 47.057 51.9859 48.5063 63.5551 71.699 71.9373 32.4018 28.8821 61.5753 48.1888 80.4965 41.3693 7.71745 47.9382 78.6659 81.5872 61.3821 41.3341 54.8043 30.3171 68.1286 60.0037 87.0439 31.253 40.1048 36.4242 31.5492 63.2506 63.8438 66.2436 61.4187 83.2896 41.89 93.6752 48.4554 75.3131 16.0845 75.6544 24.1032 47.4183 46.3308 74.5136 22.4472
44.4268 48.2903 43.2334 43.0288 47.3408 41.6445 36.8831 38.9277 38.5766 46.4298 36.1762 41.8617 41.1483 41.183 37.6037 39.9198 38.6113 43.2005 34.8078 39.105 40.954 42.174 52.0473 54.7027 57.0547 57.6762 54.6998 49.7933 49.3518 57.7337 93.4965 98.0044 92.8704 103.608 84.1437 91.3349 102.562 87.5519 20.4339 21.139 18.094 19.8417 14.3759 14.0597 13.4077 15.4652 79.9387 79.541 86.8853 80.5609 70.8812 84.6206 76.9732 75.7028 83.0781 81.927 84.1389 88.0329 37.8062 37.6457 40.0009 39.7936 52.7363 48.3442 54.0673 50.9174 19.7922 22.8276 18.0816 17.0901 85.4722 94.0373 47.241 50.7155 46.2128 47.7346 2.6911 0 101.585 98.8682 70.1668 63.6261 15.9306 51.3098 52.3863 29.0616 36.3582 37.4874 34.6343 34.6721 29.7895 28.54 29.0954 31.9721 33.2395 35.5523 32.3301 34.9742 57.1733 51.7293 49.3982 47.5835 83.1731 80.6901 77.2761 72.1791 61.12 55.7598 59.641 55.9715 98.4554 98.1564 104.109 90.7343 22.8177 23.5275 23.6896 22.2692 47.7393 53.5833 46.6819 45.3226 91.8125 95.2148 91.6043 82.9793 32.26 28.7169 30.7743 28.7096 47.574 44.9538 50.5752 48.2122 68.869 71.4516 68.632 36.0329 26.1549 66.4871 55.3881 82.9119 36.8412 9.59865 46.421 91.1964 70.5232 68.588 41.9684 59.6309 30.9842 66.5581 63.2945 88.9884 31.3948 42.8963 38.9166 35.5168 73.2652 68.3386 78.6875 64.4622 90.4686 46.213 81.5043 48.5092 75.8286 15.1806 87.0538 24.3834 46.0727 47.3114 76.9833 26.338
81.9816 86.2778 91.6097 80.9791 84.9325 80.7909 105.854 92.5555 99.2111 99.9214 113.672 104.36 95.8805 109.823 118.612 106.149 101.813 110.329 124.256 122.374 113.734 124.76 95.1733 104.528 97.5145 97.3522 105.144 108.294 104.155 102.64 72.8859 70.1137 81.6254 76.0626 73.5986 76.207 77.9157 80.698 73.1551 73.6882 76.9692 86.7211 75.624 90.0528 86.4749 89.7091 70.9948 76.1858 73.5982 72.1956 68.6502 75.4495 83.1209 85.1367 56.6444 53.4431 57.5627 56.8056 70.8617 75.9862 68.0238 75.6396 42.3463 51.6329 43.9764 51.1806 86.9575 99.7976 87.8735 99.6105 58.7738 67.7617 119.951 116.72 108.099 104.246 101.172 101.585 0 2.46017 60.0948 72.2489 88.7152 137.649 77.0089 79.1484 74.7107 84.3878 86.4553 80.5386 68.4152 72.9278 81.6832 70.955 69.4457 62.8531 68.7139 63.2145 65.6918 59.299 57.7466 70.0998 78.1292 71.5526 79.0333 69.6002 72.9123 79.9821 78.7614 78.895 86.1806 84.7281 77.4675 85.3334 78.1055 68.4539 80.2039 78.0027 54.0531 49.756 51.2838 56.6904 12.2276 11.2882 11.0069 11.8953 82.4128 83.1398 72.1372 81.275 64.8455 67.2938 63.0642 61.7554 45.738 26.7423 62.2884 108.231 106.886 80.1864 69.6831 47.768 116.988 88.1521 54.3878 41.9716 20.4798 35.8721 91.5149 42.802 104.682 46.7471 46.7988 17.4229 112.97 53.2878 66.394 70.7879 55.3193 28.4684 28.0018 35.5685 78.0646 52.5829 53.5486 47.6637 20.4884 91.2713 19.5496 88.5941 68.6848 70.9607 35.7575 99.2009
88.0951 86.9109 84.6224 81.124 83.2668 76.4215 107.336 95.7767 102.249 102.839 100.219 102.076 104.455 108.177 106.797 102.359 110.394 113.3 123.001 114.467 111.18 124.334 91.0439 102.218 97.697 98.2912 102.374 102.163 111.156 109.934 78.7811 76.423 73.1085 75.3637 80.805 82.6392 80.1969 80.8696 78.8504 83.182 76.045 84.3574 76.3887 83.9116 79.7159 90.1108 71.5809 76.4905 79.1987 79.6016 69.7098 73.0298 80.6029 83.3839 51.2748 57.9008 54.9642 58.3058 70.7584 65.611 67.2533 71.8718 42.8349 47.8219 43.2766 42.4617 97.0106 99.7771 91.3627 85.4467 61.2364 65.9435 112.145 115.928 107.195 114.404 97.2353 98.8682 2.46017 0 70.1198 63.9602 84.6013 123.922 78.8206 80.3619 79.8408 87.194 80.7848 87.847 77.2342 80.1757 68.5538 75.3189 61.7819 65.7862 66.3164 68.978 56.661 59.1851 59.118 61.9104 71.3883 69.492 68.802 73.5007 80.4264 71.838 79.6289 86.2322 83.4195 83.4298 75.2104 80.4042 68.8288 68.5832 72.8265 66.3187 48.2183 53.3156 45.7243 46.2099 8.42863 9.15772 8.56327 10.1821 83.0619 81.4125 77.223 84.7565 63.9924 65.5006 57.0272 60.6688 47.1343 20.6944 52.803 103.624 100.117 81.69 77.3894 53.3904 98.914 88.8038 51.1741 37.7245 20.9149 38.7051 97.6104 43.989 90.0943 39.8923 36.7629 14.0874 117.398 56.0425 56.9632 66.5533 61.3193 28.3766 23.0755 34.2601 65.2022 51.4908 60.2409 45.6521 18.702 95.6291 16.4382 78.8849 65.9434 68.0277 34.5257 96.0962
29.2922 31.2028 28.2393 32.455 27.0986 35.1655 50.6055 47.3492 47.553 51.6063 49.6309 49.4146 47.765 57.2647 54.0625 61.2217 57.804 60.0471 59.3706 67.4374 62.6005 58.9345 38.7732 42.1031 39.1009 41.477 45.4418 45.3086 46.154 45.7778 24.8423 26.6554 29.1576 31.5687 20.4206 23.2898 22.9636 23.9588 54.513 57.9637 54.7471 54.1275 59.7581 55.2591 53.9096 62.3684 12.696 14.0535 15.8238 14.8623 10.9111 11.9976 13.9111 14.821 14.8107 13.5282 16.1016 12.4373 34.2284 32.3845 31.1187 37.1047 44.8969 42.4792 38.4665 38.0317 78.4948 88.5597 82.262 81.574 21.1988 20.2973 55.2709 51.3322 57.6512 57.5324 68.478 70.1668 60.0948 70.1198 0 2.44221 67.723 73.1142 20.3005 36.6786 33.7639 35.9629 34.3957 39.5914 63.7114 75.8897 72.1903 75.8134 55.9375 61.3846 61.3128 57.9599 17.6072 20.2712 18.8201 20.6424 6.65797 6.09186 7.7557 7.79985 17.1746 17.1521 16.3927 18.6701 26.6371 24.56 27.0408 29.3438 50.0445 50.2281 52.5896 57.9148 36.8076 34.7495 39.8862 36.7105 68.3453 65.2103 66.9408 68.7107 70.7566 74.0629 72.0644 68.4966 25.0747 22.182 20.4396 22.5338 19.1216 47.3251 8.97262 66.15 59.6803 13.5525 18.2205 27.7439 53.7707 59.7049 68.0621 29.5615 59.4625 68.0894 94.6798 34.3255 53.8261 28.1073 68.2038 47.2487 66.9444 35.3649 37.2495 77.8575 6.93797 50.0529 55.7251 63.4092 16.4514 46.3853 19.911 53.3227 57.9938 76.9452 70.5344 47.5577 73.5975 84.1777 33.4985 46.8358
27.8933 26.526 28.1744 26.2141 22.9295 31.7595 40.7161 47.0367 46.0969 40.3812 53.2215 45.0924 52.2447 52.5081 55.5113 56.2073 59.0892 53.9364 59.7227 64.1005 66.4177 63.4325 37.5962 33.432 34.759 36.6511 40.9426 43.5855 43.7056 44.2348 27.6673 30.1571 30.6507 28.9761 22.7586 27.1406 24.4954 24.3087 53.7096 52.7561 52.0786 53.758 62.0772 62.8785 55.2726 54.0444 14.6856 14.126 17.2404 16.6716 11.0615 12.8075 14.9466 15.2151 17.028 14.2314 18.039 13.903 30.7445 30.3094 27.1729 29.5199 39.7566 41.376 34.3515 35.1689 80.5031 81.588 74.7763 86.4063 25.2816 24.2699 50.1831 54.1219 52.7177 55.466 65.2623 63.6261 72.2489 63.9602 2.44221 0 59.2751 75.0492 18.0104 35.5676 30.7208 33.1815 32.847 35.2115 67.5397 63.7746 63.1187 69.7596 55.1737 59.6055 55.0649 59.1781 18.2483 18.5956 17.3065 17.5867 7.92934 8.18637 9.74643 7.86843 13.2495 16.1666 15.6363 16.9564 26.8099 25.551 29.4864 28.2019 49.1317 58.0325 47.3694 50.5914 33.4672 35.5917 39.1566 32.6523 71.0841 67.4676 65.7623 63.4191 64.6996 76.4489 75.1614 67.4823 20.0648 19.9746 22.5228 20.2406 22.494 43.8741 11.5728 62.7974 58.7996 12.6942 16.1778 29.0915 54.7627 55.2774 73.6202 30.1504 53.3293 70.6372 97.9688 35.1763 50.0457 28.4932 71.7948 55.2824 66.102 37.7936 36.5232 64.2065 8.54712 45.6696 55.1244 65.0058 18.6823 43.0245 23.0393 50.3612 61.2841 73.1166 71.2746 40.2245 73.569 76.9515 33.7755 46.1484
43.8686 43.4077 47.9117 45.2443 45.8239 42.3296 45.0922 47.673 45.0793 47.4424 46.8394 42.6085 48.8093 51.2067 44.3417 52.6619 48.9321 51.8715 43.933 50.129 53.4653 54.3311 58.1989 55.6597 67.6639 62.9611 59.3486 53.5102 56.098 62.7613 86.9531 102.168 98.2394 90.942 86.7099 93.8944 100.316 93.1071 11.3036 12.1609 11.7777 12.9245 7.11324 7.32128 8.23833 9.52646 73.5284 73.0133 80.4585 74.6341 76.7717 77.8112 78.0241 74.8132 79.361 66.9612 76.0548 75.2913 35.3206 31.5189 39.8157 34.8909 45.9745 39.2532 47.4429 37.839 12.5915 15.1762 10.9038 14.556 83.0314 82.9798 58.1942 56.9054 52.039 61.7427 14.0105 15.9306 88.7152 84.6013 67.723 59.2751 0 64.6413 59.4151 29.8945 37.0664 37.651 37.1132 35.8875 15.624 15.7065 15.7332 14.9153 19.9171 16.8416 20.0453 19.5312 50.2242 45.5287 45.3649 47.9704 70.387 74.7411 70.9905 73.3502 64.8464 62.3767 56.0684 56.7492 103.642 102.131 91.1044 98.0428 13.978 12.1238 12.9772 12.5801 41.0656 39.1755 41.7117 42.8142 76.5267 67.8033 75.975 78.0079 12.8732 14.4023 13.7727 12.1205 44.718 46.0111 41.3031 42.7378 60.5988 69.5278 71.7194 48.5792 39.9192 69.7578 50.1095 79.3268 52.9519 15.847 30.4412 77.5483 58.6958 47.517 28.9629 44.6247 38.4912 58.415 46.9772 74.9568 44.6947 31.0079 26.6503 20.377 69.2904 54.1052 56.7954 48.9821 77.3358 37.977 78.0237 35.5615 68.943 6.53973 67.6248 25.0441 30.6459 30.2848 58.0197 35.2551
48.7882 48.4849 42.426 39.9246 45.7514 42.4268 25.6503 25.1605 28.5743 27.3574 23.0241 22.1832 20.4665 22.1599 16.6449 18.0107 16.3707 14.5052 16.8811 14.6045 14.2668 12.1238 34.1986 34.6988 33.3106 31.9766 31.2981 27.535 28.4611 30.8753 84.2027 83.2972 84.9472 97.8831 85.7637 85.7975 88.4122 91.6431 61.2535 55.1833 58.4621 59.0801 58.9136 60.3907 58.7514 50.3395 73.6249 72.5068 78.7696 74.5397 65.6234 68.5268 78.0454 71.5963 96.7404 79.0853 93.0554 80.0274 58.7977 56.938 52.3941 56.2049 91.6995 81.12 81.663 81.538 71.209 78.0376 72.8799 74.8472 98.1618 92.5812 22.3593 18.7952 14.3684 14.1981 46.8202 51.3098 137.649 123.922 73.1142 75.0492 64.6413 0 49.0135 49.301 47.6529 42.3824 47.1607 41.3656 79.7214 76.3625 75.4643 77.778 72.3072 76.9487 71.5403 75.5389 61.6308 67.6878 65.4735 68.8013 78.8653 65.6685 66.8328 68.3043 51.2911 57.7434 52.4941 50.2386 83.5862 90.9946 89.571 81.4561 70.3095 58.914 58.4012 60.9768 82.101 81.3956 81.947 74.4521 115.711 122.751 110.134 122.842 72.9816 84.889 80.6602 73.2302 69.1114 66.6862 63.2719 66.5297 91.6949 98.2244 73.2222 19.1189 28.014 61.0884 60.545 89.2366 19.5406 46.371 100.535 94.9073 104.403 98.9644 91.5063 83.2048 27.2696 92.7229 105.315 108.472 16.2368 74.6154 69.6226 77.2319 77.1039 104.772 109.467 106.521 83.8968 87.118 102.746 77.4005 112.152 67.6804 123.902 44.4614 91.8572 96.8268 94.6165 37.0951
9.14112 10.914 10.7865 12.568 9.4008 14.3279 26.6242 25.2571 29.5481 24.6109 33.1504 35.085 34.3348 31.4846 35.6389 40.9016 41.4498 36.585 39.8701 40.0036 47.1752 45.7907 18.7927 18.4592 20.7483 22.0379 24.9773 25.0246 22.6739 24.3539 42.5977 42.6666 43.4188 46.6344 38.8782 42.1041 40.5019 40.7931 43.1618 46.6867 47.618 43.7781 49.1764 48.2812 49.2975 43.2441 28.4499 28.258 26.7326 27.3654 23.1519 24.1756 24.4552 21.0885 35.2761 34.8421 35.9169 31.3567 24.8287 23.0948 23.7768 23.232 48.2131 48.231 43.2464 41.6625 68.4016 64.6656 62.5669 67.0618 43.8739 43.1818 29.0197 37.271 40.6139 42.8081 49.8314 52.3863 77.0089 78.8206 20.3005 18.0104 59.4151 49.0135 0 28.1361 20.2929 22.7772 18.5733 19.0739 62.8266 65.012 68.3702 63.5907 56.1166 53.8372 59.8997 58.8244 18.4442 19.0457 17.2236 17.214 23.4247 20.0657 19.8228 21.7701 3.09814 2.21682 3.84534 2.57576 44.9573 38.5251 40.6224 43.7151 44.2551 47.9271 42.4698 41.7279 42.5191 40.3383 34.4605 38.312 79.727 78.6574 78.3425 67.5179 59.8005 60.4474 63.111 68.0521 22.0554 23.1777 20.8624 19.9391 31.5984 54.4285 28.5036 41.6565 40.0881 15.1826 8.08178 44.5181 33.3461 43.1546 61.0991 49.7519 68.4817 64.7369 85.508 36.8468 33.2477 40.096 74.2892 67.2601 46.4445 31.9472 37.9313 64.6736 25.5647 62.8016 60.0738 67.2061 30.7498 45.9916 39.0961 55.0625 72.4484 63.9984 75.8417 29.3938 69.9887 74.0292 48.3322 29.7385
16.64 15.9187 16.8839 16.0776 16.856 14.0315 22.587 21.8889 24.826 22.7705 22.4243 23.535 27.0112 28.3252 26.9527 32.0996 31.0164 32.5823 35.1527 31.657 36.2226 35.2939 30.6102 28.8305 31.9243 32.0475 30.1221 27.9905 32.271 35.7843 63.963 62.1292 64.6318 72.2381 65.5312 58.5634 64.7463 58.5179 20.3071 19.4872 18.9361 16.3965 22.981 21.0777 21.5441 21.111 48.215 52.3303 54.7345 52.1534 49.9137 44.5235 42.9291 50.7482 53.0073 48.349 53.7577 51.677 12.9617 11.6995 12.4166 9.33906 37.2253 37.7667 35.3415 37.4089 41.2808 47.3286 43.6106 47.0426 69.4095 60.657 33.4704 35.2794 35.6803 33.1503 27.2695 29.0616 79.1484 80.3619 36.6786 35.5676 29.8945 49.301 28.1361 0 5.04557 4.57356 5.72404 5.36612 37.1563 40.2589 41.4362 36.2865 32.671 38.684 34.1261 33.7309 23.2801 25.2766 24.9791 24.7953 48.0353 45.3411 42.7342 42.0162 26.6331 30.0894 28.3992 29.1735 59.9967 58.8786 67.1113 67.202 22.1566 22.2796 22.4574 24.3777 34.3605 32.5873 32.9572 32.6102 70.5109 77.7056 78.6122 67.0588 44.8265 45.0546 37.2756 40.4829 20.8599 20.683 23.0261 21.2231 43.6737 61.3841 48.171 33.6309 21.54 37.1732 20.6101 62.9782 26.6706 18.8838 50.4793 58.3771 57.5401 54.1202 63.9434 37.2206 19.9651 43.6751 61.0036 65.2408 30.5108 24.1747 20.6493 44.6523 44.3469 48.0852 64.2905 64.0082 59.0099 31.8596 57.9506 34.7362 67.9855 40.0567 69.0061 5.44093 59.005 53.7067 47.3475 10.5325
11.169 12.288 11.2786 10.8614 10.6232 8.42555 20.9874 20.5807 23.2366 22.6381 24.5493 25.9498 25.9724 28.1049 28.6328 27.2401 32.1414 31.8644 31.4087 33.8672 35.5631 38.377 23.3249 25.197 30.1245 29.7185 28.2029 25.0585 26.3629 30.3355 64.5628 66.1021 60.6022 69.2249 59.6571 57.4021 55.1627 59.8681 26.9588 25.2192 25.7042 21.5017 29.1407 29.5213 28.4665 26.8844 50.6401 50.8691 45.092 50.8666 43.367 38.7708 44.674 45.6038 45.5899 49.8572 46.7353 50.9281 12.4176 11.3853 10.0971 8.53606 38.4897 33.1428 35.7552 30.8799 49.3865 52.9757 50.6254 52.3524 55.6201 58.7575 33.4028 33.0567 30.415 32.2799 35.5542 36.3582 74.7107 79.8408 33.7639 30.7208 37.0664 47.6529 20.2929 5.04557 0 0.981172 0.943928 1.29025 46.1304 48.8121 40.7878 48.1845 35.9802 40.43 40.3475 41.7286 23.3456 21.032 22.7395 21.5702 41.0372 37.1558 37.9834 41.8021 21.5498 21.2773 24.0571 24.0535 65.9661 55.6636 64.6966 58.525 28.0035 29.8932 27.9175 26.0703 30.1048 33.1739 28.4841 32.5903 75.3773 77.5876 66.3996 72.6903 47.624 45.0337 48.7313 43.9272 18.5052 20.3651 21.2401 20.3167 42.4377 61.5443 42.8792 31.1698 22.1301 34.3044 16.9316 57.2376 24.0162 25.8651 49.9964 51.9247 67.4477 66.5704 65.0309 37.5162 22.466 40.8629 64.2131 63.8499 36.9283 26.1793 22.9676 52.6147 40.0682 50.389 65.6125 65.3431 46.8273 37.0423 51.3462 38.2732 68.3648 43.9045 70.117 11.3959 53.7193 54.6513 48.4568 12.9762
12.0646 12.0771 11.1483 12.6945 13.0076 10.0891 19.1824 21.944 21.5738 24.3834 23.8922 24.5264 25.0952 24.5763 26.5331 26.2536 27.7092 30.2567 32.8007 29.8837 32.1539 36.6699 24.8147 29.1662 26.1597 31.5403 24.0575 27.1002 27.2483 30.3421 61.9157 64.645 62.4928 62.414 63.583 61.6029 60.5184 63.4111 25.5343 26.0974 24.4499 24.1635 27.8402 29.9378 25.6635 27.9786 51.2533 44.8316 46.4842 48.6787 44.6279 40.0785 42.5919 48.1375 47.0099 43.3995 47.5111 48.0158 12.009 12.5066 11.154 10.2233 42.0871 33.3237 39.0238 36.3579 47.4831 54.1579 49.6227 43.6383 65.3889 58.3873 31.2135 34.0617 34.6011 36.3939 29.3801 37.4874 84.3878 87.194 35.9629 33.1815 37.651 42.3824 22.7772 4.57356 0.981172 0 1.4097 1.09457 40.932 42.1611 39.5679 41.0771 37.8747 40.9595 37.3071 37.6667 20.9091 21.5713 20.5361 21.1761 41.6851 37.0941 39.1872 44.4777 26.6645 23.0831 24.683 24.3261 58.6602 58.2993 68.5915 57.4528 29.3169 25.6189 28.3423 27.0751 33.4067 32.9024 30.4351 28.5447 72.8789 73.4019 68.9866 79.9525 44.3199 46.3228 42.5835 42.1631 22.7791 18.9799 19.7601 18.1622 44.866 61.684 42.0572 30.2784 22.8043 33.0768 17.1407 59.861 25.3968 23.1545 49.717 60.4414 58.8002 63.0777 67.1721 38.1561 21.6733 40.8806 68.0361 61.6722 35.9358 26.292 24.1223 51.2871 43.2683 53.9645 62.4337 60.8207 53.6633 35.4602 58.852 36.1718 72.9019 39.2129 75.3816 9.75217 51.8715 55.4432 49.9701 12.4781
11.5961 11.81 11.8077 10.8016 10.0155 8.38512 17.3437 18.5347 22.1675 23.001 24.0224 20.9119 26.1588 25.7727 30.5395 27.2303 30.9393 29.2105 29.5101 31.857 35.862 31.8015 26.6908 26.9267 24.7383 27.7154 27.1553 25.2287 28.3009 28.5661 67.4851 62.132 63.377 58.3151 59.4522 61.7609 58.1779 55.8752 29.458 25.9371 25.6895 21.6419 29.1507 29.7456 26.3761 26.1737 49.0959 43.5716 45.9877 48.2814 43.8882 44.0629 43.4715 45.4288 51.8249 50.3109 52.3603 46.1895 13.2703 10.7402 11.2554 9.41242 36.0919 34.6528 36.038 37.5559 44.8232 49.6502 51.9664 50.8739 61.188 55.5473 31.2102 33.0729 33.336 36.0242 34.106 34.6343 86.4553 80.7848 34.3957 32.847 37.1132 47.1607 18.5733 5.72404 0.943928 1.4097 0 0.904185 48.3476 43.6627 43.3538 47.0339 39.3205 37.5881 40.8764 37.4235 23.1378 20.6175 21.9202 21.2408 41.0793 38.6888 38.1168 40.3648 21.6346 21.8226 24.2459 25.1935 59.0045 60.2796 59.1277 62.6714 27.1398 28.2539 27.4017 25.7431 33.5658 34.4132 30.3142 34.0491 76.8761 70.5959 75.6087 76.8532 45.0598 48.1152 41.2649 49.5309 20.4512 21.4898 19.7177 19.3844 42.8741 58.6322 37.0327 34.2765 20.5361 31.9339 16.7848 60.816 27.7288 23.8198 48.6074 60.0383 63.4763 57.3539 65.8414 33.3426 21.4541 35.8378 68.0648 63.8519 31.7736 26.5258 24.2398 46.7079 37.6711 51.2252 60.1102 63.6872 45.1659 34.7375 58.8456 39.4401 66.3651 40.7696 76.5611 10.7177 61.1804 60.9042 46.4754 14.6707
13.1138 12.7601 10.992 10.6698 10.7727 8.86579 19.3927 17.3853 21.6501 19.9006 20.7388 20.0009 22.9454 26.3558 30.2316 30.8804 28.861 29.2703 33.44 33.0351 33.2166 36.9146 22.9288 25.1518 29.5928 29.9524 25.558 27.343 27.2392 29.1357 58.4055 67.1415 64.981 60.3941 62.4299 63.7164 55.9653 60.3404 29.3161 25.7224 25.4662 22.3591 26.5688 26.5417 29.2228 28.3128 51.5247 50.0244 46.4951 46.3685 39.8493 38.2104 38.7751 46.5854 49.4862 49.5 47.7022 47.1102 12.4522 12.8982 12.8094 9.52172 38.0331 34.6292 36.9146 37.08 51.6506 54.7473 44.4818 45.3573 55.682 61.3467 31.1129 33.1746 35.1107 32.0484 33.5105 34.6721 80.5386 87.847 39.5914 35.2115 35.8875 41.3656 19.0739 5.36612 1.29025 1.09457 0.904185 0 47.8032 43.1707 44.5168 40.4903 41.9232 40.9827 34.8396 37.595 21.2534 19.4898 22.0041 22.32 39.0083 42.045 39.4839 36.5166 22.0909 23.4467 26.0326 24.7202 59.4163 59.9434 63.3657 67.0463 25.2729 26.4888 24.7927 29.9689 31.5534 32.553 33.8837 33.3897 76.7955 75.9433 70.4092 73.0237 43.3769 46.765 48.1116 41.4404 22.8277 21.0623 21.9996 20.2298 47.2442 61.3478 38.8451 30.6774 22.41 31.7733 18.7423 65.3322 26.1092 24.9173 52.2946 56.3877 63.7202 64.1396 60.4278 36.4681 21.2693 36.6311 68.9598 63.1656 31.9745 27.9154 23.6143 50.6375 37.2589 52.16 62.0135 61.577 46.1014 34.4517 61.2372 40.1186 68.1378 45.2758 70.3 10.2692 60.162 61.319 45.9401 13.3342
60.3185 52.4156 57.0656 52.1576 53.5245 53.0682 54.3693 62.9502 65.1316 62.3497 55.6486 62.5864 66.6227 60.2391 56.8689 60.8707 58.273 68.2052 63.0606 65.1814 67.4694 61.2573 72.7894 73.8026 69.8877 76.6235 69.6669 64.9469 65.5652 70.6122 105.221 104.705 89.2399 107.95 91.9251 84.0479 86.9609 103.474 19.0521 19.3699 20.9609 22.6167 21.1379 20.6203 21.9258 24.6812 90.4127 79.974 82.3976 77.1535 73.8918 85.7732 80.5136 79.3889 82.5013 72.3674 77.3168 75.2169 42.2831 36.854 44.6162 40.6168 39.1876 38.3662 37.8228 33.4096 19.5058 19.1372 20.2002 22.422 96.7406 79.6877 70.1964 76.3051 68.5589 73.1763 30.6532 29.7895 68.4152 77.2342 63.7114 67.5397 15.624 79.7214 62.8266 37.1563 46.1304 40.932 48.3476 47.8032 0 1.02814 0.975159 1.30474 10.0486 9.49958 9.50584 9.1656 54.2546 49.5237 54.4946 46.6934 70.7164 76.1298 71.1065 77.8643 59.1167 69.7196 71.162 65.0485 98.8603 91.2696 103.662 95.4942 17.5112 17.6207 19.3468 17.4424 38.6665 38.0809 33.2541 33.2524 59.8524 64.8437 65.8267 60.9215 2.93666 4.03232 3.02242 4.40612 42.691 45.2099 46.8534 47.3721 67.8217 58.3527 68.241 55.453 50.2983 80.2538 54.1183 87.4895 67.3998 27.3764 20.0769 73.949 57.9094 41.4328 21.1489 38.5144 49.05 54.0421 39.2107 63.1595 60.9155 32.6136 28.3994 4.92767 68.4541 46.9322 53.8625 39.9441 89.4944 26.3942 78.511 29.6928 59.3833 17.351 53.487 35.404 14.5655 12.3277 52.7266 48.6979
59.8956 60.8334 53.7142 60.5427 54.6676 54.4948 64.9926 61.9178 61.2001 60.3321 61.9976 61.1903 57.117 68.437 59.8118 66.6107 68.6267 65.598 57.0877 62.8094 65.7952 69.2488 65.0187 74.2991 68.0138 78.4168 71.108 67.9909 78.5889 75.349 103.391 95.6216 97.868 106.021 89.8768 101.436 87.53 97.6161 18.1541 19.927 19.8119 24.1133 18.2824 21.716 23.1986 23.003 91.2814 77.8777 93.4756 94.8605 71.9911 76.0445 79.4049 88.8352 81.4903 77.3365 77.3822 74.2958 38.6146 36.0233 45.4492 42.279 36.3041 34.6815 42.1593 34.0931 16.2801 19.5734 19.6904 21.5223 85.9921 83.2326 72.3553 75.4949 72.3137 77.496 29.1399 28.54 72.9278 80.1757 75.8897 63.7746 15.7065 76.3625 65.012 40.2589 48.8121 42.1611 43.6627 43.1707 1.02814 0 1.55186 0.909124 11.4154 10.218 10.5316 10.7851 52.8333 48.6435 53.5899 53.8086 76.307 72.8119 84.7829 83.6227 65.0496 65.7886 67.2292 69.2358 95.709 97.5438 94.1441 103.577 17.8793 17.9003 20.1357 17.9654 35.7685 39.5522 35.3626 33.2569 59.6763 63.2212 70.0116 68.6908 1.88312 2.9134 2.29179 3.31319 47.7184 42.6412 44.589 44.5828 66.9241 58.8988 69.4908 58.9167 55.7103 74.1953 61.7596 79.9398 62.9666 32.192 18.8647 71.9328 58.3622 42.5648 20.0939 40.6755 53.5465 56.756 35.1622 70.8797 64.4294 32.8902 28.9204 5.03756 71.949 50.603 51.8452 45.9503 91.0957 28.174 78.5782 28.1674 56.589 17.1242 58.5991 31.8557 15.4497 15.1772 55.2288 45.2927
55.8456 59.7524 55.1211 52.0635 56.7441 50.7411 55.1213 61.2475 58.3514 58.9664 63.3324 60.0027 55.1967 61.0095 58.7684 57.2804 67.3351 70.5035 62.2388 62.5102 58.4558 70.9891 73.6326 71.2573 70.2327 73.3629 64.0017 70.7442 64.1802 77.0845 94.2465 99.2015 90.2073 91.2536 86.1597 89.0278 99.074 88.0526 17.9252 18.1039 20.2799 20.4281 17.1515 21.1508 18.8164 21.7755 83.4447 86.2304 84.0702 92.6392 77.0986 82.5685 85.5563 86.5805 80.5535 79.6162 72.8926 81.7526 36.8714 37.198 42.8596 40.6898 34.7705 37.9085 35.3477 35.5556 18.225 21.4427 19.5599 20.1217 93.7333 91.569 78.3587 71.1371 76.068 65.2932 28.489 29.0954 81.6832 68.5538 72.1903 63.1187 15.7332 75.4643 68.3702 41.4362 40.7878 39.5679 43.3538 44.5168 0.975159 1.55186 0 0.930975 10.3484 8.97547 10.6819 8.81451 45.8577 46.1579 51.0591 48.0893 75.2263 71.8117 80.3576 73.1646 69.6929 58.8866 64.5615 60.1897 94.0148 92.3036 92.5477 96.2261 14.797 14.5442 18.1305 18.2666 34.5679 35.5493 32.5517 34.8591 64.318 68.1081 67.3037 66.7654 3.05226 3.98066 3.0557 3.74642 48.8387 46.3147 45.0255 42.2507 60.2635 60.4842 64.4112 59.4426 49.6598 78.557 59.3887 79.6821 60.5156 27.5188 19.566 70.0996 49.3125 38.0654 21.1461 35.9411 47.1423 48.2172 36.1215 71.718 61.9009 34.7532 26.1596 5.30094 66.5226 51.5167 46.8166 42.2749 81.5286 26.7864 84.0365 26.2147 57.3881 14.7729 56.5926 31.7592 17.9995 15.449 57.623 44.9391
60.8772 58.1136 58.4864 60.3011 52.5885 49.7186 56.8024 58.34 66.1782 61.2834 52.4821 61.2688 63.7592 60.9524 55.5864 56.043 61.6757 70.2158 62.7472 67.3279 69.0979 59.3408 63.0347 63.966 73.7978 67.9198 65.1123 75.547 76.2416 77.9913 103.257 95.1485 95.9011 106.089 84.4208 86.3891 99.3538 88.4528 17.1867 20.1661 20.6424 24.1217 17.5166 18.5455 21.6026 21.8832 87.9119 88.1452 88.5632 85.9504 73.8924 83.5756 76.0508 76.8301 74.9617 71.1441 79.6558 68.7361 37.6462 38.3897 37.7819 40.7052 36.6243 32.9705 36.4067 39.6633 17.6574 18.6092 19.1087 19.222 88.9068 88.4674 67.2416 71.0936 72.3477 70.9246 27.6013 31.9721 70.955 75.3189 75.8134 69.7596 14.9153 77.778 63.5907 36.2865 48.1845 41.0771 47.0339 40.4903 1.30474 0.909124 0.930975 0 9.46449 8.86409 11.0444 10.1002 52.3313 49.329 46.9555 51.1228 71.5655 70.4225 83.9595 73.3714 61.0049 63.0001 65.3348 65.7776 96.4393 102.544 103.204 106.928 16.5696 16.4093 16.6548 16.5486 34.5567 33.573 36.8395 37.8313 71.5629 71.033 68.463 68.4626 2.07561 3.1168 2.13987 3.18194 43.4096 44.9115 45.895 49.0406 60.1128 56.2204 68.8836 60.355 47.3926 75.3733 55.379 79.1705 58.3723 28.5646 18.438 77.2683 52.467 36.8209 20.8824 38.9988 53.063 48.5674 40.9994 67.8288 59.9888 31.4357 28.4468 5.61111 63.2347 44.1589 49.3947 42.7411 79.52 28.3175 82.921 29.7666 51.1992 14.6302 54.9885 34.4543 16.3042 14.3461 50.9693 41.787
49.2531 47.2107 46.5075 46.7114 44.5706 48.9097 60.1162 62.3063 58.6464 58.7272 55.5866 57.5994 64.344 64.9984 59.9192 56.944 63.0928 67.8237 67.2208 57.1914 67.2732 66.589 62.311 60.3791 67.7101 68.3802 68.3961 63.263 67.7515 62.2334 88.3805 88.8301 84.0968 93.6549 78.3647 77.6902 79.0893 82.3623 17.1261 17.8086 19.455 18.7748 19.4996 22.4641 20.9191 20.9088 76.6806 69.6258 68.4068 82.0091 68.9836 68.0957 65.5293 75.3202 68.1139 66.1587 66.4489 60.1801 30.4152 33.237 35.3845 33.357 24.8535 23.1659 25.7085 28.3975 25.0117 27.4847 25.4263 28.3847 80.6862 83.9886 73.4454 63.1656 65.9071 72.3323 32.372 33.2395 69.4457 61.7819 55.9375 55.1737 19.9171 72.3072 56.1166 32.671 35.9802 37.8747 39.3205 41.9232 10.0486 11.4154 10.3484 9.46449 0 1.01502 1.07177 1.54168 40.7249 45.2003 44.7174 38.8671 73.1744 67.6657 65.9769 72.2991 54.9936 53.4978 53.2192 60.2224 96.2231 87.9832 85.7741 90.7897 11.6582 14.1968 13.7843 12.8325 26.2755 24.6869 27.6159 26.0818 56.8817 53.9738 55.9385 53.5759 13.346 14.513 13.0891 14.0469 37.1024 40.5755 42.5547 35.4747 51.9251 50.9671 61.2781 63.3361 48.2436 62.8248 45.6215 72.8188 62.9912 29.769 15.1393 65.4907 46.6003 32.6591 34.4704 31.0073 53.1151 46.0913 31.3457 54.1931 54.9309 24.3138 21.463 11.3122 60.9326 40.4959 45.6825 37.8474 82.6359 19.1436 75.1905 20.807 48.2173 25.0859 46.3535 28.4763 19.2025 16.7533 43.7393 43.9403
50.6122 47.7501 49.4094 53.5868 51.7924 50.4782 52.8145 57.2362 60.6891 63.6779 50.4186 54.574 62.3038 55.9229 65.5507 65.8614 57.2748 59.6649 61.5333 59.8329 62.373 69.9918 58.6323 66.5899 66.2921 69.8523 63.3931 67.5379 73.0103 62.0832 94.1228 94.7061 85.9942 95.0569 77.6954 78.4572 86.9005 86.0463 16.2823 16.1075 19.8874 19.6876 17.8491 21.9682 23.2742 23.1106 76.1045 82.8375 76.4395 81.1815 68.8011 69.8055 72.409 78.9923 67.9792 61.9747 61.8695 63.7387 29.6567 28.9731 33.9726 35.297 29.4724 27.0664 30.0426 24.321 28.1782 28.0296 26.3883 28.5784 84.642 75.2363 63.0897 64.5834 65.4915 66.0758 31.1372 35.5523 62.8531 65.7862 61.3846 59.6055 16.8416 76.9487 53.8372 38.684 40.43 40.9595 37.5881 40.9827 9.49958 10.218 8.97547 8.86409 1.01502 0 1.52023 1.07264 46.0583 45.92 42.312 44.1007 73.4075 71.9521 72.8548 71.5457 55.2955 56.0326 64.0075 60.6291 84.7815 88.88 96.334 80.7332 12.2756 12.849 13.1862 14.1471 28.7769 28.2117 29.6572 25.4499 59.549 60.5867 63.1452 52.3018 12.585 11.7746 11.7298 12.6792 35.1554 40.5907 40.7375 40.9986 49.0038 44.9156 61.3503 57.4602 46.7695 63.504 45.1359 72.1896 60.6941 29.4761 15.8785 67.9534 45.4845 30.4758 30.0234 30.7987 49.9318 44.4447 34.5911 60.7838 65.0612 26.2224 21.121 10.0115 55.6352 37.1087 38.7981 37.5801 70.179 18.2754 70.582 18.5408 44.0956 20.7615 47.4171 30.6627 18.9068 16.4616 45.3656 42.7449
47.3048 44.8097 53.2055 48.8111 43.1595 42.2275 55.5225 56.9045 60.5389 58.8666 57.2466 52.55 60.3487 53.5124 59.6019 64.0276 61.9662 63.2976 59.1238 58.8925 57.6128 69.7541 57.5574 69.9981 60.4305 73.9669 61.6171 60.2974 64.1768 63.4919 79.9752 79.0934 96.6819 83.9786 83.7107 79.1777 86.8926 79.8184 17.3637 16.2609 16.6178 19.7602 19.0277 21.4731 19.9572 21.9858 71.0936 69.1535 81.0499 71.1852 69.004 73.6777 66.8165 68.9595 67.336 57.5809 64.6688 69.6997 32.5519 29.4945 34.2464 34.0185 29.9757 24.4224 28.4732 26.5906 26.4108 28.2753 25.8495 29.3906 82.3205 77.1881 68.3385 72.447 62.0987 72.9829 33.4672 32.3301 68.7139 66.3164 61.3128 55.0649 20.0453 71.5403 59.8997 34.1261 40.3475 37.3071 40.8764 34.8396 9.50584 10.5316 10.6819 11.0444 1.07177 1.52023 0 0.910139 41.5155 36.9499 38.3016 38.3904 66.3048 64.4857 63.1683 67.1374 53.3285 55.9696 56.2238 60.5083 86.0665 83.3262 87.5752 94.6068 10.6476 11.9857 12.0228 13.6548 23.4128 22.987 25.2435 25.7579 60.9807 56.4262 55.8187 58.7724 13.6067 12.786 13.0331 14.7091 40.9199 37.7632 37.6455 40.9877 53.3145 43.6962 60.223 54.8389 52.8955 65.7136 47.1766 77.813 57.1114 28.1924 17.5124 61.3879 44.8249 30.4812 31.2295 27.2504 50.8725 46.3709 31.2938 61.8816 65.7367 23.018 19.0305 11.4756 55.4652 39.8813 42.8619 31.9211 80.9316 17.7398 68.1393 18.8298 48.6261 24.3923 46.4273 30.8617 20.2112 17.3932 43.0426 41.0125
48.8714 48.5891 52.6538 53.6018 47.7256 45.1207 56.9628 50.6811 62.0028 61.0372 57.0635 56.8488 57.9343 55.1079 60.9429 59.1374 60.5995 61.3504 66.1363 63.4755 56.7838 62.7256 68.2825 61.3032 61.0668 66.2549 57.6299 70.2933 63.7088 62.724 78.8436 88.1439 82.3317 95.2518 88.2731 75.8611 77.6683 84.0484 14.1008 16.0079 19.3599 17.4159 17.6533 19.3159 19.858 22.5677 79.8697 68.0975 80.2989 82.0538 77.1546 71.093 74.5474 70.3837 65.1916 61.7051 72.0573 72.0518 31.7421 27.4141 30.3942 34.6397 29.7123 23.5676 31.0777 26.5278 27.1598 28.3114 23.5113 27.5722 75.5044 71.7661 69.8323 66.1077 62.5543 70.4668 30.0989 34.9742 63.2145 68.978 57.9599 59.1781 19.5312 75.5389 58.8244 33.7309 41.7286 37.6667 37.4235 37.595 9.1656 10.7851 8.81451 10.1002 1.54168 1.07264 0.910139 0 42.7607 44.3911 39.8021 44.0201 64.9095 62.0489 71.9379 61.2149 56.1354 61.7851 59.4044 58.3696 80.504 86.9263 94.7714 81.0413 11.402 12.2973 12.0158 12.7591 27.5767 25.6161 25.3272 24.7291 62.549 56.1535 62.7859 62.3807 10.9279 11.7394 11.2937 13.5492 36.5564 33.9923 42.3179 39.8227 56.7893 51.7151 56.5019 55.8864 47.9015 65.7418 51.9116 74.7772 56.9239 26.8371 16.7135 66.3731 49.3217 35.2766 31.7868 31.9429 46.8606 41.9453 36.1618 60.6438 65.2342 22.3957 20.2946 11.9767 58.0405 40.9676 42.3394 34.087 80.8453 18.0209 71.1213 21.2847 49.4433 21.0927 55.6558 29.0294 17.5416 17.4528 41.9983 38.6121
20.7398 19.7359 21.8885 22.7459 17.4169 21.6619 34.2909 36.8767 36.2461 43.7445 40.6549 44.0167 44.6189 47.0383 50.801 50.3382 51.7645 47.4319 56.3501 51.245 54.6363 59.7937 38.9481 35.9916 39.3033 37.2437 37.8282 43.3917 42.2512 44.6355 46.6038 50.3764 43.7632 45.8572 43.8437 46.0698 39.375 45.666 40.6751 34.5958 36.3219 37.2283 43.1681 38.5508 42.5097 40.9177 32.3966 32.2811 31.2333 36.4156 30.8066 30.5732 29.5177 33.8766 31.5214 24.0515 29.7574 28.0987 13.4935 16.2923 12.6911 16.9503 23.8322 26.8237 25.6253 22.4834 59.2967 60.2429 66.3743 59.2019 43.0168 37.7596 48.0523 48.6937 47.655 48.8814 51.0016 57.1733 65.6918 56.661 17.6072 18.2483 50.2242 61.6308 18.4442 23.2801 23.3456 20.9091 23.1378 21.2534 54.2546 52.8333 45.8577 52.3313 40.7249 46.0583 41.5155 42.7607 0 0.921193 1.01634 1.55159 24.0913 23.9642 24.9547 26.248 17.5584 17.9521 20.8916 20.9878 48.3104 44.6645 47.0056 42.3317 38.4216 34.4637 34.4838 33.3483 20.7032 23.7466 20.4195 22.31 61.5585 63.4074 58.4008 60.499 57.8123 57.5293 57.2587 50.7095 3.82409 5.2518 3.14088 4.00526 22.9963 40.5136 19.4073 48.4602 44.4423 27.219 10.5456 35.5755 44.2998 47.2124 46.4671 38.8906 48.8931 50.787 71.3784 23.1412 43.445 19.9038 55.0477 48.342 54.4028 19.1751 21.5652 53.8425 19.2034 41.3333 44.4776 47.164 31.232 28.531 34.2073 32.1853 56.6035 58.9105 56.4616 26.1435 63.2498 54.7779 28.162 37.5132
18.6334 19.8026 19.1993 20.5584 16.7246 22.968 33.0737 40.7035 39.35 41.0794 42.0006 44.6572 38.3788 45.7771 50.8075 46.9698 46.49 48.4449 54.0894 58.0745 55.1248 57.9645 33.5444 35.5045 39.7491 40.4222 35.9802 40.4033 37.8458 40.0872 49.5246 50.5615 43.9368 44.2016 44.0098 46.6916 42.9004 46.2778 39.1054 39.5949 38.2611 33.1361 40.6354 38.8141 42.9653 39.9358 33.1772 31.8237 31.9472 32.3499 27.5346 31.901 32.6835 33.1857 27.8949 27.0516 28.6365 26.6002 13.4595 14.3405 11.9177 14.7137 27.8694 26.1865 25.9698 22.9413 66.9065 68.4647 60.2768 57.3481 43.7293 36.8484 47.6983 45.2949 49.8996 50.4712 49.4417 51.7293 59.299 59.1851 20.2712 18.5956 45.5287 67.6878 19.0457 25.2766 21.032 21.5713 20.6175 19.4898 49.5237 48.6435 46.1579 49.329 45.2003 45.92 36.9499 44.3911 0.921193 0 1.46877 0.974035 25.5513 25.4459 26.0572 23.81 20.2109 17.6998 20.0083 20.7213 46.7733 41.7361 46.0276 48.9027 34.7574 32.335 37.3539 34.8525 19.8181 21.502 20.4855 19.5554 57.9932 57.59 54.0735 55.5715 53.7021 56.108 53.9562 47.5827 3.43767 4.22662 2.76283 3.15215 23.4491 43.582 20.3724 50.4847 46.8965 26.0104 10.032 42.6363 42.3592 37.8066 50.7741 33.7525 48.1578 53.6075 72.6267 19.4405 42.6087 18.8084 56.0749 45.274 58.3368 19.7902 20.8161 51.3219 19.6996 42.7938 50.6446 46.56 34.0914 27.0109 39.3196 31.3072 48.9974 54.6067 62.1339 26.4033 64.5979 60.151 27.7576 31.7643
22.1862 20.9097 19.3961 21.5322 18.5607 21.2221 36.3062 35.2155 41.1692 37.1746 39.0003 45.1715 39.7405 41.0935 44.0453 46.1452 53.1262 47.8249 51.1856 50.7731 58.4967 53.385 32.2073 37.7389 38.3363 38.4243 38.3659 40.7426 37.1861 41.2392 44.3308 46.7966 45.3191 45.222 44.0863 39.4111 45.6491 39.4325 40.5119 34.9858 38.6348 35.2105 47.0449 42.9666 42.4099 40.8652 31.7992 33.4449 33.7052 35.1278 28.4979 27.2409 31.5452 33.3546 30.018 23.988 26.769 27.8403 15.7999 17.7074 14.9309 15.332 27.1996 27.8593 26.7651 22.511 60.1663 63.9695 55.418 56.9085 38.2471 36.2426 50.8893 45.5556 45.3827 51.281 51.1998 49.3982 57.7466 59.118 18.8201 17.3065 45.3649 65.4735 17.2236 24.9791 22.7395 20.5361 21.9202 22.0041 54.4946 53.5899 51.0591 46.9555 44.7174 42.312 38.3016 39.8021 1.01634 1.46877 0 1.07607 25.0136 23.4316 24.2936 26.8829 17.0302 16.1319 19.5321 18.7228 45.1761 43.7488 42.7383 44.7452 34.0647 36.6186 36.7214 34.8493 20.4435 23.6148 20.2684 21.4457 54.6894 53.7799 56.6071 54.6977 55.263 49.156 56.945 49.2884 4.79688 5.22624 4.36652 5.14075 22.8476 41.5031 21.2044 54.8496 43.7935 24.9715 10.6466 41.5185 44.9408 43.9111 56.1931 33.6954 46.3388 48.2391 66.7683 24.3742 45.5953 19.9626 51.8173 50.315 56.8051 20.8995 22.1257 58.1978 16.9038 39.6313 47.8623 51.4779 32.8986 27.909 34.9675 31.0158 50.9071 53.6948 56.573 25.7843 58.6476 55.3612 29.5653 37.8822
20.847 20.6409 20.3668 20.9099 15.3976 20.3902 33.8722 39.4664 38.4127 39.9623 43.0863 39.5113 40.7558 44.4836 48.9789 44.2979 49.6364 46.2659 47.6283 56.0562 56.0766 53.7634 36.7765 36.6049 35.6568 39.1134 38.045 35.8464 42.4965 43.8404 43.2912 44.0627 45.5963 43.4359 39.0927 43.2542 38.9259 41.0449 40.6728 35.5942 38.2994 32.3551 40.15 44.305 38.8281 40.3605 33.2952 29.4616 32.7818 35.871 25.6835 27.4432 27.6555 30.5904 31.9062 27.4122 27.7301 27.6308 12.4196 14.5666 13.1116 16.7452 25.3254 25.3415 23.3096 26.457 61.6197 63.7863 55.3862 67.4691 42.5165 40.014 47.2633 44.8593 44.8391 54.5435 48.2564 47.5835 70.0998 61.9104 20.6424 17.5867 47.9704 68.8013 17.214 24.7953 21.5702 21.1761 21.2408 22.32 46.6934 53.8086 48.0893 51.1228 38.8671 44.1007 38.3904 44.0201 1.55159 0.974035 1.07607 0 26.4334 23.3848 24.4675 25.1714 15.8699 18.4556 16.6027 17.4737 44.6056 49.09 43.7604 45.9633 35.735 38.177 37.1912 33.5974 21.5458 24.4488 20.9919 20.8447 64.0352 60.8906 61.3758 53.0793 48.0156 49.4778 57.4814 58.1763 4.95615 4.83455 3.81364 4.28751 24.1768 40.5872 19.792 53.3335 45.2795 25.1511 10.113 35.8751 47.5291 45.741 55.4206 39.2698 51.9362 51.831 70.0717 22.2435 40.9224 19.1558 58.0926 48.6794 53.6282 20.1626 21.4165 49.5625 18.1426 39.5486 48.9811 48.4507 31.8437 32.9317 38.6407 36.5145 58.247 56.2913 60.9943 26.7387 60.2489 61.4672 31.5087 36.0497
31.7005 35.242 32.7431 36.1746 27.9965 32.7007 48.0359 50.8961 50.4995 46.382 56.4539 56.3154 56.0536 58.6632 63.5985 57.9366 59.7647 63.3123 62.7466 70.0866 59.788 59.318 39.5047 40.5699 37.9619 39.314 39.2674 45.1984 40.988 40.7126 21.9653 21.3403 21.7886 21.6875 17.5661 15.8914 17.1102 19.8239 65.3923 58.2862 62.5409 58.5043 70.7673 62.1692 70.0075 68.4778 7.03447 7.99236 7.43815 9.90711 4.22075 5.30111 6.35871 7.40691 19.2416 17.9419 16.3261 13.5224 37.5869 39.2783 40.4828 38.0962 45.617 50.761 48.8168 47.2535 81.9023 79.8805 89.3435 84.6983 20.2072 20.1904 53.5261 50.3925 61.7198 59.7251 71.7644 83.1731 78.1292 71.3883 6.65797 7.92934 70.387 78.8653 23.4247 48.0353 41.0372 41.6851 41.0793 39.0083 70.7164 76.307 75.2263 71.5655 73.1744 73.4075 66.3048 64.9095 24.0913 25.5513 25.0136 26.4334 0 1.04263 0.977224 1.35436 18.6001 19.6908 18.7636 17.5801 22.7437 19.8536 20.4641 20.2511 64.7324 66.9662 64.6168 55.4415 41.6617 48.0648 45.6608 41.687 64.778 74.639 70.4418 71.62 74.4984 77.1719 74.0158 80.2355 26.8172 30.1253 25.9708 31.8999 26.6622 52.6881 12.5461 64.598 61.0024 10.9927 24.6741 26.6375 61.046 58.7367 79.7088 35.3542 59.9087 66.1096 92.6343 40.4406 58.0497 31.3867 80.9359 51.489 61.3901 39.7947 48.9786 84.8667 12.7268 57.9667 60.2044 63.7417 10.4278 54.6077 20.8859 50.7872 70.8522 75.6675 66.8269 50.4073 86.866 80.8736 42.1467 55.0597
28.2986 31.6432 32.7655 32.1519 31.0568 30.9188 46.7681 48.4221 44.2251 50.8487 54.1613 51.6642 50.8482 57.2056 56.7112 58.6782 58.5159 58.7417 60.1459 68.301 58.5832 67.4089 38.8755 39.0717 34.3249 38.2742 43.1655 40.3714 45.3253 42.2616 23.9656 22.517 24.3644 24.7413 18.7632 18.7762 18.1419 19.894 55.5765 61.0836 63.8427 61.2862 69.6565 62.4633 59.7991 59.9993 7.27651 7.52696 9.56563 10.6366 4.12359 5.70239 7.032 7.96873 16.595 15.8748 16.66 13.4188 35.6997 35.9193 38.3521 34.9722 45.6602 47.6714 45.5089 50.1592 78.2568 89.7365 90.0343 84.8689 23.2109 18.0762 50.5176 47.6386 61.9624 54.1193 71.4841 80.6901 71.5526 69.492 6.09186 8.18637 74.7411 65.6685 20.0657 45.3411 37.1558 37.0941 38.6888 42.045 76.1298 72.8119 71.8117 70.4225 67.6657 71.9521 64.4857 62.0489 23.9642 25.4459 23.4316 23.3848 1.04263 0 1.54841 1.02275 18.6819 17.2251 16.2848 17.0671 20.0204 20.2064 24.5498 20.4316 65.0845 66.3791 55.5393 55.9588 41.9498 43.1415 39.1266 46.8538 71.409 64.2095 67.8032 67.227 74.9469 84.0317 69.8799 73.405 30.5989 26.7595 29.5956 28.9949 23.2196 47.9729 13.5792 63.3477 63.7636 10.3664 19.7839 31.263 59.0676 68.093 70.9288 32.2376 56.6919 73.1466 106.569 39.9154 58.2672 32.6651 78.9837 52.0063 69.6702 44.3927 49.0631 81.7301 12.3173 58.6216 65.7861 63.8176 10.3294 49.4168 21.177 57.1424 69.084 79.7104 63.7583 50.2553 87.3078 75.8341 44.4865 57.0312
29.7538 30.1024 30.2265 31.728 32.787 34.6377 51.0061 48.6615 52.7164 50.2498 51.17 48.3641 57.0327 50.4007 56.302 59.3409 62.1564 65.2906 70.8529 62.2324 63.8097 67.8487 38.92 35.3779 38.8294 36.6792 39.6374 43.1101 46.8339 42.0916 20.1552 23.2892 21.4838 22.5407 17.1666 17.6177 16.6769 19.2285 62.5144 66.5071 56.6724 61.7971 73.863 71.8753 70.6008 68.195 5.51596 6.8907 7.59642 8.7845 3.00561 4.13339 5.73697 7.26702 18.3824 16.6571 15.6498 14.28 42.4136 44.6671 38.8288 38.212 51.8046 52.3746 47.91 51.1072 92.8119 82.3681 88.8487 94.7019 22.4298 18.964 55.1955 58.6703 59.6191 63.1009 79.2878 77.2761 79.0333 68.802 7.7557 9.74643 70.9905 66.8328 19.8228 42.7342 37.9834 39.1872 38.1168 39.4839 71.1065 84.7829 80.3576 83.9595 65.9769 72.8548 63.1683 71.9379 24.9547 26.0572 24.2936 24.4675 0.977224 1.54841 0 1.0892 17.3523 20.0349 17.8084 20.6557 20.1292 18.6075 20.6904 19.799 60.4287 64.9411 66.1804 55.4941 42.7371 45.2415 42.7361 44.2117 66.934 73.8293 70.87 68.1443 83.3247 85.7292 74.2841 86.3924 27.6329 29.9289 31.9712 31.919 28.1958 55.5736 14.2395 66.1106 62.2418 11.2045 23.387 25.7817 53.8955 62.3039 69.9014 31.4083 65.1863 75.5887 99.8742 43.9289 51.2991 33.1522 74.1969 52.1862 65.5357 44.5026 44.0335 79.5667 13.5916 59.7919 63.6429 73.8358 9.37453 49.1021 20.1688 53.6281 63.8924 75.1618 67.3591 50.2268 89.603 91.7609 40.6986 55.312
32.4447 31.7489 29.5601 35.6547 27.2397 35.4863 50.3363 49.5502 44.2036 48.1592 47.8227 49.8262 52.9761 53.8435 59.5087 63.4713 62.8869 64.8043 65.1765 69.1778 66.8133 61.03 34.2428 35.3806 37.7478 40.279 39.1059 40.1177 44.4568 42.541 21.047 22.0841 21.3973 22.0697 16.2963 17.2283 17.0849 21.0329 55.948 64.8439 59.5157 62.5386 61.8533 68.5925 68.7613 62.887 6.48608 7.29517 7.98969 8.44122 3.19538 4.42254 5.8502 7.0261 20.113 16.3107 15.95 14.7643 37.3269 41.1706 37.9335 42.6656 50.0573 52.8766 49.1317 45.9646 85.7327 88.9072 82.824 94.4046 22.7546 21.0256 51.115 50.8989 61.1527 59.2068 78.1486 72.1791 69.6002 73.5007 7.79985 7.86843 73.3502 68.3043 21.7701 42.0162 41.8021 44.4777 40.3648 36.5166 77.8643 83.6227 73.1646 73.3714 72.2991 71.5457 67.1374 61.2149 26.248 23.81 26.8829 25.1714 1.35436 1.02275 1.0892 0 16.6941 19.3405 18.7108 18.6256 22.7306 19.7329 20.9064 23.4267 61.3692 66.8414 55.4803 65.9072 43.067 47.188 47.7899 43.3007 68.952 72.8662 74.886 66.9301 83.5837 80.8454 80.0361 74.2021 30.3171 32.0232 27.8083 28.6211 24.8062 47.5698 13.5293 64.1929 63.6279 9.62869 23.7743 30.0668 56.4712 58.2021 76.8211 36.9797 67.8737 77.3121 97.2546 46.3097 54.4396 34.6192 74.5433 55.1122 62.2186 44.4192 48.1919 84.6225 14.6128 56.049 69.7048 64.7013 11.373 51.0588 22.3595 62.1263 66.8494 80.9566 70.0569 46.3476 79.9747 84.3796 45.4842 54.5154
13.6183 14.0115 14.9097 16.1982 13.5019 18.7525 32.3709 27.5511 28.1405 30.7392 35.9516 34.3891 35.8098 34.2672 44.7158 39.4458 44.1089 45.6589 50.2413 50.7268 43.1179 47.5409 22.0408 21.0598 20.7106 24.2042 24.4976 27.2013 27.4605 26.2302 37.0664 40.0265 43.2916 43.9137 37.597 38.2407 35.8421 33.2063 46.8485 50.0187 45.8675 43.6295 49.386 47.387 53.4478 47.1063 23.6766 26.3091 23.6893 24.2197 18.1431 17.0523 17.6367 19.4615 35.2616 32.3186 30.9445 27.2706 26.0948 25.9269 25.4193 27.9529 46.0363 41.5928 38.3572 44.3537 65.256 75.6141 72.1823 69.7932 35.6704 38.1734 34.2114 37.3968 40.9796 45.3824 58.283 61.12 72.9123 80.4264 17.1746 13.2495 64.8464 51.2911 3.09814 26.6331 21.5498 26.6645 21.6346 22.0909 59.1167 65.0496 69.6929 61.0049 54.9936 55.2955 53.3285 56.1354 17.5584 20.2109 17.0302 15.8699 18.6001 18.6819 17.3523 16.6941 0 0.978333 1.04074 1.27947 41.3202 36.5597 35.2348 34.2761 45.7351 44.4526 46.9018 51.933 42.9496 40.0624 41.2544 42.4902 81.4601 76.5485 67.278 79.5334 70.8038 70.0516 71.6641 69.2597 20.5123 22.1238 22.0612 18.8984 35.3964 60.3809 26.0896 43.4944 40.2093 10.9389 9.06399 46.2599 35.2876 44.6649 71.9473 42.3003 64.3355 75.8027 81.0444 39.7256 39.0372 35.5891 80.5529 64.1674 47.6463 36.3934 34.9325 72.0201 22.0314 61.7465 60.9637 72.8773 28.2934 51.3757 40.0082 54.1475 73.5107 67.4873 73.6808 37.4653 78.544 76.6322 42.6244 35.4865
11.9165 14.1121 13.274 13.5448 11.1233 15.3039 30.3914 27.7676 30.765 30.4655 36.3081 35.6923 36.5051 38.0432 41.2893 41.0427 43.6842 44.6114 50.6429 48.8608 44.8965 45.5353 22.05 19.4237 20.3729 23.985 26.6123 27.2218 27.5873 28.0977 41.8087 37.4132 44.0125 44.0686 32.1505 36.5772 35.3474 37.2453 51.875 49.6025 49.9981 40.5544 50.1493 47.4032 54.5085 46.0035 26.0196 24.2027 27.6842 27.2321 20.0685 21.4913 21.9982 21.8029 30.8467 31.9817 29.9671 28.2251 25.7895 28.4015 24.8122 25.0558 44.9047 46.4999 39.8137 39.974 70.9828 66.9972 70.8365 66.4111 39.78 35.4887 33.1196 32.6135 39.5355 37.7464 59.9041 55.7598 79.9821 71.838 17.1521 16.1666 62.3767 57.7434 2.21682 30.0894 21.2773 23.0831 21.8226 23.4467 69.7196 65.7886 58.8866 63.0001 53.4978 56.0326 55.9696 61.7851 17.9521 17.6998 16.1319 18.4556 19.6908 17.2251 20.0349 19.3405 0.978333 0 1.33462 1.09282 35.8779 41.3815 39.7441 39.7389 44.6643 44.9142 50.2744 48.1678 36.2904 42.9778 40.4056 40.2661 77.8065 81.6005 70.7902 75.8491 65.1921 63.9897 60.7685 70.0185 20.9967 21.5353 21.6132 19.7354 32.8385 52.7648 24.7813 43.0379 42.3158 11.3893 7.54264 47.0526 35.0894 49.3884 62.7072 46.9433 60.2797 67.0248 85.6225 42.9192 36.8142 35.6732 68.0374 63.8724 45.7474 36.008 34.3967 63.1369 25.2485 56.249 68.6104 65.4056 26.0728 51.9202 38.0105 50.3349 76.8425 60.9782 80.1187 32.3947 73.1826 67.3413 44.9897 33.8204
14.8876 14.7813 13.5214 15.5538 12.4971 17.7094 30.8147 28.8156 28.6436 28.2242 35.164 33.9025 38.6548 34.8266 40.8456 44.6178 39.835 46.3897 46.5926 51.0974 45.2808 45.5071 20.6937 20.8924 21.6788 23.1776 25.9158 25.8576 28.5888 27.7144 38.5137 41.7124 40.0106 37.907 32.8505 37.9731 31.5211 37.5357 48.6903 44.2001 47.5877 49.3223 54.7747 52.8242 47.0254 47.4112 22.7697 24.7101 23.4511 24.5447 18.9094 19.6199 18.5175 18.7684 35.6508 32.3723 28.9471 32.5377 24.9051 25.7489 24.9403 26.4972 44.9495 43.558 40.8481 39.8136 77.4642 75.4637 72.6662 80.1982 35.3903 33.1292 32.1443 39.0394 39.0907 42.6152 56.219 59.641 78.7614 79.6289 16.3927 15.6363 56.0684 52.4941 3.84534 28.3992 24.0571 24.683 24.2459 26.0326 71.162 67.2292 64.5615 65.3348 53.2192 64.0075 56.2238 59.4044 20.8916 20.0083 19.5321 16.6027 18.7636 16.2848 17.8084 18.7108 1.04074 1.33462 0 1.06043 34.9086 36.1273 41.6611 36.2269 47.343 46.7094 45.1284 47.505 41.6217 41.8664 37.4867 43.1535 72.1736 76.6153 77.9193 73.1596 61.2235 69.8363 61.9815 63.4699 24.4774 20.7855 21.6006 23.0857 31.1729 61.6653 27.3426 45.5255 38.6245 10.0802 10.2428 44.3998 38.3681 49.9649 73.523 49.085 60.7054 74.6957 85.747 40.951 35.2064 35.1488 72.7179 67.6979 48.3017 35.882 37.0459 64.9348 22.2622 61.468 66.577 65.5804 28.0833 45.1116 38.3491 53.0733 68.0221 67.0992 76.5434 37.2527 76.4349 70.008 45.7684 34.8526
11.6044 14.2569 15.2512 13.1707 11.2279 16.0891 27.0533 28.6902 26.3649 27.2037 36.6418 30.8978 34.8692 34.7135 38.8963 37.7477 41.135 41.689 45.961 50.4224 46.5391 42.5352 20.0636 19.4326 19.5668 21.0254 23.7192 25.9023 28.1508 25.9224 38.5599 44.8291 44.2761 39.1906 34.9766 33.4368 37.3117 33.2376 48.3896 52.208 48.9927 44.3766 56.6727 50.6224 47.2481 49.9681 24.2626 23.5034 22.7597 27.3346 18.7369 18.347 18.6847 21.8821 34.4638 33.9922 31.0906 32.4498 26.4074 29.053 26.0171 24.8825 47.2822 44.4509 45.4583 45.651 66.441 68.6777 75.906 69.3105 36.8306 39.3674 30.7083 38.964 39.0346 45.0727 59.2932 55.9715 78.895 86.2322 18.6701 16.9564 56.7492 50.2386 2.57576 29.1735 24.0535 24.3261 25.1935 24.7202 65.0485 69.2358 60.1897 65.7776 60.2224 60.6291 60.5083 58.3696 20.9878 20.7213 18.7228 17.4737 17.5801 17.0671 20.6557 18.6256 1.27947 1.09282 1.06043 0 40.067 36.385 35.3637 40.869 50.5908 51.7535 49.8937 45.0336 38.8936 43.3616 39.0376 39.4221 73.276 76.0184 69.0627 81.4698 66.1244 66.3855 61.2733 63.2739 21.4039 22.8941 20.5003 21.0982 36.9272 53.8913 27.2078 42.2179 42.8513 10.7815 8.38717 41.1106 35.6351 50.8796 70.6054 42.6778 63.4547 65.0662 85.6801 37.3495 36.2034 38.9639 69.6954 70.2208 49.7243 34.224 36.9377 71.9366 23.6955 57.8352 69.1111 68.1057 29.3154 50.1072 37.29 49.4337 66.3931 71.2856 69.6719 33.3508 74.5457 82.9773 50.3537 35.731
50.66 57.2508 50.1431 48.2925 49.4023 50.3158 60.6156 68.4255 63.5186 62.6914 65.84 77.7219 70.1326 78.0923 70.5611 77.6885 78.7567 70.6385 76.614 79.1987 89.1779 88.6793 57.0953 55.3288 56.2606 58.5848 60.8092 53.8261 60.5881 56.4128 5.32423 4.18803 3.53184 3.25602 5.01542 4.56388 3.02358 2.52439 90.0999 86.3582 75.6277 83.5739 88.8925 93.2094 87.3393 78.6271 16.0619 13.2503 13.4166 12.1632 21.0068 19.8313 17.1614 18.2282 24.9078 24.863 25.8366 22.796 55.82 62.0048 59.3719 55.8212 69.8106 61.3956 57.9415 64.9081 107.596 111.466 103.663 111.094 15.9008 17.4598 67.4414 63.4633 79.6599 73.7484 94.0256 98.4554 86.1806 83.4195 26.6371 26.8099 103.642 83.5862 44.9573 59.9967 65.9661 58.6602 59.0045 59.4163 98.8603 95.709 94.0148 96.4393 96.2231 84.7815 86.0665 80.504 48.3104 46.7733 45.1761 44.6056 22.7437 20.0204 20.1292 22.7306 41.3202 35.8779 34.9086 40.067 0 0.921893 0.98857 1.34981 80.4369 84.7089 86.5564 88.7282 63.195 70.1623 68.8798 60.5482 80.2845 73.9538 74.0743 78.2898 107.664 92.7655 106.42 104.234 51.3836 48.7619 48.8188 49.7286 37.2016 63.0309 30.0108 81.2426 86.5146 25.3154 45.6765 31.9931 72.5084 88.3568 95.2933 41.7411 72.5874 83.2442 129.686 67.2495 77.9724 45.4869 95.4297 69.9541 91.2544 69.6438 70.4813 104.108 28.4521 70.6192 73.8405 77.8238 12.2878 72.7273 25.2457 75.4127 74.8244 102.778 78.0227 67.9678 108.859 100.213 55.8842 73.8949
51.9377 49.0695 51.8159 48.8572 51.5816 53.4066 67.9375 65.4027 58.5842 63.546 70.1569 75.0143 72.3298 65.0611 81.9299 77.7616 80.8583 79.2537 76.4962 88.7686 78.43 75.6981 51.4864 49.5552 56.6726 52.2871 57.8126 53.9124 54.0588 60.7121 5.99904 5.29217 4.41398 4.4381 5.01442 3.52308 2.79127 1.57424 75.1477 81.3014 73.6616 79.8149 92.4119 89.6722 88.6286 89.9919 15.2309 12.1452 12.8362 13.3038 17.1355 16.9413 19.2074 16.8447 27.1579 26.8147 25.6193 23.136 59.9157 66.6834 56.3943 61.8409 68.7197 61.7419 62.8649 67.4135 113.669 112.592 95.8237 110.116 16.5431 16.4881 65.1366 64.3287 78.6917 71.3366 100.991 98.1564 84.7281 83.4298 24.56 25.551 102.131 90.9946 38.5251 58.8786 55.6636 58.2993 60.2796 59.9434 91.2696 97.5438 92.3036 102.544 87.9832 88.88 83.3262 86.9263 44.6645 41.7361 43.7488 49.09 19.8536 20.2064 18.6075 19.7329 36.5597 41.3815 36.1273 36.385 0.921893 0 1.37295 0.957576 81.4009 74.1569 79.3563 76.738 67.4366 69.3082 59.5646 68.3031 83.8615 76.0462 72.3708 74.0418 102.624 107.328 91.9321 108.306 49.9551 53.456 51.6166 51.0475 37.3012 65.6032 26.5577 74.0533 82.5946 24.9803 45.4689 27.4567 76.7162 76.9116 101.327 38.5591 69.2198 92.606 107.522 62.3892 76.3048 49.1444 85.1374 69.5282 84.6121 62.1078 71.7106 90.4393 29.8641 65.598 75.4093 85.4172 11.4231 72.2977 23.5654 68.878 88.9368 109.235 82.6962 64.8883 95.7941 106.345 55.9704 70.2412
54.5984 53.7303 55.2516 53.6831 47.3704 52.4489 72.2846 65.6305 72.6081 69.4514 75.5396 67.4469 73.5437 65.9409 81.1825 72.678 76.4731 75.0901 76.9289 86.8041 81.5656 86.2877 58.4377 52.2498 53.2311 54.8628 57.0767 53.3359 53.9445 55.4771 6.19914 5.6032 4.36273 3.3608 6.17662 5.27026 3.93798 3.32454 82.5185 81.8557 85.136 79.1044 92.4427 95.2322 91.5073 92.9952 16.9311 15.9744 14.8105 14.657 21.6384 19.2029 20.1974 19.7314 29.7599 27.907 22.778 25.6128 57.6545 65.6387 55.1856 61.7777 64.9147 73.2913 65.1919 70.4402 108.073 119.196 108.537 106.441 18.0917 18.4514 62.6355 70.6082 76.6912 76.2056 100.772 104.109 77.4675 75.2104 27.0408 29.4864 91.1044 89.571 40.6224 67.1113 64.6966 68.5915 59.1277 63.3657 103.662 94.1441 92.5477 103.204 85.7741 96.334 87.5752 94.7714 47.0056 46.0276 42.7383 43.7604 20.4641 24.5498 20.6904 20.9064 35.2348 39.7441 41.6611 35.3637 0.98857 1.37295 0 1.02948 76.2072 88.7493 81.3817 76.395 68.4955 69.1906 57.812 61.0262 79.3784 77.5688 85.0414 81.7713 97.7335 96.1783 94.1874 105.456 49.5487 53.4541 45.951 51.6293 41.8092 66.9153 29.7266 74.9312 71.4221 25.7556 41.8808 29.5552 69.2053 92.76 88.4121 39.0687 76.91 85.6369 130.678 64.536 80.5096 56.0824 99.9954 71.1877 86.5071 61.5116 71.3049 90.6692 32.7383 73.746 76.8053 93.3543 11.757 81.0102 25.392 74.9151 75.3324 94.0981 87.2977 67.4658 101.695 111.81 55.8596 69.7493
47.5333 47.3993 49.3977 52.143 48.6338 54.3405 64.2641 70.8451 66.4869 71.371 63.9645 68.6094 67.7494 68.4812 84.7083 74.6546 75.7556 81.6729 88.2833 81.5551 84.1461 81.1057 50.2399 55.6687 48.4987 56.9645 63.2038 59.4413 55.3625 61.29 6.89529 6.52731 5.036 4.83769 5.70986 5.12727 3.66098 2.2238 91.296 85.7142 75.5138 77.6031 93.1941 82.8535 93.5186 92.3189 14.673 13.302 14.593 13.2701 17.5695 16.9421 20.084 18.7194 27.1926 29.9425 22.7168 23.4745 56.8765 62.2096 60.2891 58.3504 68.7451 72.4515 66.1279 64.6715 104.735 99.447 114.953 112.298 17.1303 19.1845 60.1116 68.3375 72.285 78.1065 102.239 90.7343 85.3334 80.4042 29.3438 28.2019 98.0428 81.4561 43.7151 67.202 58.525 57.4528 62.6714 67.0463 95.4942 103.577 96.2261 106.928 90.7897 80.7332 94.6068 81.0413 42.3317 48.9027 44.7452 45.9633 20.2511 20.4316 19.799 23.4267 34.2761 39.7389 36.2269 40.869 1.34981 0.957576 1.02948 0 83.977 83.6956 77.3899 89.8438 59.5625 70.8993 66.0838 69.2859 85.1642 89.6735 86.2089 76.7606 90.5608 109.1 102.818 105.53 52.5282 48.352 49.2381 51.1998 36.8008 59.0945 26.8432 76.0682 85.3419 24.6511 46.2393 28.7643 74.8629 87.0119 94.1856 43.9209 78.0385 94.4453 130.308 62.2037 78.7148 53.4043 90.905 73.4722 88.191 62.4777 66.4797 97.579 29.5486 76.2403 82.1412 85.4007 12.7019 77.5974 23.9545 79.8385 86.8297 92.0038 87.3246 72.0684 110.585 99.7835 58.9308 79.4978
39.3365 40.0393 38.1224 35.4831 40.5575 37.896 39.3651 44.1178 49.4322 42.0995 47.3503 41.1743 50.373 43.7966 48.0079 51.947 51.4931 48.1357 52.7758 49.5123 48.6651 55.8979 56.9385 53.1596 54.5657 56.7941 46.8543 53.6744 58.2487 60.4259 85.7893 89.6367 90.8384 88.0207 78.5631 76.4661 76.8393 83.6474 4.87931 5.45941 6.7855 8.61785 10.8059 11.2996 11.8917 12.0409 63.3194 74.3893 64.8694 72.9259 66.4679 65.505 59.2395 70.3869 58.5105 61.5211 65.8374 61.2515 20.5463 21.8303 26.5818 22.5752 28.0601 24.8403 27.9437 27.9681 23.7964 27.9213 25.626 26.1419 78.9644 75.1477 51.6666 60.6391 51.8556 50.7405 22.2723 22.8177 78.1055 68.8288 50.0445 49.1317 13.978 70.3095 44.2551 22.1566 28.0035 29.3169 27.1398 25.2729 17.5112 17.8793 14.797 16.5696 11.6582 12.2756 10.6476 11.402 38.4216 34.7574 34.0647 35.735 64.7324 65.0845 60.4287 61.3692 45.7351 44.6643 47.343 50.5908 80.4369 81.4009 76.2072 83.977 0 1.02059 1.03479 1.46117 25.5479 27.1303 23.8132 24.5421 64.442 59.0861 57.8462 61.2832 19.6488 20.2919 16.8196 19.6318 34.3824 28.7116 32.3226 33.0998 55.3524 52.1719 58.7141 45.4032 38.9482 59.9265 39.7636 74.512 42.9289 17.8128 25.4703 68.9341 53.2628 43.8008 37.2126 32.0027 35.4979 42.4662 47.2621 59.0443 48.5257 22.1943 14.7305 20.1955 53.5391 48.1123 46.275 39.9802 65.4438 20.579 62.4492 23.9328 57.8966 20.1872 53.342 17.8386 31.1421 27.2652 45.2465 27.4385
39.3434 42.8586 35.6464 35.1351 34.7398 39.1967 45.9671 42.0556 49.5801 49.5703 41.2173 45.2915 44.1464 51.6709 49.408 51.5847 51.6039 49.4804 50.9971 50.6105 47.7482 54.8787 51.6806 56.7382 53.6611 54.8725 47.1382 56.6718 58.0899 51.1026 81.1732 87.4087 87.241 77.9153 81.3313 72.7315 81.1146 79.375 4.03272 5.58294 5.87089 6.95472 9.82992 10.3278 9.76971 9.76114 74.4857 74.6603 75.1342 76.5867 63.6626 66.9823 69.8544 63.4111 60.1855 59.3658 59.2133 57.5842 21.5527 22.2967 25.6665 22.8177 30.8965 28.4709 32.1328 30.5085 24.3805 27.9547 25.1371 26.085 74.6742 79.868 59.8656 55.9573 50.5591 55.4316 21.9361 23.5275 68.4539 68.5832 50.2281 58.0325 12.1238 58.914 47.9271 22.2796 29.8932 25.6189 28.2539 26.4888 17.6207 17.9003 14.5442 16.4093 14.1968 12.849 11.9857 12.2973 34.4637 32.335 36.6186 38.177 66.9662 66.3791 64.9411 66.8414 44.4526 44.9142 46.7094 51.7535 84.7089 74.1569 88.7493 83.6956 1.02059 0 1.31134 1.03372 28.4613 24.1098 29.5742 25.3875 61.3143 64.8145 66.6579 67.0146 16.4309 17.9481 16.0227 19.3183 35.3658 34.7498 31.3378 35.3748 50.2156 54.3435 57.1906 42.6976 35.1832 55.1797 43.7237 72.9793 50.9506 19.3827 27.5209 69.0553 50.1278 42.7835 39.4037 29.0961 38.0058 41.472 43.5402 65.3681 50.6645 20.8521 14.7941 20.5008 55.5614 41.559 53.5705 48.4933 64.424 25.0961 69.7263 25.6368 53.9495 21.5308 54.8851 16.6668 31.4921 27.9517 44.1758 29.2119
34.8256 35.3417 38.4146 38.5125 35.8615 33.7832 39.2566 40.0919 47.8326 48.8298 40.2478 44.7132 41.9227 49.8318 46.1349 49.8095 50.1611 45.1836 44.3055 53.9499 49.5251 50.4065 50.2066 54.87 52.8611 51.0722 54.629 49.1875 58.7626 57.6872 76.3371 80.4172 74.3324 87.5953 72.4446 74.9536 73.3125 73.5344 4.59343 5.15967 5.53395 6.66416 8.87779 9.34766 10.0264 10.4896 61.2785 70.8991 66.0951 74.2306 63.2857 58.8941 64.8769 64.1351 56.3356 63.1369 63.648 58.0541 19.5925 20.7704 23.038 21.9509 30.2885 27.1786 29.3195 27.7841 27.146 29.2564 23.2178 27.2998 72.054 75.0116 52.6157 52.8279 52.0047 57.0283 20.9362 23.6896 80.2039 72.8265 52.5896 47.3694 12.9772 58.4012 42.4698 22.4574 27.9175 28.3423 27.4017 24.7927 19.3468 20.1357 18.1305 16.6548 13.7843 13.1862 12.0228 12.0158 34.4838 37.3539 36.7214 37.1912 64.6168 55.5393 66.1804 55.4803 46.9018 50.2744 45.1284 49.8937 86.5564 79.3563 81.3817 77.3899 1.03479 1.31134 0 0.963755 28.2021 22.7379 26.3915 25.5698 64.4984 66.294 58.992 69.0965 19.7474 19.9599 19.4383 18.062 33.8665 30.7301 28.7233 28.7196 53.6212 51.1026 60.7374 45.237 39.2978 61.8743 37.9743 67.4571 46.9315 17.082 28.1965 59.4837 47.9857 44.6521 39.0103 32.1698 36.398 42.0392 48.1643 63.3003 47.5722 19.0325 13.2648 20.9797 51.6161 46.7765 49.2739 48.189 65.2599 23.6167 63.9774 25.0797 54.0173 19.7419 64.7182 15.9571 29.3688 33.0692 42.3471 27.2785
41.3618 38.385 34.7965 41.3306 33.9863 38.4951 41.8065 42.0501 47.1885 41.0733 43.3213 42.8456 45.8458 43.7538 47.4326 43.2376 46.8595 46.8355 46.2738 52.1537 51.0773 50.1966 55.5009 51.0814 54.5544 50.5582 52.9492 53.1586 51.5942 59.6586 75.4535 89.6927 77.1643 87.4421 70.9403 76.133 86.4577 72.668 3.36275 4.42515 5.563 6.49295 8.44646 9.68851 9.67427 10.1936 72.1144 63.301 63.7173 63.7727 65.7323 69.8911 63.2304 69.7472 58.1161 63.3812 60.4221 55.9155 23.1059 21.6994 24.5328 23.791 32.8574 26.869 33.3688 30.5525 24.0675 30.432 25.063 27.3448 75.9426 74.7598 51.2686 59.3569 57.4217 49.2786 20.918 22.2692 78.0027 66.3187 57.9148 50.5914 12.5801 60.9768 41.7279 24.3777 26.0703 27.0751 25.7431 29.9689 17.4424 17.9654 18.2666 16.5486 12.8325 14.1471 13.6548 12.7591 33.3483 34.8525 34.8493 33.5974 55.4415 55.9588 55.4941 65.9072 51.933 48.1678 47.505 45.0336 88.7282 76.738 76.395 89.8438 1.46117 1.03372 0.963755 0 27.9658 24.8985 29.2342 28.6147 62.2807 66.2657 69.0025 66.7609 19.2996 19.5663 19.3556 17.3658 29.0213 29.4378 30.0156 33.602 56.5392 58.071 57.5868 48.5076 36.52 58.8854 40.0122 70.6285 42.6841 18.5781 26.991 62.7551 57.6747 46.6131 34.6318 34.289 35.9 43.5567 46.178 67.2095 47.9187 21.5738 14.9872 23.3327 54.4387 44.4956 45.5833 46.8424 66.2631 21.7457 73.4525 28.5555 57.7131 19.8099 56.1483 15.8147 34.0181 29.1131 47.7009 25.2706
36.1676 41.3761 39.7142 35.7181 34.4099 37.1841 49.1629 51.5165 49.6106 57.5073 51.8422 54.482 58.3606 57.1607 63.8123 63.7205 59.2795 63.9159 65.2033 65.0818 67.702 72.3245 58.327 55.3584 61.6701 56.0779 58.159 60.4878 54.2701 64.9215 67.8894 67.3631 64.2995 59.9442 58.3184 54.7825 60.6479 60.6642 31.3459 30.7781 31.9754 31.7581 37.8066 34.4976 38.7215 34.7924 46.1809 48.4092 50.6919 50.1648 47.5086 48.9425 52.4137 53.8719 36.7534 40.0504 42.4101 40.4398 18.5839 22.7475 22.9972 24.387 5.4392 5.44082 3.66437 2.41139 47.4721 55.7401 52.4241 56.4515 53.0263 51.09 62.0752 66.9163 64.7561 64.9568 43.7571 47.7393 54.0531 48.2183 36.8076 33.4672 41.0656 82.101 42.5191 34.3605 30.1048 33.4067 33.5658 31.5534 38.6665 35.7685 34.5679 34.5567 26.2755 28.7769 23.4128 27.5767 20.7032 19.8181 20.4435 21.5458 41.6617 41.9498 42.7371 43.067 42.9496 36.2904 41.6217 38.8936 63.195 67.4366 68.4955 59.5625 25.5479 28.4613 28.2021 27.9658 0 0.929451 1.03173 1.39522 44.3712 42.8059 41.5507 41.5725 36.6175 41.7263 35.8166 35.9675 18.9863 19.3244 20.7555 19.8319 24.5116 26.444 34.0412 59.01 52.6389 49.6347 29.3585 45.7608 53.9427 43.4481 28.0881 41.2878 29.8445 33.1833 61.9842 3.78169 47.8593 16.2938 36.5411 39.8154 66.0166 8.21243 12.4158 36.5778 37.1012 19.3798 30.7667 27.579 47.6584 9.51934 48.6882 11.2522 33.2799 50.2763 41.0469 31.9894 40.4468 37.8307 21.944 38.9633
35.7777 37.3264 35.6509 41.2801 33.6326 39.6731 54.6948 55.4357 53.6688 57.6559 54.8688 50.1736 52.0465 62.3539 59.3464 55.033 59.0933 65.7623 66.7815 64.3456 61.4851 59.8647 55.714 52.5237 51.142 59.4605 58.285 57.3492 58.3569 63.6003 56.6206 65.9488 58.7376 62.4223 54.7605 57.6327 65.979 58.6094 29.001 28.3983 31.7444 28.6159 33.0231 31.7745 33.7739 35.6543 45.894 56.5603 54.7266 57.5995 52.2644 49.2406 50.2853 50.4132 41.3841 40.9463 42.1359 42.3512 18.2749 20.2407 22.7755 21.1258 6.11047 5.18586 5.21506 2.79679 52.885 51.1596 53.7229 51.5232 50.9532 51.7412 58.0837 68.6836 60.7441 71.8734 47.2561 53.5833 49.756 53.3156 34.7495 35.5917 39.1755 81.3956 40.3383 32.5873 33.1739 32.9024 34.4132 32.553 38.0809 39.5522 35.5493 33.573 24.6869 28.2117 22.987 25.6161 23.7466 21.502 23.6148 24.4488 48.0648 43.1415 45.2415 47.188 40.0624 42.9778 41.8664 43.3616 70.1623 69.3082 69.1906 70.8993 27.1303 24.1098 22.7379 24.8985 0.929451 0 1.54742 0.949156 39.4424 41.5502 40.2667 39.4957 36.1057 41.4429 35.7963 38.8942 19.1742 19.2393 19.6348 18.8298 30.2242 28.1237 37.2545 67.7915 52.1003 43.1126 32.2323 42.9795 59.205 39.2345 31.8211 40.4392 32.5716 30.6978 61.925 4.72319 49.9761 19.1075 32.0914 40.3911 62.4453 8.13199 11.6459 34.5566 32.1639 22.7246 30.3327 28.5618 52.3353 8.61406 49.353 11.7919 38.2732 41.7358 40.1828 28.0493 41.1495 39.5079 21.9861 45.6387
33.9831 40.6662 39.5035 36.4771 31.9575 34.7962 47.2732 56.262 52.7456 55.6866 50.6346 49.4852 57.1608 62.0452 63.1421 64.5848 62.4662 66.8353 67.3296 62.8845 69.3258 71.6147 50.8783 57.4397 53.6838 62.1082 57.5197 61.2491 58.8322 54.2669 58.3125 64.5963 64.7357 68.9603 60.8924 60.1422 60.0081 63.6949 29.4703 28.0497 29.7127 33.3249 34.5252 32.9621 38.8607 39.4988 53.72 55.588 51.4428 51.8753 43.8244 49.4609 51.448 50.0974 42.2164 35.0936 39.9963 39.6222 18.2163 18.5743 21.9782 24.3498 7.36478 5.51922 4.44497 3.73606 51.4469 48.8934 55.5467 48.8008 53.55 52.5245 66.7699 62.6822 61.8073 72.5032 47.0034 46.6819 51.2838 45.7243 39.8862 39.1566 41.7117 81.947 34.4605 32.9572 28.4841 30.4351 30.3142 33.8837 33.2541 35.3626 32.5517 36.8395 27.6159 29.6572 25.2435 25.3272 20.4195 20.4855 20.2684 20.9919 45.6608 39.1266 42.7361 47.7899 41.2544 40.4056 37.4867 39.0376 68.8798 59.5646 57.812 66.0838 23.8132 29.5742 26.3915 29.2342 1.03173 1.54742 0 1.06711 45.6263 43.9436 43.1338 43.4783 38.5773 37.8451 37.0838 35.6902 18.5406 16.7866 18.7382 17.9713 27.9857 26.997 35.427 58.9971 48.3644 42.2676 28.119 46.081 55.9337 37.1652 31.5588 34.776 32.1027 34.2453 63.5401 4.23685 54.3868 16.215 32.2431 35.3304 57.1266 8.19283 13.6522 34.5153 34.6737 21.0422 31.5673 27.8519 49.6686 9.55954 43.5945 12.9008 39.2784 47.0003 43.4312 29.588 40.1734 43.7071 18.7442 39.5749
36.7845 40.5617 39.6748 38.6488 33.8132 32.8527 50.5579 49.4347 47.7358 54.648 56.6035 52.6722 51.0533 58.2376 61.4741 54.4737 58.4237 62.9929 68.1245 58.5855 65.9581 60.135 52.7702 54.0252 53.2889 55.0748 56.6175 54.6033 57.7291 61.1374 63.117 68.0753 69.5816 67.1761 61.7193 61.0524 65.4541 65.3337 30.4699 26.7159 27.5807 29.9624 35.0647 34.9306 35.7495 37.882 48.0589 54.4982 50.616 57.7243 44.8602 48.8162 54.2354 47.9023 39.868 35.9328 44.5123 36.9624 19.2017 18.8629 22.3895 22.4269 7.30381 5.65971 5.73195 3.43201 46.9971 55.0539 54.6036 48.0856 49.54 51.239 64.1149 62.4825 58.117 70.7009 45.8695 45.3226 56.6904 46.2099 36.7105 32.6523 42.8142 74.4521 38.312 32.6102 32.5903 28.5447 34.0491 33.3897 33.2524 33.2569 34.8591 37.8313 26.0818 25.4499 25.7579 24.7291 22.31 19.5554 21.4457 20.8447 41.687 46.8538 44.2117 43.3007 42.4902 40.2661 43.1535 39.4221 60.5482 68.3031 61.0262 69.2859 24.5421 25.3875 25.5698 28.6147 1.39522 0.949156 1.06711 0 48.5756 39.9711 46.9851 46.4612 39.821 39.2201 38.0816 36.9012 16.8072 15.61 16.3317 17.0272 26.787 28.4253 32.5701 57.516 46.5621 43.8429 30.9396 49.9943 54.4853 38.4267 30.8747 35.7099 33.8423 30.4423 58.692 5.40028 48.801 15.941 38.5545 37.474 58.0188 6.51786 11.1873 38.6861 34.4616 21.9639 32.597 28.0121 51.5097 10.2141 45.6982 13.4824 35.4631 49.9258 40.3185 30.0796 39.2066 40.1681 23.1529 39.2873
79.4232 71.3465 82.6907 87.3309 83.7115 74.5887 96.4749 102.148 95.4988 100.508 88.3405 106.846 89.8845 95.7566 108.764 104.749 103.29 108.701 106.943 109.738 111.992 100.647 100.96 86.1117 92.194 90.907 94.214 103.14 108.553 100.289 71.3466 82.2421 78.6507 78.1115 74.023 71.0666 75.4523 83.5715 74.4954 74.217 77.822 64.5971 68.6875 68.6805 81.8749 81.1403 75.4759 80.3629 82.5894 81.1966 76.4177 77.5144 83.4474 79.8982 59.104 58.2755 63.608 62.3265 59.3277 64.0854 57.7225 64.3987 38.1179 39.817 41.2087 37.2985 85.535 85.0189 76.4995 80.2744 60.1265 69.7252 105.665 112.689 111.785 108.656 79.6565 91.8125 12.2276 8.42863 68.3453 71.0841 76.5267 115.711 79.727 70.5109 75.3773 72.8789 76.8761 76.7955 59.8524 59.6763 64.318 71.5629 56.8817 59.549 60.9807 62.549 61.5585 57.9932 54.6894 64.0352 64.778 71.409 66.934 68.952 81.4601 77.8065 72.1736 73.276 80.2845 83.8615 79.3784 85.1642 64.442 61.3143 64.4984 62.2807 44.3712 39.4424 45.6263 48.5756 0 1.02173 0.935122 1.36174 63.7732 75.1232 66.2065 72.8307 53.5407 59.1995 58.3692 62.3747 44.2779 17.6936 54.1211 104.533 98.6934 79.4332 63.2529 56.5805 100.899 81.3573 49.9352 38.319 13.971 29.2578 87.8726 37.3907 85.266 37.3639 31.4031 15.7181 114.469 48.2281 53.9143 59.5189 59.2822 22.32 15.2629 24.1012 70.0845 43.4806 58.3955 39.7176 9.91415 73.978 7.09097 70.1153 52.0878 64.8022 30.6453 85.0375
76.1225 75.2189 84.423 79.3599 72.497 70.8959 99.6347 93.3872 93.2496 102.507 87.7727 103.548 92.4795 92.5093 95.4861 113.547 94.9171 110.919 111.982 112.234 111.528 110.921 99.2271 93.6097 93.1868 100.338 101.985 94.4502 89.2755 99.4348 83.5735 77.619 84.4743 83.3222 72.8477 76.8326 77.8427 72.9988 70.1824 72.4717 73.176 75.0368 77.9323 70.5497 75.4813 78.4353 78.2665 68.8709 70.1261 79.9972 73.3181 74.7425 83.8362 78.7389 58.3222 51.6922 58.3196 54.4032 58.0891 60.7738 68.9338 61.9171 36.4272 38.0707 41.6337 40.9256 87.8692 92.1938 90.5652 91.7185 62.397 66.5688 111.189 114.864 114.901 105.562 91.2266 95.2148 11.2882 9.15772 65.2103 67.4676 67.8033 122.751 78.6574 77.7056 77.5876 73.4019 70.5959 75.9433 64.8437 63.2212 68.1081 71.033 53.9738 60.5867 56.4262 56.1535 63.4074 57.59 53.7799 60.8906 74.639 64.2095 73.8293 72.8662 76.5485 81.6005 76.6153 76.0184 73.9538 76.0462 77.5688 89.6735 59.0861 64.8145 66.294 66.2657 42.8059 41.5502 43.9436 39.9711 1.02173 0 1.34044 0.944442 60.7117 63.6127 69.3738 68.9008 60.093 57.3897 61.7803 55.87 44.8673 20.715 57.8081 106.605 96.8237 75.1607 69.7829 50.7841 97.0078 74.5313 50.9772 43.8998 12.7072 25.9006 79.3424 40.5816 88.2092 42.0544 31.1506 14.5388 100.094 52.7409 50.2893 60.5582 61.3731 20.8087 14.1182 22.933 67.3784 38.5097 57.5341 41.5273 8.93142 86.1115 6.78688 65.9355 53.3325 54.5234 27.1759 87.0145
76.1529 83.321 78.8645 77.2263 73.7141 73.4365 84.9614 87.3517 87.9888 97.4084 91.8305 101.78 93.6215 89.9305 107.753 96.8987 106.974 104.114 113.631 112.186 108.183 103.698 95.0036 103.61 94.4908 93.8527 93.1887 90.2868 95.8646 99.8275 78.6025 74.1492 84.4899 82.9003 79.9253 70.1093 73.4526 82.225 68.802 68.4841 74.5192 68.3387 71.7031 73.5151 75.1982 74.05 79.7022 71.2168 77.0842 78.8768 76.6275 78.4853 80.0136 71.0321 51.4159 55.0209 53.0108 60.5498 67.3024 59.9778 68.0162 59.4857 33.2236 40.6519 37.0204 40.4793 84.1153 82.0132 80.6298 82.3148 60.3132 66.9433 110.828 107.609 102.339 109.081 80.0047 91.6043 11.0069 8.56327 66.9408 65.7623 75.975 110.134 78.3425 78.6122 66.3996 68.9866 75.6087 70.4092 65.8267 70.0116 67.3037 68.463 55.9385 63.1452 55.8187 62.7859 58.4008 54.0735 56.6071 61.3758 70.4418 67.8032 70.87 74.886 67.278 70.7902 77.9193 69.0627 74.0743 72.3708 85.0414 86.2089 57.8462 66.6579 58.992 69.0025 41.5507 40.2667 43.1338 46.9851 0.935122 1.34044 0 1.03243 73.1499 72.2102 61.7162 66.8243 60.0058 58.5918 57.0769 59.7367 46.1052 19.9775 51.0796 101.271 95.8442 74.6656 64.3952 49.3072 104.303 78.3324 51.399 39.2369 13.5493 28.6363 73.3006 41.7004 92.3475 41.6873 31.7677 13.5706 115.136 52.5642 58.2681 67.0614 58.6961 21.3892 13.9149 25.3569 72.9192 39.7493 53.5808 39.7716 9.2007 81.879 7.08732 73.2789 62.7282 53.5393 30.0153 79.1673
77.8525 78.6314 82.6109 76.3851 74.6133 81.9125 89.5133 86.9487 89.6441 98.6054 99.7937 91.5007 104.993 96.4013 106.839 105.233 95.4202 100.746 114.813 116.889 112.156 118.359 94.4418 96.9727 97.2657 95.352 102.381 95.788 90.1234 94.3785 74.4444 81.9647 74.0423 83.9023 78.0505 76.3613 74.5391 79.8628 64.0248 72.4521 65.3494 68.2467 74.0185 71.4961 71.0677 72.3656 70.0132 78.2192 71.1941 71.4365 75.8915 75.3468 69.005 80.3131 53.4497 49.4607 57.3999 54.8639 59.639 62.4503 57.6144 67.024 37.6952 40.9239 37.9789 41.2528 75.011 81.0119 88.0536 85.3575 58.2635 58.8625 110.738 112.508 115.103 108.044 83.1683 82.9793 11.8953 10.1821 68.7107 63.4191 78.0079 122.842 67.5179 67.0588 72.6903 79.9525 76.8532 73.0237 60.9215 68.6908 66.7654 68.4626 53.5759 52.3018 58.7724 62.3807 60.499 55.5715 54.6977 53.0793 71.62 67.227 68.1443 66.9301 79.5334 75.8491 73.1596 81.4698 78.2898 74.0418 81.7713 76.7606 61.2832 67.0146 69.0965 66.7609 41.5725 39.4957 43.4783 46.4612 1.36174 0.944442 1.03243 0 69.847 68.2445 67.0096 63.7303 56.6982 60.2573 51.5616 54.412 48.2381 19.7435 58.3372 100.219 103.402 83.1896 64.294 54.3481 105.672 73.9724 44.0596 39.469 10.8086 28.6779 74.2104 41.319 90.628 37.9567 29.22 12.9696 104.324 50.624 55.406 63.3914 50.7855 21.1662 15.191 23.6 71.4556 37.8505 57.3641 39.8362 9.40196 76.9743 7.29912 74.4171 51.6427 60.7927 31.4891 84.6632
56.6543 56.2269 59.98 58.6152 61.6709 55.0828 53.6018 61.5497 63.2305 60.1292 62.2168 62.4681 66.1608 68.4927 67.2952 67.9217 59.5677 63.0981 58.4253 68.791 61.6878 67.4793 64.6063 67.9347 74.6778 77.3601 68.7566 66.6239 70.7593 79.1982 96.3752 95.1257 103.876 108.326 95.8279 91.4034 94.2794 95.1466 19.8356 20.8516 19.9262 23.0835 18.945 19.0522 19.3183 21.1635 90.8594 90.1066 82.7707 93.958 85.4318 89.3147 82.3386 91.4144 82.7199 82.9688 74.637 77.8241 37.7876 39.9638 44.249 43.5133 38.6736 35.7824 42.6154 36.1424 14.281 19.4203 17.9877 17.3442 86.9708 79.7444 74.4687 80.4871 65.2957 70.0821 29.728 32.26 82.4128 83.0619 70.7566 64.6996 12.8732 72.9816 59.8005 44.8265 47.624 44.3199 45.0598 43.3769 2.93666 1.88312 3.05226 2.07561 13.346 12.585 13.6067 10.9279 57.8123 53.7021 55.263 48.0156 74.4984 74.9469 83.3247 83.5837 70.8038 65.1921 61.2235 66.1244 107.664 102.624 97.7335 90.5608 19.6488 16.4309 19.7474 19.2996 36.6175 36.1057 38.5773 39.821 63.7732 60.7117 73.1499 69.847 0 0.998656 0.937802 1.40912 50.3474 48.7414 52.2011 49.3579 63.7083 57.3463 68.0847 58.7794 50.0522 78.3305 63.6298 90.4112 65.1734 31.9224 23.7593 81.1627 61.1906 36.7877 18.7353 45.1444 47.5382 49.8773 37.5127 71.3381 57.577 33.0647 31.1239 6.50671 74.553 46.1048 57.3582 42.0457 80.2554 30.7886 78.0383 29.8503 56.7801 15.0512 56.9732 36.9588 19.0073 14.2233 63.482 40.813
62.9762 56.1443 52.3027 54.9349 54.1163 53.8073 64.7898 62.0521 67.5847 66.8609 54.9228 62.6906 66.8747 57.1629 61.3678 67.378 64.6829 60.4566 66.489 59.5798 70.5191 66.7116 74.1264 64.8687 76.7704 73.6582 65.5627 77.3222 71.8698 65.8827 96.8312 103.49 107.601 109.271 89.2819 101.133 99.3089 93.73 18.0614 22.9449 21.8941 23.5815 17.8602 20.1637 22.3412 21.039 91.6713 90.3846 88.2395 96.0613 76.2742 83.5901 81.857 90.2789 82.9503 71.8043 78.8574 72.7375 44.9717 41.4249 47.0473 42.0512 44.6261 42.4959 44.8951 37.6288 14.9081 17.9877 16.2271 19.1372 85.8956 90.0317 73.4384 73.9869 76.2501 73.3979 27.1688 28.7169 83.1398 81.4125 74.0629 76.4489 14.4023 84.889 60.4474 45.0546 45.0337 46.3228 48.1152 46.765 4.03232 2.9134 3.98066 3.1168 14.513 11.7746 12.786 11.7394 57.5293 56.108 49.156 49.4778 77.1719 84.0317 85.7292 80.8454 70.0516 63.9897 69.8363 66.3855 92.7655 107.328 96.1783 109.1 20.2919 17.9481 19.9599 19.5663 41.7263 41.4429 37.8451 39.2201 75.1232 63.6127 72.2102 68.2445 0.998656 0 1.34218 1.07232 51.6184 53.9233 50.8612 54.6464 66.7622 58.4854 78.8794 54.3532 48.0003 70.4869 64.8336 81.176 57.5756 27.9972 24.3667 84.4081 55.0906 39.3609 19.2148 39.2961 55.8353 59.6224 42.2976 65.0675 56.8568 39.4786 32.7306 6.4508 71.7513 49.9819 53.1505 41.7855 89.77 33.4473 92.4643 35.5132 61.6864 13.4683 60.9406 33.5866 19.4022 14.165 54.9026 48.3823
57.8579 53.6444 51.0312 55.5377 51.0216 49.433 60.319 57.5026 62.762 66.341 52.8274 56.9874 60.602 66.6365 57.1529 61.5614 61.2794 68.1244 57.6525 62.3274 64.5731 69.3021 69.1926 76.7439 65.3904 74.0928 66.7331 76.3194 64.1526 71.5672 95.1749 100.979 98.8201 93.1925 102.264 100.528 96.9616 91.7122 19.1606 20.6265 22.6996 22.8584 18.7192 18.463 19.2719 23.6753 82.3991 82.6812 78.2315 87.7703 84.2509 77.4558 76.8991 79.3635 70.4657 81.117 81.319 73.2803 42.9983 39.5729 41.5959 36.5727 36.1929 35.8111 44.3442 37.7764 14.0754 15.8801 17.4468 16.7223 82.8631 82.8639 71.5022 71.7752 73.2708 72.3588 25.607 30.7743 72.1372 77.223 72.0644 75.1614 13.7727 80.6602 63.111 37.2756 48.7313 42.5835 41.2649 48.1116 3.02242 2.29179 3.0557 2.13987 13.0891 11.7298 13.0331 11.2937 57.2587 53.9562 56.945 57.4814 74.0158 69.8799 74.2841 80.0361 71.6641 60.7685 61.9815 61.2733 106.42 91.9321 94.1874 102.818 16.8196 16.0227 19.4383 19.3556 35.8166 35.7963 37.0838 38.0816 66.2065 69.3738 61.7162 67.0096 0.937802 1.34218 0 1.02489 45.3361 44.1848 44.5308 48.6096 70.0305 55.5073 70.5826 56.1127 50.3677 76.948 60.6712 86.6745 58.3347 26.9971 22.0477 79.6675 61.7625 41.4962 20.1531 43.8857 49.672 52.1371 40.1618 75.3462 59.6321 36.8116 30.6886 7.07631 65.5362 47.8837 57.4915 42.2791 90.608 30.3923 76.627 33.2655 63.2235 13.224 60.8608 33.2816 18.8739 14.8766 57.2043 41.6591
62.3077 53.6261 54.9643 53.3801 59.7733 53.6226 55.4938 61.7378 63.6671 62.597 63.6214 59.5502 59.7953 63.2775 56.8845 66.6973 58.3673 63.7497 63.7192 58.9191 64.7194 58.5972 64.2876 70.6776 75.0419 67.8012 74.2496 70.5394 74.972 72.7074 101.419 105.432 106.119 98.2168 85.5579 93.7849 95.3879 91.29 19.8036 20.4855 23.1016 24.7328 16.5887 20.1443 18.5369 20.7406 91.8357 89.1863 88.8633 85.0485 79.3663 84.568 87.3509 80.4832 73.1996 83.7416 84.4285 83.5108 40.6798 40.6548 43.3209 44.8043 42.84 35.531 44.5275 39.5607 13.7739 16.8863 14.1293 19.0929 83.4636 97.2854 72.0481 66.816 63.9013 66.6107 27.4846 28.7096 81.275 84.7565 68.4966 67.4823 12.1205 73.2302 68.0521 40.4829 43.9272 42.1631 49.5309 41.4404 4.40612 3.31319 3.74642 3.18194 14.0469 12.6792 14.7091 13.5492 50.7095 47.5827 49.2884 58.1763 80.2355 73.405 86.3924 74.2021 69.2597 70.0185 63.4699 63.2739 104.234 108.306 105.456 105.53 19.6318 19.3183 18.062 17.3658 35.9675 38.8942 35.6902 36.9012 72.8307 68.9008 66.8243 63.7303 1.40912 1.07232 1.02489 0 46.07 43.7691 49.5465 46.7679 69.2124 55.7091 78.8936 62.4972 47.2406 70.7205 63.754 81.4416 66.4234 30.799 22.3244 84.0817 56.6306 38.5704 19.0336 43.826 47.4942 51.2247 37.2839 68.7364 62.7454 39.0146 32.9173 7.17393 64.5069 48.645 57.851 45.8161 88.0346 29.4272 86.3217 35.3399 60.3985 12.8954 64.7204 38.4723 20.1672 16.324 58.4381 45.85
23.1652 24.4951 23.4595 23.2126 20.5703 23.4669 39.5814 41.5601 36.7816 37.5248 42.6861 45.9423 47.6412 46.0651 46.5963 47.7243 48.0579 47.9791 54.0067 55.9077 56.3434 55.0204 37.5465 38.5795 36.269 41.9797 36.4703 44.1088 43.1881 41.1359 53.0387 50.1826 50.7352 51.7021 42.0107 48.7476 50.2842 50.954 33.7037 32.1632 32.094 30.3829 40.2724 37.9435 40.6997 39.3735 37.1219 37.429 40.6108 36.4354 32.8436 34.1097 36.4594 36.5214 34.6483 28.2851 30.7651 31.0948 10.6651 13.7655 11.9902 12.9554 25.2577 24.0031 22.4488 20.395 61.8917 56.461 51.1079 53.9315 40.1565 37.6936 49.7652 47.376 47.7135 54.9868 43.6453 47.574 64.8455 63.9924 25.0747 20.0648 44.718 69.1114 22.0554 20.8599 18.5052 22.7791 20.4512 22.8277 42.691 47.7184 48.8387 43.4096 37.1024 35.1554 40.9199 36.5564 3.82409 3.43767 4.79688 4.95615 26.8172 30.5989 27.6329 30.3171 20.5123 20.9967 24.4774 21.4039 51.3836 49.9551 49.5487 52.5282 34.3824 35.3658 33.8665 29.0213 18.9863 19.1742 18.5406 16.8072 53.5407 60.093 60.0058 56.6982 50.3474 51.6184 45.3361 46.07 0 0.91046 1.07674 1.40348 20.6801 35.8663 22.0135 53.8744 41.5303 32.0645 13.9456 40.1899 46.7105 42.3555 50.7735 35.5489 44.0975 50.6635 63.2635 19.1174 40.6999 18.3151 48.4978 45.333 56.4753 13.3572 17.2793 51.648 24.0381 35.9314 47.1919 45.4567 36.7157 26.1041 40.7195 27.4299 46.0938 57.1186 57.4004 22.813 60.0891 60.0168 29.0944 36.4852
20.207 20.613 23.3448 24.4716 17.752 22.6448 33.5052 38.0721 38.342 39.569 43.7005 38.3949 38.7233 44.6507 44.8716 47.2031 50.9625 54.1875 49.9106 56.6051 52.6545 49.4669 34.0833 37.7894 36.8932 37.3768 41.6877 41.0509 43.0678 47.2385 53.6019 52.8521 50.365 51.9774 50.1791 48.2892 47.0362 53.4625 33.1084 32.9504 31.4102 29.4371 39.6543 37.6484 38.1551 38.9909 39.713 34.0453 34.5338 40.8292 35.9052 34.4394 36.6721 32.5164 35.9942 29.7646 33.3162 30.9314 10.243 12.8456 9.36251 12.2167 25.1346 23.2084 22.534 20.7629 53.0845 61.5203 60.0283 56.7761 41.6792 42.3551 52.9273 53.604 51.5624 49.2609 47.057 44.9538 67.2938 65.5006 22.182 19.9746 46.0111 66.6862 23.1777 20.683 20.3651 18.9799 21.4898 21.0623 45.2099 42.6412 46.3147 44.9115 40.5755 40.5907 37.7632 33.9923 5.2518 4.22662 5.22624 4.83455 30.1253 26.7595 29.9289 32.0232 22.1238 21.5353 20.7855 22.8941 48.7619 53.456 53.4541 48.352 28.7116 34.7498 30.7301 29.4378 19.3244 19.2393 16.7866 15.61 59.1995 57.3897 58.5918 60.2573 48.7414 53.9233 44.1848 43.7691 0.91046 0 1.37863 0.923408 24.7901 42.0804 25.6805 51.396 39.3369 29.8077 12.9626 39.0147 44.129 41.6953 46.7002 35.3188 48.743 52.7369 66.1388 18.5393 42.3734 21.2307 56.1358 50.626 53.8909 14.643 17.6782 53.6112 21.1729 37.4692 43.1231 46.1237 35.5723 23.8182 39.4619 29.0126 54.6407 48.9209 54.8684 22.4235 55.4315 50.1069 27.9324 33.3585
20.9681 20.3582 23.3914 22.4199 17.9185 21.1948 35.8087 37.7764 40.7598 38.3134 37.9366 44.4501 45.3331 43.4268 46.1375 53.0265 50.6434 48.6422 53.6051 57.9648 49.1101 54.8697 38.3223 34.2378 37.7066 42.1918 37.8998 43.8505 40.4301 44.716 53.0186 53.8985 46.8313 53.73 46.1754 49.4129 47.7266 50.2585 36.8158 35.5663 34.0998 33.7961 36.8061 34.965 37.3372 39.3347 33.7351 35.3575 36.2135 40.7185 29.9839 33.1024 31.541 33.3656 28.5595 31.9487 34.0455 30.6815 10.3281 13.0766 9.99201 14.4823 22.5789 21.8644 19.9658 19.501 59.1387 54.9999 62.4993 62.8027 46.0364 36.6385 44.0861 48.9361 53.2662 57.5627 51.9859 50.5752 63.0642 57.0272 20.4396 22.5228 41.3031 63.2719 20.8624 23.0261 21.2401 19.7601 19.7177 21.9996 46.8534 44.589 45.0255 45.895 42.5547 40.7375 37.6455 42.3179 3.14088 2.76283 4.36652 3.81364 25.9708 29.5956 31.9712 27.8083 22.0612 21.6132 21.6006 20.5003 48.8188 51.6166 45.951 49.2381 32.3226 31.3378 28.7233 30.0156 20.7555 19.6348 18.7382 16.3317 58.3692 61.7803 57.0769 51.5616 52.2011 50.8612 44.5308 49.5465 1.07674 1.37863 0 1.00888 22.324 40.4598 23.2357 55.0531 45.7271 28.2025 12.5769 42.2225 44.9499 36.4924 52.333 37.3187 41.5702 51.8085 62.774 21.0451 41.6467 20.609 57.2653 44.186 51.293 15.8304 19.6131 50.602 19.5894 35.4973 45.7171 44.4847 35.0508 24.9856 36.9797 29.7736 56.489 57.0987 52.76 27.4091 57.6802 51.6637 29.4457 32.2962
22.0792 21.9453 20.2287 23.7107 19.9118 22.4754 34.5208 39.1652 40.6675 36.8503 38.5651 40.7132 42.4523 42.2433 44.6402 52.035 45.2251 49.9805 48.8133 48.5551 57.1118 55.5782 38.9025 40.8766 42.3376 42.604 40.2034 40.1678 39.5261 39.939 51.9885 54.7339 50.9033 47.1896 46.5446 49.2689 47.0755 47.7199 32.3032 36.1726 30.8981 30.2572 40.7185 38.7257 36.2055 39.9558 32.9737 40.1351 39.2006 39.6482 35.224 30.0208 33.4687 37.1429 33.1391 30.8482 31.4117 31.4789 10.9563 12.8462 10.9 12.3957 26.2165 23.2192 23.4583 19.6974 63.2048 57.4488 55.5655 56.981 39.9549 40.5894 46.6112 50.8668 49.8168 49.7767 48.5063 48.2122 61.7554 60.6688 22.5338 20.2406 42.7378 66.5297 19.9391 21.2231 20.3167 18.1622 19.3844 20.2298 47.3721 44.5828 42.2507 49.0406 35.4747 40.9986 40.9877 39.8227 4.00526 3.15215 5.14075 4.28751 31.8999 28.9949 31.919 28.6211 18.8984 19.7354 23.0857 21.0982 49.7286 51.0475 51.6293 51.1998 33.0998 35.3748 28.7196 33.602 19.8319 18.8298 17.9713 17.0272 62.3747 55.87 59.7367 54.412 49.3579 54.6464 48.6096 46.7679 1.40348 0.923408 1.00888 0 23.861 39.64 27.3714 55.347 43.987 28.8804 12.5198 39.1763 40.7247 39.7801 49.9826 39.2186 47.198 50.9729 72.2078 18.567 43.0273 19.1176 50.7409 52.6014 53.47 16.4575 18.5301 51.1301 24.7727 40.533 42.2964 45.963 41.8123 26.1043 38.5057 28.1706 53.0453 47.1352 57.6985 23.8871 59.9045 59.3923 29.2144 33.7065
37.8795 38.0889 40.5891 39.8022 37.549 46.3228 61.6163 54.0068 62.5112 56.441 68.287 58.4028 70.2133 70.4169 74.1516 74.6127 68.8653 72.6058 80.1043 74.8235 75.2937 78.4456 55.3604 54.3864 54.6413 55.2275 61.8956 59.4148 58.2847 61.536 40.0958 38.1554 37.3349 39.8257 35.8654 33.9779 34.1182 40.7621 55.4587 52.6534 51.0931 50.0963 59.9847 61.761 56.6754 60.1685 30.0779 33.0985 33.5595 33.5899 27.2767 30.1495 35.0572 32.0935 14.1205 12.6731 15.9575 16.4006 35.8643 37.0914 36.9966 33.7035 27.842 29.1431 26.9501 26.6766 76.5389 81.2909 69.2673 85.6283 28.842 25.7195 71.8001 72.2872 65.5966 70.8872 63.5551 68.869 45.738 47.1343 19.1216 22.494 60.5988 91.6949 31.5984 43.6737 42.4377 44.866 42.8741 47.2442 67.8217 66.9241 60.2635 60.1128 51.9251 49.0038 53.3145 56.7893 22.9963 23.4491 22.8476 24.1768 26.6622 23.2196 28.1958 24.8062 35.3964 32.8385 31.1729 36.9272 37.2016 37.3012 41.8092 36.8008 55.3524 50.2156 53.6212 56.5392 24.5116 30.2242 27.9857 26.787 44.2779 44.8673 46.1052 48.2381 63.7083 66.7622 70.0305 69.2124 20.6801 24.7901 22.324 23.861 0 25.2028 12.9434 79.6356 63.4457 36.7048 30.2934 18.8562 64.7541 65.5827 54.1637 14.1151 35.5919 47.5832 76.4779 21.9871 61.2201 10.467 50.9279 34.1692 77.4083 27.797 38.5796 64.118 12.618 28.5059 41.3831 47.942 27.4659 35.3909 19.3029 39.4906 44.1977 78.7022 46.4205 44.1756 61.9149 68.3845 16.3837 58.5299
54.8505 55.9485 64.1029 64.7686 55.011 63.9187 77.78 79.4682 82.9816 83.521 80.5584 79.7528 77.8822 80.3967 79.5304 81.0565 83.167 92.6542 81.9114 94.9014 91.2719 85.7616 73.1759 74.5739 83.6868 81.7647 72.6 75.7898 84.6456 78.9828 57.9689 57.7036 64.6595 64.6281 53.3849 54.8911 61.7687 63.9464 61.8272 62.3259 60.88 61.4968 62.3912 68.7134 56.583 63.5967 52.6873 53.3254 55.1877 56.4367 59.7902 55.0587 55.1263 56.7462 36.6417 36.2459 43.7942 40.7955 47.4742 42.3278 49.9493 51.9376 21.0217 23.7238 24.3888 24.5228 77.1773 76.652 77.62 74.6562 46.4138 42.2706 83.7945 94.5937 81.2522 94.196 71.699 71.4516 26.7423 20.6944 47.3251 43.8741 69.5278 98.2244 54.4285 61.3841 61.5443 61.684 58.6322 61.3478 58.3527 58.8988 60.4842 56.2204 50.9671 44.9156 43.6962 51.7151 40.5136 43.582 41.5031 40.5872 52.6881 47.9729 55.5736 47.5698 60.3809 52.7648 61.6653 53.8913 63.0309 65.6032 66.9153 59.0945 52.1719 54.3435 51.1026 58.071 26.444 28.1237 26.997 28.4253 17.6936 20.715 19.9775 19.7435 57.3463 58.4854 55.5073 55.7091 35.8663 42.0804 40.4598 39.64 25.2028 0 37.4619 87.6538 72.7203 56.6357 46.0726 33.9618 84.2786 66.7798 46.6496 22.787 10.1145 27.6062 77.1174 25.2305 78.2267 19.9804 34.3725 9.8519 84.0117 35.7493 43.5271 55.8144 35.1169 12.0108 14.7194 22.0641 51.1217 32.267 41.9308 28.4829 17.5393 74.9655 20.944 52.9071 54.2214 55.4623 11.2433 70.6804
37.7629 33.7778 34.712 37.9581 34.494 41.6884 52.3777 55.0403 52.2528 58.2211 54.3609 57.916 57.6 57.0227 66.3573 60.2949 71.8537 61.6736 66.2066 67.146 77.4353 75.5946 44.0799 47.6554 47.2835 47.6585 47.467 48.0525 49.9599 57.9689 27.3652 27.8235 27.6664 31.5821 24.2897 23.4201 26.5681 28.9621 59.3583 57.3557 53.7442 53.8022 68.9392 68.7117 67.6111 64.9143 16.2241 20.3208 20.3901 19.1012 17.832 17.2908 19.8925 23.2222 8.03747 5.41261 8.21461 5.26564 35.0516 34.6869 37.9417 40.089 35.3807 40.1282 32.0638 36.798 89.5342 92.6344 83.1246 85.5983 17.4043 18.0445 59.2897 60.4414 63.1839 74.0217 71.9373 68.632 62.2884 52.803 8.97262 11.5728 71.7194 73.2222 28.5036 48.171 42.8792 42.0572 37.0327 38.8451 68.241 69.4908 64.4112 68.8836 61.2781 61.3503 60.223 56.5019 19.4073 20.3724 21.2044 19.792 12.5461 13.5792 14.2395 13.5293 26.0896 24.7813 27.3426 27.2078 30.0108 26.5577 29.7266 26.8432 58.7141 57.1906 60.7374 57.5868 34.0412 37.2545 35.427 32.5701 54.1211 57.8081 51.0796 58.3372 68.0847 78.8794 70.5826 78.8936 22.0135 25.6805 23.2357 27.3714 12.9434 37.4619 0 75.6934 63.5171 23.5906 24.457 18.8324 56.526 58.582 65.5233 20.5217 51.2807 65.5977 91.3496 33.9093 57.4516 23.4517 60.0253 41.9382 68.8506 39.165 42.5675 70.9789 2.50375 43.3661 47.6267 62.4377 16.1937 46.3732 14.1458 50.9592 58.7005 73.4879 60.6142 48.062 69.4858 81.1211 25.2949 56.2756
35.5156 31.32 29.6805 35.3087 33.1207 32.7975 16.4033 16.1275 17.9122 17.4423 11.4431 12.4991 12.4734 13.0701 5.26309 5.71149 6.5174 7.19142 1.59156 2.69235 4.49928 5.51758 30.8546 31.5635 33.2433 32.9606 24.3103 27.8911 23.7931 25.2217 79.9921 93.2191 86.4973 79.1171 83.0976 84.8624 78.3414 88.5513 45.6413 43.2894 37.399 41.7303 37.7575 38.3362 41.8375 38.4237 73.7897 65.8005 66.6388 72.0333 67.5245 62.9744 61.5864 70.163 82.505 70.4414 81.4131 77.6319 42.1097 37.7218 44.7489 38.3745 63.471 66.1485 67.5005 61.49 58.4769 59.2899 56.7372 57.3401 78.5729 83.0252 21.3416 18.4163 13.7655 13.201 32.4018 36.0329 108.231 103.624 66.15 62.7974 48.5792 19.1189 41.6565 33.6309 31.1698 30.2784 34.2765 30.6774 55.453 58.9167 59.4426 60.355 63.3361 57.4602 54.8389 55.8864 48.4602 50.4847 54.8496 53.3335 64.598 63.3477 66.1106 64.1929 43.4944 43.0379 45.5255 42.2179 81.2426 74.0533 74.9312 76.0682 45.4032 42.6976 45.237 48.5076 59.01 67.7915 58.9971 57.516 104.533 106.605 101.271 100.219 58.7794 54.3532 56.1127 62.4972 53.8744 51.396 55.0531 55.347 79.6356 87.6538 75.6934 0 9.39864 61.1843 49.7508 88.3961 10.499 33.6392 82.1475 87.4844 90.8437 93.531 66.9624 59.3288 11.8406 70.2741 92.4846 105.772 1.89536 51.9869 47.8952 65.2138 61.8028 92.3013 98.3825 91.2044 70.4595 68.488 75.8907 64.464 106.878 50.4838 94.0997 31.0622 83.7068 79.8992 72.1973 20.7802
28.6243 24.4504 26.5617 27.8371 31.7429 23.9152 12.68 14.7342 14.8089 17.935 9.49578 11.7116 11.1697 11.9765 10.8385 12.2766 12.5654 14.8868 11.7383 12.2272 14.997 16.3183 31.5097 30.5812 27.6195 28.4869 26.1807 23.2002 28.9094 25.5713 80.0063 87.1762 77.2284 77.1766 75.3675 83.2351 71.7929 71.3676 34.069 28.8247 28.8669 31.8538 32.8768 32.9703 28.341 30.9912 65.4706 59.0441 60.4628 60.7227 54.2154 57.7317 64.9334 60.5838 74.0136 74.1668 63.8265 71.5478 31.3311 33.7062 35.7502 30.8341 58.4506 58.1211 59.0108 59.1333 47.8388 51.4932 44.2364 41.7302 81.3384 83.453 25.1455 25.7306 18.2668 18.4541 28.8821 26.1549 106.886 100.117 59.6803 58.7996 39.9192 28.014 40.0881 21.54 22.1301 22.8043 20.5361 22.41 50.2983 55.7103 49.6598 47.3926 48.2436 46.7695 52.8955 47.9015 44.4423 46.8965 43.7935 45.2795 61.0024 63.7636 62.2418 63.6279 40.2093 42.3158 38.6245 42.8513 86.5146 82.5946 71.4221 85.3419 38.9482 35.1832 39.2978 36.52 52.6389 52.1003 48.3644 46.5621 98.6934 96.8237 95.8442 103.402 50.0522 48.0003 50.3677 47.2406 41.5303 39.3369 45.7271 43.987 63.4457 72.7203 63.5171 9.39864 0 54.2849 36.6676 76.5762 11.3496 21.5302 68.2865 75.8787 86.4706 79.7733 68.5817 51.6019 2.9887 63.1842 72.2055 89.6133 10.5601 40.4956 42.1461 52.7313 56.4623 80.0767 82.3043 77.0778 72.9771 52.6299 81.3246 60.7234 93.3179 42.6601 93.633 21.7891 61.2711 63.3009 71.5057 10.3805
26.0226 23.8796 23.5916 27.1936 25.2116 29.65 37.7454 39.3883 35.2737 40.0041 40.594 45.7507 40.0827 45.5735 50.6053 49.3137 46.9613 47.5123 56.038 60.7978 57.3115 59.6161 28.3504 25.1316 27.6547 29.6874 35.1762 30.7185 35.485 32.0543 29.1577 29.4681 30.7525 31.527 23.2423 24.5624 23.7221 25.5203 54.0715 63.3412 60.4197 52.8647 57.0038 58.7326 61.6331 63.7733 14.9976 12.8697 15.167 15.5424 8.21263 9.34709 8.04351 8.68915 27.0616 27.9556 26.387 26.1517 39.1193 38.9478 35.0183 34.8074 53.4751 50.7747 52.1157 53.2496 84.7627 91.3817 82.2584 90.8478 30.0777 31.2946 37.9116 40.9175 43.1665 52.2031 61.5753 66.4871 80.1864 81.69 13.5525 12.6942 69.7578 61.0884 15.1826 37.1732 34.3044 33.0768 31.9339 31.7733 80.2538 74.1953 78.557 75.3733 62.8248 63.504 65.7136 65.7418 27.219 26.0104 24.9715 25.1511 10.9927 10.3664 11.2045 9.62869 10.9389 11.3893 10.0802 10.7815 25.3154 24.9803 25.7556 24.6511 59.9265 55.1797 61.8743 58.8854 49.6347 43.1126 42.2676 43.8429 79.4332 75.1607 74.6656 83.1896 78.3305 70.4869 76.948 70.7205 32.0645 29.8077 28.2025 28.8804 36.7048 56.6357 23.5906 61.1843 54.2849 0 19.1283 41.5402 42.8898 59.4098 74.1354 43.1186 70.2404 72.9843 101.86 41.8114 49.3524 39.9953 89.5708 69.9427 53.4593 44.2178 47.4149 75.267 20.4255 64.8685 67.2975 76.6644 20.2448 57.5044 33.5078 55.8553 78.5969 71.0023 80.1942 46.9766 86.4761 89.7859 45.256 43.8967
11.548 13.2642 13.569 12.735 9.4663 14.8468 30.9404 28.8824 32.2065 32.796 37.0293 36.9431 37.4199 34.5008 43.7186 41.4138 38.1548 44.0775 44.3663 44.6017 43.5047 49.5871 23.3163 26.2209 25.4639 29.5093 28.8386 31.6451 32.9127 30.2209 45.1767 41.0076 42.1872 43.7221 43.0331 41.7974 40.2794 41.7984 42.1219 42.639 36.4018 38.9845 47.2111 46.9881 39.5632 44.8506 28.5799 30.3714 32.1409 32.6574 21.9458 24.7267 24.1305 24.391 35.2719 28.5439 32.6652 28.4334 17.7948 18.8396 16.4903 18.9767 38.3568 35.2098 32.7021 35.8577 70.2556 61.9733 58.7159 63.4252 41.4011 38.7623 40.4741 35.5077 38.9911 47.1705 48.1888 55.3881 69.6831 77.3894 18.2205 16.1778 50.1095 60.545 8.08178 20.6101 16.9316 17.1407 16.7848 18.7423 54.1183 61.7596 59.3887 55.379 45.6215 45.1359 47.1766 51.9116 10.5456 10.032 10.6466 10.113 24.6741 19.7839 23.387 23.7743 9.06399 7.54264 10.2428 8.38717 45.6765 45.4689 41.8808 46.2393 39.7636 43.7237 37.9743 40.0122 29.3585 32.2323 28.119 30.9396 63.2529 69.7829 64.3952 64.294 63.6298 64.8336 60.6712 63.754 13.9456 12.9626 12.5769 12.5198 30.2934 46.0726 24.457 49.7508 36.6676 19.1283 0 46.8138 35.8094 45.9314 65.7704 44.1272 62.3061 59.0029 80.7874 33.3354 33.7443 31.7233 61.382 52.421 43.1593 29.133 30.6049 63.9755 23.377 46.2048 54.2935 63.319 34.8455 35.8708 37.8321 45.5805 62.5778 61.6946 63.1981 25.7723 68.6807 69.3878 36.2898 32.9795
50.6703 60.3699 57.5294 54.3937 55.9793 62.9669 66.0042 73.1787 67.0851 76.6936 77.8064 72.3842 82.9055 85.1032 86.7744 86.7771 90.2687 94.009 92.1181 97.2417 94.3459 85.7743 64.9906 66.0486 64.243 67.1986 65.8121 71.806 73.5208 64.3806 26.3712 24.994 30.185 31.1044 24.2115 25.9094 29.448 32.2793 75.5831 80.1793 70.2838 70.052 73.8539 85.6324 79.7223 73.2906 29.8259 31.3067 30.8053 28.7968 30.2221 32.6125 32.4187 34.4329 11.0405 13.3252 13.2818 15.3162 48.0142 50.8276 54.3816 56.2278 43.769 51.3133 45.0352 46.6569 102.488 89.6712 89.0029 96.1949 13.8457 13.148 72.5392 76.8197 86.2427 78.8452 80.4965 82.9119 47.768 53.3904 27.7439 29.0915 79.3268 89.2366 44.5181 62.9782 57.2376 59.861 60.816 65.3322 87.4895 79.9398 79.6821 79.1705 72.8188 72.1896 77.813 74.7772 35.5755 42.6363 41.5185 35.8751 26.6375 31.263 25.7817 30.0668 46.2599 47.0526 44.3998 41.1106 31.9931 27.4567 29.5552 28.7643 74.512 72.9793 67.4571 70.6285 45.7608 42.9795 46.081 49.9943 56.5805 50.7841 49.3072 54.3481 90.4112 81.176 86.6745 81.4416 40.1899 39.0147 42.2225 39.1763 18.8562 33.9618 18.8324 88.3961 76.5762 41.5402 46.8138 0 82.7085 79.4037 78.3419 11.2593 48.343 65.3836 97.3603 39.578 73.8801 29.2333 62.7615 38.842 82.3551 46.9264 56.5685 91.4476 20.4322 41.4497 49.5538 62.9126 25.2399 56.1395 7.15272 52.4674 53.4629 84.5139 55.6131 68.791 85.1072 87.1428 28.5018 73.8208
22.9009 24.1598 24.7883 22.236 25.9673 23.5202 8.47657 7.33436 6.64896 7.92935 3.65861 2.30167 1.84244 2.13875 4.65703 4.40503 4.68101 6.11274 9.49568 10.7115 10.4004 9.67019 21.5379 21.0551 22.0967 20.6468 16.663 15.1614 16.7995 17.8027 78.8219 81.0672 81.0046 70.5067 66.3145 75.5857 69.2919 76.1349 40.983 38.6848 44.4537 36.1417 46.8178 38.2625 43.0653 42.6104 58.5288 63.7108 58.9522 60.3258 52.6041 59.7746 50.8152 51.6464 64.8486 72.0618 64.7394 72.4396 40.8626 39.9633 35.3487 34.812 61.9291 66.3788 63.5076 54.3079 59.2846 53.8552 61.2428 58.1722 81.3306 78.824 13.2237 13.3554 9.58398 9.36687 41.3693 36.8412 116.988 98.914 53.7707 54.7627 52.9519 19.5406 33.3461 26.6706 24.0162 25.3968 27.7288 26.1092 67.3998 62.9666 60.5156 58.3723 62.9912 60.6941 57.1114 56.9239 44.2998 42.3592 44.9408 47.5291 61.046 59.0676 53.8955 56.4712 35.2876 35.0894 38.3681 35.6351 72.5084 76.7162 69.2053 74.8629 42.9289 50.9506 46.9315 42.6841 53.9427 59.205 55.9337 54.4853 100.899 97.0078 104.303 105.672 65.1734 57.5756 58.3347 66.4234 46.7105 44.129 44.9499 40.7247 64.7541 84.2786 56.526 10.499 11.3496 42.8898 35.8094 82.7085 0 30.8973 73.1035 85.9817 85.9682 92.9717 73.7163 58.5446 10.2194 65.3569 84.1189 100.173 12.6579 50.1939 45.2875 66.8272 53.028 75.6143 91.9766 77.5962 69.8387 61.8108 77.7008 71.2124 91.3628 54.1399 104.745 27.8387 72.9526 75.7186 65.9643 18.0746
36.4152 34.5876 37.4933 37.9037 39.5867 31.0616 35.3425 35.2801 37.0312 32.8685 27.6922 32.5073 32.2871 33.8977 35.0271 31.5347 38.1689 38.6233 29.5155 35.3775 32.6108 37.2072 48.1348 46.1514 44.6371 50.7495 40.3717 41.5576 49.1489 46.1885 93.3773 93.1395 84.2977 81.4421 80.5454 86.7839 87.9056 79.832 13.2063 12.5864 10.8549 11.3913 9.81702 10.4314 8.7667 6.727 68.1021 65.7762 67.1198 78.4804 62.9876 67.343 65.8549 61.6392 76.493 68.1237 67.6185 73.5941 26.3206 24.5566 28.0295 24.2235 48.8664 43.501 49.4419 47.3593 25.299 26.2089 23.8234 26.4635 85.1535 86.1974 44.7289 46.7591 41.1974 42.1838 7.71745 9.59865 88.1521 88.8038 59.7049 55.2774 15.847 46.371 43.1546 18.8838 25.8651 23.1545 23.8198 24.9173 27.3764 32.192 27.5188 28.5646 29.769 29.4761 28.1924 26.8371 47.2124 37.8066 43.9111 45.741 58.7367 68.093 62.3039 58.2021 44.6649 49.3884 49.9649 50.8796 88.3568 76.9116 92.76 87.0119 17.8128 19.3827 17.082 18.5781 43.4481 39.2345 37.1652 38.4267 81.3573 74.5313 78.3324 73.9724 31.9224 27.9972 26.9971 30.799 42.3555 41.6953 36.4924 39.7801 65.5827 66.7798 58.582 33.6392 21.5302 59.4098 45.9314 79.4037 30.8973 0 49.4969 81.2797 75.803 57.2251 41.042 42.5831 24.6778 57.7636 62.7653 74.3103 33.9684 32.9188 28.6762 35.8548 64.4728 62.877 64.7804 63.4574 74.7912 42.6452 71.8895 43.769 69.5358 20.8877 73.517 15.6659 43.7423 42.0766 59.5257 18.6685
61.3668 65.6532 66.4168 56.7094 63.8201 56.9152 72.9684 72.4685 75.4446 80.0187 76.1038 69.5813 68.2121 72.612 78.0936 76.5483 77.6626 78.2057 73.3649 85.0533 83.9255 86.0688 75.0474 81.362 72.8594 84.2411 79.1754 80.6713 77.1355 85.9899 94.0437 97.4811 95.6577 91.8814 81.6808 93.899 92.0071 96.0899 32.7235 32.0685 33.9391 33.3719 31.6334 33.4936 37.3155 36.8407 78.2858 86.1188 90.4305 90.6748 83.5866 85.1613 73.7348 79.6242 66.4327 68.6853 70.632 64.0253 40.0195 45.881 49.2662 46.2726 31.3612 29.0446 33.7237 29.9247 37.6927 38.0802 35.8264 42.5409 77.0094 73.5775 86.4818 86.8236 81.4251 78.8664 47.9382 46.421 54.3878 51.1741 68.0621 73.6202 30.4412 100.535 61.0991 50.4793 49.9964 49.717 48.6074 52.2946 20.0769 18.8647 19.566 18.438 15.1393 15.8785 17.5124 16.7135 46.4671 50.7741 56.1931 55.4206 79.7088 70.9288 69.9014 76.8211 71.9473 62.7072 73.523 70.6054 95.2933 101.327 88.4121 94.1856 25.4703 27.5209 28.1965 26.991 28.0881 31.8211 31.5588 30.8747 49.9352 50.9772 51.399 44.0596 23.7593 24.3667 22.0477 22.3244 50.7735 46.7002 52.333 49.9826 54.1637 46.6496 65.5233 82.1475 68.2865 74.1354 65.7704 78.3419 73.1035 49.4969 0 60.4067 34.4114 20.0652 36.6188 33.2046 64.8327 43.8954 18.9817 51.94 75.4229 34.3642 30.0911 16.3097 68.14 34.3464 30.7936 22.8357 87.5632 19.7197 72.9991 20.2608 34.4447 36.6879 43.1454 42.2815 11.3878 12.3505 48.5091 52.7261
52.8608 58.2996 58.3705 56.4103 49.3919 60.2147 76.8655 79.0501 68.5639 75.4872 84.3545 76.0148 71.167 74.9215 79.3565 86.1715 87.8063 79.7764 80.187 92.2728 92.2509 94.3726 69.2175 74.2368 72.926 68.4124 66.912 75.7833 67.0694 69.7955 36.7164 37.6584 36.1059 39.0238 37.0302 37.7868 41.7191 38.1635 71.3484 72.4672 72.7826 68.6856 70.9513 78.9622 66.0477 73.1135 33.1867 38.6004 40.1543 38.2191 37.0705 40.4478 43.2142 43.9052 15.6168 18.628 18.3906 18.9944 45.5635 46.3385 47.0204 54.7129 40.3623 35.3225 37.9052 39.9755 93.5702 94.774 93.7946 96.0829 24.422 22.4757 77.989 79.8772 92.9292 86.1267 78.6659 91.1964 41.9716 37.7245 29.5615 30.1504 77.5483 94.9073 49.7519 58.3771 51.9247 60.4414 60.0383 56.3877 73.949 71.9328 70.0996 77.2683 65.4907 67.9534 61.3879 66.3731 38.8906 33.7525 33.6954 39.2698 35.3542 32.2376 31.4083 36.9797 42.3003 46.9433 49.085 42.6778 41.7411 38.5591 39.0687 43.9209 68.9341 69.0553 59.4837 62.7551 41.2878 40.4392 34.776 35.7099 38.319 43.8998 39.2369 39.469 81.1627 84.4081 79.6675 84.0817 35.5489 35.3188 37.3187 39.2186 14.1151 22.787 20.5217 87.4844 75.8787 43.1186 44.1272 11.2593 85.9817 81.2797 60.4067 0 39.3374 53.84 98.4005 31.3121 80.3209 23.2842 54.6649 25.0805 89.1245 44.0345 45.3159 76.7259 24.6381 36.8047 41.212 51.261 33.729 43.98 15.5696 43.2107 43.3908 82.6226 39.3599 61.8053 82.2177 83.4031 20.838 64.4757
63.909 62.9922 66.3022 72.3142 70.128 66.4101 75.7711 78.3276 90.9222 86.0924 88.1034 84.2393 82.4374 78.8487 91.738 89.4528 87.3193 83.9627 85.1862 94.6944 87.887 94.7723 82.511 83.4818 84.5684 92.0704 83.5121 82.1124 81.6037 82.1474 68.8838 73.1947 66.6254 68.5523 70.806 77.0542 78.8271 69.6978 55.7086 59.0463 55.573 61.5806 60.0479 66.0236 59.8088 62.7388 61.2901 62.8702 71.6355 66.3433 68.7507 66.1512 68.3898 67.2432 47.3442 44.9542 52.114 51.1396 52.9345 55.1909 53.4505 48.835 23.7651 25.5436 28.3567 25.8172 69.7444 70.2395 73.7083 74.9311 57.5359 60.9986 91.1907 101.462 86.3506 94.2428 81.5872 70.5232 20.4798 20.9149 59.4625 53.3293 58.6958 104.403 68.4817 57.5401 67.4477 58.8002 63.4763 63.7202 57.9094 58.3622 49.3125 52.467 46.6003 45.4845 44.8249 49.3217 48.8931 48.1578 46.3388 51.9362 59.9087 56.6919 65.1863 67.8737 64.3355 60.2797 60.7054 63.4547 72.5874 69.2198 76.91 78.0385 53.2628 50.1278 47.9857 57.6747 29.8445 32.5716 32.1027 33.8423 13.971 12.7072 13.5493 10.8086 61.1906 55.0906 61.7625 56.6306 44.0975 48.743 41.5702 47.198 35.5919 10.1145 51.2807 90.8437 86.4706 70.2404 62.3061 48.343 85.9682 75.803 34.4114 39.3374 0 21.4964 73.1606 29.0687 84.4685 26.6168 24.3981 14.9036 99.2372 39.0896 40.1855 52.9779 44.1264 9.39242 4.31188 15.1383 61.3263 32.4623 47.3855 29.8866 7.21756 66.931 8.88371 63.3503 51.1367 45.2606 19.7953 79.9854
74.2552 75.7402 68.4003 68.805 68.3395 74.2764 79.5475 87.0488 81.7134 91.6065 82.9093 83.6753 92.269 89.4951 94.9935 91.9931 90.1375 89.1739 83.1636 84.9841 86.2398 86.5317 87.8434 78.1599 90.4676 96.2006 83.809 85.3129 91.829 96.5265 94.6774 81.9638 85.9354 82.7113 77.0235 89.3359 93.7972 82.0703 50.4358 45.6359 52.5954 48.6323 54.2497 49.4766 56.2505 48.6565 83.4571 78.6925 83.695 79.4309 79.5902 78.9127 84.6044 73.1558 67.8973 68.4372 63.0861 70.839 47.9507 48.6984 50.8237 47.3974 24.6308 28.706 28.094 29.8634 55.8392 54.5265 60.2676 55.9124 82.7162 70.7222 101.282 92.6568 87.2353 99.8569 61.3821 68.588 35.8721 38.7051 68.0894 70.6372 47.517 98.9644 64.7369 54.1202 66.5704 63.0777 57.3539 64.1396 41.4328 42.5648 38.0654 36.8209 32.6591 30.4758 30.4812 35.2766 50.787 53.6075 48.2391 51.831 66.1096 73.1466 75.5887 77.3121 75.8027 67.0248 74.6957 65.0662 83.2442 92.606 85.6369 94.4453 43.8008 42.7835 44.6521 46.6131 33.1833 30.6978 34.2453 30.4423 29.2578 25.9006 28.6363 28.6779 36.7877 39.3609 41.4962 38.5704 50.6635 52.7369 51.8085 50.9729 47.5832 27.6062 65.5977 93.531 79.7733 72.9843 59.0029 65.3836 92.9717 57.2251 20.0652 53.84 21.4964 0 56.036 31.8871 83.5758 38.1998 4.63076 35.5995 93.6483 34.3709 40.4069 31.7355 61.0091 21.4151 15.718 6.28989 84.7225 22.7856 69.7718 21.7227 19.6962 49.3788 23.1861 58.8661 28.6919 30.528 37.9236 75.1016
72.1617 74.6658 81.983 71.8592 81.4487 70.4669 77.5557 70.4931 70.6234 79.599 80.8458 68.6199 79.7979 78.2246 78.345 79.893 75.908 71.9716 70.7158 76.1258 77.8721 70.8848 81.3553 84.3026 88.9279 98.1116 93.1032 81.4392 96.0474 84.892 129.592 119.605 121.531 123.501 106.34 119.974 113.407 113.76 37.3463 38.0246 38.5682 39.8552 37.7056 39.232 41.3185 42.5723 104.473 110.67 112.617 107.333 107.406 105.516 103.779 104.853 98.053 99.5756 89.2596 90.2469 64.9893 58.1564 60.8346 60.2468 63.5959 60.0854 62.2063 58.2843 18.8457 18.6036 19.292 21.0656 114.964 113.402 85.6966 94.7676 85.3598 78.7066 41.3341 41.9684 91.5149 97.6104 94.6798 97.9688 28.9629 91.5063 85.508 63.9434 65.0309 67.1721 65.8414 60.4278 21.1489 20.0939 21.1461 20.8824 34.4704 30.0234 31.2295 31.7868 71.3784 72.6267 66.7683 70.0717 92.6343 106.569 99.8742 97.2546 81.0444 85.6225 85.747 85.6801 129.686 107.522 130.678 130.308 37.2126 39.4037 39.0103 34.6318 61.9842 61.925 63.5401 58.692 87.8726 79.3424 73.3006 74.2104 18.7353 19.2148 20.1531 19.0336 63.2635 66.1388 62.774 72.2078 76.4779 77.1174 91.3496 66.9624 68.5817 101.86 80.7874 97.3603 73.7163 41.042 36.6188 98.4005 73.1606 56.036 0 64.7418 65.5352 79.1015 52.5456 77.3685 70.4872 56.4282 53.1729 20.9207 90.5725 63.5609 71.1576 56.7412 97.676 47.7762 99.7109 47.4639 67.6115 25.8645 73.2119 54.6528 23.9724 23.1395 72.7477 56.7241
42.7167 36.0298 39.1798 43.2125 39.9314 35.5304 52.9949 51.4725 58.1143 52.0832 53.1052 59.9991 60.201 53.9583 57.0883 61.2097 63.2377 65.5441 66.5133 71.7641 74.6174 73.4783 54.3384 60.4863 61.6956 64.5923 52.5103 60.9557 60.7549 56.9768 57.1869 56.7109 62.5519 65.208 51.3082 58.7287 58.5864 54.8184 35.2192 35.8557 37.7972 33.2326 40.8815 40.326 38.6075 40.9873 48.3597 46.7934 47.4334 48.366 44.1 44.4014 44.6881 53.3082 37.3657 34.5658 38.5546 38.0979 21.663 21.9466 25.6283 25.4196 4.83503 5.99753 2.80335 4.20932 60.1842 57.2313 58.3137 53.224 48.2578 43.2406 68.7802 68.3215 68.1117 69.2991 54.8043 59.6309 42.802 43.989 34.3255 35.1763 44.6247 83.2048 36.8468 37.2206 37.5162 38.1561 33.3426 36.4681 38.5144 40.6755 35.9411 38.9988 31.0073 30.7987 27.2504 31.9429 23.1412 19.4405 24.3742 22.2435 40.4406 39.9154 43.9289 46.3097 39.7256 42.9192 40.951 37.3495 67.2495 62.3892 64.536 62.2037 32.0027 29.0961 32.1698 34.289 3.78169 4.72319 4.23685 5.40028 37.3907 40.5816 41.7004 41.319 45.1444 39.2961 43.8857 43.826 19.1174 18.5393 21.0451 18.567 21.9871 25.2305 33.9093 59.3288 51.6019 41.8114 33.3354 39.578 58.5446 42.5831 33.2046 31.3121 29.0687 31.8871 64.7418 0 50.7249 12.3002 36.0516 32.2288 66.6316 12.5497 18.1573 41.7804 31.9747 19.8042 27.274 29.0285 53.2386 12.9347 38.6411 13.5717 33.8032 53.2533 36.5139 34.7833 43.6486 41.9818 16.7142 46.5279
25.2368 25.6619 24.8605 21.3586 27.9019 20.3907 11.724 11.0864 13.159 13.3369 7.3936 7.91567 9.58758 10.6226 9.04522 9.96457 11.5507 12.8664 12.2365 12.7381 15.3999 14.9467 26.1463 23.9001 26.1283 29.6975 20.8836 22.6347 23.7992 24.7785 77.0221 73.2465 83.3545 84.638 79.4775 77.6314 71.9869 78.7709 31.1539 34.6543 32.2671 29.9759 30.5295 34.5517 30.3507 27.9598 56.8613 62.0665 65.173 68.4389 60.2744 61.2546 52.3603 61.1752 66.4046 63.9101 73.8696 71.7412 33.8556 32.1114 33.2658 28.6481 60.7736 59.6878 51.4178 56.474 51.3212 54.1611 50.4656 44.9568 78.4891 69.1718 20.7718 23.3451 17.8747 17.8579 30.3171 30.9842 104.682 90.0943 53.8261 50.0457 38.4912 27.2696 33.2477 19.9651 22.466 21.6733 21.4541 21.2693 49.05 53.5465 47.1423 53.063 53.1151 49.9318 50.8725 46.8606 43.445 42.6087 45.5953 40.9224 58.0497 58.2672 51.2991 54.4396 39.0372 36.8142 35.2064 36.2034 77.9724 76.3048 80.5096 78.7148 35.4979 38.0058 36.398 35.9 47.8593 49.9761 54.3868 48.801 85.266 88.2092 92.3475 90.628 47.5382 55.8353 49.672 47.4942 40.6999 42.3734 41.6467 43.0273 61.2201 78.2267 57.4516 11.8406 2.9887 49.3524 33.7443 73.8801 10.2194 24.6778 64.8327 80.3209 84.4685 83.5758 65.5352 50.7249 0 58.0563 79.0883 87.5559 12.7876 46.6295 41.9939 61.1229 53.2397 79.4091 85.5989 85.1176 71.8414 52.6713 81.3448 54.8661 92.4348 45.8498 86.8465 23.725 72.0807 71.7489 68.6753 10.0039
41.4761 44.8129 39.2725 41.0285 41.8964 39.9026 57.8698 52.1121 55.7244 58.0733 64.2458 56.9118 62.9947 65.4656 62.3533 66.8282 69.7034 73.9611 72.5205 79.1679 72.8041 72.5033 60.7139 61.2195 60.9358 61.9971 59.3849 53.8789 66.685 66.4861 44.4565 47.153 45.3662 54.5826 43.5808 44.1308 46.3993 48.573 46.9033 43.4246 47.5041 45.1287 47.4313 49.4263 51.8097 55.5947 41.3271 37.7448 41.4742 46.5936 34.3415 35.582 41.4434 41.0031 27.2932 25.4834 24.5069 24.5619 26.3448 27.6403 30.2151 31.9476 16.9951 18.1538 14.1111 18.6024 68.911 74.914 72.0265 65.6546 36.3255 38.6804 61.2803 68.5276 76.7712 69.6179 68.1286 66.5581 46.7471 39.8923 28.1073 28.4932 58.415 92.7229 40.096 43.6751 40.8629 40.8806 35.8378 36.6311 54.0421 56.756 48.2172 48.5674 46.0913 44.4447 46.3709 41.9453 19.9038 18.8084 19.9626 19.1558 31.3867 32.6651 33.1522 34.6192 35.5891 35.6732 35.1488 38.9639 45.4869 49.1444 56.0824 53.4043 42.4662 41.472 42.0392 43.5567 16.2938 19.1075 16.215 15.941 37.3639 42.0544 41.6873 37.9567 49.8773 59.6224 52.1371 51.2247 18.3151 21.2307 20.609 19.1176 10.467 19.9804 23.4517 70.2741 63.1842 39.9953 31.7233 29.2333 65.3569 57.7636 43.8954 23.2842 26.6168 38.1998 79.1015 12.3002 58.0563 0 47.906 29.7195 71.7936 22.2569 26.062 53.8056 19.8589 20.183 31.2532 37.8686 41.5546 26.1142 28.4609 24.7238 38.4733 62.5553 37.3946 39.4607 59.6902 51.6257 8.49178 49.3655
68.7447 79.1515 75.5347 72.6824 75.9176 69.0775 79.7063 88.3206 79.6472 82.2833 85.8102 91.0204 94.3191 87.5278 95.4725 88.6652 82.5069 87.4217 92.6106 91.1418 101.468 104.047 87.9181 89.6539 87.6982 91.7266 91.2002 96.5996 99.9498 88.0999 97.3411 94.1773 102.771 90.9097 80.7208 97.5226 84.8476 96.0921 51.1665 48.5515 53.6415 48.4621 51.8647 53.5627 58.0688 57.8503 75.0155 84.9232 77.8294 92.5915 86.8125 82.2043 85.8311 83.9993 65.3987 63.0455 64.8857 62.8471 51.8576 49.882 51.0402 55.6406 27.9669 32.5554 32.9318 35.3086 53.4294 55.4699 60.5433 52.7088 78.3645 80.987 88.7936 93.6418 94.5441 106.058 60.0037 63.2945 46.7988 36.7629 68.2038 71.7948 46.9772 105.315 74.2892 61.0036 64.2131 68.0361 68.0648 68.9598 39.2107 35.1622 36.1215 40.9994 31.3457 34.5911 31.2938 36.1618 55.0477 56.0749 51.8173 58.0926 80.9359 78.9837 74.1969 74.5433 80.5529 68.0374 72.7179 69.6954 95.4297 85.1374 99.9954 90.905 47.2621 43.5402 48.1643 46.178 36.5411 32.0914 32.2431 38.5545 31.4031 31.1506 31.7677 29.22 37.5127 42.2976 40.1618 37.2839 48.4978 56.1358 57.2653 50.7409 50.9279 34.3725 60.0253 92.4846 72.2055 89.5708 61.382 62.7615 84.1189 62.7653 18.9817 54.6649 24.3981 4.63076 52.5456 36.0516 79.0883 47.906 0 37.9312 90.2607 36.6804 44.8378 34.6519 69.9403 26.1547 22.21 10.0164 82.4221 27.9636 78.7157 21.5611 24.2481 56.0666 26.9413 63.1146 28.0136 30.7969 35.8567 73.909
61.7107 64.271 67.2182 74.001 61.7133 64.0595 90.6426 85.4879 84.7275 93.8929 89.1977 94.6369 94.8293 91.1232 97.4775 92.7479 93.5029 100.52 90.7019 103.047 95.587 107.856 85.8871 87.0968 76.8833 90.015 78.208 92.0421 84.4423 88.3516 65.1625 60.8567 68.0849 71.1491 65.8425 57.8259 68.4479 71.1905 68.5531 63.073 66.211 72.765 71.5016 66.0734 66.4381 70.7026 63.7718 59.8127 65.2326 56.9641 63.5322 64.6535 61.7811 61.6989 40.0322 38.4444 47.4625 45.0489 50.732 59.3683 52.86 62.7732 29.2129 36.7582 32.0951 37.6724 87.8269 83.3422 77.6049 90.329 45.015 52.3781 88.2881 93.2875 92.8444 100.063 87.0439 88.9884 17.4229 14.0874 47.2487 55.2824 74.9568 108.472 67.2601 65.2408 63.8499 61.6722 63.8519 63.1656 63.1595 70.8797 71.718 67.8288 54.1931 60.7838 61.8816 60.6438 48.342 45.274 50.315 48.6794 51.489 52.0063 52.1862 55.1122 64.1674 63.8724 67.6979 70.2208 69.9541 69.5282 71.1877 73.4722 59.0443 65.3681 63.3003 67.2095 39.8154 40.3911 35.3304 37.474 15.7181 14.5388 13.5706 12.9696 71.3381 65.0675 75.3462 68.7364 45.333 50.626 44.186 52.6014 34.1692 9.8519 41.9382 105.772 89.6133 69.9427 52.421 38.842 100.173 74.3103 51.94 25.0805 14.9036 35.5995 77.3685 32.2288 87.5559 29.7195 37.9312 0 89.8824 46.1156 52.9397 60.6395 43.5323 17.7032 18.441 26.9752 53.5225 36.5448 45.6951 37.2183 16.8853 72.7662 17.5818 61.2375 57.8966 59.0546 20.0286 78.9315
38.1371 32.302 36.4447 34.702 40.7557 32.3283 18.3645 19.3997 19.7213 18.4792 14.1013 14.1457 13.566 14.7791 7.39081 7.3828 8.38903 8.95665 2.00211 3.24695 4.65094 5.23861 30.9325 29.4389 32.6648 29.9985 24.6875 26.1295 26.8701 26.8233 83.2418 83.9229 94.8241 89.5638 78.552 85.989 85.4905 78.0414 40.8677 39.1943 44.5199 39.9254 45.254 37.9912 38.2848 38.5982 75.8725 69.9883 65.1481 78.3426 68.4255 62.6205 72.3252 61.1644 85.0482 72.2031 85.6462 76.3106 43.0676 43.1751 43.779 44.6288 64.2665 66.3439 65.1942 65.0233 53.6535 52.2182 52.2133 50.8662 94.8705 87.7194 22.4882 20.8536 14.8054 13.4699 31.253 31.3948 112.97 117.398 66.9444 66.102 44.6947 16.2368 46.4445 30.5108 36.9283 35.9358 31.7736 31.9745 60.9155 64.4294 61.9009 59.9888 54.9309 65.0612 65.7367 65.2342 54.4028 58.3368 56.8051 53.6282 61.3901 69.6702 65.5357 62.2186 47.6463 45.7474 48.3017 49.7243 91.2544 84.6121 86.5071 88.191 48.5257 50.6645 47.5722 47.9187 66.0166 62.4453 57.1266 58.0188 114.469 100.094 115.136 104.324 57.577 56.8568 59.6321 62.7454 56.4753 53.8909 51.293 53.47 77.4083 84.0117 68.8506 1.89536 10.5601 53.4593 43.1593 82.3551 12.6579 33.9684 75.4229 89.1245 99.2372 93.6483 70.4872 66.6316 12.7876 71.7936 90.2607 89.8824 0 53.5347 55.035 71.2197 72.1813 90.6879 92.5605 89.8432 71.7267 64.0319 87.2049 62.6007 97.1783 45.4261 94.0153 36.373 83.2489 71.9275 77.8637 21.2344
33.8698 30.5864 32.8281 32.5053 27.3868 33.7044 45.8203 41.2264 46.725 46.5323 47.1651 49.2408 48.6135 52.8316 53.2038 50.5895 55.0886 53.8377 59.4824 54.7896 52.1318 58.4748 51.9271 44.4442 51.3055 56.1716 48.9684 50.063 46.5996 56.3016 64.1197 57.5121 58.7745 72.0765 53.2861 58.7226 62.3955 63.3088 22.7161 21.7925 26.1177 22.3918 26.8679 28.1393 27.1538 30.7498 46.3908 48.3838 51.9619 55.7596 49.8358 52.2886 53.5058 47.1358 40.3517 37.6204 40.8553 38.6671 12.9712 14.2376 13.4324 15.6671 14.3422 11.8947 11.1789 11.3889 50.8044 45.3478 41.9048 45.2905 54.9239 56.7145 56.7944 62.5177 62.3595 61.4081 40.1048 42.8963 53.2878 56.0425 35.3649 37.7936 31.0079 74.6154 31.9472 24.1747 26.1793 26.292 26.5258 27.9154 32.6136 32.8902 34.7532 31.4357 24.3138 26.2224 23.018 22.3957 19.1751 19.7902 20.8995 20.1626 39.7947 44.3927 44.5026 44.4192 36.3934 36.008 35.882 34.224 69.6438 62.1078 61.5116 62.4777 22.1943 20.8521 19.0325 21.5738 8.21243 8.13199 8.19283 6.51786 48.2281 52.7409 52.5642 50.624 33.0647 39.4786 36.8116 39.0146 13.3572 14.643 15.8304 16.4575 27.797 35.7493 39.165 51.9869 40.4956 44.2178 29.133 46.9264 50.1939 32.9188 34.3642 44.0345 39.0896 34.3709 56.4282 12.5497 46.6295 22.2569 36.6804 46.1156 53.5347 0 5.19091 38.0941 32.5795 29.0127 38.977 39.4396 47.6998 12.049 53.1474 16.6925 44.266 44.4175 46.4531 21.6505 41.2841 36.8337 25.873 32.7413
32.5377 29.1772 31.4645 33.7737 31.8138 31.5747 41.9742 43.7486 39.5377 48.0254 45.558 43.1377 46.7753 44.8657 51.4331 49.2911 48.689 54.8595 49.0055 57.7305 50.6325 50.1601 47.0506 47.726 49.603 47.6907 46.7503 47.8314 53.01 46.5748 67.8774 63.1605 62.846 75.263 63.0967 63.5335 59.864 69.3862 17.805 19.8197 18.7433 19.0819 24.3778 24.6013 21.8555 24.1526 53.8886 59.1911 54.8018 58.2451 45.5566 46.6334 48.3315 49.4201 46.1788 44.7401 46.6731 45.8828 10.3778 10.5998 12.3594 12.773 18.0012 15.3726 16.5233 15.4313 44.4724 43.7238 36.5154 38.9924 64.4919 55.0119 56.1075 58.9425 53.6577 54.7388 36.4242 38.9166 66.394 56.9632 37.2495 36.5232 26.6503 69.6226 37.9313 20.6493 22.9676 24.1223 24.2398 23.6143 28.3994 28.9204 26.1596 28.4468 21.463 21.121 19.0305 20.2946 21.5652 20.8161 22.1257 21.4165 48.9786 49.0631 44.0335 48.1919 34.9325 34.3967 37.0459 36.9377 70.4813 71.7106 71.3049 66.4797 14.7305 14.7941 13.2648 14.9872 12.4158 11.6459 13.6522 11.1873 53.9143 50.2893 58.2681 55.406 31.1239 32.7306 30.6886 32.9173 17.2793 17.6782 19.6131 18.5301 38.5796 43.5271 42.5675 47.8952 42.1461 47.4149 30.6049 56.5685 45.2875 28.6762 30.0911 45.3159 40.1855 40.4069 53.1729 18.1573 41.9939 26.062 44.8378 52.9397 55.035 5.19091 0 30.5177 37.1337 36.043 43.3763 39.0132 54.975 14.4756 58.1983 19.8978 49.4639 34.2321 49.8718 17.2426 39.1718 36.1057 34.1443 31.9451
63.8778 60.6631 64.8601 61.922 57.8048 53.9298 63.2667 71.2529 62.6045 73.1577 68.9521 63.1979 68.6991 63.7529 65.7491 66.0944 65.0937 75.0613 62.4622 64.94 63.8478 76.9021 78.3634 75.7061 70.5284 81.7196 72.1367 82.0031 82.37 81.4734 96.8925 101.829 97.3795 104.035 98.8942 90.1829 104.108 98.2524 24.6795 26.7258 25.3398 29.353 22.7403 25.5382 28.1019 27.4793 93.1693 83.9241 91.4824 92.3412 75.6749 78.4013 87.7491 83.2198 80.8882 76.2765 76.3876 73.3516 41.8249 41.664 42.8541 42.2363 38.9801 33.5744 41.4831 34.8693 19.4816 23.8207 24.0479 25.2209 90.4755 95.6545 76.4416 78.2828 81.9769 71.3444 31.5492 35.5168 70.7879 66.5533 77.8575 64.2065 20.377 77.2319 64.6736 44.6523 52.6147 51.2871 46.7079 50.6375 4.92767 5.03756 5.30094 5.61111 11.3122 10.0115 11.4756 11.9767 53.8425 51.3219 58.1978 49.5625 84.8667 81.7301 79.5667 84.6225 72.0201 63.1369 64.9348 71.9366 104.108 90.4393 90.6692 97.579 20.1955 20.5008 20.9797 23.3327 36.5778 34.5566 34.5153 38.6861 59.5189 60.5582 67.0614 63.3914 6.50671 6.4508 7.07631 7.17393 51.648 53.6112 50.602 51.1301 64.118 55.8144 70.9789 65.2138 52.7313 75.267 63.9755 91.4476 66.8272 35.8548 16.3097 76.7259 52.9779 31.7355 20.9207 41.7804 61.1229 53.8056 34.6519 60.6395 71.2197 38.0941 30.5177 0 63.8739 43.2117 51.0756 37.8604 81.1438 29.262 83.4779 27.0161 54.6251 21.8783 50.4429 38.3765 11.3401 8.63772 53.9802 50.485
30.8468 32.836 34.3698 33.0894 29.7773 39.1411 47.4008 52.1565 56.134 51.1005 60.8995 61.4483 52.374 58.4422 66.1614 61.3604 61.719 66.0061 74.658 63.4013 67.921 68.1629 42.5608 43.442 45.5119 48.7266 44.9826 45.3295 50.9795 55.5454 28.3072 28.9333 28.3284 30.5044 22.783 23.5862 29.4068 28.8657 54.7875 58.1802 60.2507 56.3617 58.3235 65.7528 54.1519 58.8151 16.3309 18.4509 19.6031 20.9907 15.9498 19.3946 19.535 18.9713 10.2447 8.14412 9.85741 8.45871 30.7136 33.9412 29.8415 37.7295 37.4742 38.5198 34.7581 32.543 74.548 87.1476 81.1071 85.3364 20.361 19.3424 54.469 64.1739 63.8515 65.2033 63.2506 73.2652 55.3193 61.3193 6.93797 8.54712 69.2904 77.1039 25.5647 44.3469 40.0682 43.2683 37.6711 37.2589 68.4541 71.949 66.5226 63.2347 60.9326 55.6352 55.4652 58.0405 19.2034 19.6996 16.9038 18.1426 12.7268 12.3173 13.5916 14.6128 22.0314 25.2485 22.2622 23.6955 28.4521 29.8641 32.7383 29.5486 53.5391 55.5614 51.6161 54.4387 37.1012 32.1639 34.6737 34.4616 59.2822 61.3731 58.6961 50.7855 74.553 71.7513 65.5362 64.5069 24.0381 21.1729 19.5894 24.7727 12.618 35.1169 2.50375 61.8028 56.4623 20.4255 23.377 20.4322 53.028 64.4728 68.14 24.6381 44.1264 61.0091 90.5725 31.9747 53.2397 19.8589 69.9403 43.5323 72.1813 32.5795 37.1337 63.8739 0 42.0921 45.1072 56.5078 17.3953 44.0856 17.8236 42.6945 50.5991 76.9573 59.0087 50.6774 69.1076 69.8261 30.3092 51.7455
54.3416 64.0473 60.6329 60.2505 53.3364 64.0175 71.2824 70.2856 75.0076 82.5305 70.3424 70.7708 70.3891 76.0533 79.6561 83.1308 82.4991 85.9937 82.0834 79.9971 91.8343 81.4803 80.272 77.4684 83.3685 80.7135 73.3733 72.2855 85.5482 87.7273 61.2873 63.843 66.8827 72.8748 69.1571 62.3421 65.9068 63.5854 46.2078 46.7056 52.5575 53.9021 51.313 52.1057 51.6372 58.812 63.6571 59.8851 56.6663 57.9368 58.7337 56.5443 58.027 68.6429 44.4005 47.2112 44.9477 45.6157 44.9526 44.2987 38.6854 47.3509 15.2594 16.5865 19.0438 20.0078 69.7475 70.6546 69.2588 61.2647 50.6554 50.5195 78.653 78.0574 81.3361 92.7324 63.8438 68.3386 28.4684 28.3766 50.0529 45.6696 54.1052 104.772 62.8016 48.0852 50.389 53.9645 51.2252 52.16 46.9322 50.603 51.5167 44.1589 40.4959 37.1087 39.8813 40.9676 41.3333 42.7938 39.6313 39.5486 57.9667 58.6216 59.7919 56.049 61.7465 56.249 61.468 57.8352 70.6192 65.598 73.746 76.2403 48.1123 41.559 46.7765 44.4956 19.3798 22.7246 21.0422 21.9639 22.32 20.8087 21.3892 21.1662 46.1048 49.9819 47.8837 48.645 35.9314 37.4692 35.4973 40.533 28.5059 12.0108 43.3661 92.3013 80.0767 64.8685 46.2048 41.4497 75.6143 62.877 34.3464 36.8047 9.39242 21.4151 63.5609 19.8042 79.4091 20.183 26.1547 17.7032 90.6879 29.0127 36.043 43.2117 42.0921 0 7.51529 14.8344 62.7988 22.3643 45.569 18.5673 13.8307 57.7657 17.0574 52.3983 41.6217 45.5716 14.4823 59.6163
62.5831 68.3543 60.1711 62.3062 67.7967 65.031 76.8498 74.1054 73.9251 89.1082 77.3063 78.3057 90.5646 92.644 86.2601 91.5874 92.012 85.7358 89.8826 92.2603 91.5384 91.422 88.1552 75.2635 76.3212 91.4568 80.519 77.9537 81.1558 79.7534 66.4994 79.1537 81.0251 84.216 71.8712 68.9412 68.8007 68.5045 50.4051 60.0775 58.7606 56.4777 58.5453 61.0928 56.7702 63.2658 71.2235 69.4922 69.7843 66.528 69.3194 68.2 67.7367 65.8635 51.1561 49.8816 55.8072 49.9028 46.341 52.5183 46.3929 51.5771 23.5028 25.5255 25.5013 28.409 73.6331 74.9775 69.6411 78.0307 60.9463 55.3267 99.5967 90.9965 101.626 93.3756 66.2436 78.6875 28.0018 23.0755 55.7251 55.1244 56.7954 109.467 60.0738 64.2905 65.6125 62.4337 60.1102 62.0135 53.8625 51.8452 46.8166 49.3947 45.6825 38.7981 42.8619 42.3394 44.4776 50.6446 47.8623 48.9811 60.2044 65.7861 63.6429 69.7048 60.9637 68.6104 66.577 69.1111 73.8405 75.4093 76.8053 82.1412 46.275 53.5705 49.2739 45.5833 30.7667 30.3327 31.5673 32.597 15.2629 14.1182 13.9149 15.191 57.3582 53.1505 57.4915 57.851 47.1919 43.1231 45.7171 42.2964 41.3831 14.7194 47.6267 98.3825 82.3043 67.2975 54.2935 49.5538 91.9766 64.7804 30.7936 41.212 4.31188 15.718 71.1576 27.274 85.5989 31.2532 22.21 18.441 92.5605 38.977 43.3763 51.0756 45.1072 7.51529 0 11.4732 61.0666 25.0824 53.6279 23.2164 7.28774 65.7 9.31696 54.0874 41.7473 46.5714 21.9124 71.3761
66.4803 71.3705 62.6535 73.8444 72.0556 62.467 78.1749 80.9525 74.4148 75.872 76.709 81.3543 81.3835 84.0425 95.6977 88.1689 85.9135 98.6789 83.1573 88.793 85.5242 101.38 88.6271 83.6518 90.8477 82.9488 89.6369 87.4573 89.7587 80.1918 77.452 77.9343 87.9072 81.459 80.5097 82.2253 81.4723 85.8619 52.3773 53.6841 48.0175 57.0438 55.3033 57.2803 60.557 56.0535 77.9311 71.549 70.7403 81.5939 68.6575 76.8795 77.6682 82.7965 59.7585 58.4784 67.3606 54.8435 48.5027 46.0264 55.2743 56.8552 25.585 22.3742 28.9998 29.0666 58.0211 57.3518 60.5309 66.0822 72.9885 67.2143 86.4511 98.4898 91.1004 101.843 61.4187 64.4622 35.5685 34.2601 63.4092 65.0058 48.9821 106.521 67.2061 64.0082 65.3431 60.8207 63.6872 61.577 39.9441 45.9503 42.2749 42.7411 37.8474 37.5801 31.9211 34.087 47.164 46.56 51.4779 48.4507 63.7417 63.8176 73.8358 64.7013 72.8773 65.4056 65.5804 68.1057 77.8238 85.4172 93.3543 85.4007 39.9802 48.4933 48.189 46.8424 27.579 28.5618 27.8519 28.0121 24.1012 22.933 25.3569 23.6 42.0457 41.7855 42.2791 45.8161 45.4567 46.1237 44.4847 45.963 47.942 22.0641 62.4377 91.2044 77.0778 76.6644 63.319 62.9126 77.5962 63.4574 22.8357 51.261 15.1383 6.28989 56.7412 29.0285 85.1176 37.8686 10.0164 26.9752 89.8432 39.4396 39.0132 37.8604 56.5078 14.8344 11.4732 0 74.7656 26.1142 62.1995 21.6932 13.2689 54.2453 17.7915 51.5714 31.358 36.4984 28.4924 62.8273
40.8562 41.5911 38.7543 42.4777 43.0463 43.229 58.5218 59.9403 52.5298 53.9275 57.9428 62.0214 64.8346 56.7233 69.7909 71.6094 62.3775 75.2983 69.4077 73.1297 77.523 74.2274 45.0956 45.8643 44.2751 45.1219 49.9817 47.795 55.6184 53.9547 11.9214 12.2366 13.7423 12.7023 7.34061 7.48264 9.35832 10.619 66.1377 66.5108 74.5692 75.6885 79.3924 69.195 73.9219 67.6602 4.0649 4.93971 5.4969 6.57075 9.07263 8.98457 10.7554 11.263 17.4531 17.3035 15.5243 13.9667 45.9719 53.9419 43.8095 45.566 57.0195 55.4275 56.0413 49.642 88.6098 91.6954 101.553 87.6257 14.3821 12.5787 56.1616 66.3596 68.8767 70.1499 83.2896 90.4686 78.0646 65.2022 16.4514 18.6823 77.3358 83.8968 30.7498 59.0099 46.8273 53.6633 45.1659 46.1014 89.4944 91.0957 81.5286 79.52 82.6359 70.179 80.9316 80.8453 31.232 34.0914 32.8986 31.8437 10.4278 10.3294 9.37453 11.373 28.2934 26.0728 28.0833 29.3154 12.2878 11.4231 11.757 12.7019 65.4438 64.424 65.2599 66.2631 47.6584 52.3353 49.6686 51.5097 70.0845 67.3784 72.9192 71.4556 80.2554 89.77 90.608 88.0346 36.7157 35.5723 35.0508 41.8123 27.4659 51.1217 16.1937 70.4595 72.9771 20.2448 34.8455 25.2399 69.8387 74.7912 87.5632 33.729 61.3263 84.7225 97.676 53.2386 71.8414 41.5546 82.4221 53.5225 71.7267 47.6998 54.975 81.1438 17.3953 62.7988 61.0666 74.7656 0 56.0093 16.6236 63.5067 66.5337 87.4942 68.6569 57.744 89.1954 95.9059 45.1313 68.1201
46.5886 42.3726 49.0623 40.4698 42.6909 44.2611 51.821 58.694 56.9829 56.1451 52.0734 60.8906 57.6062 64.1365 62.2712 63.7851 60.8691 60.9785 64.0676 65.4729 68.5846 62.6465 58.5344 65.963 68.0218 68.4894 62.3267 65.109 59.0244 64.9014 69.8239 65.2663 67.2708 67.2515 64.5039 69.7172 66.3651 69.075 27.7919 27.3061 25.8859 28.3423 35.0486 29.2966 33.4226 34.7288 54.5012 57.9466 57.9687 62.8642 57.3213 61.1735 56.2261 62.1185 45.8006 43.9366 47.5882 45.732 23.5565 23.9575 28.3588 28.3209 9.50218 6.94741 9.99678 8.59729 46.4596 51.6549 46.0281 47.1185 58.9866 60.2522 75.4785 67.1165 65.5548 67.8273 41.89 46.213 52.5829 51.4908 46.3853 43.0245 37.977 87.118 45.9916 31.8596 37.0423 35.4602 34.7375 34.4517 26.3942 28.174 26.7864 28.3175 19.1436 18.2754 17.7398 18.0209 28.531 27.0109 27.909 32.9317 54.6077 49.4168 49.1021 51.0588 51.3757 51.9202 45.1116 50.1072 72.7273 72.2977 81.0102 77.5974 20.579 25.0961 23.6167 21.7457 9.51934 8.61406 9.55954 10.2141 43.4806 38.5097 39.7493 37.8505 30.7886 33.4473 30.3923 29.4272 26.1041 23.8182 24.9856 26.1043 35.3909 32.267 46.3732 68.488 52.6299 57.5044 35.8708 56.1395 61.8108 42.6452 19.7197 43.98 32.4623 22.7856 47.7762 12.9347 52.6713 26.1142 27.9636 36.5448 64.0319 12.049 14.4756 29.262 44.0856 22.3643 25.0824 26.1142 56.0093 0 55.6074 3.82267 30.738 37.2341 35.1425 33.681 32.2889 29.0858 25.9473 47.3016
45.5561 48.8027 47.4102 53.1598 46.1405 53.899 67.4468 61.4754 63.369 67.0548 73.0436 77.9812 72.8306 73.0151 74.3427 79.7765 84.982 74.6005 90.5064 78.0416 89.1306 93.4283 61.7614 53.673 55.6711 59.6252 68.2752 61.6629 62.8626 66.5705 19.1635 20.2699 23.158 24.3993 18.6556 21.5613 23.1276 23.8783 75.8489 74.2095 65.8884 77.2379 71.0777 72.9964 82.8837 73.502 20.9452 20.1574 20.9363 22.5277 24.5904 24.6058 27.0835 27.4688 6.2536 8.99919 5.82532 8.03805 48.835 54.8747 50.6955 53.3035 42.9936 50.4062 40.4046 50.6432 101.338 91.7368 96.2709 96.0903 8.33665 7.54477 65.9254 80.4687 82.4257 81.4172 93.6752 81.5043 53.5486 60.2409 19.911 23.0393 78.0237 102.746 39.0961 57.9506 51.3462 58.852 58.8456 61.2372 78.511 78.5782 84.0365 82.921 75.1905 70.582 68.1393 71.1213 34.2073 39.3196 34.9675 38.6407 20.8859 21.177 20.1688 22.3595 40.0082 38.0105 38.3491 37.29 25.2457 23.5654 25.392 23.9545 62.4492 69.7263 63.9774 73.4525 48.6882 49.353 43.5945 45.6982 58.3955 57.5341 53.5808 57.3641 78.0383 92.4643 76.627 86.3217 40.7195 39.4619 36.9797 38.5057 19.3029 41.9308 14.1458 75.8907 81.3246 33.5078 37.8321 7.15272 77.7008 71.8895 72.9991 15.5696 47.3855 69.7718 99.7109 38.6411 81.3448 28.4609 78.7157 45.6951 87.2049 53.1474 58.1983 83.4779 17.8236 45.569 53.6279 62.1995 16.6236 55.6074 0 55.6608 62.2199 91.4103 63.734 67.255 84.1741 84.8983 31.8314 74.4341
45.3013 53.1041 50.532 52.0034 49.0029 44.1189 56.3368 58.0559 58.1325 67.2533 56.8674 59.721 58.1929 67.7072 64.8389 72.8721 69.7529 69.0096 75.0978 66.2028 76.2459 76.141 61.6709 65.6656 65.1394 72.9668 66.1003 64.1053 71.6295 64.9708 72.8219 76.7244 79.0382 73.5353 65.8483 69.663 75.5319 76.6882 28.9068 29.6817 32.0635 33.5494 33.5272 32.8743 34.5247 33.912 60.9082 62.0395 69.9721 64.1477 60.0755 63.2837 63.4693 68.0886 48.2317 46.4925 51.3791 54.6255 28.0244 27.4067 33.7069 31.7401 10.4044 7.93383 11.5084 10.7341 46.0555 45.4079 46.8963 44.075 65.3944 61.4069 66.9363 70.7418 76.9846 77.2772 48.4554 48.5092 47.6637 45.6521 53.3227 50.3612 35.5615 77.4005 55.0625 34.7362 38.2732 36.1718 39.4401 40.1186 29.6928 28.1674 26.2147 29.7666 20.807 18.5408 18.8298 21.2847 32.1853 31.3072 31.0158 36.5145 50.7872 57.1424 53.6281 62.1263 54.1475 50.3349 53.0733 49.4337 75.4127 68.878 74.9151 79.8385 23.9328 25.6368 25.0797 28.5555 11.2522 11.7919 12.9008 13.4824 39.7176 41.5273 39.7716 39.8362 29.8503 35.5132 33.2655 35.3399 27.4299 29.0126 29.7736 28.1706 39.4906 28.4829 50.9592 64.464 60.7234 55.8553 45.5805 52.4674 71.2124 43.769 20.2608 43.2107 29.8866 21.7227 47.4639 13.5717 54.8661 24.7238 21.5611 37.2183 62.6007 16.6925 19.8978 27.0161 42.6945 18.5673 23.2164 21.6932 63.5067 3.82267 55.6608 0 29.6363 44.6192 32.599 34.9832 27.3694 29.524 24.1108 51.5937
77.0459 75.6337 72.9369 66.4587 66.9241 68.0851 94.7022 90.4339 83.9987 84.1003 95.9114 89.1713 83.0022 93.394 98.0697 88.0508 91.4791 108.405 102.722 91.6131 105.157 111.135 93.3706 91.4071 85.3918 92.4041 97.5645 90.051 86.7753 101.628 70.5559 80.1039 84.7074 81.2156 78.0238 70.41 78.166 86.277 57.188 59.247 61.7218 64.7063 63.6991 68.9128 65.3515 70.7269 71.9982 80.7532 74.208 73.0982 69.8141 67.4888 68.054 82.5667 55.1536 52.1982 53.9589 52.4573 57.4381 60.5853 54.7108 53.6075 32.0159 32.7472 30.9133 34.9982 79.6081 81.8264 72.5792 78.0985 64.9809 65.164 93.3821 92.3576 98.0359 106.159 75.3131 75.8286 20.4884 18.702 57.9938 61.2841 68.943 112.152 72.4484 67.9855 68.3648 72.9019 66.3651 68.1378 59.3833 56.589 57.3881 51.1992 48.2173 44.0956 48.6261 49.4433 56.6035 48.9974 50.9071 58.247 70.8522 69.084 63.8924 66.8494 73.5107 76.8425 68.0221 66.3931 74.8244 88.9368 75.3324 86.8297 57.8966 53.9495 54.0173 57.7131 33.2799 38.2732 39.2784 35.4631 9.91415 8.93142 9.2007 9.40196 56.7801 61.6864 63.2235 60.3985 46.0938 54.6407 56.489 53.0453 44.1977 17.5393 58.7005 106.878 93.3179 78.5969 62.5778 53.4629 91.3628 69.5358 34.4447 43.3908 7.21756 19.6962 67.6115 33.8032 92.4348 38.4733 24.2481 16.8853 97.1783 44.266 49.4639 54.6251 50.5991 13.8307 7.28774 13.2689 66.5337 30.738 62.2199 29.6363 0 68.1494 3.33946 60.6656 43.5663 49.761 27.761 79.0394
60.2723 58.3039 53.9316 49.1319 54.6982 49.7627 50.9552 53.7933 53.301 61.2244 48.4929 55.998 57.3279 55.1869 56.1931 53.592 50.9087 52.0179 48.2682 51.5034 53.3955 53.6759 68.1919 65.9828 72.5039 72.4001 58.9852 68.555 66.2745 71.4355 104.396 97.3984 108.988 108.579 94.953 99.3935 101.714 93.3182 17.2455 17.8366 21.1082 19.581 12.9712 13.9377 14.4514 17.6646 83.1883 89.7566 91.1881 91.5169 89.0548 81.3234 83.3875 83.741 81.7655 87.1838 89.7389 74.2658 44.3214 40.7121 41.6673 42.3995 50.8083 50.0359 49.8101 43.7861 5.70964 7.43188 5.03826 6.35807 88.909 91.0353 72.356 68.6446 64.1732 56.9101 16.0845 15.1806 91.2713 95.6291 76.9452 73.1166 6.53973 67.6804 63.9984 40.0567 43.9045 39.2129 40.7696 45.2758 17.351 17.1242 14.7729 14.6302 25.0859 20.7615 24.3923 21.0927 58.9105 54.6067 53.6948 56.2913 75.6675 79.7104 75.1618 80.9566 67.4873 60.9782 67.0992 71.2856 102.778 109.235 94.0981 92.0038 20.1872 21.5308 19.7419 19.8099 50.2763 41.7358 47.0003 49.9258 73.978 86.1115 81.879 76.9743 15.0512 13.4683 13.224 12.8954 57.1186 48.9209 57.0987 47.1352 78.7022 74.9655 73.4879 50.4838 42.6601 71.0023 61.6946 84.5139 54.1399 20.8877 36.6879 82.6226 66.931 49.3788 25.8645 53.2533 45.8498 62.5553 56.0666 72.7662 45.4261 44.4175 34.2321 21.8783 76.9573 57.7657 65.7 54.2453 87.4942 37.2341 91.4103 44.6192 68.1494 0 80.2862 32.1417 30.6646 30.397 64.8974 39.3166
69.5742 78.0646 70.7531 73.1529 78.4221 81.9292 82.8111 82.7136 90.0244 90.466 88.1347 102.322 90.0214 98.5915 92.6588 95.4196 109.184 109.927 97.3113 96.6769 97.8712 110.392 95.3392 101.939 85.0668 100.478 86.1124 104.069 102.809 106.785 81.221 81.3006 74.0558 90.7475 77.8914 75.4934 83.5913 76.676 62.182 64.8104 61.8838 69.659 62.0965 65.9017 67.006 72.3349 72.6106 79.1062 75.1709 72.0041 81.0512 82.5149 74.8378 77.5014 52.515 60.4983 61.8685 58.5304 54.1307 58.4858 61.1101 62.8316 32.8288 34.6002 34.3971 33.1781 71.8329 84.4913 76.2626 77.5301 72.5883 68.431 109.807 97.5041 104.362 99.7871 75.6544 87.0538 19.5496 16.4382 70.5344 71.2746 67.6248 123.902 75.8417 69.0061 70.117 75.3816 76.5611 70.3 53.487 58.5991 56.5926 54.9885 46.3535 47.4171 46.4273 55.6558 56.4616 62.1339 56.573 60.9943 66.8269 63.7583 67.3591 70.0569 73.6808 80.1187 76.5434 69.6719 78.0227 82.6962 87.2977 87.3246 53.342 54.8851 64.7182 56.1483 41.0469 40.1828 43.4312 40.3185 7.09097 6.78688 7.08732 7.29912 56.9732 60.9406 60.8608 64.7204 57.4004 54.8684 52.76 57.6985 46.4205 20.944 60.6142 94.0997 93.633 80.1942 63.1981 55.6131 104.745 73.517 43.1454 39.3599 8.88371 23.1861 73.2119 36.5139 86.8465 37.3946 26.9413 17.5818 94.0153 46.4531 49.8718 50.4429 59.0087 17.0574 9.31696 17.7915 68.6569 35.1425 63.734 32.599 3.33946 80.2862 0 62.3792 45.7347 55.3226 28.1278 87.3045
22.6318 20.6837 20.7235 21.3742 23.9546 19.6907 25.2879 23.6286 29.6354 29.101 24.5656 25.83 27.528 31.5894 33.3978 34.4924 35.219 34.3408 35.0637 33.5509 33.2996 36.913 35.9198 33.6737 36.4131 41.838 34.3703 38.0425 35.5544 34.7881 76.2128 67.9737 70.1275 68.49 70.1224 67.7578 72.8585 62.9445 14.7138 15.385 13.042 12.0554 16.9287 18.405 16.4625 14.3711 56.6741 56.3911 60.1069 57.6443 53.6794 51.8922 52.3703 58.0932 59.2921 53.2859 51.5641 51.4846 14.4481 12.2406 13.422 10.8723 40.0268 35.4959 34.5582 34.3857 36.2902 36.6349 38.8963 39.7474 69.6986 70.199 36.4328 43.1991 40.7369 40.0311 24.1032 24.3834 88.5941 78.8849 47.5577 40.2245 25.0441 44.4614 29.3938 5.44093 11.3959 9.75217 10.7177 10.2692 35.404 31.8557 31.7592 34.4543 28.4763 30.6627 30.8617 29.0294 26.1435 26.4033 25.7843 26.7387 50.4073 50.2553 50.2268 46.3476 37.4653 32.3947 37.2527 33.3508 67.9678 64.8883 67.4658 72.0684 17.8386 16.6668 15.9571 15.8147 31.9894 28.0493 29.588 30.0796 70.1153 65.9355 73.2789 74.4171 36.9588 33.5866 33.2816 38.4723 22.813 22.4235 27.4091 23.8871 44.1756 52.9071 48.062 31.0622 21.7891 46.9766 25.7723 68.791 27.8387 15.6659 42.2815 61.8053 63.3503 58.8661 54.6528 34.7833 23.725 39.4607 63.1146 61.2375 36.373 21.6505 17.2426 38.3765 50.6774 52.3983 54.0874 51.5714 57.744 33.681 67.255 34.9832 60.6656 32.1417 62.3792 0 51.0507 50.0261 52.6519 13.3932
68.9503 67.5116 70.8183 67.7657 66.7224 63.9509 66.5581 77.4195 72.9468 75.9842 81.0671 79.9601 82.7472 84.2384 75.9199 78.0338 78.2419 85.6021 82.0747 80.8718 80.6693 74.496 88.6639 86.5427 89.4015 91.2681 88.4214 86.5322 89.2637 80.9793 96.7831 113.237 110.532 108.552 93.1074 99.9483 101.38 109.068 33.1787 37.6431 33.731 39.3582 34.1425 39.5494 37.2309 38.9283 83.7334 95.2022 84.7898 99.4808 83.5111 96.1402 93.1488 86.8888 74.9526 74.2256 90.1026 75.4684 52.7862 48.4026 49.5135 54.6112 37.779 34.0342 37.2689 39.3477 33.5846 30.486 35.0947 31.3224 100.506 86.2258 92.5067 86.5161 91.0574 89.0758 47.4183 46.0727 68.6848 65.9434 73.5975 73.569 30.6459 91.8572 69.9887 59.005 53.7193 51.8715 61.1804 60.162 14.5655 15.4497 17.9995 16.3042 19.2025 18.9068 20.2112 17.5416 63.2498 64.5979 58.6476 60.2489 86.866 87.3078 89.603 79.9747 78.544 73.1826 76.4349 74.5457 108.859 95.7941 101.695 110.585 31.1421 31.4921 29.3688 34.0181 40.4468 41.1495 40.1734 39.2066 52.0878 53.3325 62.7282 51.6427 19.0073 19.4022 18.8739 20.1672 60.0891 55.4315 57.6802 59.9045 61.9149 54.2214 69.4858 83.7068 61.2711 86.4761 68.6807 85.1072 72.9526 43.7423 11.3878 82.2177 51.1367 28.6919 23.9724 43.6486 72.0807 59.6902 28.0136 57.8966 83.2489 41.2841 39.1718 11.3401 69.1076 41.6217 41.7473 31.358 89.1954 32.2889 84.1741 27.3694 43.5663 30.6646 45.7347 51.0507 0 2.58098 60.1624 63.3949
70.6727 64.1683 67.7776 65.9895 66.3041 61.3136 70.6359 76.277 73.1468 71.675 69.476 79.902 72.7619 70.9844 78.7701 77.2143 84.9345 76.192 79.7783 74.6308 84.0526 82.3562 78.8035 82.9455 77.7838 89.3434 86.4318 90.3165 85.749 79.4314 95.597 104.412 96.9067 108.703 101.701 103.996 106.976 111.542 32.1314 31.2587 37.2153 35.3938 35.4731 33.7267 32.0452 38.107 88.1886 100.291 90.0441 98.4175 85.6206 92.8806 85.6597 81.4707 85.6944 72.1075 90.5924 84.1742 52.656 49.5093 50.8738 53.363 43.6853 41.0909 44.5642 38.5319 26.4606 31.7572 29.32 28.9091 87.4248 90.2237 79.9184 84.4653 87.0162 87.4831 46.3308 47.3114 70.9607 68.0277 84.1777 76.9515 30.2848 96.8268 74.0292 53.7067 54.6513 55.4432 60.9042 61.319 12.3277 15.1772 15.449 14.3461 16.7533 16.4616 17.3932 17.4528 54.7779 60.151 55.3612 61.4672 80.8736 75.8341 91.7609 84.3796 76.6322 67.3413 70.008 82.9773 100.213 106.345 111.81 99.7835 27.2652 27.9517 33.0692 29.1131 37.8307 39.5079 43.7071 40.1681 64.8022 54.5234 53.5393 60.7927 14.2233 14.165 14.8766 16.324 60.0168 50.1069 51.6637 59.3923 68.3845 55.4623 81.1211 79.8992 63.3009 89.7859 69.3878 87.1428 75.7186 42.0766 12.3505 83.4031 45.2606 30.528 23.1395 41.9818 71.7489 51.6257 30.7969 59.0546 71.9275 36.8337 36.1057 8.63772 69.8261 45.5716 46.5714 36.4984 95.9059 29.0858 84.8983 29.524 49.761 30.397 55.3226 50.0261 2.58098 0 61.3531 53.3237
53.5187 52.4331 47.4747 55.448 46.0001 55.4166 68.3767 68.7263 65.7429 72.8112 63.3847 64.865 64.8998 72.9833 79.2717 80.8488 79.4659 80.0896 79.156 79.0224 80.5068 86.7759 70.8449 62.5553 67.9471 72.9123 67.8609 69.328 68.8038 73.731 52.1485 53.0286 57.463 60.4502 45.8028 52.1618 49.1076 50.674 53.9212 49.4595 52.3788 50.084 53.7694 51.5073 52.4388 55.4852 47.5032 50.8101 47.1518 50.1135 44.826 46.642 43.1551 45.7254 31.792 26.6432 28.4076 29.3057 33.0645 35.1163 36.377 40.6655 19.1084 18.5965 16.8082 19.6401 67.355 69.5548 68.9953 68.7715 41.5786 39.5197 68.9569 73.5323 74.7485 88.985 74.5136 76.9833 35.7575 34.5257 33.4985 33.7755 58.0197 94.6165 48.3322 47.3475 48.4568 49.9701 46.4754 45.9401 52.7266 55.2288 57.623 50.9693 43.7393 45.3656 43.0426 41.9983 28.162 27.7576 29.5653 31.5087 42.1467 44.4865 40.6986 45.4842 42.6244 44.9897 45.7684 50.3537 55.8842 55.9704 55.8596 58.9308 45.2465 44.1758 42.3471 47.7009 21.944 21.9861 18.7442 23.1529 30.6453 27.1759 30.0153 31.4891 63.482 54.9026 57.2043 58.4381 29.0944 27.9324 29.4457 29.2144 16.3837 11.2433 25.2949 72.1973 71.5057 45.256 36.2898 28.5018 65.9643 59.5257 48.5091 20.838 19.7953 37.9236 72.7477 16.7142 68.6753 8.49178 35.8567 20.0286 77.8637 25.873 34.1443 53.9802 30.3092 14.4823 21.9124 28.4924 45.1313 25.9473 31.8314 24.1108 27.761 64.8974 28.1278 52.6519 60.1624 61.3531 0 64.8165
21.8302 21.6034 22.1863 20.4629 24.9209 18.6592 13.501 15.5344 17.9191 17.294 13.8819 15.9592 17.5051 19.1095 18.7806 19.5688 19.0141 20.9084 20.6415 22.6863 23.1869 24.2411 26.1186 28.0114 31.9672 34.7238 28.1194 27.4113 25.2381 28.7703 77.3667 70.2871 78.2057 82.3264 68.3785 70.7422 74.6815 77.8327 26.1167 22.134 24.0171 21.4714 24.5469 26.6997 23.2007 21.1589 60.7443 57.6832 57.7692 54.8557 51.2567 59.4332 53.3394 57.6111 63.2245 63.4238 60.046 56.2771 26.8336 22.6649 22.6167 20.4586 46.0283 48.7 49.1665 42.6562 39.7582 48.3672 40.5035 40.9309 76.4643 65.7519 31.604 29.1905 23.7581 27.9908 22.4472 26.338 99.2009 96.0962 46.8358 46.1484 35.2551 37.0951 29.7385 10.5325 12.9762 12.4781 14.6707 13.3342 48.6979 45.2927 44.9391 41.787 43.9403 42.7449 41.0125 38.6121 37.5132 31.7643 37.8822 36.0497 55.0597 57.0312 55.312 54.5154 35.4865 33.8204 34.8526 35.731 73.8949 70.2412 69.7493 79.4978 27.4385 29.2119 27.2785 25.2706 38.9633 45.6387 39.5749 39.2873 85.0375 87.0145 79.1673 84.6632 40.813 48.3823 41.6591 45.85 36.4852 33.3585 32.2962 33.7065 58.5299 70.6804 56.2756 20.7802 10.3805 43.8967 32.9795 73.8208 18.0746 18.6685 52.7261 64.4757 79.9854 75.1016 56.7241 46.5279 10.0039 49.3655 73.909 78.9315 21.2344 32.7413 31.9451 50.485 51.7455 59.6163 71.3761 62.8273 68.1201 47.3016 74.4341 51.5937 79.0394 39.3166 87.3045 13.3932 63.3949 53.3237 64.8165 0
