4
100
174
0 0.66507 1.28565 2.01899 2.53307 4.17164 16.8155 19.4238 18.4531 21.0021 21.9649 24.2038 22.7249 22.7815 31.0399 30.6246 30.8385 29.6767 32.3161 38.3128 32.7992 34.9243 16.3164 18.6891 17.1461 18.9981 18.364 19.643 20.1233 21.4898 52.8818 54.0191 49.5747 58.5381 46.8056 46.1651 48.9811 44.6155 40.3452 37.0236 35.2742 35.3708 44.9509 39.3095 36.9038 35.0021 37.9567 34.932 37.4413 39.7354 33.2167 32.1735 30.0885 34.6914 46.1301 37.3722 46.1062 44.4766 19.6019 19.5829 19.454 19.0533 42.7676 40.7671 39.4432 44.0076 66.4624 67.5854 53.3049 58.6642 53.4927 52.6959 28.7046 28.6573 28.9055 29.1615 47.3273 46.5989 81.7563 82.6401 26.8037 26.1926 47.817 42.9201 9.23794 15.7985 11.494 12.7224 12.1318 13.0758 52.1894 55.8948 58.3814 61.2143 51.0386 52.1185 45.4235 48.1222 19.8894 19.4046 20.8069 20.2589 30.1698 31.7739 31.0943 30.8378 12.9207 13.6732 12.4099 13.9443 56.0108 45.552 53.2365 53.7504 38.8699 37.6627 38.7882 41.2801 38.1362 39.5556 36.613 35.0253 75.5101 73.8591 80.0383 70.5633 56.7254 59.4361 61.7224 54.6179 24.3085 22.2297 23.1586 22.1186 37.5936 62.9126 34.9012 31.2392 26.915 23.5194 11.3347 57.4797 25.7288 34.3108 60.2934 53.1645 64.9364 74.4933 82.7903 41.4725 23.6518 41.1364 78.9842 62.3616 39.0108 33.6601 31.2581 57.9549 32.1067 62.7869 68.0325 67.6277 39.2963 42.2051 46.222 44.6335 71.7982 56.3898 74.0795 20.703 62.5101 61.9256 45.9841 21.4688
0.66507 0 0.688667 1.27846 2.82097 3.67392 17.0634 17.8823 16.7507 20.1644 20.0111 21.9774 24.4786 23.0991 27.9162 30.4806 29.6263 30.0809 36.6385 33.5436 32.7926 31.9789 16.3998 18.3179 18.8576 21.0768 16.5703 18.8734 19.7988 22.0408 58.986 55.6065 57.1381 49.4243 51.5903 47.6697 49.152 45.6709 34.5566 38.1139 39.0523 37.0955 39.1276 40.4136 38.6356 37.8439 37.2108 40.4924 38.7236 37.3401 34.2174 32.2631 30.111 33.6149 41.527 39.7111 45.6177 42.5323 21.4291 22.2776 16.302 17.9171 47.7352 47.938 45.2853 43.5937 60.4339 56.3476 56.8253 54.6407 56.8193 52.7656 27.1747 30.0503 26.9865 34.795 46.5088 46.8162 80.7321 80.4379 30.8243 27.3878 44.7033 47.0148 9.72346 17.8513 11.9539 11.4447 12.0037 11.7786 61.341 59.7629 57.724 56.2168 50.7448 45.7235 51.9436 47.1487 21.2412 18.8964 21.9806 18.7082 30.507 32.3599 32.1878 29.5623 13.1116 13.8794 13.4873 14.3971 48.1671 47.6639 47.3375 56.462 40.2009 37.3599 35.889 39.3102 39.8807 38.3679 37.885 34.8254 85.4332 86.3208 81.1944 78.9675 59.2863 56.94 61.5047 54.1004 23.6012 21.2281 20.0817 21.1782 37.3457 55.7306 36.45 30.1387 24.7359 22.9097 12.7405 54.4588 25.8836 36.7644 62.0226 52.6294 73.2346 70.5178 78.0469 37.0316 26.4513 43.1228 69.3653 71.025 35.9509 34.2827 31.7809 60.8858 33.1713 61.0535 66.6268 67.8821 40.1534 45.1612 46.7586 52.1795 68.9159 57.687 79.3285 23.5639 64.8215 71.2339 53.194 19.5153
1.28565 0.688667 0 0.629196 3.26096 2.93075 14.9021 15.5149 18.0996 17.3074 19.8295 22.6855 22.9711 22.579 26.6383 26.0926 29.1088 28.7558 31.141 33.2958 32.8504 33.6883 16.6665 15.7859 16.9173 20.9947 17.5766 19.6829 19.8718 19.1203 54.8742 58.234 54.7981 59.1851 45.6114 50.6233 49.6041 48.2614 36.7766 35.3345 33.969 33.0249 41.0046 39.8328 40.837 38.1911 42.2135 36.1095 39.4283 42.7408 34.9687 35.52 33.8151 36.899 43.711 45.8439 44.4063 41.789 19.6928 19.478 18.5264 18.0996 48.7744 45.5279 43.4552 41.5431 58.039 65.8874 60.7973 54.9374 50.9563 53.0324 26.2064 25.9934 29.06 28.4666 45.7789 41.4424 92.7179 87.7082 27.2544 26.2407 48.3739 43.1461 10.759 15.0451 12.0154 12.7982 10.543 12.3905 55.8146 57.0443 56.5189 58.9602 46.5039 46.7641 45.3562 49.6685 20.6929 23.2471 22.81 19.5549 33.6244 30.1987 31.9928 33.2474 14.982 14.642 14.5394 15.1002 57.7371 48.3364 51.1666 47.7049 41.9466 37.4369 39.5985 37.161 39.5835 37.1093 41.3395 34.3679 87.0336 74.1903 76.4285 80.2001 54.7105 59.9085 59.3542 51.0652 23.3045 23.1687 19.9833 22.5086 44.4422 58.4998 34.8461 31.2233 26.0111 26.1801 12.2442 55.6706 26.4978 33.1928 61.9929 60.3185 66.6301 66.8421 73.3696 41.5622 22.1983 37.804 68.1368 69.1984 35.8365 33.2018 30.0931 54.5862 36.7956 55.2559 64.8267 70.4746 45.4495 42.4198 52.3322 51.1814 77.5099 55.077 78.2614 20.9554 71.5359 66.2236 46.3574 18.9142
2.01899 1.27846 0.629196 0 4.11416 2.28828 14.2109 16.9276 17.4414 17.1036 21.7739 20.9825 19.6374 22.7917 28.4964 30.7347 26.7816 28.7574 33.6499 32.1091 33.0699 36.2171 15.4189 15.7533 18.1248 21.0952 18.2157 18.4943 21.0692 21.0633 58.7817 52.0385 53.2174 57.7162 52.8124 51.3494 53.5034 54.3295 34.2946 40.0525 38.6718 33.847 38.9977 39.0783 41.939 39.3848 36.6086 35.7963 41.5173 42.751 32.2003 36.756 32.3229 33.0811 45.2732 45.047 41.4347 45.9514 20.3272 19.4045 16.689 16.0558 47.2296 44.1036 39.5086 42.4011 56.0658 61.6284 57.1693 64.3042 48.9057 53.519 27.2505 29.3132 30.1675 31.9501 42.0865 41.6695 92.8023 81.175 28.4157 30.6778 48.7019 45.0086 12.4506 17.0102 12.1606 11.064 10.555 11.0893 52.4472 55.204 56.0521 55.1957 53.2485 51.006 45.5701 47.0416 21.0156 22.036 21.9113 20.9429 33.6912 33.5997 36.7442 32.3612 15.1224 13.9124 14.9468 15.7525 48.4492 52.1832 49.0337 57.041 38.6599 36.867 37.4378 39.0401 42.9709 41.6437 41.5612 37.8587 83.0237 76.7467 76.3795 72.6929 53.768 60.1954 55.2918 61.9558 22.9847 21.6557 22.0702 19.9077 39.4135 56.7612 39.3949 30.2541 27.4492 24.428 13.8071 52.9957 23.2417 31.9465 64.1728 55.7056 64.9469 65.8998 71.4804 38.1489 22.4169 42.4655 77.8154 65.3457 35.1333 30.917 30.2991 57.8257 32.4385 57.3794 63.9441 67.6749 45.2738 40.9671 50.0847 53.4077 70.3294 50.2117 76.8389 22.0307 65.6753 70.0674 46.8186 21.5541
2.53307 2.82097 3.26096 4.11416 0 5.13998 20.6609 18.4297 22.2658 20.8793 24.6681 27.6634 27.9456 28.8391 29.1211 34.2383 35.0248 33.9173 34.4465 38.3571 39.8327 34.7753 18.1583 21.3736 22.2621 19.8345 22.1412 22.2002 22.5201 21.8349 57.4771 54.8693 48.323 56.7354 44.8808 51.9668 48.9681 48.5233 40.1033 34.3729 35.8128 35.5175 40.257 38.2962 36.3862 35.9065 36.6981 39.5625 34.7068 38.7476 33.563 32.8033 30.6133 30.2491 45.1512 36.2767 38.7285 36.037 18.2573 17.8996 15.0849 14.8451 42.2297 37.8105 39.3364 35.5196 66.0416 63.0256 53.4279 60.7248 46.8072 49.3617 29.4572 32.3941 35.2778 32.5057 41.3686 43.714 86.5314 74.3347 27.3871 26.1943 45.276 50.1884 9.98906 17.7146 11.4953 12.7867 10.7835 12.1966 58.1511 55.9667 58.279 54.1394 46.7963 50.4416 43.2389 51.4854 16.6719 17.1195 17.191 18.5716 32.7171 28.8989 27.7998 27.7993 12.5386 11.954 13.6667 10.9734 52.0588 46.2525 47.7445 48.8453 40.9308 41.4287 39.74 40.5179 36.256 32.7842 33.9798 34.389 69.5902 75.3977 70.4481 80.9346 53.1384 53.7095 60.3099 51.8595 20.0151 20.1977 18.0427 16.5533 40.2008 55.2917 34.792 38.9911 26.3672 23.3305 9.07017 56.2185 29.2289 38.4154 61.7795 47.2012 70.4882 72.5634 80.2142 40.3554 27.6684 36.5521 73.8915 71.6162 38.9935 31.353 28.6934 61.0537 30.6753 51.1512 62.6986 66.8657 36.5817 39.9146 50.0933 49.9835 69.8088 59.1918 73.8963 23.9591 61.5348 63.1146 46.0507 24.48
4.17164 3.67392 2.93075 2.28828 5.13998 0 16.3481 15.8798 17.4511 16.6225 18.9837 19.7767 21.7375 23.8452 25.1864 26.069 27.2191 28.1574 31.9806 29.9158 35.61 31.858 17.18 18.9514 18.5717 21.2177 19.2939 20.0759 21.5818 21.9375 59.1792 52.9931 59.1708 54.303 52.0605 53.8744 48.3775 48.7004 37.6521 33.0384 33.5769 30.8536 35.4276 33.7865 32.4954 36.0619 36.9796 42.7665 45.5362 44.2077 38.2414 37.5833 36.2049 34.7229 44.2027 41.5438 46.7194 40.7327 17.8726 17.6737 17.5498 16.9286 41.8799 46.8799 38.9826 43.5417 62.8531 64.534 57.3836 54.0414 50.1931 55.697 25.4456 24.9445 31.609 28.2357 42.9257 38.352 88.5782 91.6896 31.8699 29.841 44.4159 45.5177 14.2186 14.3655 9.46912 9.72042 8.52137 8.28874 54.1506 58.0679 49.4452 55.0622 47.6698 43.3153 45.7926 51.2017 20.2688 20.3882 19.7376 22.0898 34.3131 35.7796 34.1859 33.4818 18.9594 16.1868 17.1419 18.2848 57.7057 51.9874 53.5705 55.8364 36.2045 35.0134 34.8459 35.8983 36.0691 39.3599 37.5894 37.1498 78.4989 73.3203 75.211 76.1326 54.0809 50.7585 50.2127 56.9974 22.3217 21.0629 20.1034 19.5017 39.6118 54.8904 41.4426 31.5374 22.6776 25.5456 14.542 55.283 22.8822 32.5503 55.376 60.5564 62.8104 66.7681 71.8796 43.0889 22.0236 42.2953 66.2542 72.7883 34.4154 30.8099 28.5835 61.9015 39.8366 58.652 60.6602 72.9104 47.7969 39.6638 56.8486 47.4671 71.8343 50.9394 82.2886 18.7542 68.1393 63.4926 50.2731 19.8812
16.8155 17.0634 14.9021 14.2109 20.6609 16.3481 0 1.38376 2.76518 4.13222 5.5289 5.50114 5.79948 6.17571 11.3647 12.8215 13.4311 14.1615 15.9836 16.7512 18.2933 20.0873 14.0697 15.0656 18.2189 17.6562 10.8801 12.302 13.7823 15.5108 65.4839 63.1981 66.8002 64.3451 60.9509 68.4597 68.4269 60.9962 38.4344 39.6417 35.0454 36.9446 42.3282 37.0302 36.8034 33.8974 58.0662 49.1334 54.0901 49.9623 50.9007 44.4936 46.6164 44.9037 65.5358 64.6668 56.3706 62.2528 30.152 28.1858 29.2052 25.5384 61.2912 54.217 59.7298 50.9155 54.1464 57.2345 58.0917 59.8242 63.145 60.7762 14.9265 15.9014 14.0448 16.2102 38.872 37.9983 103.286 103.456 42.7175 46.1063 50.908 29.1327 28.9317 22.3593 19.2165 19.5947 19.906 18.2643 62.09 54.9611 55.2617 55.5094 53.5272 53.8157 59.861 55.5254 36.4569 38.5114 38.4097 38.7053 44.8171 45.9127 43.3112 44.5995 28.5871 26.7783 27.3133 27.9616 68.1449 68.3531 65.6038 60.7252 44.0086 46.9872 44.6283 44.8481 54.3665 48.2571 52.5886 49.9495 89.1575 89.9379 100.597 87.2703 61.5867 62.3829 62.752 63.2942 40.4501 34.902 36.4412 35.0961 60.6594 75.4564 57.6617 18.6311 14.2992 39.0896 29.1459 70.6923 7.42097 30.7112 69.1707 78.2199 88.0034 78.3691 73.4666 54.7394 11.0786 55.7219 86.4947 90.7858 20.48 41.909 42.002 63.945 52.258 78.1319 73.9828 81.1063 54.5061 50.0785 69.6801 59.2238 78.9521 54.6302 94.6432 26.9622 71.919 70.2615 63.6249 14.0971
19.4238 17.8823 15.5149 16.9276 18.4297 15.8798 1.38376 0 1.18452 2.34784 5.03122 4.96964 5.00304 5.69532 12.7176 11.4982 13.356 14.0443 18.3431 18.5357 18.6088 19.7152 14.3374 16.4484 17.2992 16.1416 10.9139 11.6835 11.3243 14.2098 74.5744 62.61 69.1537 64.473 67.0015 65.8845 57.4246 60.3946 39.7384 43.8521 37.5499 35.9982 38.8407 43.3592 35.9538 39.6689 50.8783 51.2946 54.6559 49.9303 51.0468 49.3477 50.5442 43.6786 61.1093 55.5955 63.8285 59.922 33.1476 31.3558 27.6555 29.6893 61.3953 57.2349 54.481 59.1002 64.0527 57.5861 60.193 62.9088 75.1768 70.5953 14.0228 12.124 13.5726 14.4154 38.2959 44.3388 104.057 94.0148 42.0322 43.1607 44.7301 28.2167 25.6815 23.687 18.6074 21.2971 18.6555 18.7927 65.3973 59.2871 64.9201 64.5489 54.3767 60.1664 51.631 55.1736 40.8373 34.7054 36.4709 38.5249 46.3064 48.7912 45.0855 49.9702 27.0006 30.4291 31.8868 30.8866 64.3951 63.7469 66.3403 68.8168 40.811 39.917 39.6378 44.4662 52.2428 49.4014 52.8424 53.5853 98.4244 91.4118 90.993 86.7238 62.9179 64.8875 63.6348 64.9962 39.0594 38.994 36.0166 33.9106 58.9461 73.9877 55.8972 17.7667 15.4403 35.7459 32.1748 67.0718 7.39428 32.4902 75.1706 73.2751 88.3386 82.9038 80.3747 59.6813 11.4276 53.2869 90.669 89.7349 18.6083 48.1375 39.386 60.0047 53.9729 78.69 80.3803 77.9875 56.1291 55.389 72.2269 63.8782 81.5663 52.8525 86.4455 26.6888 73.9377 70.4236 67.5561 17.0604
18.4531 16.7507 18.0996 17.4414 22.2658 17.4511 2.76518 1.18452 0 1.21556 6.55999 6.0678 5.55791 5.79069 12.062 11.8256 12.6365 13.1565 16.1613 17.5375 17.1235 18.1214 14.3225 12.9235 15.1441 16.0479 9.96431 9.89206 10.2972 12.2617 65.2235 69.9964 71.6512 74.3532 64.0153 65.4878 67.3966 65.4032 40.9105 40.515 42.2503 41.6428 45.8563 46.0234 44.6555 39.5948 55.1466 51.1546 52.7825 50.1695 50.9097 47.1309 51.4069 50.6752 66.9712 62.1983 57.3563 53.3171 33.7477 34.1515 30.6574 31.5763 63.1183 58.31 61.8657 55.5814 55.5709 59.4056 61.479 57.5055 74.5262 72.9927 12.6919 12.7743 12.4658 13.23 43.6869 38.5692 104.049 109.877 45.1069 44.9371 49.9564 26.0038 27.6254 23.3726 20.558 20.3202 19.7919 21.72 60.3614 59.3519 63.0531 58.1982 52.8031 58.5756 60.4281 59.0685 35.3078 41.2615 38.4798 35.1319 48.442 43.3083 44.1263 46.063 27.1576 28.7741 30.2136 29.6052 67.759 62.2329 61.3514 59.3207 42.7403 42.129 43.0361 42.5845 52.8214 55.3609 47.9084 49.0865 101.301 88.1535 98.3427 93.8389 58.5344 64.978 58.0239 65.2353 40.6744 40.1238 37.7096 40.1188 59.1582 71.896 53.8893 15.8244 14.702 36.7982 30.7097 67.9769 7.53809 37.9518 77.824 68.0825 80.5568 74.5272 85.7071 52.7539 12.2938 59.9649 86.6281 92.8423 18.5409 43.3735 42.4664 60.5562 55.5902 72.2241 75.3893 86.8925 57.1225 60.7481 71.4813 64.5226 95.7577 59.0812 87.9524 25.7976 81.9723 71.38 72.332 18.4099
21.0021 20.1644 17.3074 17.1036 20.8793 16.6225 4.13222 2.34784 1.21556 0 6.69391 5.7018 5.5465 5.50586 13.0568 11.3457 12.0509 13.0933 15.6904 17.0475 17.041 18.5007 12.4755 14.9411 15.414 14.6391 8.19043 8.42148 9.44239 11.0579 66.0887 68.9638 72.9553 66.3331 69.1891 57.6669 65.7319 69.2241 40.6139 46.0863 40.1538 43.2438 45.1347 46.1954 42.0373 38.7548 55.4638 48.4719 55.7693 51.1535 47.6274 50.7998 47.1947 49.6329 63.6873 60.0874 57.9465 63.4084 37.8381 31.1498 35.1207 33.1864 54.6369 60.3502 62.4546 57.4619 64.9808 61.9629 54.1573 64.2215 71.8904 68.1687 11.5245 11.242 10.5171 14.2944 42.7727 40.4763 109.363 100.808 49.2303 47.2316 55.3064 27.3847 27.313 24.65 21.6867 20.6333 19.8932 22.9411 64.7912 65.2956 62.0828 59.31 64.225 53.6886 63.1061 56.8702 36.766 37.8878 38.8997 40.5593 52.9011 47.4932 44.1478 47.1638 29.2862 30.1105 30.1097 28.8631 63.9397 65.9127 68.6167 62.4721 47.9687 43.706 48.6545 49.1749 51.855 48.9531 57.4829 48.9671 98.4229 95.1479 104.394 97.1501 58.5928 60.2015 64.7437 58.1858 37.5021 41.8462 36.295 38.8137 59.5393 81.7037 54.5698 17.7273 17.6962 41.8634 33.7421 75.6395 7.20575 32.6106 69.3792 79.346 91.973 80.9725 79.562 52.899 13.1968 59.1693 91.3866 83.0444 20.7379 43.1848 43.2676 62.0317 51.4909 78.1663 85.7815 80.869 56.0752 61.273 64.0105 58.6787 86.966 50.3373 99.7382 25.7872 76.6153 80.3337 72.6412 18.7251
21.9649 20.0111 19.8295 21.7739 24.6681 18.9837 5.5289 5.03122 6.55999 6.69391 0 1.26414 2.55427 3.7798 6.4227 8.14357 7.91798 8.11225 12.9654 12.0017 13.6179 14.1046 21.4665 20.7865 22.8217 21.1939 13.472 16.7921 15.9711 18.4221 69.8593 70.5592 80.2612 75.0389 69.601 67.7355 62.6065 73.3614 36.1844 37.7583 33.8941 37.147 41.5784 37.8772 37.0344 37.7137 60.6502 63.6359 58.5169 59.2518 55.6231 55.2564 51.2331 56.6894 69.2732 61.7278 70.8122 59.3628 36.5667 33.4352 35.8573 30.0291 61.0193 57.1719 55.3465 51.318 61.2729 62.4432 54.9574 56.4143 77.3958 75.5995 15.7694 15.265 12.0932 12.9665 38.8836 37.8283 106.542 104.246 48.1664 49.9825 50.3151 26.0383 30.7996 24.9558 23.9274 20.65 22.4512 22.1404 63.7095 61.6516 60.9216 56.7772 56.1292 57.7299 54.9305 51.395 45.6583 41.6788 37.7614 38.6329 53.0787 54.764 51.7044 54.9881 36.1438 36.7552 34.3638 31.5968 78.4239 67.95 64.9796 64.843 44.3117 43.3599 39.9788 46.4455 53.7739 52.6763 54.168 50.6895 92.1163 92.8722 104.548 97.4954 56.7288 62.2643 55.9959 52.9193 41.4449 38.516 43.411 43.2461 59.1752 84.4155 62.0235 10.4326 10.4343 41.2961 35.7024 84.7802 3.51328 30.1607 77.7861 74.6642 82.1263 82.9669 66.9754 62.054 7.04277 63.5396 87.8971 86.1825 14.2846 50.9276 44.3116 63.421 60.4596 72.9907 90.6438 74.6203 65.6696 54.7284 71.7205 57.645 98.2824 47.5174 84.4736 24.7379 73.4688 69.07 68.0299 13.7975
24.2038 21.9774 22.6855 20.9825 27.6634 19.7767 5.50114 4.96964 6.0678 5.7018 1.26414 0 1.22121 2.66449 6.94634 6.80597 7.32737 8.98671 11.6915 12.0372 13.085 13.0076 20.1797 18.5073 19.9983 19.6846 14.1147 14.1893 14.9995 17.3773 67.7092 69.4647 80.7188 81.7893 71.2466 71.497 74.1945 75.3936 37.9371 43.7619 39.9179 40.4684 39.9251 37.3958 38.4891 33.9499 59.085 61.6517 60.8926 63.6546 49.5738 48.9998 50.1209 55.0396 68.3026 65.4013 67.6172 64.7042 33.3164 32.5054 32.159 29.7093 65.2058 55.014 53.5658 60.4779 57.8743 60.0574 56.9372 58.0214 68.3694 73.9428 12.6013 12.619 9.62562 12.2416 34.7021 37.4835 112.313 102.923 55.5226 52.0048 50.1994 23.2562 31.9686 26.1179 24.7185 24.5319 23.7081 22.839 66.1493 55.0127 62.5856 59.4529 57.9612 59.8992 54.6525 53.6835 41.0838 40.4613 39.4467 43.0754 57.7298 48.6419 51.1579 47.9321 38.6454 36.1562 38.0557 36.5174 70.6816 69.1286 77.5328 68.4015 48.4807 42.0546 45.4481 41.901 50.2016 51.8281 56.213 58.4062 89.447 106.163 96.13 105.883 62.2988 64.7079 56.3712 59.928 38.4446 39.4752 45.5202 43.3219 66.132 78.1802 63.5794 11.4261 10.8922 47.3533 33.929 82.2759 2.4338 29.8987 71.6612 76.3637 89.5547 90.1415 68.919 60.6708 8.84142 63.1973 91.6974 94.6332 13.0547 48.3411 45.444 65.2085 57.3341 80.1865 84.0026 90.0747 58.8088 58.8066 69.9994 64.2122 89.4937 55.4325 101.259 27.0494 71.0085 75.9405 73.0294 16.8309
22.7249 24.4786 22.9711 19.6374 27.9456 21.7375 5.79948 5.00304 5.55791 5.5465 2.55427 1.22121 0 1.16912 6.70446 6.2812 7.5537 7.84508 11.2484 12.4651 12.5886 12.6184 17.2899 19.002 19.538 20.9054 14.1775 13.601 15.8418 14.923 69.7318 69.0425 74.1214 81.5324 72.0273 64.1509 62.8381 75.7987 46.5019 40.8399 39.5868 38.6909 46.7215 43.5989 43.9758 42.6297 54.0785 53.7655 58.6464 61.8748 51.7542 54.3155 50.1063 53.5725 69.7012 60.3378 66.4256 66.92 38.1158 34.974 38.3658 31.6067 65.0301 61.8832 55.0123 58.8384 53.1986 63.3337 57.324 57.2144 74.442 72.7817 12.5065 11.6572 8.89517 9.72465 41.9098 41.462 97.1621 113.315 55.4224 48.3807 52.8738 24.7842 34.8396 26.9035 22.9803 24.1421 21.8599 21.9177 64.5644 56.669 62.6866 65.8506 52.9696 54.8417 61.2751 60.2408 43.7391 43.3585 45.6298 38.8582 58.8441 47.9665 58.5349 51.8413 33.0012 32.2528 34.4555 35.5473 67.0434 65.8663 70.6158 70.2198 48.979 43.1973 44.9173 44.7349 58.0871 60.0795 55.4792 56.4285 108.235 101.405 106.611 92.4756 64.4735 67.5263 62.0642 65.5938 45.2212 43.0169 44.8841 44.9286 65.7714 81.3878 63.9097 12.2967 11.5583 47.1901 35.2705 82.4662 1.89497 30.2488 75.939 80.2361 80.7399 82.7783 73.7076 60.5524 8.50661 66.2415 86.6144 82.5174 14.6292 45.3859 41.8374 63.3775 59.3234 83.4313 80.52 87.407 61.7649 63.8407 72.888 68.803 84.6994 51.2262 103.947 25.8994 71.6912 69.3316 73.6564 17.5138
22.7815 23.0991 22.579 22.7917 28.8391 23.8452 6.17571 5.69532 5.79069 5.50586 3.7798 2.66449 1.16912 0 6.50329 6.85283 6.78173 6.80247 10.9304 11.8893 11.3443 11.5627 18.9947 17.9789 19.2654 18.2424 12.5533 13.1133 13.0837 15.1701 80.0457 76.1547 76.2574 80.9763 73.2882 70.515 67.4749 69.5252 45.6954 42.4246 41.726 39.8767 41.5299 45.5068 37.7286 42.7616 57.149 54.6611 60.4267 61.6316 51.5116 50.4581 55.2832 55.6752 69.0843 65.13 61.4387 69.0009 38.7152 40.0431 34.6706 35.675 64.5756 56.3728 56.6831 62.7447 56.488 62.9287 60.4803 59.0311 76.2421 70.3208 11.546 10.6784 8.49335 8.46485 42.5251 40.4707 114.21 106.031 53.0501 51.2238 48.6535 21.058 32.0064 27.1434 24.0721 26.1686 25.1074 24.2553 66.6593 62.1379 65.8065 60.1169 54.5898 58.8076 62.7873 53.2085 41.1826 44.5462 40.9932 43.4772 49.1326 57.28 49.7924 55.3207 33.8534 37.3707 38.2314 33.2392 66.5296 67.752 65.5866 69.7257 47.8942 46.5879 45.5083 50.4552 63.0724 51.5835 52.7595 52.1101 108.125 109.156 90.5651 103.597 62.2033 62.3786 63.1182 66.1621 47.9827 40.867 40.6377 42.3813 67.1669 87.5196 59.9793 12.6112 12.2756 42.5938 34.4947 76.1841 2.30741 34.1326 76.7668 76.2125 89.6722 79.4454 81.8144 58.9007 10.2652 69.7486 81.1711 97.2865 13.7631 48.7799 43.5589 69.9492 53.7513 73.1172 93.79 84.5161 58.727 62.1293 71.8993 61.9284 96.3279 56.846 102.528 28.9017 77.9369 70.3886 67.7398 17.6533
31.0399 27.9162 26.6383 28.4964 29.1211 25.1864 11.3647 12.7176 12.062 13.0568 6.4227 6.94634 6.70446 6.50329 0 1.22482 2.54412 3.48333 5.16132 5.70787 6.0855 6.04166 24.3064 24.1531 28.1328 26.7371 20.9952 19.0685 22.3568 22.1845 80.3614 85.5855 85.6863 86.0909 75.2677 71.819 71.0695 70.3378 42.1535 44.2587 42.5817 38.3116 42.6858 39.0727 38.717 40.0333 62.6601 63.6847 70.4826 63.8417 61.0157 64.1129 62.3541 54.7652 74.8883 67.0775 73.6996 69.3444 43.4947 38.2295 37.2316 35.2136 70.0908 61.7068 62.7929 67.5737 52.5245 62.2612 53.501 50.1478 73.7189 84.4307 15.4683 16.3856 11.0114 8.88572 33.4594 38.5991 116.562 98.2226 56.7313 56.1183 45.9687 17.5397 40.4039 29.8501 27.8038 28.0176 30.142 28.9771 65.8997 60.7333 54.8743 59.6016 62.2218 58.0535 64.1913 64.0103 48.091 52.4271 49.5966 50.9669 60.9613 64.4769 65.1229 56.9544 38.8944 42.3846 38.5598 38.269 77.2781 71.5485 77.9307 73.1087 47.6979 45.2406 42.8002 48.576 60.8715 57.9813 57.3773 59.558 96.7886 93.7525 103.928 105.558 65.2626 65.6234 63.8778 60.716 48.4667 52.0271 46.8114 49.1731 76.0796 87.6157 68.7648 5.66735 10.2888 54.4985 40.699 79.3072 5.06657 31.5933 74.2841 77.4522 93.4453 85.2271 73.8018 68.9188 9.49431 73.1116 81.4289 101.433 6.64424 47.1818 49.4455 66.9025 63.4839 88.4742 94.4878 90.8177 72.93 66.4285 85.364 60.8977 100.248 48.3231 94.6171 31.2159 76.2773 79.7247 79.7046 19.4839
30.6246 30.4806 26.0926 30.7347 34.2383 26.069 12.8215 11.4982 11.8256 11.3457 8.14357 6.80597 6.2812 6.85283 1.22482 0 1.35845 2.66035 5.27252 5.73216 5.9016 6.17805 25.9125 24.2335 24.4615 26.0332 20.1277 19.8971 20.7289 19.317 87.4183 77.3005 78.0256 87.971 72.3604 73.9975 67.9488 79.1844 42.8207 47.1606 42.2971 40.7203 42.7529 43.8235 43.9526 40.4126 65.5195 60.1184 71.1359 63.7528 63.9837 58.8771 55.1913 54.8156 80.0588 75.4662 66.1151 72.4638 41.746 40.5681 38.6522 40.2187 73.1209 67.0482 68.1268 67.3796 54.8399 53.4038 58.9946 61.2877 87.3826 82.0298 15.7984 13.5932 9.51843 8.44941 34.5629 34.7158 105.154 106.818 64.0221 57.4511 49.5346 18.0095 37.6686 28.4288 32.8225 28.7207 30.5213 29.5335 58.8172 64.9949 66.7987 56.1251 62.4215 62.7698 64.4538 56.6254 52.0602 46.72 51.7882 45.113 64.2812 53.3774 57.9599 63.3168 39.2581 41.0548 45.2985 42.8974 78.4663 74.4837 74.1508 80.5536 46.5236 46.2455 51.3507 51.4611 60.7744 55.2014 57.0013 60.0544 95.5072 102.311 102.67 106.713 61.1522 64.6876 57.9354 58.6652 48.3852 52.4868 45.3323 43.2468 72.5064 94.6417 68.7469 5.80497 12.1856 51.5746 43.0962 83.1441 4.25175 35.3473 79.7797 79.416 84.4753 89.7136 74.0615 68.4228 10.1704 69.7546 91.6538 91.2737 8.11162 56.8813 51.0006 74.4047 69.0608 82.9626 85.5672 85.0848 66.0953 67.0253 84.0014 63.8956 98.2514 51.099 99.7737 28.8399 79.5675 79.3421 76.4052 19.3525
30.8385 29.6263 29.1088 26.7816 35.0248 27.2191 13.4311 13.356 12.6365 12.0509 7.91798 7.32737 7.5537 6.78173 2.54412 1.35845 0 1.32879 5.72486 5.91408 5.64416 5.7824 22.4727 24.0922 27.3201 23.3854 19.0744 19.0185 17.7848 18.5931 82.5401 82.2524 87.794 78.0868 76.5658 70.931 75.3759 74.3117 46.0336 42.4465 39.1631 37.9294 41.5746 40.3258 42.5661 39.1261 65.2207 60.3775 58.8041 63.1058 63.1834 56.7599 64.4803 56.9771 81.4762 68.4662 80.215 66.8399 44.5334 37.4848 39.0344 41.4127 63.6149 67.1178 59.8707 62.189 59.4714 64.6812 52.0335 52.2157 84.9509 74.3563 15.379 12.401 8.25594 6.49142 37.6949 40.0938 106.282 103.642 59.774 51.2409 49.2184 17.4267 41.6388 31.8256 31.6823 30.7535 30.7849 27.2817 66.5343 69.9989 62.546 64.8845 67.5462 63.7173 63.3463 64.2932 49.0975 50.4833 45.7904 52.4208 62.1894 54.8124 65.3071 55.2278 41.7084 39.4793 42.0896 38.3174 83.9168 76.5092 81.6458 80.9733 50.8049 53.1448 44.87 49.6663 64.6019 58.0419 61.0274 62.3867 111.337 97.1424 101.602 107.444 65.4764 65.1192 67.6998 65.3465 47.4639 52.4118 49.9663 47.0811 67.7471 86.9081 60.7247 6.90887 14.0596 53.8392 44.4733 89.1925 4.7286 32.437 82.3895 86.0331 86.6022 96.3409 73.7408 64.3979 11.9268 72.6798 93.2714 89.9337 7.60278 56.3505 47.5397 70.7445 59.4682 79.1626 98.1022 83.7994 69.4489 64.7932 87.2799 69.5756 89.0964 58.3382 92.8678 33.6595 72.0328 79.6983 80.2177 22.7403
29.6767 30.0809 28.7558 28.7574 33.9173 28.1574 14.1615 14.0443 13.1565 13.0933 8.11225 8.98671 7.84508 6.80247 3.48333 2.66035 1.32879 0 6.01669 6.03972 5.48164 5.05918 26.5288 24.7535 23.7746 26.062 18.2585 20.5364 17.4248 18.6574 82.7304 88.0676 73.9989 81.936 81.2385 76.0629 71.6481 75.2445 48.891 45.987 41.6287 45.6112 50.305 43.4975 44.4019 44.4383 68.0448 68.5215 60.229 66.3572 55.0334 56.7176 62.4311 64.0334 70.9983 73.8248 69.1272 67.8226 45.7978 41.712 43.7805 41.684 74.7375 67.6369 61.5924 71.9079 65.7657 61.3996 61.5847 57.2294 87.5803 84.1863 13.067 12.5858 7.12303 5.80328 43.5626 41.1338 110.459 114.972 56.2446 57.1753 47.5517 14.5108 38.0739 28.9779 31.2213 31.1061 31.5449 31.3238 63.7242 69.9321 65.6762 58.9726 67.6381 67.9647 66.3515 66.8988 53.0162 50.2698 53.0889 50.4953 55.4962 63.3784 59.8361 58.8586 44.1556 43.1317 42.6321 40.0046 74.2921 70.2905 73.6148 70.7838 54.1779 46.5022 46.4019 52.1134 68.1647 57.0323 61.8498 59.0495 116.236 101.081 105.818 97.8164 59.8828 61.6623 68.0958 60.097 52.445 48.6765 52.1842 48.6147 72.2847 80.5552 66.7559 7.80083 13.3575 48.7683 45.9496 77.0003 6.23376 35.8505 83.5519 89.4412 87.1818 88.9408 74.2173 67.7425 12.1235 75.2101 89.9619 102.455 7.91808 55.7698 48.6579 73.9042 63.4014 77.2155 87.5357 90.8743 74.2626 62.1455 86.1064 68.5059 99.7066 58.0617 107.068 32.7175 76.0612 86.6659 84.4595 20.1598
32.3161 36.6385 31.141 33.6499 34.4465 31.9806 15.9836 18.3431 16.1613 15.6904 12.9654 11.6915 11.2484 10.9304 5.16132 5.27252 5.72486 6.01669 0 1.16913 2.47584 4.02222 32.0537 33.0715 29.0578 29.1497 25.4306 24.0522 23.6509 27.3375 84.3496 80.1122 92.2368 85.6082 77.7792 88.4972 85.4945 83.32 40.8114 39.5503 39.1187 40.1839 40.8542 38.7486 42.9689 40.9036 77.177 71.4972 68.446 63.8145 62.8501 69.9782 61.3318 60.2696 85.5657 74.7371 84.7839 75.3843 46.7294 45.7347 41.3965 42.7033 70.0934 63.3498 67.0917 72.8496 50.8476 52.9666 50.9485 48.9811 90.2062 82.6891 19.4929 20.1063 13.9401 11.3758 36.3704 32.2022 120.762 106.81 57.4586 66.5313 52.1777 16.9627 39.5882 30.3461 31.45 29.5177 35.8098 29.9391 57.4984 59.7338 59.7257 61.7742 66.1009 59.6433 66.5925 63.0449 49.6406 48.2236 50.9516 50.9191 61.7362 62.6796 63.0694 69.0921 48.5658 44.5276 46.5906 48.4006 88.2388 85.832 82.2843 86.7344 51.2954 49.7526 47.4624 43.2524 57.8558 64.3013 67.7793 64.1434 110.031 99.2252 106.945 99.4901 57.8666 55.9396 62.3989 59.2816 53.8621 51.6852 48.6451 52.5899 72.0997 81.7352 71.0524 1.68196 11.8868 55.5724 46.2895 86.5291 9.50879 35.0404 83.9804 95.6515 94.5164 88.6108 71.6854 72.0939 11.7351 76.2009 88.3037 93.649 2.41976 50.7111 50.9832 71.9035 61.5227 81.8968 98.1715 82.6661 67.7296 63.3802 88.7781 64.4059 93.9414 56.2738 104.179 33.3952 72.5602 75.8278 82.2809 22.2133
38.3128 33.5436 33.2958 32.1091 38.3571 29.9158 16.7512 18.5357 17.5375 17.0475 12.0017 12.0372 12.4651 11.8893 5.70787 5.73216 5.91408 6.03972 1.16913 0 1.20733 2.29762 28.2443 29.8833 30.7868 33.6963 25.0476 26.2378 26.352 23.597 81.7927 94.8791 83.0059 82.7688 75.1778 79.0244 81.3677 79.9922 44.3295 41.8703 46.2143 45.4137 43.5576 45.8918 42.8535 41.4031 65.9787 72.247 69.6873 68.0601 59.9354 59.3762 66.0357 67.4449 74.5993 69.2198 80.8345 68.5711 43.4807 43.8255 45.7645 46.4569 75.5908 63.355 66.5677 66.0491 59.43 59.8437 59.9258 51.8474 94.9152 87.9165 21.5988 18.3372 12.3203 11.4932 33.8955 34.5473 119.468 119.384 68.3021 58.1622 51.2776 13.6177 46.339 35.8095 36.5881 35.4239 34.4742 31.8236 59.2974 57.3635 60.8438 64.001 64.0078 58.146 55.8633 66.5584 57.2553 54.5758 52.3282 55.1896 64.0139 59.3816 70.5007 60.197 50.1039 43.6953 49.6468 42.3925 83.7725 74.7321 82.887 89.2417 46.5787 51.1205 52.1855 48.5421 61.1195 67.2112 60.279 61.4409 107.722 104.266 97.8953 113.616 68.9444 65.5776 62.4153 61.0437 48.7449 54.1586 58.1074 48.2581 73.1261 98.0848 69.725 2.76725 13.2754 54.6931 51.2195 87.9241 10.9205 33.5389 71.7527 92.6011 94.4598 93.5659 77.1006 73.3751 13.8928 73.6423 93.6535 94.6367 2.96443 51.7782 54.9849 67.0224 67.34 79.5294 88.6171 94.5378 67.3558 60.6488 82.0059 66.947 97.5528 48.7235 110.61 36.6346 85.6196 79.9121 82.0889 21.415
32.7992 32.7926 32.8504 33.0699 39.8327 35.61 18.2933 18.6088 17.1235 17.041 13.6179 13.085 12.5886 11.3443 6.0855 5.9016 5.64416 5.48164 2.47584 1.20733 0 1.16043 27.8371 31.6736 31.656 30.1529 25.6027 24.8384 25.2666 25.8008 82.4774 78.8232 88.7971 94.6848 82.7302 78.4434 75.9253 86.0957 51.6195 44.5188 48.6867 40.4902 45.8018 40.7761 41.4913 41.2769 65.3859 76.3196 69.5351 67.4206 60.9433 65.6198 64.6996 70.0211 80.0264 73.5275 81.9007 78.6765 46.1815 43.5348 46.6503 40.3975 75.5992 64.6072 75.8559 69.6887 59.5952 55.0266 61.6852 53.409 90.4769 92.1842 18.3119 16.8983 11.4275 10.0634 40.4854 35.7826 121.744 123.652 66.7648 61.4402 47.5681 13.2082 41.871 30.9756 37.3795 33.2087 32.5999 35.4645 66.1981 67.3549 59.4189 64.4681 61.0946 60.8567 67.8888 58.1396 53.6864 50.1834 52.1835 56.9326 61.2599 70.3698 68.8533 61.0147 48.3647 49.7528 47.3178 46.4279 86.1172 80.0872 90.8568 80.2351 51.5113 50.8736 46.2599 47.5535 60.3817 65.745 69.0831 59.0874 113.672 105.063 114.884 97.0804 61.6691 60.3575 68.8622 68.6318 50.2801 54.2996 49.2881 55.2605 79.6964 100.38 73.4092 4.12234 13.9171 55.3547 48.549 83.257 11.0006 33.1886 82.2789 81.3141 102.644 100.981 78.2161 69.0982 14.5973 77.8532 98.6422 109.161 4.53913 60.5635 58.0993 68.3099 66.5122 83.5705 93.669 85.1667 77.1802 74.4179 84.9411 75.7308 97.0122 53.7574 112.615 34.7304 74.9293 75.6274 82.9103 24.4176
34.9243 31.9789 33.6883 36.2171 34.7753 31.858 20.0873 19.7152 18.1214 18.5007 14.1046 13.0076 12.6184 11.5627 6.04166 6.17805 5.7824 5.05918 4.02222 2.29762 1.16043 0 26.9411 30.1933 29.177 30.2767 21.8883 24.4607 26.2838 23.3144 86.7122 89.856 84.5135 79.7693 79.3367 83.2364 81.2878 85.6263 51.461 47.2776 42.6159 44.0134 48.4111 44.6426 42.391 40.7567 73.8256 70.9421 68.6811 75.1491 59.6579 70.7064 64.4318 63.1184 77.2892 73.2639 73.0097 76.131 49.8282 46.4601 49.6482 44.2582 76.6192 65.8992 73.1295 68.2985 54.7884 61.6546 52.5418 57.6947 93.709 89.147 19.0819 17.2441 11.5979 9.55738 38.0628 36.8694 113.23 123.675 67.5406 61.3058 48.9439 13.3378 42.1756 35.6115 33.8811 34.1226 32.4728 33.9902 69.4716 61.639 70.8733 65.3109 69.1654 64.983 59.8344 64.9422 57.165 54.284 50.4546 57.2761 66.3747 62.9702 64.1441 63.831 45.3673 49.5305 51.9767 50.2263 87.6782 79.7938 88.394 84.8556 55.3711 49.6548 48.172 49.9515 60.1771 61.3742 65.795 68.1163 119.649 108.97 107.975 99.1805 65.0895 68.4939 58.3714 61.1858 56.6186 53.2045 59.8379 48.9112 81.1519 99.8266 75.7359 5.1712 16.2969 54.7213 51.6727 93.1256 10.5432 34.6766 88.6176 96.446 90.456 92.5245 77.0295 70.9474 14.642 80.1186 92.2318 95.5444 5.40923 57.614 59.3423 65.5748 76.3458 90.79 98.1831 97.2539 70.9628 70.6847 82.5504 80.0533 104.259 55.8275 114.791 37.7095 89.078 82.4593 82.8109 22.4537
16.3164 16.3998 16.6665 15.4189 18.1583 17.18 14.0697 14.3374 14.3225 12.4755 21.4665 20.1797 17.2899 18.9947 24.3064 25.9125 22.4727 26.5288 32.0537 28.2443 27.8371 26.9411 0 1.38875 2.40787 4.0067 5.87808 5.64824 6.13423 6.82392 60.8556 57.7005 57.7747 52.0704 51.6693 56.3372 55.978 54.2736 46.4795 44.9287 45.9093 45.1281 58.0467 46.774 47.4193 47.6028 40.876 37.8936 38.7284 42.0761 39.2194 37.4517 38.1149 34.6159 57.0134 48.2878 49.3044 50.9159 34.0036 33.9771 34.2313 35.709 65.6109 53.7746 54.8548 60.7458 78.0462 69.4128 72.5654 73.2423 63.2175 61.5283 14.2291 15.6486 18.4077 24.9687 50.2263 58.1623 102.633 99.565 39.7057 35.8502 54.6597 35.2754 18.9181 26.9732 28.0421 23.409 24.9432 23.8396 76.3365 76.6349 69.1597 66.6329 65.6728 59.0825 67.3114 69.4266 36.8309 36.022 33.995 34.2597 38.4357 35.7204 34.2091 35.6949 23.5231 20.5823 20.3272 20.8741 51.6189 50.887 49.3948 48.2111 47.775 57.6032 52.2928 49.0988 50.4531 49.2089 55.4237 50.8315 95.0012 92.0215 101.919 96.7285 70.3761 70.1037 72.8949 67.9605 40.6633 37.8778 40.2196 38.9779 54.9231 73.1923 43.389 32.7877 27.3626 28.6078 25.9723 62.9656 21.399 45.8676 81.6821 64.7617 84.5422 86.3038 84.4349 56.2389 24.7314 58.481 89.0683 78.6496 34.421 50.2847 42.4105 78.5836 40.078 71.7924 75.6375 82.8878 48.3014 65.208 59.6333 68.8059 89.1282 64.6172 92.6287 35.8888 89.5069 88.8461 66.5964 30.3591
18.6891 18.3179 15.7859 15.7533 21.3736 18.9514 15.0656 16.4484 12.9235 14.9411 20.7865 18.5073 19.002 17.9789 24.1531 24.2335 24.0922 24.7535 33.0715 29.8833 31.6736 30.1933 1.38875 0 1.1632 2.76228 5.50348 5.75439 5.26791 5.92514 62.2102 55.3163 61.8955 52.2434 51.3429 48.9438 52.985 56.463 49.7783 46.7094 54.1372 46.2782 58.3951 49.1974 53.9649 49.5374 42.3154 45.0147 38.7971 37.2097 38.9501 34.9326 33.1723 35.3297 57.1772 57.0136 55.2029 48.4678 35.5878 34.2353 36.83 33.1059 64.4869 61.7398 56.5654 61.8616 74.3007 69.1451 70.0455 74.0027 62.9286 60.5738 14.214 14.602 18.8578 23.1199 50.4483 50.4415 103.987 102.735 35.51 32.8383 56.3859 37.6806 21.7821 29.0937 27.8322 27.1289 23.8608 23.8867 75.9437 77.9886 72.6164 74.3619 66.5659 72.1225 63.5574 58.7247 34.587 35.3755 33.6799 32.0889 37.9285 40.3189 36.1436 33.3512 23.7657 20.229 23.4483 19.7605 54.8768 50.9581 55.8107 53.9359 56.3107 55.9916 49.2776 53.6116 51.3199 57.3157 53.9086 54.1365 92.6314 100.911 93.7702 94.9324 65.1642 72.9001 67.6187 76.6453 41.3821 38.7189 39.6622 41.0008 56.1855 81.0836 46.9683 30.1604 30.9891 30.0829 27.882 71.0498 21.8774 43.0914 73.9477 61.9014 85.3327 77.9929 87.0769 52.5691 26.4542 60.1984 83.3518 91.9503 34.7 51.7969 50.6684 79.4429 47.4568 76.4544 79.3976 76.492 45.0092 55.5574 59.823 62.1988 97.961 70.264 85.4962 32.8881 85.0817 80.2468 71.0224 29.7911
17.1461 18.8576 16.9173 18.1248 22.2621 18.5717 18.2189 17.2992 15.1441 15.414 22.8217 19.9983 19.538 19.2654 28.1328 24.4615 27.3201 23.7746 29.0578 30.7868 31.656 29.177 2.40787 1.1632 0 1.22329 6.35372 5.04294 5.60578 5.87068 52.5643 60.27 51.5562 53.4437 51.9998 53.9609 51.9551 50.8369 52.7149 53.82 50.4516 52.6935 59.5811 56.3632 52.7797 47.2024 39.8395 39.969 43.4274 44.9175 40.5437 34.2667 34.9452 32.8243 55.6627 51.6194 49.8503 47.3893 40.7642 35.9089 33.6958 37.3219 68.5125 64.2772 60.0463 63.7299 77.3508 73.0195 65.246 66.7895 55.1689 51.8592 13.9529 16.0742 19.8029 22.0341 54.2638 52.264 93.6448 97.8373 38.0748 39.6962 57.8589 37.5441 19.8044 31.6522 27.1532 26.0996 28.8406 24.9129 69.3958 74.8184 73.3735 72.8232 62.5567 72.7232 72.0607 68.8609 40.4352 39.8758 39.6735 39.3288 41.2097 41.1024 40.8889 40.1111 21.4556 22.6845 21.1879 22.4327 49.5369 57.0781 58.0371 54.7496 52.5231 59.7988 52.85 54.0324 61.4115 53.3685 50.5379 58.2767 101.897 104.892 98.5344 100.151 74.9187 77.2313 70.5736 69.3151 37.2943 42.586 35.7738 37.4819 60.5131 69.8226 52.7442 29.2618 29.5922 27.48 25.5888 61.6329 19.8473 51.1502 79.1286 72.7263 79.7291 79.6995 95.8651 53.4149 29.6873 56.477 83.6402 77.6119 31.7435 51.0895 48.6665 84.3056 50.2331 77.8228 88.2341 80.9026 50.8536 63.2958 61.8965 70.7879 86.6961 67.8174 96.0205 40.7591 88.5341 89.7805 70.5804 29.4729
18.9981 21.0768 20.9947 21.0952 19.8345 21.2177 17.6562 16.1416 16.0479 14.6391 21.1939 19.6846 20.9054 18.2424 26.7371 26.0332 23.3854 26.062 29.1497 33.6963 30.1529 30.2767 4.0067 2.76228 1.22329 0 6.11839 5.94364 5.60687 5.82174 56.4587 58.2189 52.6027 59.2048 55.1434 51.8307 52.8769 56.3859 50.4504 54.3253 56.2642 52.1399 57.7344 58.1141 55.9662 47.6644 43.6188 45.9483 41.5316 41.5141 34.1781 40.6272 37.9241 38.7586 55.2669 53.1003 57.974 57.2812 39.3864 40.0221 37.6196 39.8755 67.5337 60.394 62.4976 62.2671 67.5213 77.4189 73.9266 80.337 56.2611 54.9023 13.0157 15.1208 20.419 22.5771 50.4652 60.12 109.712 94.6516 40.2539 41.0669 62.6926 33.7151 22.7981 34.8691 32.1925 27.7441 29.6929 31.0759 72.2818 72.3212 73.8175 77.5954 65.1615 64.4104 73.932 70.5699 39.9283 35.6918 38.4767 39.2357 38.9304 40.2866 35.7523 36.2774 25.2668 22.3158 22.3615 22.3218 57.7758 55.6695 53.0607 53.425 52.007 51.2382 54.1982 50.6962 60.7969 63.1703 53.2799 57.5797 104.171 89.0558 88.1135 86.7934 78.6499 67.112 67.4402 72.9877 40.274 41.1347 37.8826 40.8372 58.5892 71.716 45.5505 33.761 28.2323 27.3681 27.5304 68.3673 21.9601 51.3185 83.4848 63.8541 93.1892 88.4193 98.6945 62.6215 26.3249 61.7236 99.939 78.9416 30.2973 52.4668 46.512 80.733 43.3127 79.5917 80.6296 91.0769 47.9564 57.99 66.0771 67.9562 86.7766 65.1826 86.274 38.4056 83.4611 89.5268 71.8903 28.9785
18.364 16.5703 17.5766 18.2157 22.1412 19.2939 10.8801 10.9139 9.96431 8.19043 13.472 14.1147 14.1775 12.5533 20.9952 20.1277 19.0744 18.2585 25.4306 25.0476 25.6027 21.8883 5.87808 5.50348 6.35372 6.11839 0 1.35419 2.67042 3.56203 60.5733 63.401 56.1571 63.3845 56.7852 53.2632 57.6552 61.0541 54.1147 48.5002 49.9024 47.4722 50.9675 47.8137 45.7177 44.4896 49.6686 49.9882 42.36 49.717 42.051 39.7075 39.126 42.5538 61.9408 51.4247 58.0447 60.0379 39.9398 36.26 37.5831 35.8167 62.3448 61.4477 56.4769 55.3373 65.0241 71.8486 62.6464 68.2006 70.1683 57.9773 9.07363 11.8781 14.3227 18.9114 47.0014 50.121 106.181 98.815 41.6314 41.3623 62.269 31.9226 22.2844 30.9909 25.953 24.6315 24.2022 27.1477 75.1034 74.3001 73.7286 67.397 65.244 65.9731 59.3133 63.3186 39.5796 39.8017 37.4856 35.6482 43.5282 42.4067 42.3704 37.7166 25.3942 27.315 26.9801 27.0401 61.3743 62.5326 54.8749 59.1152 54.292 55.75 52.0707 55.0308 53.9851 58.2959 60.2827 51.4868 102.814 89.5516 94.8563 94.4118 71.0438 62.7811 72.3202 66.891 39.4775 37.0935 38.4566 35.5138 60.5738 84.3494 48.3542 26.4444 25.7513 35.2004 26.4284 74.2007 15.2978 41.3984 70.7779 66.2815 81.6736 78.3538 81.4511 57.2471 20.6974 57.1028 81.4266 94.781 26.0799 50.8421 45.0051 75.2938 48.2482 80.4422 76.4104 77.7219 54.7922 61.1461 58.1615 60.17 84.3565 67.749 86.0994 33.9861 84.9717 84.3881 62.8147 27.925
19.643 18.8734 19.6829 18.4943 22.2002 20.0759 12.302 11.6835 9.89206 8.42148 16.7921 14.1893 13.601 13.1133 19.0685 19.8971 19.0185 20.5364 24.0522 26.2378 24.8384 24.4607 5.64824 5.75439 5.04294 5.94364 1.35419 0 1.28839 2.33186 57.4679 56.7686 63.3892 57.5288 59.113 57.1667 60.2653 60.9132 48.1002 51.6542 52.6178 47.9388 55.6542 50.1472 48.5812 45.3914 50.4497 50.5741 49.1205 50.2373 38.891 41.3941 44.3951 44.3685 57.5998 55.5994 55.48 55.4991 40.3437 35.7421 33.0394 33.8906 62.2062 56.2125 57.907 57.1978 76.465 71.7943 68.5293 74.0025 68.484 61.2593 8.4092 11.1942 14.3501 17.0192 50.9209 56.3803 97.4077 109.28 47.068 37.5899 53.4581 30.696 25.6891 30.1694 27.9069 27.9447 25.1284 26.8667 64.6309 64.9783 65.972 71.9601 67.3092 64.666 66.1107 69.8128 37.3099 42.5892 38.811 40.5843 39.7409 38.61 45.2301 38.003 24.3276 27.646 28.4201 27.2006 56.8921 54.0262 58.1636 52.946 53.432 56.2242 48.1646 52.4931 52.0297 52.023 54.9156 55.5249 103.009 94.5712 105.757 103.721 65.5909 74.9615 67.3959 76.4933 44.1817 37.5609 40.8756 41.3991 63.0192 80.2328 50.679 26.6388 24.7728 33.3546 28.8153 74.2823 17.183 47.377 73.855 72.8653 78.7709 86.2918 87.9793 63.2708 20.4492 65.2821 93.056 94.0185 26.8089 55.107 47.1682 75.8415 53.4689 81.6091 89.9145 88.5838 47.4185 60.4561 68.6445 61.5123 99.1244 61.8789 91.3588 37.8549 84.962 89.951 72.9671 28.0133
20.1233 19.7988 19.8718 21.0692 22.5201 21.5818 13.7823 11.3243 10.2972 9.44239 15.9711 14.9995 15.8418 13.0837 22.3568 20.7289 17.7848 17.4248 23.6509 26.352 25.2666 26.2838 6.13423 5.26791 5.60578 5.60687 2.67042 1.28839 0 1.32785 59.0475 60.8909 57.1931 57.7302 55.163 62.5772 60.4231 55.8691 54.5456 47.8611 50.9511 47.8136 48.4784 51.6404 47.8382 51.9329 45.0622 49.6443 44.2296 50.1083 40.3363 39.0014 45.6094 44.0892 58.2896 53.669 61.9996 54.1929 38.4061 40.9286 38.1148 35.238 59.1922 62.9702 64.2871 61.098 65.1424 74.1776 72.6183 66.4864 65.6351 64.8733 7.14033 9.08585 13.5572 17.1339 48.8815 52.625 112.543 113.039 47.1947 41.6177 56.6679 28.3415 22.4038 28.9854 27.6299 29.5098 25.5915 27.3997 76.8874 77.0988 68.7092 72.9324 67.2618 73.2153 64.2277 68.6133 39.768 38.9039 41.746 36.7315 47.125 43.8884 41.4402 38.7927 25.5829 27.4636 24.8941 25.746 55.2469 60.9622 60.1703 61.8865 54.4967 56.9362 48.2795 51.4163 63.1496 57.6512 54.7611 57.7487 94.4013 90.0378 107.541 101.305 78.7728 76.0945 77.3906 67.9721 43.7108 39.106 40.9383 37.3581 59.1141 83.3358 50.8217 23.5832 25.3235 35.7241 33.0767 65.2096 17.0036 43.891 74.4137 67.945 86.7013 96.3716 88.3333 56.765 21.7244 59.2669 87.3527 95.7824 27.594 49.5921 47.0192 71.8685 48.7343 82.0438 84.5524 94.5879 53.345 67.7493 60.2476 64.0038 88.2838 59.8882 97.4569 38.8131 87.3651 88.0199 66.2317 27.1974
21.4898 22.0408 19.1203 21.0633 21.8349 21.9375 15.5108 14.2098 12.2617 11.0579 18.4221 17.3773 14.923 15.1701 22.1845 19.317 18.5931 18.6574 27.3375 23.597 25.8008 23.3144 6.82392 5.92514 5.87068 5.82174 3.56203 2.33186 1.32785 0 57.2555 57.0365 66.1584 56.55 54.5789 56.6488 60.2579 57.2181 58.1342 53.2878 51.2724 49.7575 51.1481 48.7962 54.6039 49.4306 51.0641 43.0286 49.0426 45.5019 44.4316 43.8672 44.6611 42.1279 55.9546 58.2311 58.1831 60.9632 37.2198 36.7866 40.0336 36.6061 66.0067 65.4589 65.246 59.4904 66.807 80.745 69.5548 73.9409 63.3305 62.8896 7.93153 9.4579 15.5701 17.4024 54.0443 48.6427 108.498 95.7285 43.0426 38.7562 59.7122 27.9822 27.8213 30.91 32.0139 27.9095 27.5043 26.5978 78.3715 67.7745 74.0868 73.4775 63.4341 72.1413 72.3919 68.7419 44.2605 44.2623 41.5078 43.6422 45.9605 40.0497 45.2726 41.0271 26.3738 26.7979 26.8171 26.7844 55.48 57.3744 57.2035 57.1663 59.0046 57.9402 51.8205 52.9113 61.865 57.1262 54.7436 59.208 93.3365 104.557 91.524 93.8115 75.9578 79.241 74.2617 79.3343 41.3141 45.2876 40.6018 41.4773 56.086 76.3254 56.5581 28.0116 26.1795 36.3483 28.532 68.3873 18.508 46.3911 90.1706 75.9919 85.3969 84.1262 80.9473 57.5422 25.391 58.4609 101.443 84.1805 26.8902 48.092 46.6764 74.9312 46.0382 84.0614 82.9647 96.835 49.747 67.0468 62.9473 67.4314 85.6206 61.1143 98.9414 37.4202 86.6301 93.0148 66.1736 30.1039
52.8818 58.986 54.8742 58.7817 57.4771 59.1792 65.4839 74.5744 65.2235 66.0887 69.8593 67.7092 69.7318 80.0457 80.3614 87.4183 82.5401 82.7304 84.3496 81.7927 82.4774 86.7122 60.8556 62.2102 52.5643 56.4587 60.5733 57.4679 59.0475 57.2555 0 1.37776 2.73939 3.94364 5.35368 5.57103 6.41068 6.13294 86.4919 90.088 79.9282 74.5 81.1289 86.5355 89.5251 80.5108 15.9608 15.9709 15.429 16.6686 23.1502 21.8624 21.3476 20.0085 24.8926 23.2198 21.2129 21.3758 59.2233 64.3356 52.7346 59.5676 64.0358 70.1997 65.6303 62.6971 107.356 111.586 108.49 116.18 12.9825 12.3295 65.9251 68.6986 83.2904 75.7196 92.6152 102.158 74.6228 77.4074 29.1072 27.5914 87.5721 86.1333 45.0413 64.5385 68.5348 59.8095 67.504 58.7715 90.4788 88.3652 100.783 92.4989 90.2105 90.2495 88.9007 87.5238 45.607 49.4348 43.2883 41.5141 20.5111 25.0145 20.159 23.647 37.9044 42.9432 37.044 40.2817 5.18551 5.91006 6.02258 7.66812 88.3708 79.6217 77.5783 75.6932 58.4896 66.5021 60.8356 64.1788 79.539 82.1196 74.6694 70.9898 107.574 104.27 102.382 98.5462 50.1275 50.1109 50.1443 53.5985 33.9001 55.3523 28.1018 93.1189 85.6265 27.6233 47.1292 25.629 78.5996 92.6706 92.0664 33.7649 65.645 93.6323 118.465 64.9469 74.3208 43.3191 92.8177 63.3262 86.6264 64.9497 64.7629 104.732 29.2524 73.6206 67.0248 74.5447 11.3519 74.2085 20.1996 70.2179 83.5412 97.8351 80.881 72.6693 95.3366 111.401 55.6286 78.6901
54.0191 55.6065 58.234 52.0385 54.8693 52.9931 63.1981 62.61 69.9964 68.9638 70.5592 69.4647 69.0425 76.1547 85.5855 77.3005 82.2524 88.0676 80.1122 94.8791 78.8232 89.856 57.7005 55.3163 60.27 58.2189 63.401 56.7686 60.8909 57.0365 1.37776 0 1.16883 2.69765 5.14863 5.37441 5.98037 6.46319 87.0219 88.4998 88.0391 74.4098 89.6199 86.2826 81.1806 83.8265 16.2479 16.073 15.4344 16.4179 20.6808 23.0627 19.6331 22.0882 22.6542 27.5531 20.0287 25.233 64.8624 67.4864 62.3467 66.3618 62.8086 67.1467 58.1205 64.0026 111.858 117.182 102.858 111.745 15.0376 15.036 67.7736 77.1435 72.8728 74.7912 89.984 103.336 69.3424 73.8229 25.3149 30.8162 89.3815 93.1116 43.5054 74.2163 62.7757 68.4694 63.7086 63.6188 92.5424 103.332 96.4419 101.838 85.5587 82.7954 94.0219 81.9985 51.0339 48.9599 49.5377 44.9384 23.4131 22.0317 21.1618 22.3656 42.0301 41.1694 43.0189 38.9343 4.49725 5.72218 5.16502 6.51876 85.1519 85.372 75.1282 86.1291 61.6777 69.4025 56.4309 59.704 84.4621 73.0628 83.7723 81.502 94.9541 91.4603 92.0941 106.108 51.2104 48.788 53.3296 46.626 35.0801 60.9709 27.9431 93.2087 85.701 27.4275 48.9423 26.4615 79.5726 89.1336 89.4886 36.2846 76.0396 91.318 130.672 61.6812 85.3019 52.4945 89.25 62.9125 82.6803 68.2805 74.1027 100.469 30.6703 73.8631 70.6045 83.4513 12.4302 73.2329 22.8049 78.7894 76.0513 102.854 78.5206 74.3707 109.556 102.086 48.7509 76.365
49.5747 57.1381 54.7981 53.2174 48.323 59.1708 66.8002 69.1537 71.6512 72.9553 80.2612 80.7188 74.1214 76.2574 85.6863 78.0256 87.794 73.9989 92.2368 83.0059 88.7971 84.5135 57.7747 61.8955 51.5562 52.6027 56.1571 63.3892 57.1931 66.1584 2.73939 1.16883 0 1.31575 5.66063 5.87844 5.3499 5.67861 76.4953 87.7603 75.7105 81.7018 93.4734 92.7129 88.6775 93.6321 15.6629 15.784 15.3027 15.4525 23.7646 21.5365 19.8867 20.8017 23.2071 28.2067 22.7801 23.8989 61.0477 57.6461 63.0635 60.413 60.315 66.7039 58.6361 65.1776 98.0981 114.492 108.388 103.052 15.3978 16.1547 64.9107 70.5182 70.321 85.5934 103.656 103.98 72.7798 80.4129 28.7692 29.2612 103.511 89.086 48.0704 73.9054 68.6351 68.7305 66.9146 61.7961 102.303 89.737 101.389 104.124 87.9633 89.214 92.0528 95.0223 45.042 47.604 47.7214 47.1455 23.8167 22.7682 21.5446 22.8419 42.7565 44.8434 40.5762 41.223 3.55938 4.42048 4.55223 4.84577 75.7758 80.4713 76.0737 76.4257 59.4731 65.5461 56.8825 69.0261 83.1959 86.9878 85.4111 71.6409 93.5138 94.9621 90.0852 94.3295 47.0562 47.3586 51.5306 47.5676 42.1584 66.2018 26.5286 82.119 75.0778 32.8545 45.4236 29.2928 69.952 90.2828 98.337 36.5262 74.6834 95.957 113.322 60.9711 82.8247 48.7094 93.7801 70.5573 96.4854 59.8515 66.0541 103.991 28.8697 68.8084 71.0219 81.706 13.2041 77.3593 20.7483 78.6161 82.4401 104.989 80.2528 74.8207 112.766 109.025 55.2996 73.012
58.5381 49.4243 59.1851 57.7162 56.7354 54.303 64.3451 64.473 74.3532 66.3331 75.0389 81.7893 81.5324 80.9763 86.0909 87.971 78.0868 81.936 85.6082 82.7688 94.6848 79.7693 52.0704 52.2434 53.4437 59.2048 63.3845 57.5288 57.7302 56.55 3.94364 2.69765 1.31575 0 6.8228 6.10787 5.97321 5.81498 85.4917 82.0467 79.6149 81.5259 96.3432 80.419 84.6463 90.7032 18.2158 17.1464 17.2801 17.2738 24.0767 23.4675 22.6119 20.0983 27.6422 28.8494 24.623 24.8722 67.0947 61.421 55.2688 60.9711 70.4681 63.3962 66.4116 68.5551 98.9727 109.078 113.917 104.249 17.0233 18.1591 70.6115 75.103 73.8549 81.1737 99.6577 93.5942 82.9053 77.4145 27.3781 30.558 89.9221 82.9568 40.1214 73.5432 67.6891 69.319 61.3799 69.4159 96.7663 106.992 98.7531 99.0121 89.8133 89.6766 88.3891 97.7283 47.1306 53.3511 45.456 49.9603 23.998 24.6693 22.8802 22.9589 41.2348 45.5691 41.1889 43.1404 3.42264 4.09446 3.73797 4.26254 77.8149 79.3402 87.2039 77.293 60.5694 71.2284 57.8421 65.2561 87.714 80.3111 79.9652 82.3929 106.566 105.89 104.588 93.612 56.8218 55.2497 48.3023 55.8674 37.3499 66.2469 31.2104 81.5163 81.4138 33.2619 47.2456 27.2142 82.8087 96.4409 102.616 43.4726 75.8638 91.2904 115.475 66.9802 77.42 47.59 96.4243 66.3691 91.3005 71.6043 62.962 95.5458 30.3163 72.6007 79.0822 92.9343 13.2631 75.3864 22.9617 80.8909 84.6647 98.4517 90.3083 70.6091 111.39 105.244 59.6667 72.8148
46.8056 51.5903 45.6114 52.8124 44.8808 52.0605 60.9509 67.0015 64.0153 69.1891 69.601 71.2466 72.0273 73.2882 75.2677 72.3604 76.5658 81.2385 77.7792 75.1778 82.7302 79.3367 51.6693 51.3429 51.9998 55.1434 56.7852 59.113 55.163 54.5789 5.35368 5.14863 5.66063 6.8228 0 1.3226 2.57229 3.84657 78.757 83.6804 70.2157 83.084 77.8665 86.2233 76.4843 82.0293 10.1059 10.0183 10.1584 11.7376 14.7297 15.117 15.7981 14.9885 21.7233 20.6607 18.8773 19.3423 50.9121 55.5781 57.517 57.6254 55.2037 60.7858 63.1913 57.4402 95.8624 107.529 102.19 96.7596 13.6887 13.3062 61.6593 73.0805 67.0011 79.2199 89.1881 87.9245 75.798 70.9134 23.4051 24.2402 97.3965 82.8803 38.8465 57.8043 53.1994 63.5906 57.3813 60.3471 90.2186 96.4726 85.4836 101.441 89.3087 78.7843 78.3474 78.6068 40.1684 42.4398 43.5938 41.9958 18.2286 18.5704 16.821 17.164 34.4175 37.5247 37.2452 35.4564 5.36274 5.14413 6.00997 5.57358 77.648 78.0821 75.1893 83.3201 52.8652 64.692 57.3557 61.511 78.2245 70.7191 74.1698 76.4412 96.6097 102.838 96.5657 96.0149 45.3299 43.307 41.7533 45.2417 31.1357 61.5688 22.777 75.3911 75.1702 25.4416 40.0581 26.9313 73.7486 79.872 80.94 32.4744 66.0734 92.5757 113.786 55.82 68.0942 42.8092 85.2886 67.049 87.2586 60.6297 57.0406 98.2743 26.4109 62.6371 65.6194 81.2942 7.37616 61.7925 19.7204 63.9376 82.3662 105.264 82.7092 66.2116 95.9316 89.9108 52.3692 65.9016
46.1651 47.6697 50.6233 51.3494 51.9668 53.8744 68.4597 65.8845 65.4878 57.6669 67.7355 71.497 64.1509 70.515 71.819 73.9975 70.931 76.0629 88.4972 79.0244 78.4434 83.2364 56.3372 48.9438 53.9609 51.8307 53.2632 57.1667 62.5772 56.6488 5.57103 5.37441 5.87844 6.10787 1.3226 0 1.2026 2.69611 78.7853 75.3576 84.9321 84.7432 81.7939 77.5591 78.6142 87.6073 11.5459 11.2585 10.2076 11.2585 15.0466 15.0141 14.7441 15.918 22.0819 24.7477 21.5997 21.9371 61.1313 55.1928 56.1945 58.3139 67.6314 60.7505 58.1684 61.5883 94.5006 106.467 103.779 110.944 14.7839 14.8371 65.5186 66.3488 66.1438 67.3721 85.3062 91.073 73.2034 69.0095 22.4106 24.9688 96.763 78.963 35.0675 62.5203 56.0346 63.7745 53.6509 60.4681 94.9446 94.0635 95.6195 95.8348 85.9902 76.7298 81.1023 80.4487 39.7214 45.0637 45.5878 44.4283 18.6343 19.9489 16.1104 17.5892 33.1338 36.7873 37.404 36.4951 4.31333 3.76549 5.41205 4.57743 70.601 71.5693 73.6601 80.5301 56.8245 58.28 54.4384 62.5453 84.4775 77.6801 77.0313 81.7941 97.1706 102.85 101.423 91.5973 45.4092 48.653 49.5566 47.5319 38.642 58.8028 22.9842 83.9512 72.3063 26.7295 40.7132 25.4374 73.7213 75.815 93.7443 36.4178 71.6084 86.9668 104.98 60.159 69.9988 41.8392 98.0508 66.4812 89.2158 63.0182 63.0091 91.8627 28.2659 66.0811 76.9974 83.8809 7.61891 71.2617 21.2272 67.0506 72.5355 89.4903 82.5127 69.5509 100.485 90.8993 55.9395 70.7764
48.9811 49.152 49.6041 53.5034 48.9681 48.3775 68.4269 57.4246 67.3966 65.7319 62.6065 74.1945 62.8381 67.4749 71.0695 67.9488 75.3759 71.6481 85.4945 81.3677 75.9253 81.2878 55.978 52.985 51.9551 52.8769 57.6552 60.2653 60.4231 60.2579 6.41068 5.98037 5.3499 5.97321 2.57229 1.2026 0 1.33389 88.1692 84.1818 73.4639 71.9001 92.7888 77.666 81.0523 88.5551 11.9036 11.9458 11.2127 9.78822 15.2601 15.0915 17.5925 17.4827 21.8652 26.4597 21.1174 22.6554 54.0416 60.0035 57.6965 54.7367 58.1354 61.2703 56.814 59.1977 113.638 112.76 109.039 112.804 15.6602 13.9217 69.7502 69.4316 65.1418 70.1753 88.4425 91.1663 72.3154 72.4496 22.2984 24.6006 92.1983 82.0331 37.2575 63.9186 57.3672 61.138 54.0458 55.7498 100.853 100.692 88.4485 88.6623 78.9683 92.6829 86.6186 76.5514 42.5997 44.6847 41.5972 42.0669 19.7461 19.0256 18.0755 18.8045 33.8919 36.7794 36.4037 38.1376 3.36972 2.63837 4.16137 3.6033 72.7605 77.7578 70.5316 82.2644 56.8685 61.6629 57.7054 61.8545 72.7611 75.6309 84.4294 72.9939 94.5142 103.458 99.0671 99.7796 49.825 50.0677 45.5563 46.4232 35.811 63.2887 25.8786 73.7006 82.4232 22.5944 40.1682 28.4844 74.7996 83.9346 86.063 37.1172 67.8069 86.0494 124.635 61.4483 79.0349 49.4389 89.265 62.9403 75.6308 66.2377 69.4421 91.4113 25.9185 61.7209 68.917 77.5418 8.83038 63.3964 24.0403 70.1663 74.696 101.139 78.7014 68.6875 91.9661 92.9918 48.8399 74.144
44.6155 45.6709 48.2614 54.3295 48.5233 48.7004 60.9962 60.3946 65.4032 69.2241 73.3614 75.3936 75.7987 69.5252 70.3378 79.1844 74.3117 75.2445 83.32 79.9922 86.0957 85.6263 54.2736 56.463 50.8369 56.3859 61.0541 60.9132 55.8691 57.2181 6.13294 6.46319 5.67861 5.81498 3.84657 2.69611 1.33389 0 83.7877 73.5835 80.6061 80.0513 92.1348 89.1216 86.1935 75.8066 12.8388 10.6654 11.8518 10.5004 17.2452 16.4332 17.385 17.8651 24.0278 24.6822 20.0741 25.0805 53.9042 56.2655 53.7985 62.4642 63.9944 71.4688 61.3359 66.1332 96.4485 102.754 101.821 101.262 15.6727 17.5791 67.9623 65.4239 74.7365 76.8204 85.7675 86.149 77.6179 79.1713 25.6394 25.9728 92.855 82.5506 42.5562 61.5751 54.8617 63.4299 61.4937 57.769 87.1985 94.6587 95.5656 103.508 88.8388 84.1086 90.1055 93.5339 42.3218 47.6295 46.0589 43.0979 16.9629 19.9004 16.9277 21.0033 36.577 36.6267 33.4815 33.4006 2.55 1.51406 2.95348 2.61286 76.1075 85.7503 85.7985 77.7579 63.37 62.6127 63.435 67.2536 85.8521 76.0468 85.798 75.0505 99.479 96.8188 102.736 106.342 48.5572 43.9022 48.7297 52.5924 35.5701 61.382 28.7485 77.5826 79.4094 24.1316 42.8338 30.6692 74.951 81.0719 95.7671 41.5479 77.5788 80.6999 117.708 61.3929 79.6663 52.4508 88.4745 70.0613 77.24 60.5084 64.6141 104.073 25.6002 70.0078 74.6669 81.2611 10.4146 76.5324 22.6637 67.8778 81.5859 103.142 87.3255 66.6721 100.629 102.609 55.5258 65.0542
40.3452 34.5566 36.7766 34.2946 40.1033 37.6521 38.4344 39.7384 40.9105 40.6139 36.1844 37.9371 46.5019 45.6954 42.1535 42.8207 46.0336 48.891 40.8114 44.3295 51.6195 51.461 46.4795 49.7783 52.7149 50.4504 54.1147 48.1002 54.5456 58.1342 86.4919 87.0219 76.4953 85.4917 78.757 78.7853 88.1692 83.7877 0 1.33966 2.39013 3.79336 5.41427 5.82401 5.4779 7.12877 72.7543 63.5721 67.019 70.7555 65.8526 59.6237 66.7886 66.872 71.8663 59.4427 61.0176 64.2082 24.6985 19.7704 26.0619 25.3052 31.1898 35.2616 34.0243 33.0761 23.325 28.3625 21.0974 23.8907 81.5501 71.1554 52.3434 54.9463 49.0639 54.1722 17.4027 19.7222 84.8443 80.1893 53.9584 49.6411 10.4309 65.8149 45.9409 21.1561 25.682 26.7764 27.3561 28.7165 18.3394 19.527 17.4866 16.9571 16.8117 15.3348 16.2581 16.8648 34.5184 38.1681 39.8556 38.1747 60.5659 64.3461 59.8746 57.8344 51.1085 51.815 44.5239 47.6678 76.1497 85.2582 86.7033 85.9492 5.34312 3.82983 4.8494 3.37712 30.8145 31.3811 32.1564 28.1915 72.8679 62.2825 70.6829 61.6355 20.814 18.939 19.0165 20.2467 30.7411 30.6255 37.1501 35.1296 55.8844 52.7877 54.0475 40.8217 30.5683 55.9091 42.3037 66.3516 43.1849 14.7903 35.1287 64.3857 56.0486 49.2166 38.56 33.4907 30.9223 43.6597 51.4421 62.792 47.1832 22.9547 16.5643 24.9351 57.9782 50.3279 49.6065 46.3924 77.1852 25.6133 73.7204 31.017 57.3409 16.8171 68.5512 15.7003 35.6449 32.2832 52.6925 24.1648
37.0236 38.1139 35.3345 40.0525 34.3729 33.0384 39.6417 43.8521 40.515 46.0863 37.7583 43.7619 40.8399 42.4246 44.2587 47.1606 42.4465 45.987 39.5503 41.8703 44.5188 47.2776 44.9287 46.7094 53.82 54.3253 48.5002 51.6542 47.8611 53.2878 90.088 88.4998 87.7603 82.0467 83.6804 75.3576 84.1818 73.5835 1.33966 0 1.37732 2.52661 5.89372 5.29221 5.10289 6.05023 72.4197 62.9018 63.073 64.0671 68.3856 62.2172 64.1156 70.5679 62.984 64.032 61.8664 58.2073 25.0736 22.1769 22.7752 21.781 34.3882 32.49 34.4239 32.9723 24.5172 25.1719 24.7858 25.254 81.6489 78.8519 53.5663 51.6155 49.8137 48.7568 19.1984 20.8201 81.1321 83.9163 52.2221 48.8118 12.2649 59.0352 49.4422 22.4659 27.1264 25.6648 24.1466 23.9654 22.1726 20.7102 18.7373 18.8908 19.1182 18.5926 18.7109 16.1051 35.8266 39.6702 40.3121 33.8264 59.8292 58.7658 67.1057 58.8249 47.8041 45.7562 49.575 51.5764 87.964 83.7546 85.4195 90.2044 5.63797 5.05787 5.07465 4.22076 33.0842 30.4013 29.2274 28.8236 75.4285 67.5996 74.8618 75.5225 19.6169 19.0113 19.2471 21.4633 32.7863 35.2417 33.1524 33.6617 51.7739 59.5493 53.3333 45.3895 33.9817 56.1892 38.7072 66.3584 38.6579 12.7538 30.7632 68.388 54.1939 50.6371 39.6024 34.3321 30.5104 41.4484 53.592 67.8423 46.7495 23.1279 17.296 26.1111 58.8721 45.5434 57.2726 46.641 65.0928 27.3099 74.758 30.0155 66.3465 18.5154 62.9421 15.6406 31.7899 33.039 51.0061 23.9543
35.2742 39.0523 33.969 38.6718 35.8128 33.5769 35.0454 37.5499 42.2503 40.1538 33.8941 39.9179 39.5868 41.726 42.5817 42.2971 39.1631 41.6287 39.1187 46.2143 48.6867 42.6159 45.9093 54.1372 50.4516 56.2642 49.9024 52.6178 50.9511 51.2724 79.9282 88.0391 75.7105 79.6149 70.2157 84.9321 73.4639 80.6061 2.39013 1.37732 0 1.38436 5.99059 5.11235 5.92268 5.69071 67.9266 64.9982 66.8312 68.2303 59.0978 68.8212 61.2958 59.5599 65.7453 61.191 62.3319 60.4058 22.5611 21.8581 23.4285 19.9321 31.8111 29.5833 32.5245 32.307 25.2244 27.5049 24.086 26.1764 78.9088 70.7611 55.7761 54.537 46.1572 46.0926 16.9297 17.8055 79.7547 78.5512 51.3272 49.7956 12.7189 57.136 46.3971 19.0601 25.1823 25.6784 24.3195 26.7282 23.4128 22.9982 21.7387 22.4402 18.6013 19.696 16.8852 17.0613 33.0394 33.0412 34.5617 33.4878 65.2325 55.0721 60.5346 66.0829 46.8568 46.6452 47.1604 42.0576 75.745 77.649 79.5923 83.2173 6.15831 6.03013 6.38789 5.54953 29.7487 28.9313 28.4916 28.265 76.4351 65.6956 63.9261 76.0872 22.2353 22.0439 20.4501 20.7402 30.6954 31.5908 32.3497 31.2742 49.1991 52.5442 58.6637 40.9112 33.1251 55.6163 42.6031 68.0237 41.7115 12.2381 37.3893 72.9462 53.1848 51.0799 41.106 32.5504 28.7125 49.0148 48.3982 64.6843 43.4635 22.1396 17.6626 25.4378 57.4555 45.2312 55.0775 50.7519 64.247 27.4892 64.1152 29.3601 62.0383 20.2841 69.6195 13.5327 33.1428 34.6924 55.4225 22.101
35.3708 37.0955 33.0249 33.847 35.5175 30.8536 36.9446 35.9982 41.6428 43.2438 37.147 40.4684 38.6909 39.8767 38.3116 40.7203 37.9294 45.6112 40.1839 45.4137 40.4902 44.0134 45.1281 46.2782 52.6935 52.1399 47.4722 47.9388 47.8136 49.7575 74.5 74.4098 81.7018 81.5259 83.084 84.7432 71.9001 80.0513 3.79336 2.52661 1.38436 0 7.14005 5.59461 6.0636 5.38748 73.0421 66.5657 69.5001 69.5614 67.5352 61.2967 66.6455 57.8808 59.5701 58.7253 60.2902 66.1657 19.8991 20.4822 24.3655 22.288 35.1449 36.2969 32.7105 35.1269 26.834 27.0587 25.8853 26.6705 82.0868 79.7128 55.0849 47.6113 51.2447 44.7497 15.8525 18.341 80.1178 71.0148 59.3584 50.8901 12.7402 56.6803 44.6705 19.9239 23.3182 20.3352 25.1607 23.6535 24.808 24.7136 21.6167 19.9229 19.2815 21.3562 20.5699 18.2988 38.5347 31.7674 34.6024 35.2775 60.3564 59.5887 66.2645 62.9937 49.1178 44.3288 47.6517 46.5388 83.6795 75.447 75.4595 73.7302 8.53806 7.68106 7.46702 7.05069 33.052 31.0662 29.5898 28.7821 66.5412 70.7071 65.0501 68.543 21.257 24.8135 23.8821 23.8509 30.0403 33.6122 31.7889 34.1799 53.6556 60.1761 61.6097 42.5505 27.761 59.6095 42.1431 66.8775 38.8436 10.5344 36.0142 72.6559 55.8807 49.408 44.5359 34.8288 32.7674 50.1892 53.7506 70.1395 43.3517 23.0289 16.7813 26.1951 53.683 47.6314 53.9586 55.6195 73.9624 31.0611 64.6089 31.1844 59.8648 19.0375 61.4632 13.1437 39.0676 36.4574 50.0294 20.5009
44.9509 39.1276 41.0046 38.9977 40.257 35.4276 42.3282 38.8407 45.8563 45.1347 41.5784 39.9251 46.7215 41.5299 42.6858 42.7529 41.5746 50.305 40.8542 43.5576 45.8018 48.4111 58.0467 58.3951 59.5811 57.7344 50.9675 55.6542 48.4784 51.1481 81.1289 89.6199 93.4734 96.3432 77.8665 81.7939 92.7888 92.1348 5.41427 5.89372 5.99059 7.14005 0 1.32116 2.45132 3.66417 71.1357 77.26 69.6868 73.3958 72.944 70.798 74.2119 72.9831 70.7929 69.9197 72.024 68.7571 29.1384 25.3464 26.9257 29.7394 36.6936 38.3855 37.3401 39.2837 21.7736 22.6507 19.1345 20.4017 83.1642 72.3719 59.5294 56.7832 53.3692 54.0526 12.3618 15.5696 91.3314 74.8651 60.2095 58.5133 6.70544 63.5141 49.9721 23.8055 30.5081 31.0956 28.4533 29.9113 20.9562 19.7032 18.6503 16.7258 20.5528 17.9471 19.9995 20.0741 46.2119 42.9807 47.1649 45.5864 60.0878 60.3874 70.4084 61.5267 54.2496 50.3723 57.4952 56.711 89.2579 81.9729 90.6742 79.8567 10.6035 9.83162 8.7886 9.39302 34.8654 33.1945 35.1316 33.7007 74.6443 78.2845 79.088 73.2451 19.6555 20.0754 18.6857 16.8463 38.2803 39.8573 42.7927 34.6529 61.2395 64.4254 61.5221 43.191 29.1389 58.9516 45.4199 71.7285 39.086 9.70786 34.9983 70.4184 56.1874 55.7271 34.2475 36.3006 33.8377 47.957 48.3484 71.1665 45.3432 26.4623 23.6096 25.7131 55.8536 53.1004 55.959 54.6957 77.9824 33.3907 82.9033 31.619 71.5297 13.9963 63.6559 18.7442 35.2909 31.3991 54.4059 26.6228
39.3095 40.4136 39.8328 39.0783 38.2962 33.7865 37.0302 43.3592 46.0234 46.1954 37.8772 37.3958 43.5989 45.5068 39.0727 43.8235 40.3258 43.4975 38.7486 45.8918 40.7761 44.6426 46.774 49.1974 56.3632 58.1141 47.8137 50.1472 51.6404 48.7962 86.5355 86.2826 92.7129 80.419 86.2233 77.5591 77.666 89.1216 5.82401 5.29221 5.11235 5.59461 1.32116 0 1.16499 2.53773 69.1884 69.3523 79.4029 75.422 65.9561 71.3378 64.0578 71.3662 63.9546 66.4208 70.3116 73.0643 29.1168 24.7279 27.2252 24.4245 38.6157 38.3621 37.7796 37.8324 19.3996 23.2803 20.5326 22.3298 84.5036 76.6815 49.0254 56.7621 49.6862 53.3307 12.717 15.984 77.0181 82.2377 63.4524 53.497 7.65502 58.7304 51.9341 23.5812 30.3076 28.6941 28.3041 30.6881 19.6122 20.1109 18.8852 20.0225 21 21.1116 19.774 17.7347 37.9194 43.1007 42.1829 40.5846 60.067 69.9746 72.8807 59.3321 50.9344 50.8184 50.4702 51.8374 89.184 93.9051 88.5846 91.7524 10.1845 9.55895 9.81645 9.06677 37.2557 36.4705 34.5436 31.3836 76.8224 67.5425 72.7411 79.4062 21.7806 20.3841 18.8927 17.4587 35.8545 33.9279 40.0346 39.1513 64.9689 60.6452 66.9097 39.7972 28.1861 57.5944 46.6934 78.0816 39.7273 8.81364 33.1255 69.6591 56.7295 48.1744 39.2771 38.8319 32.7178 46.6279 54.265 75.4219 36.9284 27.5303 24.8144 26.9023 63.9849 51.9132 60.9259 50.1227 76.8174 31.0992 79.8163 33.7834 70.1821 13.5759 63.504 18.4867 38.2342 32.4383 51.2369 26.42
36.9038 38.6356 40.837 41.939 36.3862 32.4954 36.8034 35.9538 44.6555 42.0373 37.0344 38.4891 43.9758 37.7286 38.717 43.9526 42.5661 44.4019 42.9689 42.8535 41.4913 42.391 47.4193 53.9649 52.7797 55.9662 45.7177 48.5812 47.8382 54.6039 89.5251 81.1806 88.6775 84.6463 76.4843 78.6142 81.0523 86.1935 5.4779 5.10289 5.92268 6.0636 2.45132 1.16499 0 1.30514 68.2128 67.3346 73.3819 76.701 68.4908 72.6736 69.4585 73.0182 73.6314 73.3571 65.3103 63.0618 29.5623 25.6268 29.7485 24.9401 43.7102 38.0265 41.3507 38.7482 20.6551 21.608 21.4525 23.1169 88.967 73.7601 55.2106 55.4294 52.5405 52.1807 13.0821 15.7841 87.4838 86.9061 58.4774 62.7256 8.90967 58.6002 44.078 23.1111 29.1412 27.0804 27.7083 26.2322 20.6417 22.0556 21.4254 21.9807 22.0856 20.2818 22.2177 19.3444 38.2008 42.737 43.2754 40.886 61.9654 64.9904 68.2793 64.1414 51.6495 47.9656 52.0593 48.2093 91.0909 91.3326 81.7379 82.4155 11.0985 10.2649 11.013 9.89021 36.0589 33.4867 39.0603 32.4665 73.8476 71.1916 80.8766 78.7886 23.1617 22.8901 21.7209 19.7126 40.3674 37.4179 41.0002 38.2803 60.6568 67.5485 65.8411 41.6323 28.3775 60.3096 45.6561 85.4356 41.4362 8.19118 40.3605 69.0668 68.418 52.5176 40.6379 43.0932 32.7325 51.4041 51.8958 66.5088 40.2469 31.4932 24.4657 24.7353 64.4841 51.6787 60.29 57.953 71.0653 29.9841 70.5125 37.6994 68.7726 14.9376 74.1572 16.3895 37.3012 32.4657 51.1521 22.6851
35.0021 37.8439 38.1911 39.3848 35.9065 36.0619 33.8974 39.6689 39.5948 38.7548 37.7137 33.9499 42.6297 42.7616 40.0333 40.4126 39.1261 44.4383 40.9036 41.4031 41.2769 40.7567 47.6028 49.5374 47.2024 47.6644 44.4896 45.3914 51.9329 49.4306 80.5108 83.8265 93.6321 90.7032 82.0293 87.6073 88.5551 75.8066 7.12877 6.05023 5.69071 5.38748 3.66417 2.53773 1.30514 0 68.887 67.4808 76.6998 70.8381 70.0719 71.2515 71.3319 71.5366 64.0709 62.9627 75.7046 71.8264 27.1721 25.2563 27.5429 25.7258 41.6444 40.888 40.7634 35.032 24.8985 22.3311 19.4673 21.1573 79.1844 81.3733 48.8305 52.0522 43.8704 51.296 12.6838 14.3036 80.8817 90.0091 62.1783 54.6056 10.7826 54.5745 50.7377 21.0797 24.2813 27.3702 26.3905 27.5635 22.717 20.8571 21.2754 21.4577 21.2734 22.4664 23.539 21.4335 39.1861 39.8072 38.7751 39.0009 61.9234 63.9432 69.3987 65.0227 46.5663 44.963 54.0969 49.5458 84.1098 80.8418 78.5134 77.41 12.3372 11.0803 11.6376 10.6349 34.4987 38.2895 38.6766 34.904 81.1624 74.6008 78.6693 72.9758 20.4105 23.5097 20.0608 19.7588 37.5654 38.1071 39.7818 34.3865 57.0363 66.1116 59.3465 35.7184 30.776 61.1842 40.3875 78.1974 38.2355 7.6532 41.9873 66.5305 65.3187 54.7872 37.7432 38.4304 30.0566 46.2159 55.2624 67.6475 41.4712 29.1441 23.7431 25.9807 58.9271 51.2885 55.3694 60.6577 75.5298 34.4556 72.8193 38.534 73.4243 16.3381 64.3429 14.1196 41.0023 38.3754 58.7761 21.5146
37.9567 37.2108 42.2135 36.6086 36.6981 36.9796 58.0662 50.8783 55.1466 55.4638 60.6502 59.085 54.0785 57.149 62.6601 65.5195 65.2207 68.0448 77.177 65.9787 65.3859 73.8256 40.876 42.3154 39.8395 43.6188 49.6686 50.4497 45.0622 51.0641 15.9608 16.2479 15.6629 18.2158 10.1059 11.5459 11.9036 12.8388 72.7543 72.4197 67.9266 73.0421 71.1357 69.1884 68.2128 68.887 0 1.14492 2.42768 4.17513 5.24925 5.84715 6.16104 7.01228 17.6101 16.7796 17.3925 16.2454 43.45 43.0092 40.3483 48.5423 56.9208 54.6936 50.3039 50.0786 86.7786 98.4848 84.4491 92.2174 19.9585 15.3744 56.9776 59.3157 56.8921 69.7337 81.9364 74.5661 69.927 67.0131 12.1969 15.255 79.374 74.2563 27.3835 48.3088 42.9215 47.8149 42.1469 51.46 84.0582 83.1317 74.0808 83.8421 70.0922 79.9965 74.543 67.6838 29.253 34.1407 30.4567 34.3549 6.46841 7.82908 5.3977 6.13946 24.6991 24.6494 21.8663 22.5567 13.8349 14.1154 15.3549 14.2821 71.3214 68.3683 68.5834 72.2158 47.7401 48.4099 47.1387 51.1647 67.0006 77.3143 70.65 67.4207 83.2323 83.0005 80.6127 90.2271 37.8611 39.6519 33.9079 32.915 28.2573 57.1705 18.8801 68.9456 61.6143 13.9272 28.2058 28.3236 56.082 64.2966 88.0976 37.9451 62.5162 70.6287 98.9124 50.5189 57.212 41.2866 76.3568 64.6055 70.9173 52.8 53.1169 91.8037 18.3871 65.5149 62.5946 68.3297 4.1851 60.5191 20.9119 60.9372 73.7149 91.0075 81.4111 59.4348 83.4417 84.4854 44.1227 59.6011
34.932 40.4924 36.1095 35.7963 39.5625 42.7665 49.1334 51.2946 51.1546 48.4719 63.6359 61.6517 53.7655 54.6611 63.6847 60.1184 60.3775 68.5215 71.4972 72.247 76.3196 70.9421 37.8936 45.0147 39.969 45.9483 49.9882 50.5741 49.6443 43.0286 15.9709 16.073 15.784 17.1464 10.0183 11.2585 11.9458 10.6654 63.5721 62.9018 64.9982 66.5657 77.26 69.3523 67.3346 67.4808 1.14492 0 1.18248 2.56711 5.55704 5.69669 5.0935 5.77643 20.6374 18.8386 17.2007 18.047 41.716 49.5569 45.449 46.4792 55.5417 58.1005 55.7105 55.551 86.8786 86.3311 93.8329 95.46 20.0253 17.7607 56.7615 56.5081 64.6236 59.181 85.2385 83.1679 77.0577 68.2935 13.599 13.8736 73.7406 79.8743 27.4737 55.6458 44.3068 51.7912 46.0973 44.2326 84.9933 91.8341 87.1885 77.1546 68.4564 81.4065 75.8873 80.7336 33.187 32.9651 29.506 30.9643 7.28868 8.70845 7.11417 7.26324 23.948 22.8393 22.6396 22.5261 14.9515 13.7902 14.0681 14.5446 68.3308 72.1174 64.6709 65.3064 53.0676 55.0885 53.0375 55.0192 70.1182 72.9995 78.509 78.0022 90.4495 92.1396 87.7231 83.345 35.0122 34.7484 38.6277 39.1964 32.8428 54.1688 16.9753 63.0705 63.3833 13.9589 32.0183 25.8822 57.9726 66.3411 82.2952 34.5689 67.3036 76.0194 106.771 45.8662 58.4414 36.7169 77.6249 60.8692 66.3339 54.1754 51.7265 93.6299 18.1949 56.86 68.5741 68.113 5.00926 56.9492 21.9811 69.2677 75.1684 80.5298 74.1879 60.3904 90.176 97.1317 48.1516 61.9054
37.4413 38.7236 39.4283 41.5173 34.7068 45.5362 54.0901 54.6559 52.7825 55.7693 58.5169 60.8926 58.6464 60.4267 70.4826 71.1359 58.8041 60.229 68.446 69.6873 69.5351 68.6811 38.7284 38.7971 43.4274 41.5316 42.36 49.1205 44.2296 49.0426 15.429 15.4344 15.3027 17.2801 10.1584 10.2076 11.2127 11.8518 67.019 63.073 66.8312 69.5001 69.6868 79.4029 73.3819 76.6998 2.42768 1.18248 0 1.27642 5.59636 5.15799 5.88499 5.77389 22.6999 21.6134 18.4092 19.2499 42.3127 47.3553 44.9842 51.0356 58.8231 61.6587 50.742 50.2459 85.2569 88.8707 83.7056 90.4726 20.7766 19.4729 50.1685 61.5359 66.9396 63.254 82.5068 86.1006 69.4785 75.6794 13.8127 14.7283 84.3049 73.2517 25.7765 52.7403 46.172 43.764 48.6521 43.3369 84.8453 83.184 91.6391 90.7743 71.2119 83.2169 73.4385 68.1442 30.8707 33.7909 32.9392 32.5476 8.18318 9.07022 7.87011 8.45178 25.7959 26.2983 24.1058 24.7416 14.1078 11.8713 12.882 13.3684 75.4607 71.1377 61.5302 67.121 48.3795 54.7795 47.1218 52.2439 72.9773 79.7089 76.6887 69.6007 90.2585 93.6512 87.3769 81.5399 36.7211 39.5629 39.6922 38.0593 30.5207 56.2461 18.7973 65.99 65.1857 13.6178 30.6252 27.1107 65.6586 73.548 81.3858 35.7577 67.3807 82.6859 101.31 53.9056 65.3661 37.9182 89.3852 57.255 69.1041 50.2528 53.1299 95.793 21.6779 63.8651 72.071 82.0641 5.4535 59.6197 25.0745 62.633 70.2986 80.161 71.7561 54.2415 97.7094 99.8615 47.0595 60.3972
39.7354 37.3401 42.7408 42.751 38.7476 44.2077 49.9623 49.9303 50.1695 51.1535 59.2518 63.6546 61.8748 61.6316 63.8417 63.7528 63.1058 66.3572 63.8145 68.0601 67.4206 75.1491 42.0761 37.2097 44.9175 41.5141 49.717 50.2373 50.1083 45.5019 16.6686 16.4179 15.4525 17.2738 11.7376 11.2585 9.78822 10.5004 70.7555 64.0671 68.2303 69.5614 73.3958 75.422 76.701 70.8381 4.17513 2.56711 1.27642 0 6.34222 5.92422 5.50436 4.91069 23.9432 20.9858 18.2921 19.78 45.3481 52.6069 42.0182 49.1651 61.5568 57.1741 58.9013 59.0463 87.4883 94.9488 85.8639 86.2883 21.8626 18.673 49.3426 60.952 58.3557 61.0917 87.0047 78.5774 83.1612 72.8414 15.7999 16.3324 89.391 81.3562 27.0531 52.9051 43.862 48.4547 43.4011 48.2103 89.177 83.4386 81.2059 91.5772 83.9597 79.513 69.5093 77.4871 31.5364 35.6198 31.8186 33.6581 10.1759 10.8198 9.06953 9.82111 24.43 26.5203 23.0386 24.341 13.199 12.9587 14.718 11.9313 66.838 69.3239 67.6359 71.1926 58.8295 57.9372 53.0943 54.2753 76.8747 73.4567 75.7229 83.5143 85.6872 87.1886 78.1339 90.4673 41.2858 41.9491 37.913 39.8987 33.5245 54.7603 20.9705 66.8826 67.7275 15.3319 33.0062 31.4637 61.7084 79.8093 89.9675 37.5757 63.9066 77.4421 99.4277 55.7782 58.4479 39.9596 81.5159 64.0263 67.966 52.2309 60.7682 83.1262 22.6365 69.6027 69.0689 79.295 6.55744 59.2039 25.8228 66.9581 73.4121 87.102 81.6205 55.5994 86.8145 101.216 53.1791 57.5607
33.2167 34.2174 34.9687 32.2003 33.563 38.2414 50.9007 51.0468 50.9097 47.6274 55.6231 49.5738 51.7542 51.5116 61.0157 63.9837 63.1834 55.0334 62.8501 59.9354 60.9433 59.6579 39.2194 38.9501 40.5437 34.1781 42.051 38.891 40.3363 44.4316 23.1502 20.6808 23.7646 24.0767 14.7297 15.0466 15.2601 17.2452 65.8526 68.3856 59.0978 67.5352 72.944 65.9561 68.4908 70.0719 5.24925 5.55704 5.59636 6.34222 0 1.14885 2.69418 3.56128 21.6208 19.1851 21.0052 19.1795 44.1745 45.8085 42.9456 40.1009 47.4512 52.8506 49.9214 51.9129 88.9002 92.7673 83.4025 85.9007 23.9589 20.0971 49.4513 57.0058 60.5126 59.0085 79.3503 71.9426 71.5584 68.2525 10.6425 12.3873 79.549 64.9652 21.0001 43.3827 41.7837 38.2665 37.9047 43.9931 87.0121 77.3353 70.9775 79.2764 74.9231 66.6337 76.5987 73.2731 26.229 28.5125 27.7495 30.353 3.80188 4.1337 2.97169 3.17289 18.787 18.0671 16.951 18.7025 21.5769 17.4172 19.637 17.5891 67.5619 63.8064 57.1692 58.4633 45.8325 44.799 50.4899 43.6515 67.7725 67.024 76.3538 78.5272 85.6656 79.7991 74.558 76.2462 33.6244 33.2934 32.3307 29.1567 28.9571 52.8439 18.3652 64.0578 61.1557 9.3246 23.9211 31.8926 57.5332 66.1188 76.0848 40.4973 61.9792 75.4256 110.246 48.9543 59.6888 40.4952 86.3719 59.7792 60.4625 43.2408 50.7243 80.4432 16.7911 58.1209 69.0196 69.7644 10.3342 54.7839 25.3134 53.8209 65.7216 78.4808 67.3964 54.2565 85.1023 91.0547 48.4399 53.2728
32.1735 32.2631 35.52 36.756 32.8033 37.5833 44.4936 49.3477 47.1309 50.7998 55.2564 48.9998 54.3155 50.4581 64.1129 58.8771 56.7599 56.7176 69.9782 59.3762 65.6198 70.7064 37.4517 34.9326 34.2667 40.6272 39.7075 41.3941 39.0014 43.8672 21.8624 23.0627 21.5365 23.4675 15.117 15.0141 15.0915 16.4332 59.6237 62.2172 68.8212 61.2967 70.798 71.3378 72.6736 71.2515 5.84715 5.69669 5.15799 5.92422 1.14885 0 1.33016 2.69345 23.6153 22.6999 19.7331 20.8311 44.6773 44.6889 41.2665 44.7416 49.4376 56.033 46.3872 47.8048 82.8519 94.2826 92.5629 88.7306 24.3816 21.5522 50.2022 53.5808 52.4825 62.7194 80.4724 82.0132 79.1242 73.2406 11.4977 13.4997 76.5922 72.9385 19.8882 43.6343 38.0707 40.8811 44.451 40.1854 76.4978 81.6752 79.6304 87.9711 71.3848 70.6371 73.5741 71.2954 26.989 29.1782 28.2638 26.0386 5.11962 5.46354 3.90246 4.39451 19.4843 20.8091 18.7298 20.2835 20.2427 16.6793 21.2681 19.0699 69.1988 62.9429 63.2662 69.7559 46.7661 48.4698 45.0137 45.393 76.5434 74.5471 74.9569 74.3345 76.4117 81.3286 79.383 79.0838 34.139 32.5488 30.3745 31.4942 30.0303 55.3768 18.4384 66.8669 56.7247 9.09916 22.4841 29.1538 58.5431 66.0175 76.9897 40.7537 68.442 72.9453 100.786 49.3642 52.1082 41.2831 78.2094 62.2257 65.268 43.4776 54.1031 89.3205 17.7247 54.8672 67.969 69.7598 9.39763 58.0295 24.7852 57.8342 80.7595 86.1405 69.3977 48.164 95.6558 95.0121 49.7135 57.8167
30.0885 30.111 33.8151 32.3229 30.6133 36.2049 46.6164 50.5442 51.4069 47.1947 51.2331 50.1209 50.1063 55.2832 62.3541 55.1913 64.4803 62.4311 61.3318 66.0357 64.6996 64.4318 38.1149 33.1723 34.9452 37.9241 39.126 44.3951 45.6094 44.6611 21.3476 19.6331 19.8867 22.6119 15.7981 14.7441 17.5925 17.385 66.7886 64.1156 61.2958 66.6455 74.2119 64.0578 69.4585 71.3319 6.16104 5.0935 5.88499 5.50436 2.69418 1.33016 0 1.1447 23.9552 22.581 20.8701 18.0882 39.3932 48.0361 38.8933 45.2881 49.5713 50.3942 50.959 56.0669 85.5288 87.4051 87.5615 85.903 24.2293 23.9476 51.1093 50.3974 57.4444 55.6105 78.9193 81.3515 80.8943 71.6715 14.0614 13.0402 75.1639 75.0296 23.1096 47.7927 43.1565 39.1173 40.3378 43.5513 87.0136 80.5035 84.0033 73.6143 79.4602 73.5412 73.2535 73.1813 27.228 27.976 30.5988 32.1772 6.67959 6.78021 5.85298 5.62631 20.5962 20.1678 18.647 18.994 18.7768 19.1025 20.7153 19.4051 65.4391 67.8851 59.4429 65.4645 53.1822 54.0614 46.1837 53.0343 81.9784 82.6709 74.4102 75.4321 80.7749 90.9799 75.8069 82.9006 31.1499 33.2775 31.1321 35.5927 30.9365 52.0744 18.2792 58.1844 58.7773 9.64357 27.548 31.7199 55.7578 69.4208 78.157 36.0315 70.1834 82.1727 95.356 44.6229 60.5247 39.5798 88.1214 58.1905 67.6458 47.3183 53.9771 84.8926 17.6886 58.1762 72.5983 73.1284 10.5626 56.3584 28.1025 63.3425 79.9233 89.3264 71.4682 56.4027 95.7066 93.2787 44.8878 57.0528
34.6914 33.6149 36.899 33.0811 30.2491 34.7229 44.9037 43.6786 50.6752 49.6329 56.6894 55.0396 53.5725 55.6752 54.7652 54.8156 56.9771 64.0334 60.2696 67.4449 70.0211 63.1184 34.6159 35.3297 32.8243 38.7586 42.5538 44.3685 44.0892 42.1279 20.0085 22.0882 20.8017 20.0983 14.9885 15.918 17.4827 17.8651 66.872 70.5679 59.5599 57.8808 72.9831 71.3662 73.0182 71.5366 7.01228 5.77643 5.77389 4.91069 3.56128 2.69345 1.1447 0 25.7495 23.678 20.57 22.2912 47.5292 46.8398 40.7214 45.1605 52.0165 59.4441 54.0571 54.3153 92.6156 93.4368 92.6517 99.8494 24.2692 24.1199 45.5928 47.0655 60.4629 53.3003 81.8615 72.9933 82.2442 85.759 14.7937 14.2761 84.638 67.3113 21.9723 45.6526 45.0144 40.7637 39.3521 46.6372 75.9285 83.2582 80.2394 80.4919 68.1897 70.0452 75.9995 68.2095 33.5096 31.9161 29.0312 33.7273 7.80838 8.39804 7.42392 7.286 21.4588 21.2412 17.5971 21.642 17.283 19.3077 18.8865 18.9068 68.851 62.6137 70.5283 65.4861 47.6772 50.7506 50.6029 54.2359 85.6147 83.4759 76.0696 81.6295 78.4112 92.7925 82.4925 90.7637 32.8975 33.9753 34.96 31.631 32.5428 62.2587 23.1026 66.5542 56.8041 8.59502 26.9239 33.67 55.6358 62.3788 76.284 41.4707 73.2374 79.1204 99.3676 49.6556 55.6703 38.6821 89.3536 61.8699 64.4147 53.1092 51.1614 76.8577 22.5655 66.9361 68.8998 70.136 11.692 61.8923 27.6265 69.4651 81.7147 79.9328 73.7785 49.5348 84.4456 96.1442 46.8251 52.4822
46.1301 41.527 43.711 45.2732 45.1512 44.2027 65.5358 61.1093 66.9712 63.6873 69.2732 68.3026 69.7012 69.0843 74.8883 80.0588 81.4762 70.9983 85.5657 74.5993 80.0264 77.2892 57.0134 57.1772 55.6627 55.2669 61.9408 57.5998 58.2896 55.9546 24.8926 22.6542 23.2071 27.6422 21.7233 22.0819 21.8652 24.0278 71.8663 62.984 65.7453 59.5701 70.7929 63.9546 73.6314 64.0709 17.6101 20.6374 22.6999 23.9432 21.6208 23.6153 23.9552 25.7495 0 2.51651 2.46955 3.82791 46.8468 47.2798 38.4772 46.5823 43.4227 40.3192 42.2022 43.7669 88.395 95.3837 92.1152 96.84 11.5364 11.0527 61.6075 65.4931 70.6848 82.1089 78.7104 84.161 50.6487 56.6945 15.2733 16.8632 81.1141 93.3573 38.3474 55.387 50.3006 50.5744 50.4794 50.4614 78.6129 80.0016 74.1749 78.6604 64.0476 65.1044 59.1654 66.0096 30.2119 30.784 30.2636 31.8426 16.2475 18.6711 16.9783 20.2362 34.3612 34.2538 32.3163 33.5936 25.4562 26.1916 28.7195 27.8259 63.2801 62.3713 66.7872 64.4754 39.547 45.0942 41.6064 37.1446 58.844 55.6359 54.9974 50.615 79.8189 80.8232 75.6866 83.3304 31.0877 33.422 31.0723 30.0786 14.3946 39.915 7.58306 77.4785 67.601 27.3375 30.8466 9.92096 71.6799 66.4869 64.8442 17.1634 47.8203 63.6565 95.2234 36.7001 62.7356 25.2801 64.1491 41.5954 72.582 44.1737 52.5086 78.3022 10.6568 48.5925 47.3784 57.2241 16.9402 48.5874 5.95377 54.8789 49.6546 79.62 53.0163 61.4008 78.609 87.6941 27.418 68.6242
37.3722 39.7111 45.8439 45.047 36.2767 41.5438 64.6668 55.5955 62.1983 60.0874 61.7278 65.4013 60.3378 65.13 67.0775 75.4662 68.4662 73.8248 74.7371 69.2198 73.5275 73.2639 48.2878 57.0136 51.6194 53.1003 51.4247 55.5994 53.669 58.2311 23.2198 27.5531 28.2067 28.8494 20.6607 24.7477 26.4597 24.6822 59.4427 64.032 61.191 58.7253 69.9197 66.4208 73.3571 62.9627 16.7796 18.8386 21.6134 20.9858 19.1851 22.6999 22.581 23.678 2.51651 0 3.75074 2.40003 38.9259 40.278 36.3738 46.2803 38.8916 38.9596 38.9714 42.8015 78.4056 85.7187 91.0594 84.9984 15.7645 12.7925 68.8114 73.598 67.5259 76.1834 82.107 73.8012 60.4319 58.5767 12.3191 16.726 77.0248 88.6466 34.266 51.7893 49.543 52.0471 49.0266 44.9126 80.2486 72.2537 67.2167 70.3544 63.1335 70.793 59.5212 60.7498 24.2013 27.1471 24.8877 26.3627 16.5533 18.3314 15.8025 16.722 30.0282 31.0735 27.6989 33.7839 29.0776 27.6872 28.3983 29.0651 59.3827 66.6743 61.1056 64.7263 37.4776 35.3626 36.4045 35.0856 59.2498 58.4953 59.8129 59.4612 73.761 70.6773 80.4599 69.7562 29.4563 32.9281 31.3987 32.9441 13.8194 39.7394 5.32799 81.7614 68.2361 26.9281 29.4438 12.0202 60.4498 69.5995 63.2953 15.6862 46.4126 60.5177 94.1205 38.5329 70.6517 22.9395 64.5656 40.6527 73.8229 38.8717 46.1491 73.8099 8.63828 47.5951 49.7594 55.5454 16.6974 43.0586 9.1649 47.4745 56.5917 77.6431 59.5477 57.4941 79.0077 77.5624 28.5779 56.039
46.1062 45.6177 44.4063 41.4347 38.7285 46.7194 56.3706 63.8285 57.3563 57.9465 70.8122 67.6172 66.4256 61.4387 73.6996 66.1151 80.215 69.1272 84.7839 80.8345 81.9007 73.0097 49.3044 55.2029 49.8503 57.974 58.0447 55.48 61.9996 58.1831 21.2129 20.0287 22.7801 24.623 18.8773 21.5997 21.1174 20.0741 61.0176 61.8664 62.3319 60.2902 72.024 70.3116 65.3103 75.7046 17.3925 17.2007 18.4092 18.2921 21.0052 19.7331 20.8701 20.57 2.46955 3.75074 0 2.4335 46.6058 46.1732 42.6242 41.5709 46.895 41.366 37.9928 45.3639 97.0305 93.8083 96.1354 92.5408 10.559 9.08497 64.9968 71.3006 71.5381 71.8812 80.4613 77.5451 61.6602 55.192 13.6554 15.8398 74.504 89.4109 33.4146 50.4133 52.3457 45.2287 51.2537 46.9459 80.909 74.3398 80.8194 73.7269 69.0932 68.7682 69.9269 69.5287 28.1404 30.3167 26.5451 32.2149 17.4368 17.3933 17.5945 16.1898 32.6012 35.4958 33.2319 32.2673 22.0074 22.258 23.9592 26.2425 59.4338 70.6373 57.1947 67.661 42.9032 44.4445 41.8904 38.1837 62.2425 55.0869 55.4989 53.8747 85.7728 76.3771 78.1466 81.6033 29.5874 34.8185 32.3622 35.4831 15.4836 41.2902 8.19989 79.2401 76.3329 24.7497 33.3423 11.6161 74.6353 71.1681 72.3417 16.556 55.4135 65.9715 93.9742 35.7512 73.9243 27.8244 66.9791 41.1307 72.7742 47.296 45.0821 82.8054 11.6879 42.6732 49.9141 60.9189 13.7114 55.8272 6.16673 53.3189 58.0736 80.6601 59.4323 52.1959 86.1286 90.7523 33.2301 67.8962
44.4766 42.5323 41.789 45.9514 36.037 40.7327 62.2528 59.922 53.3171 63.4084 59.3628 64.7042 66.92 69.0009 69.3444 72.4638 66.8399 67.8226 75.3843 68.5711 78.6765 76.131 50.9159 48.4678 47.3893 57.2812 60.0379 55.4991 54.1929 60.9632 21.3758 25.233 23.8989 24.8722 19.3423 21.9371 22.6554 25.0805 64.2082 58.2073 60.4058 66.1657 68.7571 73.0643 63.0618 71.8264 16.2454 18.047 19.2499 19.78 19.1795 20.8311 18.0882 22.2912 3.82791 2.40003 2.4335 0 39.5189 44.254 40.5116 43.5431 42.1621 42.628 36.7758 44.6145 84.3075 95.912 94.8374 95.3578 12.6626 10.6231 60.6006 67.7855 62.9974 73.939 74.2045 75.088 57.9084 63.4221 12.8803 13.9173 78.3447 77.6449 30.5766 49.3859 44.8829 52.1156 44.7817 48.2415 71.4005 77.8481 77.702 80.6036 60.5767 68.5463 70.7448 71.389 28.3144 26.9037 24.3336 28.416 15.3035 16.0162 14.5823 16.6449 26.3472 31.6107 28.9125 30.7954 22.8045 25.5984 27.9852 26.6386 62.0812 59.9464 60.2882 61.6975 38.8578 41.6772 42.6516 43.1389 53.8161 53.2648 55.844 60.7087 82.6996 84.5575 80.6665 83.2651 30.5338 32.4152 30.3142 33.4717 14.3503 42.3994 5.49596 80.1654 74.3875 23.5128 29.6036 13.5512 70.6431 65.8065 74.5138 19.1525 46.1046 66.7377 100.223 35.8941 60.0247 27.9819 72.4111 40.8279 71.6965 40.926 45.8939 69.7046 8.86806 41.6151 48.5088 62.8507 15.2685 49.8191 8.28783 48.192 62.9383 84.6707 57.7219 55.4048 77.3028 75.444 28.3641 65.8142
19.6019 21.4291 19.6928 20.3272 18.2573 17.8726 30.152 33.1476 33.7477 37.8381 36.5667 33.3164 38.1158 38.7152 43.4947 41.746 44.5334 45.7978 46.7294 43.4807 46.1815 49.8282 34.0036 35.5878 40.7642 39.3864 39.9398 40.3437 38.4061 37.2198 59.2233 64.8624 61.0477 67.0947 50.9121 61.1313 54.0416 53.9042 24.6985 25.0736 22.5611 19.8991 29.1384 29.1168 29.5623 27.1721 43.45 41.716 42.3127 45.3481 44.1745 44.6773 39.3932 47.5292 46.8468 38.9259 46.6058 39.5189 0 2.47047 2.60829 3.39288 25.6565 23.5397 24.9208 21.0476 49.1865 52.7584 44.6211 50.3631 53.1769 55.444 43.136 43.6695 43.9709 51.836 37.5843 39.8229 70.6902 65.401 34.8987 28.0813 35.6957 60.7319 22.2629 12.2139 13.4301 12.4386 13.533 13.2282 42.4631 38.0835 38.4747 38.9045 32.5081 30.4881 28.417 33.355 13.974 13.4981 13.3207 14.4868 36.1058 40.8346 39.7898 41.6567 25.617 24.4629 25.2041 25.7656 59.249 64.1431 65.1942 58.2083 24.0609 24.5665 20.4811 21.5303 19.41 19.8669 17.5926 18.3347 57.2449 59.0456 59.063 58.7933 43.4192 42.4805 37.8721 39.6197 10.5618 9.75398 10.8519 9.67601 31.3654 43.4317 34.7554 44.7894 36.9398 33.3163 17.2736 52.9877 36.7026 26.3122 46.6923 50.0406 48.5535 46.857 59.4331 22.184 33.8316 28.1919 49.7439 49.2317 41.681 12.6361 11.3263 45.5738 32.6249 36.9516 45.2747 50.7262 45.8106 26.4162 46.363 25.8905 51.9211 43.5539 63.2397 13.4964 52.1855 51.2467 33.2203 24.1657
19.5829 22.2776 19.478 19.4045 17.8996 17.6737 28.1858 31.3558 34.1515 31.1498 33.4352 32.5054 34.974 40.0431 38.2295 40.5681 37.4848 41.712 45.7347 43.8255 43.5348 46.4601 33.9771 34.2353 35.9089 40.0221 36.26 35.7421 40.9286 36.7866 64.3356 67.4864 57.6461 61.421 55.5781 55.1928 60.0035 56.2655 19.7704 22.1769 21.8581 20.4822 25.3464 24.7279 25.6268 25.2563 43.0092 49.5569 47.3553 52.6069 45.8085 44.6889 48.0361 46.8398 47.2798 40.278 46.1732 44.254 2.47047 0 3.66755 2.45846 24.9922 27.3175 26.7851 24.7283 41.2753 43.252 44.7262 45.0668 61.1738 53.8603 42.3757 45.757 45.5434 49.316 36.8537 37.4246 64.6567 75.9758 33.2463 35.1949 33.4305 52.4004 26.5604 12.1391 12.0024 11.1115 11.9047 11.7704 36.8796 37.9149 34.7791 39.5613 29.4146 31.1441 26.964 28.6657 16.1841 15.8276 16.1828 16.4034 44.2403 41.0071 43.5248 42.6004 27.1424 28.0331 25.7853 29.6855 65.4955 64.3553 61.3097 59.0502 22.0364 22.7181 19.8569 21.5465 22.2122 20.0061 18.4142 20.8296 60.4331 62.3657 57.0555 61.7384 42.3032 42.4594 37.1608 39.9651 13.3221 13.1498 13.9642 12.9232 34.5309 45.432 39.075 39.1444 35.0511 34.79 18.622 50.1686 35.161 26.3015 43.9504 48.9688 52.7786 54.4512 55.0296 23.8788 31.7104 32.3835 49.7681 54.0517 44.7803 14.1794 10.6562 38.2029 33.9131 44.6539 46.6219 51.4004 49.9185 23.5216 46.9148 26.3134 58.8399 41.611 56.4538 11.8359 51.4432 47.3301 38.2555 23.6596
19.454 16.302 18.5264 16.689 15.0849 17.5498 29.2052 27.6555 30.6574 35.1207 35.8573 32.159 38.3658 34.6706 37.2316 38.6522 39.0344 43.7805 41.3965 45.7645 46.6503 49.6482 34.2313 36.83 33.6958 37.6196 37.5831 33.0394 38.1148 40.0336 52.7346 62.3467 63.0635 55.2688 57.517 56.1945 57.6965 53.7985 26.0619 22.7752 23.4285 24.3655 26.9257 27.2252 29.7485 27.5429 40.3483 45.449 44.9842 42.0182 42.9456 41.2665 38.8933 40.7214 38.4772 36.3738 42.6242 40.5116 2.60829 3.66755 0 2.35115 28.7494 28.9869 24.1165 25.5386 53.1662 49.159 45.5359 51.315 49.1584 48.1848 42.4855 47.0042 44.8699 45.5595 40.2838 39.0112 70.9386 65.3272 34.5827 31.3093 38.5474 57.6857 23.3584 11.6866 10.2184 11.8611 9.95949 10.6034 39.9012 39.3177 38.0522 39.4331 34.0748 34.0911 31.0613 34.6561 12.4048 13.3529 14.3021 12.3103 34.2567 35.6481 35.524 36.7368 22.287 24.023 27.1142 26.8495 61.2313 54.9695 62.9188 58.5097 23.1403 25.4982 25.8027 22.2621 21.4595 19.9705 20.5328 19.4248 60.7239 57.5572 65.7082 58.6074 38.7051 41.8681 40.5777 46.4666 10.7002 9.20088 11.0377 9.47799 35.294 44.42 34.0145 46.0094 29.4712 35.0936 16.3158 54.4682 37.5472 31.6058 49.7505 47.2404 50.7309 47.8992 66.6049 23.198 33.321 26.2883 51.5009 55.0683 42.8719 14.0704 13.2687 47.6456 34.0703 40.0105 48.5164 51.9251 42.9092 28.5036 51.488 30.5354 59.5403 45.4207 56.0353 12.9689 46.9097 47.3521 34.5037 24.3478
19.0533 17.9171 18.0996 16.0558 14.8451 16.9286 25.5384 29.6893 31.5763 33.1864 30.0291 29.7093 31.6067 35.675 35.2136 40.2187 41.4127 41.684 42.7033 46.4569 40.3975 44.2582 35.709 33.1059 37.3219 39.8755 35.8167 33.8906 35.238 36.6061 59.5676 66.3618 60.413 60.9711 57.6254 58.3139 54.7367 62.4642 25.3052 21.781 19.9321 22.288 29.7394 24.4245 24.9401 25.7258 48.5423 46.4792 51.0356 49.1651 40.1009 44.7416 45.2881 45.1605 46.5823 46.2803 41.5709 43.5431 3.39288 2.45846 2.35115 0 26.6341 25.5563 27.2201 27.7804 50.9355 53.9775 42.6637 51.4545 53.2905 55.3106 40.775 43.7865 38.8777 44.2972 37.2238 36.4488 71.9625 73.0872 30.6981 29.8325 32.3224 60.7407 23.2579 9.38279 9.51947 8.75911 9.26576 10.7812 39.4383 37.2944 42.0248 42.7621 31.2463 32.0791 32.3139 35.248 17.7118 15.5238 16.9014 15.026 40.3178 41.709 42.1328 37.2354 23.9278 23.139 28.0264 27.6987 61.4527 58.3232 63.635 58.6046 21.9961 21.1223 23.4522 21.2587 22.5876 21.9466 23.4971 22.5504 63.8865 67.0228 69.7922 63.09 41.0593 41.3035 36.5269 37.3287 13.4517 12.6149 14.7045 13.5287 33.5761 51.3893 35.0431 41.2885 31.3606 38.1296 17.916 54.6645 34.9753 25.9788 49.6644 54.4847 53.8774 48.3723 60.4508 26.8331 32.0896 32.384 52.7989 53.1785 40.3499 16.892 13.4512 46.249 31.6679 41.2538 54.0258 50.8515 52.3902 27.4491 52.5515 31.6884 57.4986 38.5098 63.1343 12.8891 54.7471 45.4446 38.8024 19.2625
42.7676 47.7352 48.7744 47.2296 42.2297 41.8799 61.2912 61.3953 63.1183 54.6369 61.0193 65.2058 65.0301 64.5756 70.0908 73.1209 63.6149 74.7375 70.0934 75.5908 75.5992 76.6192 65.6109 64.4869 68.5125 67.5337 62.3448 62.2062 59.1922 66.0067 64.0358 62.8086 60.315 70.4681 55.2037 67.6314 58.1354 63.9944 31.1898 34.3882 31.8111 35.1449 36.6936 38.6157 43.7102 41.6444 56.9208 55.5417 58.8231 61.5568 47.4512 49.4376 49.5713 52.0165 43.4227 38.8916 46.895 42.1621 25.6565 24.9922 28.7494 26.6341 0 2.77072 2.29145 3.70332 53.4337 57.6672 58.1074 50.9413 49.7842 48.1471 65.2493 75.3564 70.3711 73.2138 50.9406 51.1547 43.5147 41.365 44.619 36.2522 47.0483 86.4497 46.5756 37.619 34.5778 40.3718 38.6622 39.3977 39.0583 40.0564 40.3567 34.4765 27.0746 29.812 24.7055 27.6609 25.7952 25.9436 25.3093 28.9217 45.3828 42.9593 49.1353 48.1815 43.2224 44.7881 45.5109 46.5823 65.4293 59.908 72.6015 69.0702 28.7009 27.9143 29.6063 30.1643 5.6152 5.90017 7.09886 7.68584 34.9003 38.6785 39.7766 35.577 38.2661 38.197 38.6487 38.0771 23.3306 23.9102 22.4448 26.5184 26.3575 22.6969 33.9021 69.1736 62.6687 56.329 34.1651 46.1236 60.0264 43.5804 26.653 34.7365 25.3954 26.9315 59.8992 5.22899 52.1405 17.2124 28.581 29.648 70.3037 15.2445 17.7435 39.4416 34.8813 15.2525 22.9982 23.952 57.2323 9.01679 44.3527 10.0453 32.0558 52.535 35.5094 37.0812 38.5857 40.1129 18.4816 47.5638
40.7671 47.938 45.5279 44.1036 37.8105 46.8799 54.217 57.2349 58.31 60.3502 57.1719 55.014 61.8832 56.3728 61.7068 67.0482 67.1178 67.6369 63.3498 63.355 64.6072 65.8992 53.7746 61.7398 64.2772 60.394 61.4477 56.2125 62.9702 65.4589 70.1997 67.1467 66.7039 63.3962 60.7858 60.7505 61.2703 71.4688 35.2616 32.49 29.5833 36.2969 38.3855 38.3621 38.0265 40.888 54.6936 58.1005 61.6587 57.1741 52.8506 56.033 50.3942 59.4441 40.3192 38.9596 41.366 42.628 23.5397 27.3175 28.9869 25.5563 2.77072 0 3.6402 2.40626 47.454 53.7335 46.7069 58.6762 55.4716 53.2012 75.5073 66.6439 67.1739 66.9439 49.2901 57.2677 42.8291 47.8837 39.7941 39.0927 39.081 84.6735 47.5222 34.0127 33.1557 36.8176 37.8696 38.8873 31.519 39.3607 32.6404 34.25 24.3968 28.3195 23.1276 25.3838 28.0791 23.8786 26.3951 28.6805 48.4754 51.8235 50.5232 53.734 48.02 40.5263 46.8463 46.7306 62.4919 65.1272 69.3442 67.2326 29.8196 27.8257 25.8441 30.6285 4.95185 5.41536 6.42677 6.67852 39.7154 37.4601 36.1153 39.6263 36.3517 38.7942 38.0016 42.0616 21.6145 22.6924 23.8588 24.0653 27.2347 22.995 41.8228 69.5376 58.3875 50.3029 38.9 45.8915 60.0883 45.2697 25.9751 38.7106 23.8827 25.0387 50.8264 5.72029 59.8131 19.0858 29.0312 31.4641 62.3142 13.5198 16.0898 33.2741 38.2687 16.8308 25.1644 25.5087 60.3666 6.57176 50.6773 8.24318 31.207 48.4566 33.5617 35.8168 36.0365 41.074 21.1337 43.49
39.4432 45.2853 43.4552 39.5086 39.3364 38.9826 59.7298 54.481 61.8657 62.4546 55.3465 53.5658 55.0123 56.6831 62.7929 68.1268 59.8707 61.5924 67.0917 66.5677 75.8559 73.1295 54.8548 56.5654 60.0463 62.4976 56.4769 57.907 64.2871 65.246 65.6303 58.1205 58.6361 66.4116 63.1913 58.1684 56.814 61.3359 34.0243 34.4239 32.5245 32.7105 37.3401 37.7796 41.3507 40.7634 50.3039 55.7105 50.742 58.9013 49.9214 46.3872 50.959 54.0571 42.2022 38.9714 37.9928 36.7758 24.9208 26.7851 24.1165 27.2201 2.29145 3.6402 0 2.29726 57.1907 53.2229 49.2631 52.4761 47.7705 49.966 71.9533 70.66 62.4202 64.6303 47.3264 58.6546 50.4364 44.3125 35.9062 36.9754 43.5587 88.9146 38.4423 33.0343 38.2054 37.1858 36.715 33.9853 40.4308 37.3856 37.1875 41.6808 28.9688 26.9102 26.0886 29.0353 23.6289 23.5443 22.4353 24.1647 47.0064 40.7047 44.0251 50.3358 39.9335 40.5161 41.8013 40.8251 65.8901 67.5725 66.1893 64.8724 29.5197 32.007 29.1672 29.8787 4.2368 5.10048 4.95431 5.40367 36.2099 39.5385 40.2896 40.1023 39.5382 45.5132 37.3899 44.5478 21.5381 19.6907 21.6336 21.5787 26.6737 23.6879 33.0638 69.7326 57.0839 51.8016 37.2868 40.778 67.1324 46.6314 29.565 37.3078 24.9163 30.7762 59.9528 2.62007 52.2526 15.2825 30.2266 33.6719 64.0358 13.3402 18.8306 42.8054 32.4567 18.7959 25.5717 24.6421 49.2257 10.9544 43.2579 11.7023 29.7082 46.9819 31.9452 35.4793 38.4646 39.1199 17.156 50.3615
44.0076 43.5937 41.5431 42.4011 35.5196 43.5417 50.9155 59.1002 55.5814 57.4619 51.318 60.4779 58.8384 62.7447 67.5737 67.3796 62.189 71.9079 72.8496 66.0491 69.6887 68.2985 60.7458 61.8616 63.7299 62.2671 55.3373 57.1978 61.098 59.4904 62.6971 64.0026 65.1776 68.5551 57.4402 61.5883 59.1977 66.1332 33.0761 32.9723 32.307 35.1269 39.2837 37.8324 38.7482 35.032 50.0786 55.551 50.2459 59.0463 51.9129 47.8048 56.0669 54.3153 43.7669 42.8015 45.3639 44.6145 21.0476 24.7283 25.5386 27.7804 3.70332 2.40626 2.29726 0 50.9621 51.2634 50.1691 50.7769 51.9061 56.9655 69.8026 73.6298 71.0802 62.4877 49.8572 55.5706 45.4788 48.3502 38.2945 41.2327 37.735 74.2893 41.1731 36.4896 34.2646 34.8465 38.1766 33.0632 32.9243 36.328 36.2144 39.8156 28.2241 26.1249 28.0654 27.8753 25.892 24.2764 25.3411 25.765 43.227 47.9147 48.2779 46.016 44.6245 39.8406 46.6151 44.7288 69.9739 61.8239 65.6166 63.7065 26.5618 30.7062 26.946 28.7633 2.67306 2.89794 3.42205 3.80345 42.2056 43.4995 43.2965 40.4935 41.0819 39.5484 37.0362 43.0513 20.3169 20.3497 20.781 19.5562 26.8598 23.1229 39.2648 58.7036 55.2945 52.7553 35.1767 43.7668 65.0455 46.8646 28.4262 41.6066 29.8312 28.2937 55.9021 4.00803 54.8651 16.6908 35.4956 35.9559 65.4482 10.5098 15.9146 35.3492 38.0173 20.4872 25.851 28.7123 57.5139 8.07388 42.44 9.67009 33.1907 50.0812 39.5327 31.6133 41.1885 43.2097 19.0072 46.4196
66.4624 60.4339 58.039 56.0658 66.0416 62.8531 54.1464 64.0527 55.5709 64.9808 61.2729 57.8743 53.1986 56.488 52.5245 54.8399 59.4714 65.7657 50.8476 59.43 59.5952 54.7884 78.0462 74.3007 77.3508 67.5213 65.0241 76.465 65.1424 66.807 107.356 111.858 98.0981 98.9727 95.8624 94.5006 113.638 96.4485 23.325 24.5172 25.2244 26.834 21.7736 19.3996 20.6551 24.8985 86.7786 86.8786 85.2569 87.4883 88.9002 82.8519 85.5288 92.6156 88.395 78.4056 97.0305 84.3075 49.1865 41.2753 53.1662 50.9355 53.4337 47.454 57.1907 50.9621 0 2.5389 2.54031 3.79719 106.252 103.889 64.8947 69.8262 65.2466 72.9976 21.7653 22.4269 94.937 93.1704 84.6038 85.4998 12.7208 75.816 73.5456 45.5879 49.8322 44.947 47.07 45.7108 18.572 17.8364 17.4535 16.0233 24.9394 25.2665 28.3124 25.1864 64.4233 64.1434 64.4568 57.5661 93.4462 85.6131 83.6368 93.8634 65.9954 73.1284 79.4195 67.9651 107.134 111.183 98.388 98.6259 26.4176 26.4918 25.1134 26.1392 52.6826 46.8158 49.1114 47.2425 79.071 81.1 81.0002 88.3689 14.7647 15.3372 14.7087 14.9096 57.1738 60.1858 58.9751 54.3319 77.021 69.013 85.7203 59.8745 43.2928 90.7135 68.2165 95.1072 61.7112 25.4596 37.868 86.0778 69.6634 54.3634 20.1587 54.8923 49.0153 63.5019 52.3454 83.8932 54.9808 42.3269 44.1001 22.418 75.8332 59.8756 70.253 55.3634 100.32 40.8798 91.0261 41.5251 71.5224 6.64542 83.0082 40.5737 27.794 29.6133 64.1717 42.8456
67.5854 56.3476 65.8874 61.6284 63.0256 64.534 57.2345 57.5861 59.4056 61.9629 62.4432 60.0574 63.3337 62.9287 62.2612 53.4038 64.6812 61.3996 52.9666 59.8437 55.0266 61.6546 69.4128 69.1451 73.0195 77.4189 71.8486 71.7943 74.1776 80.745 111.586 117.182 114.492 109.078 107.529 106.467 112.76 102.754 28.3625 25.1719 27.5049 27.0587 22.6507 23.2803 21.608 22.3311 98.4848 86.3311 88.8707 94.9488 92.7673 94.2826 87.4051 93.4368 95.3837 85.7187 93.8083 95.912 52.7584 43.252 49.159 53.9775 57.6672 53.7335 53.2229 51.2634 2.5389 0 3.80193 2.73154 96.7047 110.403 69.102 71.6127 61.6721 68.7322 21.5067 21.8322 91.0654 95.3798 77.9475 82.6688 15.64 69.5834 70.7285 48.0455 49.5249 50.1853 56.0112 47.2882 19.8676 20.8501 19.2201 20.9379 29.3275 28.4815 28.426 26.9915 60.4402 64.3793 69.3271 57.9155 84.7678 92.1508 92.4318 86.609 78.2657 79.0313 78.2985 70.8237 119.484 119.532 119.979 104.895 27.3348 25.5806 27.4905 28.5409 57.442 51.0392 56.6741 56.0151 78.7599 83.0459 81.6123 76.881 17.2315 18.3629 18.9839 16.8546 56.3268 64.9776 56.725 55.8993 72.9629 76.3434 88.9257 49.6554 47.1684 89.2555 72.9555 98.0676 54.1761 26.295 42.0918 93.1363 78.3948 53.9501 20.2971 53.6428 47.3569 71.2849 59.2551 80.5255 53.1818 51.0616 45.5482 22.9739 88.5317 71.4503 71.9727 57.2177 107.348 48.8977 92.4822 46.2652 81.2098 8.32808 82.772 43.0372 32.6773 28.0739 79.7892 42.5211
53.3049 56.8253 60.7973 57.1693 53.4279 57.3836 58.0917 60.193 61.479 54.1573 54.9574 56.9372 57.324 60.4803 53.501 58.9946 52.0335 61.5847 50.9485 59.9258 61.6852 52.5418 72.5654 70.0455 65.246 73.9266 62.6464 68.5293 72.6183 69.5548 108.49 102.858 108.388 113.917 102.19 103.779 109.039 101.821 21.0974 24.7858 24.086 25.8853 19.1345 20.5326 21.4525 19.4673 84.4491 93.8329 83.7056 85.8639 83.4025 92.5629 87.5615 92.6517 92.1152 91.0594 96.1354 94.8374 44.6211 44.7262 45.5359 42.6637 58.1074 46.7069 49.2631 50.1691 2.54031 3.80193 0 2.75757 100.091 87.988 69.5864 68.1332 70.9835 66.3996 17.1556 19.7183 88.7887 89.1348 71.3498 76.8164 12.7676 64.9403 63.3127 40.9048 44.0004 46.4423 47.9616 50.6413 18.6553 16.6063 19.2405 17.051 29.4794 26.9467 27.4113 27.241 59.6347 58.2629 57.8095 54.3289 83.3455 82.4126 88.3737 88.0458 65.1346 72.6851 74.4069 66.597 109.038 113.606 111.288 112.529 26.3627 24.3073 24.0568 24.3483 54.4677 48.5252 51.8636 46.726 81.0639 77.5705 91.001 75.3369 17.9948 15.9827 15.9311 15.6951 56.0529 56.0907 52.8498 51.6642 68.9362 69.8366 81.2925 54.531 40.2605 75.346 57.4666 102.08 56.843 23.1666 38.288 87.3751 78.8565 52.1411 20.5206 51.4021 46.8145 69.4638 53.5826 76.5056 49.0892 43.5374 41.4889 21.2828 77.0381 63.0218 66.5964 64.6837 86.6633 43.6452 99.5404 46.3124 68.9825 4.61757 72.7411 39.3453 32.3099 29.4618 73.2724 39.7044
58.6642 54.6407 54.9374 64.3042 60.7248 54.0414 59.8242 62.9088 57.5055 64.2215 56.4143 58.0214 57.2144 59.0311 50.1478 61.2877 52.2157 57.2294 48.9811 51.8474 53.409 57.6947 73.2423 74.0027 66.7895 80.337 68.2006 74.0025 66.4864 73.9409 116.18 111.745 103.052 104.249 96.7596 110.944 112.804 101.262 23.8907 25.254 26.1764 26.6705 20.4017 22.3298 23.1169 21.1573 92.2174 95.46 90.4726 86.2883 85.9007 88.7306 85.903 99.8494 96.84 84.9984 92.5408 95.3578 50.3631 45.0668 51.315 51.4545 50.9413 58.6762 52.4761 50.7769 3.79719 2.73154 2.75757 0 95.6113 91.1037 66.6291 74.7439 61.5898 64.7063 19.9992 18.3893 90.6094 85.7776 85.7974 86.0546 14.6189 75.7047 65.115 47.5302 51.2025 44.7079 50.5455 45.1478 21.4755 21.2061 19.8643 19.7352 30.834 28.3079 28.5453 30.8786 67.9938 63.5844 58.0413 58.5253 84.8908 90.7155 95.0814 90.7257 71.0575 69.7507 67.2472 76.4919 99.992 98.7244 108.486 110.81 27.694 26.2452 27.4218 27.3034 53.2526 50.3885 55.3178 54.9427 83.9297 91.1365 80.2904 79.0528 20.4626 16.6452 20.0357 18.1133 59.0841 60.878 59.048 63.4075 73.8296 82.6118 82.7052 52.144 49.606 78.9641 70.6944 95.6405 55.2383 25.9637 43.7379 98.967 70.3562 56.8458 19.5303 60.7419 48.8836 65.7365 59.5951 87.3492 52.3423 50.568 38.5338 26.6606 80.3256 69.0872 66.0032 66.5028 105.894 43.0628 101.643 45.1976 77.6657 6.34116 77.5653 35.5204 31.8566 30.5302 74.6979 39.6444
53.4927 56.8193 50.9563 48.9057 46.8072 50.1931 63.145 75.1768 74.5262 71.8904 77.3958 68.3694 74.442 76.2421 73.7189 87.3826 84.9509 87.5803 90.2062 94.9152 90.4769 93.709 63.2175 62.9286 55.1689 56.2611 70.1683 68.484 65.6351 63.3305 12.9825 15.0376 15.3978 17.0233 13.6887 14.7839 15.6602 15.6727 81.5501 81.6489 78.9088 82.0868 83.1642 84.5036 88.967 79.1844 19.9585 20.0253 20.7766 21.8626 23.9589 24.3816 24.2293 24.2692 11.5364 15.7645 10.559 12.6626 53.1769 61.1738 49.1584 53.2905 49.7842 55.4716 47.7705 51.9061 106.252 96.7047 100.091 95.6113 0 2.47644 75.0129 73.7877 74.2553 76.2386 95.5504 93.015 65.3806 66.1184 25.2131 25.7434 94.9721 94.4384 39.023 58.336 54.1698 56.0314 62.6071 57.7303 84.2748 82.5304 79.2574 94.373 74.0739 85.4146 75.5641 71.9422 40.4489 40.0525 39.7351 39.9343 19.4332 21.1665 20.9961 21.9052 36.601 40.0761 41.3623 41.2192 15.6827 18.8782 17.7404 17.1353 80.7688 72.0869 73.7568 77.5342 49.8039 57.1616 51.508 54.7282 65.6497 69.3719 68.6177 59.8729 95.4514 92.4157 86.6367 85.5935 42.7412 42.5272 40.5847 47.0086 24.7839 50.8733 19.1414 83.4628 80.2789 32.1319 38.7527 12.6231 75.509 80.3962 77.1203 25.4131 58.0634 76.5261 119.54 46.169 80.6638 39.4342 83.841 51.9686 93.7176 60.0752 57.0476 92.8365 20.7025 55.0441 65.9104 70.1186 15.6117 60.5401 7.47954 66.2119 67.1559 95.4424 69.3634 62.4452 92.2218 89.615 43.5334 78.8386
52.6959 52.7656 53.0324 53.519 49.3617 55.697 60.7762 70.5953 72.9927 68.1687 75.5995 73.9428 72.7817 70.3208 84.4307 82.0298 74.3563 84.1863 82.6891 87.9165 92.1842 89.147 61.5283 60.5738 51.8592 54.9023 57.9773 61.2593 64.8733 62.8896 12.3295 15.036 16.1547 18.1591 13.3062 14.8371 13.9217 17.5791 71.1554 78.8519 70.7611 79.7128 72.3719 76.6815 73.7601 81.3733 15.3744 17.7607 19.4729 18.673 20.0971 21.5522 23.9476 24.1199 11.0527 12.7925 9.08497 10.6231 55.444 53.8603 48.1848 55.3106 48.1471 53.2012 49.966 56.9655 103.889 110.403 87.988 91.1037 2.47644 0 70.4983 71.8675 80.9537 78.7399 94.1083 88.7325 58.1836 63.6118 19.8237 21.128 83.6956 90.0672 43.1914 63.2497 58.6934 61.4286 60.2791 59.0529 88.1245 79.8687 92.1879 81.4729 78.7474 69.8416 74.1302 73.1486 33.6004 40.4581 35.7494 38.8145 18.6473 21.0431 17.3953 20.9097 39.9571 39.6474 39.5072 35.9602 16.9496 17.3993 19.8421 18.1004 69.2605 66.5093 76.1236 74.3023 50.0571 50.1752 46.2843 45.8874 60.4265 66.3571 65.399 61.4788 90.6776 94.3137 83.3278 96.4449 38.3992 43.3901 43.7088 40.4988 25.3683 42.5537 15.1339 88.3998 82.4421 29.9611 42.5281 13.4824 81.3016 82.8477 85.948 22.1919 55.7332 76.7239 111.372 45.8799 72.3486 37.7348 74.1669 48.7442 92.7159 52.3387 56.744 83.6648 19.7186 58.5193 61.8412 67.4966 11.4899 61.2561 7.11095 62.0733 69.2525 95.6906 67.7251 60.8164 90.3217 92.5657 41.4855 76.0401
28.7046 27.1747 26.2064 27.2505 29.4572 25.4456 14.9265 14.0228 12.6919 11.5245 15.7694 12.6013 12.5065 11.546 15.4683 15.7984 15.379 13.067 19.4929 21.5988 18.3119 19.0819 14.2291 14.214 13.9529 13.0157 9.07363 8.4092 7.14033 7.93153 65.9251 67.7736 64.9107 70.6115 61.6593 65.5186 69.7502 67.9623 52.3434 53.5663 55.7761 55.0849 59.5294 49.0254 55.2106 48.8305 56.9776 56.7615 50.1685 49.3426 49.4513 50.2022 51.1093 45.5928 61.6075 68.8114 64.9968 60.6006 43.136 42.3757 42.4855 40.775 65.2493 75.5073 71.9533 69.8026 64.8947 69.102 69.5864 66.6291 75.0129 70.4983 0 2.76519 8.13841 10.6613 46.7613 47.5019 121.292 106.983 46.8408 47.9898 60.7609 21.5844 31.2517 32.3454 30.4194 34.899 31.9523 32.9316 72.1788 71.893 78.319 75.6034 73.1733 63.5551 69.926 66.9997 51.0852 50.1922 44.5531 47.0458 47.1877 51.0236 48.7307 54.5312 35.1464 34.9282 31.0986 31.401 61.427 59.2953 61.1599 61.097 62.5819 52.8364 56.0827 61.2688 69.5861 58.1644 64.7716 66.4457 99.7672 103.745 101.99 103.496 71.8259 77.5037 77.8951 66.0592 53.3519 49.5067 49.1455 47.545 68.6063 79.611 64.2998 23.3605 25.9854 38.8711 37.054 77.9636 12.8216 46.8013 87.6559 85.4628 99.6775 86.1941 95.8985 68.1387 20.0385 72.0022 93.7672 102.777 23.5904 55.881 49.8506 84.817 56.1208 92.2641 88.9109 98.6421 61.4795 71.2069 65.2308 75.5847 93.5783 71.3689 112.149 41.0919 92.2062 91.7447 75.4403 29.1624
28.6573 30.0503 25.9934 29.3132 32.3941 24.9445 15.9014 12.124 12.7743 11.242 15.265 12.619 11.6572 10.6784 16.3856 13.5932 12.401 12.5858 20.1063 18.3372 16.8983 17.2441 15.6486 14.602 16.0742 15.1208 11.8781 11.1942 9.08585 9.4579 68.6986 77.1435 70.5182 75.103 73.0805 66.3488 69.4316 65.4239 54.9463 51.6155 54.537 47.6113 56.7832 56.7621 55.4294 52.0522 59.3157 56.5081 61.5359 60.952 57.0058 53.5808 50.3974 47.0655 65.4931 73.598 71.3006 67.7855 43.6695 45.757 47.0042 43.7865 75.3564 66.6439 70.66 73.6298 69.8262 71.6127 68.1332 74.7439 73.7877 71.8675 2.76519 0 5.44894 8.37995 47.4897 52.6697 120.585 115.887 57.477 53.3151 59.835 17.451 35.2132 32.9392 30.427 30.4343 34.1146 30.9537 70.753 80.5906 68.6368 72.7142 69.8507 65.7106 68.3661 63.0173 51.0724 51.6952 46.3179 44.5566 53.0408 48.9028 52.0016 49.6427 38.8693 35.3692 35.8432 34.567 74.6171 62.8051 71.0503 62.3362 54.9894 52.6555 51.6633 57.2963 64.6358 60.8165 66.2902 60.632 115.286 113.107 96.6288 111.917 72.9924 73.4739 75.4383 70.818 53.234 49.3159 48.4411 46.7334 70.8853 81.1629 56.7833 18.6983 21.8234 41.5049 43.0695 86.4256 12.0328 45.9877 88.1783 87.747 92.3538 87.6932 82.7102 60.8901 20.6637 74.8138 94.4042 100.953 22.3981 60.1432 50.7854 73.9617 56.7078 88.2587 85.8654 87.1372 60.9488 63.8934 80.1568 68.5208 93.4666 59.868 108.417 41.9524 84.6417 87.3515 76.6673 27.8623
28.9055 26.9865 29.06 30.1675 35.2778 31.609 14.0448 13.5726 12.4658 10.5171 12.0932 9.62562 8.89517 8.49335 11.0114 9.51843 8.25594 7.12303 13.9401 12.3203 11.4275 11.5979 18.4077 18.8578 19.8029 20.419 14.3227 14.3501 13.5572 15.5701 83.2904 72.8728 70.321 73.8549 67.0011 66.1438 65.1418 74.7365 49.0639 49.8137 46.1572 51.2447 53.3692 49.6862 52.5405 43.8704 56.8921 64.6236 66.9396 58.3557 60.5126 52.4825 57.4444 60.4629 70.6848 67.5259 71.5381 62.9974 43.9709 45.5434 44.8699 38.8777 70.3711 67.1739 62.4202 71.0802 65.2466 61.6721 70.9835 61.5898 74.2553 80.9537 8.13841 5.44894 0 2.56524 43.5555 51.1464 112.739 117.878 57.28 50.3783 52.5597 16.518 34.4923 31.8773 30.7757 34.3971 29.935 29.9468 70.4531 68.7401 70.0259 73.9473 69.4385 62.9226 64.7621 63.8673 54.85 53.8547 54.9109 48.3592 61.5782 57.6186 59.8974 53.8042 41.7593 39.5868 42.8822 41.2376 70.5413 65.7352 72.1541 70.8875 52.3217 59.4246 53.7777 53.594 66.4288 64.5707 69.5373 68.8745 106.092 111.481 104.33 95.8001 69.473 73.4406 67.5935 72.4805 53.6264 50.2424 50.5575 52.9594 66.4284 86.9374 61.9724 13.3158 18.261 44.1313 40.1864 80.0971 9.1477 40.4739 81.3921 77.2631 89.5969 99.428 84.632 68.0634 19.593 64.6574 89.3421 99.8764 16.7477 59.2394 52.4817 71.3945 64.3112 80.239 93.8522 99.761 64.4718 62.2925 78.886 67.6487 99.9762 66.2446 106.46 34.221 93.4846 81.8622 74.0292 28.4291
29.1615 34.795 28.4666 31.9501 32.5057 28.2357 16.2102 14.4154 13.23 14.2944 12.9665 12.2416 9.72465 8.46485 8.88572 8.44941 6.49142 5.80328 11.3758 11.4932 10.0634 9.55738 24.9687 23.1199 22.0341 22.5771 18.9114 17.0192 17.1339 17.4024 75.7196 74.7912 85.5934 81.1737 79.2199 67.3721 70.1753 76.8204 54.1722 48.7568 46.0926 44.7497 54.0526 53.3307 52.1807 51.296 69.7337 59.181 63.254 61.0917 59.0085 62.7194 55.6105 53.3003 82.1089 76.1834 71.8812 73.939 51.836 49.316 45.5595 44.2972 73.2138 66.9439 64.6303 62.4877 72.9976 68.7322 66.3996 64.7063 76.2386 78.7399 10.6613 8.37995 2.56524 0 46.1447 43.4687 107.092 112.021 56.4993 56.9484 56.6058 12.8907 42.9794 38.6009 33.2937 36.2788 36.2524 35.9193 71.942 65.1239 71.8505 74.7717 69.4372 63.2931 72.1175 68.9357 57.4087 57.2667 47.3042 54.3539 63.3549 60.436 58.2892 57.3439 40.2536 40.9645 39.4641 42.7005 70.7929 75.6136 76.1621 76.7168 60.8379 53.5166 59.3703 52.022 60.8255 62.3019 62.8388 64.4727 113.364 115.213 108.275 112.518 67.583 73.807 69.3606 69.9912 49.0428 50.9066 54.9863 48.3081 77.5517 93.6861 62.3652 13.7492 19.6704 46.4162 39.9571 86.3012 9.78291 40.9519 81.5436 90.8661 102.476 99.4646 80.2414 69.127 17.3911 71.3818 95.6781 98.2206 13.3234 54.8103 54.2831 76.0554 69.6134 87.6095 87.0411 86.4607 66.9455 66.3293 87.3975 81.2378 105.578 56.5192 113.402 36.9246 82.6633 89.6565 77.4963 28.7504
47.3273 46.5088 45.7789 42.0865 41.3686 42.9257 38.872 38.2959 43.6869 42.7727 38.8836 34.7021 41.9098 42.5251 33.4594 34.5629 37.6949 43.5626 36.3704 33.8955 40.4854 38.0628 50.2263 50.4483 54.2638 50.4652 47.0014 50.9209 48.8815 54.0443 92.6152 89.984 103.656 99.6577 89.1881 85.3062 88.4425 85.7675 17.4027 19.1984 16.9297 15.8525 12.3618 12.717 13.0821 12.6838 81.9364 85.2385 82.5068 87.0047 79.3503 80.4724 78.9193 81.8615 78.7104 82.107 80.4613 74.2045 37.5843 36.8537 40.2838 37.2238 50.9406 49.2901 47.3264 49.8572 21.7653 21.5067 17.1556 19.9992 95.5504 94.1083 46.7613 47.4897 43.5555 46.1447 0 2.526 100.104 101.084 62.7388 70.0631 14.6539 47.3128 59.2618 28.7782 36.397 32.5079 36.5059 34.6524 32.6985 28.6178 27.2246 29.0323 34.6539 32.9016 31.3329 28.277 48.8036 52.9855 56.0958 45.9576 80.5676 70.3896 77.3428 65.8332 54.4246 58.7262 63.1659 61.7025 93.6134 85.6427 99.3482 102.045 24.2826 20.655 23.1492 22.3215 52.6074 47.7786 52.4155 45.0359 81.0935 80.1566 88.0359 78.4046 29.1851 25.6589 25.1966 29.1877 46.5942 50.4378 45.1909 48.5736 69.9327 80.6173 67.0777 34.2977 27.3933 69.0744 51.0849 90.3647 39.9955 8.01921 47.7355 76.0578 72.8768 63.9341 36.7387 50.1566 30.7016 57.7516 67.5189 76.1779 36.1615 38.8361 32.3378 32.5315 76.3099 65.6254 73.7874 61.1783 89.4513 48.5925 86.4962 50.6885 79.6309 15.7944 83.0749 25.6614 44.6415 43.6219 62.0385 24.4234
46.5989 46.8162 41.4424 41.6695 43.714 38.352 37.9983 44.3388 38.5692 40.4763 37.8283 37.4835 41.462 40.4707 38.5991 34.7158 40.0938 41.1338 32.2022 34.5473 35.7826 36.8694 58.1623 50.4415 52.264 60.12 50.121 56.3803 52.625 48.6427 102.158 103.336 103.98 93.5942 87.9245 91.073 91.1663 86.149 19.7222 20.8201 17.8055 18.341 15.5696 15.984 15.7841 14.3036 74.5661 83.1679 86.1006 78.5774 71.9426 82.0132 81.3515 72.9933 84.161 73.8012 77.5451 75.088 39.8229 37.4246 39.0112 36.4488 51.1547 57.2677 58.6546 55.5706 22.4269 21.8322 19.7183 18.3893 93.015 88.7325 47.5019 52.6697 51.1464 43.4687 2.526 0 92.8449 103.229 75.2364 63.6821 15.5258 47.9296 50.8272 32.6539 32.8864 37.8228 39.6026 35.8844 28.5587 31.7105 29.2347 31.1141 37.5258 30.5463 36.7229 33.6269 51.7488 52.3891 55.2411 48.1203 80.3943 78.1688 70.4166 82.2143 59.835 56.7448 63.1364 55.0605 98.1173 90.4324 87.8867 100.832 26.2415 25.903 26.7121 25.739 48.9119 53.564 52.4403 46.3976 85.6202 87.6017 91.7398 95.3584 28.4461 30.8866 26.893 30.6336 51.5831 53.229 47.9459 50.9724 69.9867 70.3799 68.5299 36.2614 27.5859 75.9503 51.6942 83.2264 35.4993 10.0749 45.6614 91.2931 80.7082 70.5929 40.6971 54.5147 26.9611 66.4771 61.4141 81.2497 34.1165 42.111 40.5337 36.4317 74.6966 68.4354 71.3758 69.0818 80.8709 42.9043 85.8849 45.0235 77.8145 14.8804 79.923 23.5142 47.1626 40.8501 68.3312 23.895
81.7563 80.7321 92.7179 92.8023 86.5314 88.5782 103.286 104.057 104.049 109.363 106.542 112.313 97.1621 114.21 116.562 105.154 106.282 110.459 120.762 119.468 121.744 113.23 102.633 103.987 93.6448 109.712 106.181 97.4077 112.543 108.498 74.6228 69.3424 72.7798 82.9053 75.798 73.2034 72.3154 77.6179 84.8443 81.1321 79.7547 80.1178 91.3314 77.0181 87.4838 80.8817 69.927 77.0577 69.4785 83.1612 71.5584 79.1242 80.8943 82.2442 50.6487 60.4319 61.6602 57.9084 70.6902 64.6567 70.9386 71.9625 43.5147 42.8291 50.4364 45.4788 94.937 91.0654 88.7887 90.6094 65.3806 58.1836 121.292 120.585 112.739 107.092 100.104 92.8449 0 2.43736 62.4895 69.8934 86.8432 134.679 74.5518 83.7102 79.0181 88.2691 77.92 84.8364 78.1938 78.348 79.4966 83.3784 72.8578 66.9796 63.6601 71.3398 63.1769 59.6657 66.2612 64.917 78.0083 66.5295 67.966 75.0736 80.1141 87.4686 78.3861 75.8872 79.2456 74.8587 86.4802 85.8115 76.8498 72.9218 80.6374 69.3957 54.621 47.7543 47.845 48.0185 10.7884 12.1571 10.2817 11.0061 82.9812 75.2728 83.543 80.0777 60.3659 63.9088 58.7119 67.6915 46.0293 24.9543 53.1472 120.634 97.0514 74.4733 76.5003 48.4048 105.686 86.4289 56.401 39.3848 23.5546 39.2801 92.7974 43.4814 98.6916 43.6052 41.3973 15.5926 118.557 53.4996 63.7298 75.2331 57.6981 27.4282 26.2389 37.5881 79.3498 55.6492 56.5173 46.174 22.038 84.8968 17.5878 85.5023 64.3133 75.6686 33.7743 90.699
82.6401 80.4379 87.7082 81.175 74.3347 91.6896 103.456 94.0148 109.877 100.808 104.246 102.923 113.315 106.031 98.2226 106.818 103.642 114.972 106.81 119.384 123.652 123.675 99.565 102.735 97.8373 94.6516 98.815 109.28 113.039 95.7285 77.4074 73.8229 80.4129 77.4145 70.9134 69.0095 72.4496 79.1713 80.1893 83.9163 78.5512 71.0148 74.8651 82.2377 86.9061 90.0091 67.0131 68.2935 75.6794 72.8414 68.2525 73.2406 71.6715 85.759 56.6945 58.5767 55.192 63.4221 65.401 75.9758 65.3272 73.0872 41.365 47.8837 44.3125 48.3502 93.1704 95.3798 89.1348 85.7776 66.1184 63.6118 106.983 115.887 117.878 112.021 101.084 103.229 2.43736 0 62.8643 67.5992 76.7023 119.055 82.0144 80.2176 81.3804 73.6079 83.3747 75.2524 76.4646 80.081 74.5986 76.0521 65.6679 60.8731 62.5215 67.379 62.9604 58.2712 64.6089 57.7317 65.7912 69.6277 68.4344 67.2163 80.5106 74.7983 85.1317 72.4838 81.8088 72.3995 86.2762 76.7904 73.8018 65.3658 68.8369 69.3837 50.1269 44.5342 50.8907 45.3715 8.5672 8.84736 7.84633 10.3413 77.0904 78.1945 74.4176 84.1164 55.8792 62.5606 62.1111 66.9622 45.1853 21.5739 60.9105 113.384 101.564 80.5497 76.4816 44.623 114.867 95.9593 53.6306 40.9707 18.3874 35.1754 81.4891 49.1713 92.1041 45.9865 36.7714 14.5925 104.787 52.5979 67.136 66.9361 54.2091 29.3767 21.4813 31.3047 76.0745 51.9969 50.2395 49.7703 17.927 87.1301 15.6189 85.3189 65.4262 64.6276 31.9431 91.6862
26.8037 30.8243 27.2544 28.4157 27.3871 31.8699 42.7175 42.0322 45.1069 49.2303 48.1664 55.5226 55.4224 53.0501 56.7313 64.0221 59.774 56.2446 57.4586 68.3021 66.7648 67.5406 39.7057 35.51 38.0748 40.2539 41.6314 47.068 47.1947 43.0426 29.1072 25.3149 28.7692 27.3781 23.4051 22.4106 22.2984 25.6394 53.9584 52.2221 51.3272 59.3584 60.2095 63.4524 58.4774 62.1783 12.1969 13.599 13.8127 15.7999 10.6425 11.4977 14.0614 14.7937 15.2733 12.3191 13.6554 12.8803 34.8987 33.2463 34.5827 30.6981 44.619 39.7941 35.9062 38.2945 84.6038 77.9475 71.3498 85.7974 25.2131 19.8237 46.8408 57.477 57.28 56.4993 62.7388 75.2364 62.4895 62.8643 0 2.5684 74.1928 78.2224 19.9449 38.1233 35.0496 33.6182 38.6504 37.801 66.0023 69.2236 71.4231 69.5424 60.6224 63.3798 55.2559 55.938 19.0895 19.8417 19.0504 20.2206 6.89773 5.87445 7.72086 6.94679 15.2434 16.0344 18.745 19.4139 28.389 27.9621 29.5058 27.8007 50.5335 56.413 50.0943 51.7817 37.1685 35.158 39.4325 38.2656 66.9166 58.5037 62.4627 58.3883 77.3303 71.1002 75.6752 77.9201 21.1652 22.3049 23.5348 23.3784 18.8303 46.0501 9.64714 62.8395 51.1861 13.0344 20.0783 27.9623 50.4207 57.2219 62.168 29.3989 56.3702 68.8235 89.2979 33.2742 55.2661 28.4764 75.7691 55.6331 60.8799 37.463 36.9944 66.3768 6.97791 49.2456 51.1921 66.9836 14.1372 45.4438 21.4144 53.4042 57.4462 77.3382 61.7039 41.061 84.4381 70.8593 34.4938 52.7252
26.1926 27.3878 26.2407 30.6778 26.1943 29.841 46.1063 43.1607 44.9371 47.2316 49.9825 52.0048 48.3807 51.2238 56.1183 57.4511 51.2409 57.1753 66.5313 58.1622 61.4402 61.3058 35.8502 32.8383 39.6962 41.0669 41.3623 37.5899 41.6177 38.7562 27.5914 30.8162 29.2612 30.558 24.2402 24.9688 24.6006 25.9728 49.6411 48.8118 49.7956 50.8901 58.5133 53.497 62.7256 54.6056 15.255 13.8736 14.7283 16.3324 12.3873 13.4997 13.0402 14.2761 16.8632 16.726 15.8398 13.9173 28.0813 35.1949 31.3093 29.8325 36.2522 39.0927 36.9754 41.2327 85.4998 82.6688 76.8164 86.0546 25.7434 21.128 47.9898 53.3151 50.3783 56.9484 70.0631 63.6821 69.8934 67.5992 2.5684 0 61.0707 77.0555 16.3732 35.8801 30.9838 32.8809 30.5662 31.4579 73.887 71.3725 66.0946 69.0325 56.6725 58.4817 57.9146 58.7298 16.9128 16.7612 17.4158 16.8025 7.43252 7.13044 8.96602 8.9389 14.6007 14.135 15.2574 16.5246 30.953 26.0556 27.2267 29.8325 48.885 51.1223 47.2398 52.3984 37.8497 34.0134 35.3966 33.0259 69.4965 63.3069 68.4036 69.0087 72.1074 74.9953 72.5215 72.099 21.7816 22.8367 21.6191 21.6928 22.322 46.8433 11.5922 56.868 52.4907 11.8525 14.9816 29.4695 46.6329 55.6885 63.5681 30.7475 59.9678 69.531 94.1457 38.3351 54.3286 28.2293 74.9172 54.1938 65.3891 36.1009 42.4723 65.8992 8.08094 51.1391 55.2142 57.4531 18.0417 46.3987 24.4217 47.462 58.3814 74.156 64.6036 43.9069 75.501 82.5324 36.5473 49.3163
47.817 44.7033 48.3739 48.7019 45.276 44.4159 50.908 44.7301 49.9564 55.3064 50.3151 50.1994 52.8738 48.6535 45.9687 49.5346 49.2184 47.5517 52.1777 51.2776 47.5681 48.9439 54.6597 56.3859 57.8589 62.6926 62.269 53.4581 56.6679 59.7122 87.5721 89.3815 103.511 89.9221 97.3965 96.763 92.1983 92.855 10.4309 12.2649 12.7189 12.7402 6.70544 7.65502 8.90967 10.7826 79.374 73.7406 84.3049 89.391 79.549 76.5922 75.1639 84.638 81.1141 77.0248 74.504 78.3447 35.6957 33.4305 38.5474 32.3224 47.0483 39.081 43.5587 37.735 12.7208 15.64 12.7676 14.6189 94.9721 83.6956 60.7609 59.835 52.5597 56.6058 14.6539 15.5258 86.8432 76.7023 74.1928 61.0707 0 69.904 58.269 30.9038 33.1494 32.0519 33.2908 39.4582 14.9454 13.4957 14.6967 13.5484 19.3413 17.0519 19.1004 18.691 53.522 46.853 49.0317 44.5023 66.6296 71.316 79.1951 79.309 62.1354 56.0603 62.7869 59.8839 99.2938 85.4688 93.643 103.216 14.0179 14.2692 15.2391 12.5121 40.5764 36.2615 39.4686 42.5735 70.0746 78.7814 69.7944 70.6513 13.9491 12.9518 13.5117 12.9058 41.8714 42.9781 47.0311 47.8814 62.1148 61.2761 72.3894 41.8987 38.469 64.2335 47.6629 90.5918 49.5295 15.4931 35.5422 79.8612 61.8391 54.8232 26.7161 44.9176 36.5833 58.103 53.3117 68.558 47.0111 33.8253 30.5545 18.2724 70.77 58.2426 63.7696 51.1628 87.9703 37.7319 77.3055 33.5745 68.2055 7.39705 76.0078 24.1731 32.3547 31.1465 65.0912 32.9745
42.9201 47.0148 43.1461 45.0086 50.1884 45.5177 29.1327 28.2167 26.0038 27.3847 26.0383 23.2562 24.7842 21.058 17.5397 18.0095 17.4267 14.5108 16.9627 13.6177 13.2082 13.3378 35.2754 37.6806 37.5441 33.7151 31.9226 30.696 28.3415 27.9822 86.1333 93.1116 89.086 82.9568 82.8803 78.963 82.0331 82.5506 65.8149 59.0352 57.136 56.6803 63.5141 58.7304 58.6002 54.5745 74.2563 79.8743 73.2517 81.3562 64.9652 72.9385 75.0296 67.3113 93.3573 88.6466 89.4109 77.6449 60.7319 52.4004 57.6857 60.7407 86.4497 84.6735 88.9146 74.2893 75.816 69.5834 64.9403 75.7047 94.4384 90.0672 21.5844 17.451 16.518 12.8907 47.3128 47.9296 134.679 119.055 78.2224 77.0555 69.904 0 51.0398 42.3144 45.5171 44.1408 46.6137 47.7289 85.0523 81.7873 83.3271 72.1777 72.5255 82.1078 82.4033 83.3829 70.0571 59.5294 59.5206 65.0103 74.1946 66.2979 70.7417 76.2871 52.5651 51.287 57.3596 58.2096 93.1148 88.4983 90.9003 89.4419 58.5971 61.2955 65.7884 62.4177 73.1308 74.2911 77.3972 77.7954 111.83 126.439 125.418 124.982 80.0166 72.309 79.9496 81.9292 66.4068 71.2674 68.0235 70.5334 89.7115 94.3721 78.626 16.5737 25.967 62.0274 57.0855 94.9278 20.7556 47.4773 96.6492 109.233 109.266 105.784 88.6442 73.3618 29.1673 83.7339 102.837 103.757 16.4487 69.653 71.1252 87.9099 70.3972 101.125 100.384 96.6028 79.5638 80.7626 87.5977 79.0157 123.973 64.6443 116.749 47.6093 88.9536 92.5568 96.9355 35.0406
9.23794 9.72346 10.759 12.4506 9.98906 14.2186 28.9317 25.6815 27.6254 27.313 30.7996 31.9686 34.8396 32.0064 40.4039 37.6686 41.6388 38.0739 39.5882 46.339 41.871 42.1756 18.9181 21.7821 19.8044 22.7981 22.2844 25.6891 22.4038 27.8213 45.0413 43.5054 48.0704 40.1214 38.8465 35.0675 37.2575 42.5562 45.9409 49.4422 46.3971 44.6705 49.9721 51.9341 44.078 50.7377 27.3835 27.4737 25.7765 27.0531 21.0001 19.8882 23.1096 21.9723 38.3474 34.266 33.4146 30.5766 22.2629 26.5604 23.3584 23.2579 46.5756 47.5222 38.4423 41.1731 73.5456 70.7285 63.3127 65.115 39.023 43.1914 31.2517 35.2132 34.4923 42.9794 59.2618 50.8272 74.5518 82.0144 19.9449 16.3732 58.269 51.0398 0 28.2359 18.8326 22.9804 20.5544 21.9058 67.1913 63.0261 57.2974 62.3862 56.0629 56.918 56.5021 51.7017 17.1499 16.7038 17.2633 17.765 21.8177 21.8065 19.6732 20.3515 3.38709 2.50746 3.76298 2.54968 41.3276 38.4641 45.9031 39.0728 45.2019 43.5792 44.3006 42.8726 41.6393 38.4313 41.7386 37.5676 82.9825 80.2607 82.0255 80.0114 66.0248 67.7259 65.4689 64.5793 19.3633 21.3863 21.62 19.1409 37.0827 57.0751 25.7305 43.6175 36.2477 13.1867 6.8205 48.9917 35.5039 46.4501 68.4085 50.9611 67.0607 71.9714 75.7062 42.2025 36.9048 34.9702 76.4045 59.5962 46.7072 34.0207 35.9855 65.169 27.7662 56.5052 67.2694 67.6323 30.5194 49.7826 40.9142 51.8068 69.9574 63.9865 74.614 28.9689 70.9259 72.7406 44.6044 29.3761
15.7985 17.8513 15.0451 17.0102 17.7146 14.3655 22.3593 23.687 23.3726 24.65 24.9558 26.1179 26.9035 27.1434 29.8501 28.4288 31.8256 28.9779 30.3461 35.8095 30.9756 35.6115 26.9732 29.0937 31.6522 34.8691 30.9909 30.1694 28.9854 30.91 64.5385 74.2163 73.9054 73.5432 57.8043 62.5203 63.9186 61.5751 21.1561 22.4659 19.0601 19.9239 23.8055 23.5812 23.1111 21.0797 48.3088 55.6458 52.7403 52.9051 43.3827 43.6343 47.7927 45.6526 55.387 51.7893 50.4133 49.3859 12.2139 12.1391 11.6866 9.38279 37.619 34.0127 33.0343 36.4896 45.5879 48.0455 40.9048 47.5302 58.336 63.2497 32.3454 32.9392 31.8773 38.6009 28.7782 32.6539 83.7102 80.2176 38.1233 35.8801 30.9038 42.3144 28.2359 0 4.82676 4.4529 5.44988 5.23765 37.2861 38.093 37.9074 38.4386 37.2633 36.595 34.9974 32.6534 23.6944 25.7744 22.8437 24.2514 45.985 45.0391 49.5793 40.8995 28.1323 29.0725 30.3259 27.394 62.3947 69.4315 66.2091 68.6853 22.1703 23.5266 23.9477 20.5342 29.2891 29.4534 31.098 29.5545 77.9153 68.7008 70.7805 68.4733 37.4522 45.165 37.2503 42.7112 22.6824 20.5367 23.3836 22.6506 49.7011 52.6838 47.5242 30.9634 20.3256 42.7404 20.9337 65.2994 24.084 18.575 54.4116 58.5731 56.1832 57.4034 56.8399 33.932 21.1884 39.1007 59.3512 69.0797 34.1715 25.9285 18.8913 44.2263 40.2305 51.7815 65.1945 57.9595 55.1913 35.7828 63.5298 38.13 61.0707 39.7451 69.648 5.35743 52.2671 54.8109 45.4307 11.3209
11.494 11.9539 12.0154 12.1606 11.4953 9.46912 19.2165 18.6074 20.558 21.6867 23.9274 24.7185 22.9803 24.0721 27.8038 32.8225 31.6823 31.2213 31.45 36.5881 37.3795 33.8811 28.0421 27.8322 27.1532 32.1925 25.953 27.9069 27.6299 32.0139 68.5348 62.7757 68.6351 67.6891 53.1994 56.0346 57.3672 54.8617 25.682 27.1264 25.1823 23.3182 30.5081 30.3076 29.1412 24.2813 42.9215 44.3068 46.172 43.862 41.7837 38.0707 43.1565 45.0144 50.3006 49.543 52.3457 44.8829 13.4301 12.0024 10.2184 9.51947 34.5778 33.1557 38.2054 34.2646 49.8322 49.5249 44.0004 51.2025 54.1698 58.6934 30.4194 30.427 30.7757 33.2937 36.397 32.8864 79.0181 81.3804 35.0496 30.9838 33.1494 45.5171 18.8326 4.82676 0 1.06524 1.01918 1.35577 43.5629 40.8728 40.6255 44.1825 37.0709 35.4141 37.1966 41.3569 23.2608 19.2527 19.6831 19.459 39.5454 41.4516 42.1444 39.6332 23.2352 21.4357 23.307 24.8793 57.8973 62.0229 66.1595 55.8608 26.3343 27.9295 24.5577 25.7707 33.6472 31.2879 33.082 28.0318 73.335 66.5442 68.7111 73.7046 44.9366 47.46 44.5905 47.7418 21.9787 19.2767 19.1712 20.273 46.4602 56.2887 44.5863 34.4303 20.7766 34.1601 18.5738 62.814 27.2896 26.6703 54.7119 60.0674 57.4861 59.7663 67.3349 34.6413 22.5952 42.193 67.6207 67.7328 35.5419 25.4438 19.6803 45.5554 38.5446 57.7803 60.2333 55.0194 50.1691 39.1245 56.1025 40.2263 62.6855 42.6128 74.0972 10.5649 55.9693 57.782 49.0705 15.3625
12.7224 11.4447 12.7982 11.064 12.7867 9.72042 19.5947 21.2971 20.3202 20.6333 20.65 24.5319 24.1421 26.1686 28.0176 28.7207 30.7535 31.1061 29.5177 35.4239 33.2087 34.1226 23.409 27.1289 26.0996 27.7441 24.6315 27.9447 29.5098 27.9095 59.8095 68.4694 68.7305 69.319 63.5906 63.7745 61.138 63.4299 26.7764 25.6648 25.6784 20.3352 31.0956 28.6941 27.0804 27.3702 47.8149 51.7912 43.764 48.4547 38.2665 40.8811 39.1173 40.7637 50.5744 52.0471 45.2287 52.1156 12.4386 11.1115 11.8611 8.75911 40.3718 36.8176 37.1858 34.8465 44.947 50.1853 46.4423 44.7079 56.0314 61.4286 34.899 30.4343 34.3971 36.2788 32.5079 37.8228 88.2691 73.6079 33.6182 32.8809 32.0519 44.1408 22.9804 4.4529 1.06524 0 1.27811 1.0073 47.4068 43.1946 43.389 46.2198 35.3485 35.4398 40.7393 38.9106 21.1386 21.1056 24.081 19.3681 44.2488 39.5953 44.7436 37.9235 25.1801 23.0444 24.9831 22.0426 64.3713 62.9057 56.7376 57.5931 27.961 25.0264 27.5345 26.963 34.8913 34.2496 31.621 31.3826 80.8029 81.6265 81.3184 67.2652 47.7985 45.1185 48.1115 43.8652 20.1115 18.0731 19.4597 19.0549 43.5224 52.6525 37.9035 28.5473 23.7625 38.2266 17.4925 55.1416 24.1278 25.7252 57.2752 55.0518 66.3164 63.6239 67.7907 34.3003 18.9276 36.3988 57.9752 65.2158 31.6242 22.7348 24.0699 52.4301 36.6711 52.0939 57.9759 58.8951 55.6057 33.9022 59.7837 42.0492 69.5269 40.1938 72.0925 9.35665 53.3757 52.5054 45.115 14.1563
12.1318 12.0037 10.543 10.555 10.7835 8.52137 19.906 18.6555 19.7919 19.8932 22.4512 23.7081 21.8599 25.1074 30.142 30.5213 30.7849 31.5449 35.8098 34.4742 32.5999 32.4728 24.9432 23.8608 28.8406 29.6929 24.2022 25.1284 25.5915 27.5043 67.504 63.7086 66.9146 61.3799 57.3813 53.6509 54.0458 61.4937 27.3561 24.1466 24.3195 25.1607 28.4533 28.3041 27.7083 26.3905 42.1469 46.0973 48.6521 43.4011 37.9047 44.451 40.3378 39.3521 50.4794 49.0266 51.2537 44.7817 13.533 11.9047 9.95949 9.26576 38.6622 37.8696 36.715 38.1766 47.07 56.0112 47.9616 50.5455 62.6071 60.2791 31.9523 34.1146 29.935 36.2524 36.5059 39.6026 77.92 83.3747 38.6504 30.5662 33.2908 46.6137 20.5544 5.44988 1.01918 1.27811 0 0.942922 41.5254 45.7333 41.2847 42.1664 40.0611 43.0596 41.7629 40.3194 21.8265 20.2467 20.813 19.4634 41.3802 40.1478 41.5748 37.0939 25.5123 21.2051 22.2661 23.8668 59.6542 61.0094 58.3773 57.1698 27.6085 26.0971 24.6621 28.1089 31.1114 35.104 34.6147 31.0959 74.0378 76.0805 72.0788 67.3807 42.2591 43.8048 47.3595 47.1077 20.1774 21.1595 18.1109 20.3899 40.2505 56.2804 44.1803 30.2411 23.6297 36.1943 17.2069 54.2941 24.4033 23.273 50.2651 59.491 67.5977 63.7552 60.911 32.1656 22.2686 42.0411 60.9421 67.5404 29.8216 24.9917 24.5809 51.7122 35.9698 49.4947 64.8843 55.7434 50.7553 39.9491 59.4596 44.3424 72.1025 43.6149 73.5223 11.2678 59.7105 52.3406 51.7105 15.4719
13.0758 11.7786 12.3905 11.0893 12.1966 8.28874 18.2643 18.7927 21.72 22.9411 22.1404 22.839 21.9177 24.2553 28.9771 29.5335 27.2817 31.3238 29.9391 31.8236 35.4645 33.9902 23.8396 23.8867 24.9129 31.0759 27.1477 26.8667 27.3997 26.5978 58.7715 63.6188 61.7961 69.4159 60.3471 60.4681 55.7498 57.769 28.7165 23.9654 26.7282 23.6535 29.9113 30.6881 26.2322 27.5635 51.46 44.2326 43.3369 48.2103 43.9931 40.1854 43.5513 46.6372 50.4614 44.9126 46.9459 48.2415 13.2282 11.7704 10.6034 10.7812 39.3977 38.8873 33.9853 33.0632 45.7108 47.2882 50.6413 45.1478 57.7303 59.0529 32.9316 30.9537 29.9468 35.9193 34.6524 35.8844 84.8364 75.2524 37.801 31.4579 39.4582 47.7289 21.9058 5.23765 1.35577 1.0073 0.942922 0 41.3731 47.353 47.4655 40.5955 38.7313 41.8613 41.8621 40.3826 20.4707 21.1688 21.826 19.6493 38.6716 39.4818 42.7554 40.504 25.1285 21.7507 22.2132 25.2034 62.7171 61.8848 59.1543 57.2958 26.1414 29.9492 26.888 26.0231 33.0531 29.6904 32.199 34.554 76.9556 79.3925 79.7521 78.8255 45.8891 42.5871 44.2294 49.0551 20.4869 22.182 21.8405 19.5375 46.8385 53.3304 40.1448 32.3813 20.886 37.1584 19.2416 61.8014 23.2506 23.185 56.6636 61.6493 62.3093 67.7377 68.5312 34.2441 19.8511 36.5682 60.428 68.4721 34.7638 24.1873 25.1221 45.0616 40.2024 49.6015 65.883 58.8231 47.8901 39.0943 61.577 37.4471 61.9001 39.3333 68.8325 11.1276 54.5395 61.3228 51.9198 14.3036
52.1894 61.341 55.8146 52.4472 58.1511 54.1506 62.09 65.3973 60.3614 64.7912 63.7095 66.1493 64.5644 66.6593 65.8997 58.8172 66.5343 63.7242 57.4984 59.2974 66.1981 69.4716 76.3365 75.9437 69.3958 72.2818 75.1034 64.6309 76.8874 78.3715 90.4788 92.5424 102.303 96.7663 90.2186 94.9446 100.853 87.1985 18.3394 22.1726 23.4128 24.808 20.9562 19.6122 20.6417 22.717 84.0582 84.9933 84.8453 89.177 87.0121 76.4978 87.0136 75.9285 78.6129 80.2486 80.909 71.4005 42.4631 36.8796 39.9012 39.4383 39.0583 31.519 40.4308 32.9243 18.572 19.8676 18.6553 21.4755 84.2748 88.1245 72.1788 70.753 70.4531 71.942 32.6985 28.5587 78.1938 76.4646 66.0023 73.887 14.9454 85.0523 67.1913 37.2861 43.5629 47.4068 41.5254 41.3731 0 1.0031 0.9945 1.29247 10.6652 9.37139 10.7742 10.2324 53.785 49.9836 55.2312 52.0655 73.1607 79.4749 73.2357 81.6396 59.1359 69.416 72.2237 65.8655 91.4268 93.925 90.7603 99.3485 16.5118 16.5397 20.0751 16.4644 38.5037 33.2943 34.5293 38.3359 69.1446 60.0631 63.6906 67.7125 2.97723 3.99774 3.12032 4.57222 49.8344 45.1211 51.2769 44.0014 63.5585 63.0225 66.5641 63.3462 54.2695 77.5294 56.5412 79.3511 66.3797 30.6763 18.3599 76.1588 51.8813 38.4278 22.8625 40.5367 53.7626 54.8248 34.6576 62.1647 55.8347 31.7011 29.637 4.51561 68.2459 46.3598 49.6077 45.8519 84.9024 27.2728 86.7647 27.7443 54.5256 16.5246 56.2752 32.5114 16.3668 13.8335 50.6341 40.2609
55.8948 59.7629 57.0443 55.204 55.9667 58.0679 54.9611 59.2871 59.3519 65.2956 61.6516 55.0127 56.669 62.1379 60.7333 64.9949 69.9989 69.9321 59.7338 57.3635 67.3549 61.639 76.6349 77.9886 74.8184 72.3212 74.3001 64.9783 77.0988 67.7745 88.3652 103.332 89.737 106.992 96.4726 94.0635 100.692 94.6587 19.527 20.7102 22.9982 24.7136 19.7032 20.1109 22.0556 20.8571 83.1317 91.8341 83.184 83.4386 77.3353 81.6752 80.5035 83.2582 80.0016 72.2537 74.3398 77.8481 38.0835 37.9149 39.3177 37.2944 40.0564 39.3607 37.3856 36.328 17.8364 20.8501 16.6063 21.2061 82.5304 79.8687 71.893 80.5906 68.7401 65.1239 28.6178 31.7105 78.348 80.081 69.2236 71.3725 13.4957 81.7873 63.0261 38.093 40.8728 43.1946 45.7333 47.353 1.0031 0 1.54711 0.969546 10.1118 10.517 12.1693 10.5602 48.6272 46.5873 48.8065 48.5959 70.0884 75.3194 76.9197 70.0582 65.5346 63.5558 71.4481 64.2361 103.855 105.252 97.7449 106.779 17.754 17.2087 19.627 17.2183 39.8979 38.0072 37.9394 35.8092 63.5776 69.9672 63.3594 70.278 2.18056 2.88003 2.48263 3.3222 49.797 50.0356 49.6765 45.4849 65.1014 54.5305 77.1169 63.2436 47.1106 77.7812 62.6678 79.3798 56.9751 29.491 20.2747 79.4415 59.9139 36.6719 22.2976 41.9446 55.9833 48.9074 37.4775 65.8988 65.9208 30.8393 32.3172 5.15131 73.1105 51.5419 46.2239 41.2396 91.1298 27.5866 83.6335 27.5134 55.912 15.0157 55.4267 33.8155 15.1782 13.2914 61.1378 46.4394
58.3814 57.724 56.5189 56.0521 58.279 49.4452 55.2617 64.9201 63.0531 62.0828 60.9216 62.5856 62.6866 65.8065 54.8743 66.7987 62.546 65.6762 59.7257 60.8438 59.4189 70.8733 69.1597 72.6164 73.3735 73.8175 73.7286 65.972 68.7092 74.0868 100.783 96.4419 101.389 98.7531 85.4836 95.6195 88.4485 95.5656 17.4866 18.7373 21.7387 21.6167 18.6503 18.8852 21.4254 21.2754 74.0808 87.1885 91.6391 81.2059 70.9775 79.6304 84.0033 80.2394 74.1749 67.2167 80.8194 77.702 38.4747 34.7791 38.0522 42.0248 40.3567 32.6404 37.1875 36.2144 17.4535 19.2201 19.2405 19.8643 79.2574 92.1879 78.319 68.6368 70.0259 71.8505 27.2246 29.2347 79.4966 74.5986 71.4231 66.0946 14.6967 83.3271 57.2974 37.9074 40.6255 43.389 41.2847 47.4655 0.9945 1.54711 0 0.98273 9.05662 8.8846 9.8505 9.85345 45.5087 54.3205 51.4333 51.0181 74.7711 70.0487 72.2292 77.578 67.2484 57.7787 66.1505 62.8354 105.759 104.408 95.0976 103.137 15.1389 16.6639 16.4294 16.4214 37.3348 37.2467 38.4492 38.5228 58.7243 69.0281 63.6971 64.1642 3.01534 3.97115 2.84953 4.22939 48.2301 47.7759 48.5911 46.7348 67.1642 58.809 62.5971 64.7517 49.9355 68.7757 56.7643 78.0899 57.4561 29.1436 18.6915 74.8572 55.1905 36.4259 24.116 37.9802 50.9056 55.9902 36.3271 66.2822 62.9776 34.218 29.5144 5.43185 72.9133 43.4717 46.3102 44.1111 78.9037 29.2007 88.5333 28.8028 52.0302 16.1857 60.5603 32.0507 15.4179 15.3359 54.4476 39.8909
61.2143 56.2168 58.9602 55.1957 54.1394 55.0622 55.5094 64.5489 58.1982 59.31 56.7772 59.4529 65.8506 60.1169 59.6016 56.1251 64.8845 58.9726 61.7742 64.001 64.4681 65.3109 66.6329 74.3619 72.8232 77.5954 67.397 71.9601 72.9324 73.4775 92.4989 101.838 104.124 99.0121 101.441 95.8348 88.6623 103.508 16.9571 18.8908 22.4402 19.9229 16.7258 20.0225 21.9807 21.4577 83.8421 77.1546 90.7743 91.5772 79.2764 87.9711 73.6143 80.4919 78.6604 70.3544 73.7269 80.6036 38.9045 39.5613 39.4331 42.7621 34.4765 34.25 41.6808 39.8156 16.0233 20.9379 17.051 19.7352 94.373 81.4729 75.6034 72.7142 73.9473 74.7717 29.0323 31.1141 83.3784 76.0521 69.5424 69.0325 13.5484 72.1777 62.3862 38.4386 44.1825 46.2198 42.1664 40.5955 1.29247 0.969546 0.98273 0 10.0458 9.03243 10.3987 10.4197 46.9646 52.5164 55.1309 47.7375 71.9804 75.8212 79.094 80.9475 58.5683 58.7326 70.9593 58.9223 95.88 96.9876 90.2641 101.71 15.3524 17.4859 16.5034 19.0475 33.697 32.9798 38.3002 37.8812 70.8093 65.0076 65.6401 70.1178 1.98669 3.27241 2.08975 2.94671 43.4378 47.2477 47.6965 49.3529 57.2417 62.6495 76.5328 55.2983 49.1605 73.2998 52.7597 75.0171 58.3536 29.873 18.6612 77.6403 51.0946 40.2039 22.2695 39.6343 51.9025 51.9894 40.8976 69.4317 60.6633 33.7207 30.5304 5.95004 64.4692 48.5299 55.1835 41.7918 78.5181 26.0033 88.9605 29.4317 54.437 15.0688 63.0655 32.9117 16.5326 15.0054 54.9015 44.1628
51.0386 50.7448 46.5039 53.2485 46.7963 47.6698 53.5272 54.3767 52.8031 64.225 56.1292 57.9612 52.9696 54.5898 62.2218 62.4215 67.5462 67.6381 66.1009 64.0078 61.0946 69.1654 65.6728 66.5659 62.5567 65.1615 65.244 67.3092 67.2618 63.4341 90.2105 85.5587 87.9633 89.8133 89.3087 85.9902 78.9683 88.8388 16.8117 19.1182 18.6013 19.2815 20.5528 21 22.0856 21.2734 70.0922 68.4564 71.2119 83.9597 74.9231 71.3848 79.4602 68.1897 64.0476 63.1335 69.0932 60.5767 32.5081 29.4146 34.0748 31.2463 27.0746 24.3968 28.9688 28.2241 24.9394 29.3275 29.4794 30.834 74.0739 78.7474 73.1733 69.8507 69.4385 69.4372 34.6539 37.5258 72.8578 65.6679 60.6224 56.6725 19.3413 72.5255 56.0629 37.2633 37.0709 35.3485 40.0611 38.7313 10.6652 10.1118 9.05662 10.0458 0 1.07668 1.09786 1.37072 46.3215 40.0255 40.9586 39.8068 66.5166 71.6234 71.5172 68.6746 59.4575 60.3069 57.3941 59.4163 80.2111 82.9911 86.4437 80.2566 11.6107 11.8628 14.8344 15.1683 28.5019 25.0419 26.7657 25.0515 52.5841 58.1012 62.1208 56.8187 12.3743 12.6464 11.1859 12.1663 39.5419 33.8701 35.577 40.9976 54.2991 43.6318 62.452 60.587 53.6115 62.6763 52.9516 65.6121 62.269 29.4852 15.315 64.3814 46.2642 34.3076 31.3871 29.5562 53.5336 42.9319 31.4249 53.1902 54.9002 25.3432 20.1801 12.4773 58.3991 40.6125 45.7266 32.219 75.5344 17.5629 75.8496 17.711 50.2532 23.7121 51.8349 27.5831 19.0045 18.7595 45.635 39.8401
52.1185 45.7235 46.7641 51.006 50.4416 43.3153 53.8157 60.1664 58.5756 53.6886 57.7299 59.8992 54.8417 58.8076 58.0535 62.7698 63.7173 67.9647 59.6433 58.146 60.8567 64.983 59.0825 72.1225 72.7232 64.4104 65.9731 64.666 73.2153 72.1413 90.2495 82.7954 89.214 89.6766 78.7843 76.7298 92.6829 84.1086 15.3348 18.5926 19.696 21.3562 17.9471 21.1116 20.2818 22.4664 79.9965 81.4065 83.2169 79.513 66.6337 70.6371 73.5412 70.0452 65.1044 70.793 68.7682 68.5463 30.4881 31.1441 34.0911 32.0791 29.812 28.3195 26.9102 26.1249 25.2665 28.4815 26.9467 28.3079 85.4146 69.8416 63.5551 65.7106 62.9226 63.2931 32.9016 30.5463 66.9796 60.8731 63.3798 58.4817 17.0519 82.1078 56.918 36.595 35.4141 35.4398 43.0596 41.8613 9.37139 10.517 8.8846 9.03243 1.07668 0 1.52987 1.01052 40.8091 42.5183 47.5644 43.3512 69.95 71.8712 73.9092 62.5713 63.4225 59.1472 59.7006 61.2707 83.8658 80.8124 84.0424 84.5619 12.9325 11.943 12.5461 13.7577 28.4499 23.9966 27.7111 28.6627 56.4145 51.739 60.4802 56.5939 11.2513 13.4542 10.6548 12.8401 42.172 38.7505 35.6833 36.3227 50.1558 49.7511 59.5296 64.849 52.4756 67.9284 52.3877 72.6932 58.8017 29.8043 14.5483 66.8476 48.2198 34.9786 31.598 33.144 48.7034 47.7718 33.044 61.226 65.6858 24.0285 23.1794 10.8381 55.8757 40.0479 43.4313 32.7993 69.9732 17.7707 78.394 20.1686 46.081 22.3286 47.0995 32.983 16.9404 16.7317 45.6209 45.2246
45.4235 51.9436 45.3562 45.5701 43.2389 45.7926 59.861 51.631 60.4281 63.1061 54.9305 54.6525 61.2751 62.7873 64.1913 64.4538 63.3463 66.3515 66.5925 55.8633 67.8888 59.8344 67.3114 63.5574 72.0607 73.932 59.3133 66.1107 64.2277 72.3919 88.9007 94.0219 92.0528 88.3891 78.3474 81.1023 86.6186 90.1055 16.2581 18.7109 16.8852 20.5699 19.9995 19.774 22.2177 23.539 74.543 75.8873 73.4385 69.5093 76.5987 73.5741 73.2535 75.9995 59.1654 59.5212 69.9269 70.7448 28.417 26.964 31.0613 32.3139 24.7055 23.1276 26.0886 28.0654 28.3124 28.426 27.4113 28.5453 75.5641 74.1302 69.926 68.3661 64.7621 72.1175 31.3329 36.7229 63.6601 62.5215 55.2559 57.9146 19.1004 82.4033 56.5021 34.9974 37.1966 40.7393 41.7629 41.8621 10.7742 12.1693 9.8505 10.3987 1.09786 1.52987 0 0.983992 39.0616 41.1414 40.4265 41.7515 61.2228 62.7164 62.1743 70.0959 55.6148 59.9732 54.8277 56.729 92.1865 92.5942 80.9488 82.1921 12.6248 11.4888 12.5201 13.2373 26.5777 27.0929 27.3816 23.5755 52.0622 58.3979 60.0504 55.1772 12.9032 14.891 11.9397 14.9004 40.3297 33.3904 34.543 38.0214 54.1833 47.8958 56.1362 58.6958 53.635 70.2029 43.9107 76.5216 56.9051 31.0556 15.1031 70.175 44.7075 30.7473 31.7761 26.7643 48.5079 45.4768 33.4219 58.226 59.057 24.1134 20.9453 12.4594 59.5963 36.0045 40.2179 32.0824 81.4732 19.1843 67.0892 17.5348 48.525 25.421 46.4205 30.0057 18.5892 19.6284 40.9061 37.3547
48.1222 47.1487 49.6685 47.0416 51.4854 51.2017 55.5254 55.1736 59.0685 56.8702 51.395 53.6835 60.2408 53.2085 64.0103 56.6254 64.2932 66.8988 63.0449 66.5584 58.1396 64.9422 69.4266 58.7247 68.8609 70.5699 63.3186 69.8128 68.6133 68.7419 87.5238 81.9985 95.0223 97.7283 78.6068 80.4487 76.5514 93.5339 16.8648 16.1051 17.0613 18.2988 20.0741 17.7347 19.3444 21.4335 67.6838 80.7336 68.1442 77.4871 73.2731 71.2954 73.1813 68.2095 66.0096 60.7498 69.5287 71.389 33.355 28.6657 34.6561 35.248 27.6609 25.3838 29.0353 27.8753 25.1864 26.9915 27.241 30.8786 71.9422 73.1486 66.9997 63.0173 63.8673 68.9357 28.277 33.6269 71.3398 67.379 55.938 58.7298 18.691 83.3829 51.7017 32.6534 41.3569 38.9106 40.3194 40.3826 10.2324 10.5602 9.85345 10.4197 1.37072 1.01052 0.983992 0 44.5509 41.675 42.4058 44.254 65.4301 68.0677 74.162 63.6473 56.3165 60.4865 52.6765 57.7828 96.0892 93.8531 91.9442 82.6423 11.9764 12.0604 11.8245 12.0345 24.0393 26.7266 27.1712 27.1005 55.6122 53.0166 54.1584 58.3035 13.0426 13.9911 11.9381 13.4261 38.1734 37.6735 38.3396 35.5542 52.7268 46.0607 55.5785 61.5629 52.4527 72.7036 49.7164 67.6622 56.4975 31.3356 17.6719 59.3789 49.7697 33.7946 33.177 27.9062 48.5428 44.2509 31.8647 62.6059 61.4394 22.7305 18.6121 11.1971 57.1611 39.6291 43.7517 33.7878 77.5998 20.4906 75.5675 19.5496 52.643 22.3637 55.1663 30.5808 20.6021 19.4928 49.5361 40.8278
19.8894 21.2412 20.6929 21.0156 16.6719 20.2688 36.4569 40.8373 35.3078 36.766 45.6583 41.0838 43.7391 41.1826 48.091 52.0602 49.0975 53.0162 49.6406 57.2553 53.6864 57.165 36.8309 34.587 40.4352 39.9283 39.5796 37.3099 39.768 44.2605 45.607 51.0339 45.042 47.1306 40.1684 39.7214 42.5997 42.3218 34.5184 35.8266 33.0394 38.5347 46.2119 37.9194 38.2008 39.1861 29.253 33.187 30.8707 31.5364 26.229 26.989 27.228 33.5096 30.2119 24.2013 28.1404 28.3144 13.974 16.1841 12.4048 17.7118 25.7952 28.0791 23.6289 25.892 64.4233 60.4402 59.6347 67.9938 40.4489 33.6004 51.0852 51.0724 54.85 57.4087 48.8036 51.7488 63.1769 62.9604 19.0895 16.9128 53.522 70.0571 17.1499 23.6944 23.2608 21.1386 21.8265 20.4707 53.785 48.6272 45.5087 46.9646 46.3215 40.8091 39.0616 44.5509 0 0.963662 0.907388 1.2962 27.118 22.9154 25.211 25.4359 18.5487 18.5555 20.4612 20.8958 49.364 43.7337 42.406 50.6545 35.4477 33.2835 36.5338 38.4652 19.3936 21.9343 22.3269 21.4839 63.8045 52.1993 60.564 56.8975 51.5126 57.033 55.4011 56.0993 4.49084 4.60234 3.21994 3.91662 21.1655 35.5628 21.6773 57.1255 48.3265 26.3302 11.6618 40.8947 49.3644 44.7424 47.0755 36.9436 48.9231 49.5743 71.3637 22.9796 41.41 21.3891 56.2467 45.3974 51.0871 17.3499 20.3708 50.5423 19.8218 38.561 47.9977 53.9842 31.9764 27.8406 38.2075 32.1471 48.8331 58.3123 59.5399 25.5019 62.382 61.8877 30.8922 36.0327
19.4046 18.8964 23.2471 22.036 17.1195 20.3882 38.5114 34.7054 41.2615 37.8878 41.6788 40.4613 43.3585 44.5462 52.4271 46.72 50.4833 50.2698 48.2236 54.5758 50.1834 54.284 36.022 35.3755 39.8758 35.6918 39.8017 42.5892 38.9039 44.2623 49.4348 48.9599 47.604 53.3511 42.4398 45.0637 44.6847 47.6295 38.1681 39.6702 33.0412 31.7674 42.9807 43.1007 42.737 39.8072 34.1407 32.9651 33.7909 35.6198 28.5125 29.1782 27.976 31.9161 30.784 27.1471 30.3167 26.9037 13.4981 15.8276 13.3529 15.5238 25.9436 23.8786 23.5443 24.2764 64.1434 64.3793 58.2629 63.5844 40.0525 40.4581 50.1922 51.6952 53.8547 57.2667 52.9855 52.3891 59.6657 58.2712 19.8417 16.7612 46.853 59.5294 16.7038 25.7744 19.2527 21.1056 20.2467 21.1688 49.9836 46.5873 54.3205 52.5164 40.0255 42.5183 41.1414 41.675 0.963662 0 1.52466 0.97768 26.5855 27.7363 26.5746 28.0227 19.2816 19.6296 18.0521 20.6665 43.627 48.491 50.4583 43.2681 32.212 32.9019 37.0366 32.9057 20.1543 22.9731 19.4075 19.6396 54.3289 58.5681 53.2124 61.6362 55.5698 58.0916 47.0092 49.531 3.8885 4.10046 2.9651 3.74229 21.4093 36.216 22.8437 56.3338 42.8072 28.8413 10.0759 39.4804 41.8545 43.773 49.0589 33.1321 46.4345 50.3768 78.8653 19.9225 43.5158 20.8954 54.3804 51.5973 49.9034 17.3908 22.9954 50.6568 20.599 36.6337 42.2842 50.9703 36.6095 31.5887 36.5953 31.5985 50.6151 56.2478 59.8212 25.1643 63.5094 57.7403 32.031 32.6676
20.8069 21.9806 22.81 21.9113 17.191 19.7376 38.4097 36.4709 38.4798 38.8997 37.7614 39.4467 45.6298 40.9932 49.5966 51.7882 45.7904 53.0889 50.9516 52.3282 52.1835 50.4546 33.995 33.6799 39.6735 38.4767 37.4856 38.811 41.746 41.5078 43.2883 49.5377 47.7214 45.456 43.5938 45.5878 41.5972 46.0589 39.8556 40.3121 34.5617 34.6024 47.1649 42.1829 43.2754 38.7751 30.4567 29.506 32.9392 31.8186 27.7495 28.2638 30.5988 29.0312 30.2636 24.8877 26.5451 24.3336 13.3207 16.1828 14.3021 16.9014 25.3093 26.3951 22.4353 25.3411 64.4568 69.3271 57.8095 58.0413 39.7351 35.7494 44.5531 46.3179 54.9109 47.3042 56.0958 55.2411 66.2612 64.6089 19.0504 17.4158 49.0317 59.5206 17.2633 22.8437 19.6831 24.081 20.813 21.826 55.2312 48.8065 51.4333 55.1309 40.9586 47.5644 40.4265 42.4058 0.907388 1.52466 0 0.942259 23.8129 25.1994 23.7522 24.6838 17.0415 17.7326 17.7008 20.1228 46.2638 42.0347 49.5009 44.2975 33.9594 40.6862 35.7717 38.3341 22.0046 20.4921 20.4025 20.3244 53.7366 60.6438 60.5649 57.1971 55.26 59.4057 52.8726 54.3285 5.16469 5.59509 3.97972 4.52144 22.8555 38.8162 19.3687 48.5942 44.8671 25.6717 10.898 39.0393 47.4762 38.8921 48.3996 33.7963 44.8012 58.2946 67.397 20.4641 40.281 19.7878 52.7508 50.7069 52.1974 19.5166 23.8457 51.8464 19.8818 43.1069 51.499 53.6052 30.6652 28.6947 34.0976 32.8068 56.2232 59.0489 54.8117 26.98 62.6324 55.1039 29.7684 34.3859
20.2589 18.7082 19.5549 20.9429 18.5716 22.0898 38.7053 38.5249 35.1319 40.5593 38.6329 43.0754 38.8582 43.4772 50.9669 45.113 52.4208 50.4953 50.9191 55.1896 56.9326 57.2761 34.2597 32.0889 39.3288 39.2357 35.6482 40.5843 36.7315 43.6422 41.5141 44.9384 47.1455 49.9603 41.9958 44.4283 42.0669 43.0979 38.1747 33.8264 33.4878 35.2775 45.5864 40.5846 40.886 39.0009 34.3549 30.9643 32.5476 33.6581 30.353 26.0386 32.1772 33.7273 31.8426 26.3627 32.2149 28.416 14.4868 16.4034 12.3103 15.026 28.9217 28.6805 24.1647 25.765 57.5661 57.9155 54.3289 58.5253 39.9343 38.8145 47.0458 44.5566 48.3592 54.3539 45.9576 48.1203 64.917 57.7317 20.2206 16.8025 44.5023 65.0103 17.765 24.2514 19.459 19.3681 19.4634 19.6493 52.0655 48.5959 51.0181 47.7375 39.8068 43.3512 41.7515 44.254 1.2962 0.97768 0.942259 0 27.2264 25.395 23.764 25.8258 16.0048 18.9745 16.5975 18.8187 49.9262 48.4005 48.1009 44.867 38.0728 33.3485 38.2975 36.6285 22.157 23.1935 23.0008 20.0451 60.1081 59.1474 62.3384 53.7104 53.0671 56.371 52.3232 54.4542 4.94204 5.46938 3.40343 4.10596 20.685 39.2717 21.9966 52.4896 42.4155 23.8144 9.53828 39.4213 39.6163 43.5432 47.1167 40.3746 45.9237 51.3768 69.5566 21.1451 40.6336 22.8248 57.1146 52.176 56.4407 20.4063 23.7918 52.8383 20.0786 37.4663 43.6647 54.4917 34.8418 32.2133 38.2124 31.3924 56.5415 57.8381 61.4002 26.7878 62.7849 56.3695 28.9037 36.6023
30.1698 30.507 33.6244 33.6912 32.7171 34.3131 44.8171 46.3064 48.442 52.9011 53.0787 57.7298 58.8441 49.1326 60.9613 64.2812 62.1894 55.4962 61.7362 64.0139 61.2599 66.3747 38.4357 37.9285 41.2097 38.9304 43.5282 39.7409 47.125 45.9605 20.5111 23.4131 23.8167 23.998 18.2286 18.6343 19.7461 16.9629 60.5659 59.8292 65.2325 60.3564 60.0878 60.067 61.9654 61.9234 6.46841 7.28868 8.18318 10.1759 3.80188 5.11962 6.67959 7.80838 16.2475 16.5533 17.4368 15.3035 36.1058 44.2403 34.2567 40.3178 45.3828 48.4754 47.0064 43.227 93.4462 84.7678 83.3455 84.8908 19.4332 18.6473 47.1877 53.0408 61.5782 63.3549 80.5676 80.3943 78.0083 65.7912 6.89773 7.43252 66.6296 74.1946 21.8177 45.985 39.5454 44.2488 41.3802 38.6716 73.1607 70.0884 74.7711 71.9804 66.5166 69.95 61.2228 65.4301 27.118 26.5855 23.8129 27.2264 0 1.02782 0.960278 1.43668 19.7567 19.2559 18.1203 19.2756 22.7642 21.4568 23.0424 22.9446 63.6035 56.8602 65.3409 62.1537 45.9717 45.4964 42.3281 47.7362 68.8262 71.8891 65.4093 71.4791 81.6766 86.4049 74.741 80.229 27.2538 32.9231 26.8423 28.0659 23.3896 47.775 13.3798 69.2535 60.9882 10.5125 21.0526 26.0935 54.534 59.9358 81.837 30.4519 63.6685 79.0355 103.397 43.5592 60.0068 34.6836 75.5514 56.5301 61.4024 46.3227 50.0297 86.5632 13.8069 55.6984 66.3784 75.8593 9.0364 50.7617 19.548 60.4945 67.3932 78.3146 66.1957 54.0328 79.1026 92.1307 40.166 53.5552
31.7739 32.3599 30.1987 33.5997 28.8989 35.7796 45.9127 48.7912 43.3083 47.4932 54.764 48.6419 47.9665 57.28 64.4769 53.3774 54.8124 63.3784 62.6796 59.3816 70.3698 62.9702 35.7204 40.3189 41.1024 40.2866 42.4067 38.61 43.8884 40.0497 25.0145 22.0317 22.7682 24.6693 18.5704 19.9489 19.0256 19.9004 64.3461 58.7658 55.0721 59.5887 60.3874 69.9746 64.9904 63.9432 7.82908 8.70845 9.07022 10.8198 4.1337 5.46354 6.78021 8.39804 18.6711 18.3314 17.3933 16.0162 40.8346 41.0071 35.6481 41.709 42.9593 51.8235 40.7047 47.9147 85.6131 92.1508 82.4126 90.7155 21.1665 21.0431 51.0236 48.9028 57.6186 60.436 70.3896 78.1688 66.5295 69.6277 5.87445 7.13044 71.316 66.2979 21.8065 45.0391 41.4516 39.5953 40.1478 39.4818 79.4749 75.3194 70.0487 75.8212 71.6234 71.8712 62.7164 68.0677 22.9154 27.7363 25.1994 25.395 1.02782 0 1.47507 1.04034 16.3013 18.5082 18.8871 18.5688 23.2441 22.9314 22.5607 19.7448 62.2973 56.2036 64.0877 54.996 47.4766 48.7818 40.0736 44.3862 73.7527 73.5221 71.2128 74.818 72.5813 82.3614 82.3404 81.9471 30.4464 31.8849 30.4166 29.2381 27.2375 47.9967 15.2232 61.4566 54.2277 9.53969 23.001 28.849 55.3548 68.3612 81.3138 35.6713 58.9331 78.8969 93.5528 41.2078 52.0043 36.9021 83.3796 56.0365 64.3572 43.7584 41.8567 71.9344 11.9294 57.4606 60.0438 64.9346 9.9343 54.2427 22.9101 55.7127 69.3965 86.5927 66.5383 47.7569 88.1857 81.9304 44.1404 52.5382
31.0943 32.1878 31.9928 36.7442 27.7998 34.1859 43.3112 45.0855 44.1263 44.1478 51.7044 51.1579 58.5349 49.7924 65.1229 57.9599 65.3071 59.8361 63.0694 70.5007 68.8533 64.1441 34.2091 36.1436 40.8889 35.7523 42.3704 45.2301 41.4402 45.2726 20.159 21.1618 21.5446 22.8802 16.821 16.1104 18.0755 16.9277 59.8746 67.1057 60.5346 66.2645 70.4084 72.8807 68.2793 69.3987 5.3977 7.11417 7.87011 9.06953 2.97169 3.90246 5.85298 7.42392 16.9783 15.8025 17.5945 14.5823 39.7898 43.5248 35.524 42.1328 49.1353 50.5232 44.0251 48.2779 83.6368 92.4318 88.3737 95.0814 20.9961 17.3953 48.7307 52.0016 59.8974 58.2892 77.3428 70.4166 67.966 68.4344 7.72086 8.96602 79.1951 70.7417 19.6732 49.5793 42.1444 44.7436 41.5748 42.7554 73.2357 76.9197 72.2292 79.094 71.5172 73.9092 62.1743 74.162 25.211 26.5746 23.7522 23.764 0.960278 1.47507 0 1.09857 18.2161 20.4198 19.1189 18.4653 18.8547 18.4752 20.2861 20.2764 66.6126 63.8146 64.2325 62.0472 43.0792 49.0509 43.9492 41.2125 74.9117 69.2126 65.882 65.3812 85.4157 84.0971 72.8645 83.2184 31.3764 32.5886 29.521 32.7303 24.7401 54.6522 15.4474 66.9464 53.7026 9.66826 21.4636 26.9874 55.2854 62.4416 74.7379 36.0425 65.6216 78.1538 100.938 47.5366 59.1076 37.9777 85.0401 58.9095 61.4752 45.3073 49.1779 84.11 13.3638 60.231 66.3252 75.5693 9.55066 49.2916 21.5753 52.843 68.1089 86.0069 76.494 50.4574 93.1679 78.1872 45.0103 57.8862
30.8378 29.5623 33.2474 32.3612 27.7993 33.4818 44.5995 49.9702 46.063 47.1638 54.9881 47.9321 51.8413 55.3207 56.9544 63.3168 55.2278 58.8586 69.0921 60.197 61.0147 63.831 35.6949 33.3512 40.1111 36.2774 37.7166 38.003 38.7927 41.0271 23.647 22.3656 22.8419 22.9589 17.164 17.5892 18.8045 21.0033 57.8344 58.8249 66.0829 62.9937 61.5267 59.3321 64.1414 65.0227 6.13946 7.26324 8.45178 9.82111 3.17289 4.39451 5.62631 7.286 20.2362 16.722 16.1898 16.6449 41.6567 42.6004 36.7368 37.2354 48.1815 53.734 50.3358 46.016 93.8634 86.609 88.0458 90.7257 21.9052 20.9097 54.5312 49.6427 53.8042 57.3439 65.8332 82.2143 75.0736 67.2163 6.94679 8.9389 79.309 76.2871 20.3515 40.8995 39.6332 37.9235 37.0939 40.504 81.6396 70.0582 77.578 80.9475 68.6746 62.5713 70.0959 63.6473 25.4359 28.0227 24.6838 25.8258 1.43668 1.04034 1.09857 0 16.4698 18.9753 17.0283 19.7699 22.3954 19.4338 20.9337 19.7479 58.5367 60.159 64.4549 62.5814 46.2197 41.6002 47.4281 41.256 65.9356 71.5938 63.4175 74.9246 72.5399 79.8138 76.5856 77.507 27.2792 32.5138 27.0747 28.8141 25.3161 47.5792 15.0661 66.8548 57.5801 10.4467 20.8396 30.156 54.4005 60.0374 69.1499 34.612 59.1471 66.9311 93.9095 42.2371 53.0916 37.9836 81.1502 52.6802 69.2419 42.2926 49.7484 84.2228 15.2543 51.393 68.1295 67.898 9.67917 56.8865 24.8254 58.3026 69.3642 79.0196 66.7341 49.3532 85.5331 86.7348 38.5973 49.2756
12.9207 13.1116 14.982 15.1224 12.5386 18.9594 28.5871 27.0006 27.1576 29.2862 36.1438 38.6454 33.0012 33.8534 38.8944 39.2581 41.7084 44.1556 48.5658 50.1039 48.3647 45.3673 23.5231 23.7657 21.4556 25.2668 25.3942 24.3276 25.5829 26.3738 37.9044 42.0301 42.7565 41.2348 34.4175 33.1338 33.8919 36.577 51.1085 47.8041 46.8568 49.1178 54.2496 50.9344 51.6495 46.5663 24.6991 23.948 25.7959 24.43 18.787 19.4843 20.5962 21.4588 34.3612 30.0282 32.6012 26.3472 25.617 27.1424 22.287 23.9278 43.2224 48.02 39.9335 44.6245 65.9954 78.2657 65.1346 71.0575 36.601 39.9571 35.1464 38.8693 41.7593 40.2536 54.4246 59.835 80.1141 80.5106 15.2434 14.6007 62.1354 52.5651 3.38709 28.1323 23.2352 25.1801 25.5123 25.1285 59.1359 65.5346 67.2484 58.5683 59.4575 63.4225 55.6148 56.3165 18.5487 19.2816 17.0415 16.0048 19.7567 16.3013 18.2161 16.4698 0 1.08779 0.953942 1.49599 36.4211 38.5396 41.998 38.1237 45.772 45.6623 45.5199 48.6933 35.8239 43.4751 39.3067 36.2038 70.8374 74.6943 67.9853 73.1133 72.2554 73.8196 65.4681 73.0431 22.2569 22.3367 21.9824 20.8837 35.9412 54.6678 24.8678 47.125 40.8787 10.6928 7.94524 42.4428 34.835 48.2947 62.8547 47.562 66.2344 73.8515 80.1472 43.3334 34.7997 33.1416 75.6715 59.5973 50.3895 37.0291 37.8527 65.3461 21.9543 57.197 61.2582 74.0628 29.445 43.5376 36.1717 50.1145 65.8973 68.505 76.0107 37.2884 72.2204 79.2106 45.1186 32.6343
13.6732 13.8794 14.642 13.9124 11.954 16.1868 26.7783 30.4291 28.7741 30.1105 36.7552 36.1562 32.2528 37.3707 42.3846 41.0548 39.4793 43.1317 44.5276 43.6953 49.7528 49.5305 20.5823 20.229 22.6845 22.3158 27.315 27.646 27.4636 26.7979 42.9432 41.1694 44.8434 45.5691 37.5247 36.7873 36.7794 36.6267 51.815 45.7562 46.6452 44.3288 50.3723 50.8184 47.9656 44.963 24.6494 22.8393 26.2983 26.5203 18.0671 20.8091 20.1678 21.2412 34.2538 31.0735 35.4958 31.6107 24.4629 28.0331 24.023 23.139 44.7881 40.5263 40.5161 39.8406 73.1284 79.0313 72.6851 69.7507 40.0761 39.6474 34.9282 35.3692 39.5868 40.9645 58.7262 56.7448 87.4686 74.7983 16.0344 14.135 56.0603 51.287 2.50746 29.0725 21.4357 23.0444 21.2051 21.7507 69.416 63.5558 57.7787 58.7326 60.3069 59.1472 59.9732 60.4865 18.5555 19.6296 17.7326 18.9745 19.2559 18.5082 20.4198 18.9753 1.08779 0 1.49843 1.03561 36.7505 36.807 39.0449 41.681 49.5314 50.4987 48.0598 47.48 41.2062 40.021 42.0288 40.6058 69.6662 73.5485 74.475 80.1805 62.5595 72.9213 68.4134 66.776 22.6358 21.9534 22.2658 19.398 30.7256 51.7412 24.0299 42.1333 42.5281 10.9081 8.10327 41.0616 32.8821 52.6512 74.0504 43.7297 61.4598 75.5625 77.155 43.382 34.8655 40.0426 80.2411 69.5056 43.6995 38.764 33.2857 66.6595 22.9009 56.7549 61.3129 65.4147 27.4994 44.5678 35.8406 49.0943 72.617 65.579 69.7362 35.9894 76.1303 78.5759 46.5326 33.441
12.4099 13.4873 14.5394 14.9468 13.6667 17.1419 27.3133 31.8868 30.2136 30.1097 34.3638 38.0557 34.4555 38.2314 38.5598 45.2985 42.0896 42.6321 46.5906 49.6468 47.3178 51.9767 20.3272 23.4483 21.1879 22.3615 26.9801 28.4201 24.8941 26.8171 37.044 43.0189 40.5762 41.1889 37.2452 37.404 36.4037 33.4815 44.5239 49.575 47.1604 47.6517 57.4952 50.4702 52.0593 54.0969 21.8663 22.6396 24.1058 23.0386 16.951 18.7298 18.647 17.5971 32.3163 27.6989 33.2319 28.9125 25.2041 25.7853 27.1142 28.0264 45.5109 46.8463 41.8013 46.6151 79.4195 78.2985 74.4069 67.2472 41.3623 39.5072 31.0986 35.8432 42.8822 39.4641 63.1659 63.1364 78.3861 85.1317 18.745 15.2574 62.7869 57.3596 3.76298 30.3259 23.307 24.9831 22.2661 22.2132 72.2237 71.4481 66.1505 70.9593 57.3941 59.7006 54.8277 52.6765 20.4612 18.0521 17.7008 16.5975 18.1203 18.8871 19.1189 17.0283 0.953942 1.49843 0 0.918437 40.1704 39.5423 39.8508 39.9003 49.3009 50.23 46.9688 48.973 40.5374 42.0572 37.9667 40.8883 71.4978 72.0467 71.6984 79.9544 61.0088 67.8849 61.645 63.592 22.8894 22.4837 20.0046 22.1367 35.5443 57.0728 26.785 50.5118 43.2525 10.2367 9.64578 44.4355 35.0856 45.747 74.1711 46.7706 70.0634 77.1369 83.7464 38.3572 38.7723 33.996 78.7122 69.7335 47.6716 34.33 41.3922 72.8872 21.7072 57.708 70.0555 72.8624 25.7933 48.5361 41.5684 55.3189 74.5519 60.0642 70.7457 32.1856 73.5596 82.6796 42.2932 32.7842
13.9443 14.3971 15.1002 15.7525 10.9734 18.2848 27.9616 30.8866 29.6052 28.8631 31.5968 36.5174 35.5473 33.2392 38.269 42.8974 38.3174 40.0046 48.4006 42.3925 46.4279 50.2263 20.8741 19.7605 22.4327 22.3218 27.0401 27.2006 25.746 26.7844 40.2817 38.9343 41.223 43.1404 35.4564 36.4951 38.1376 33.4006 47.6678 51.5764 42.0576 46.5388 56.711 51.8374 48.2093 49.5458 22.5567 22.5261 24.7416 24.341 18.7025 20.2835 18.994 21.642 33.5936 33.7839 32.2673 30.7954 25.7656 29.6855 26.8495 27.6987 46.5823 46.7306 40.8251 44.7288 67.9651 70.8237 66.597 76.4919 41.2192 35.9602 31.401 34.567 41.2376 42.7005 61.7025 55.0605 75.8872 72.4838 19.4139 16.5246 59.8839 58.2096 2.54968 27.394 24.8793 22.0426 23.8668 25.2034 65.8655 64.2361 62.8354 58.9223 59.4163 61.2707 56.729 57.7828 20.8958 20.6665 20.1228 18.8187 19.2756 18.5688 18.4653 19.7699 1.49599 1.03561 0.918437 0 39.8176 41.0286 35.1967 34.6209 46.8354 46.7224 50.7088 47.3384 38.9199 43.6318 37.7784 37.9353 78.6951 83.6852 82.7703 75.22 69.8774 66.1264 70.7726 62.5297 21.9811 23.9489 22.6941 21.7308 37.2347 54.0517 25.5476 42.2808 42.0758 12.0335 8.4589 48.6901 33.4744 47.857 70.76 46.1402 61.8167 69.9795 93.3145 39.9519 34.8852 36.3474 82.7891 60.7648 43.3013 38.8209 40.2179 70.9951 23.5362 58.3691 64.2403 74.1184 27.4871 49.2442 39.168 54.6455 73.9799 72.39 72.351 32.9406 70.34 81.8643 50.6023 33.0867
56.0108 48.1671 57.7371 48.4492 52.0588 57.7057 68.1449 64.3951 67.759 63.9397 78.4239 70.6816 67.0434 66.5296 77.2781 78.4663 83.9168 74.2921 88.2388 83.7725 86.1172 87.6782 51.6189 54.8768 49.5369 57.7758 61.3743 56.8921 55.2469 55.48 5.18551 4.49725 3.55938 3.42264 5.36274 4.31333 3.36972 2.55 76.1497 87.964 75.745 83.6795 89.2579 89.184 91.0909 84.1098 13.8349 14.9515 14.1078 13.199 21.5769 20.2427 18.7768 17.283 25.4562 29.0776 22.0074 22.8045 59.249 65.4955 61.2313 61.4527 65.4293 62.4919 65.8901 69.9739 107.134 119.484 109.038 99.992 15.6827 16.9496 61.427 74.6171 70.5413 70.7929 93.6134 98.1173 79.2456 81.8088 28.389 30.953 99.2938 93.1148 41.3276 62.3947 57.8973 64.3713 59.6542 62.7171 91.4268 103.855 105.759 95.88 80.2111 83.8658 92.1865 96.0892 49.364 43.627 46.2638 49.9262 22.7642 23.2441 18.8547 22.3954 36.4211 36.7505 40.1704 39.8176 0 0.949369 0.990473 1.36023 77.3171 85.3835 79.8579 78.4416 66.8728 62.9784 67.154 66.36 73.1465 77.5307 80.1019 77.0406 91.9492 98.3581 88.8955 99.1104 48.9683 46.2598 48.1 50.0116 38.9286 63.1419 31.5078 81.8128 78.9635 26.2007 44.6306 32.1217 72.6699 87.5465 90.4365 39.9223 67.7881 89.6958 118.994 60.5207 83.0417 50.4767 92.3671 61.2873 78.5252 66.6757 62.2599 101.925 27.1657 70.8472 79.6717 85.2195 12.557 79.2487 25.1226 78.3359 76.9082 94.2063 78.6116 70.7022 93.8825 113.374 60.045 72.4681
45.552 47.6639 48.3364 52.1832 46.2525 51.9874 68.3531 63.7469 62.2329 65.9127 67.95 69.1286 65.8663 67.752 71.5485 74.4837 76.5092 70.2905 85.832 74.7321 80.0872 79.7938 50.887 50.9581 57.0781 55.6695 62.5326 54.0262 60.9622 57.3744 5.91006 5.72218 4.42048 4.09446 5.14413 3.76549 2.63837 1.51406 85.2582 83.7546 77.649 75.447 81.9729 93.9051 91.3326 80.8418 14.1154 13.7902 11.8713 12.9587 17.4172 16.6793 19.1025 19.3077 26.1916 27.6872 22.258 25.5984 64.1431 64.3553 54.9695 58.3232 59.908 65.1272 67.5725 61.8239 111.183 119.532 113.606 98.7244 18.8782 17.3993 59.2953 62.8051 65.7352 75.6136 85.6427 90.4324 74.8587 72.3995 27.9621 26.0556 85.4688 88.4983 38.4641 69.4315 62.0229 62.9057 61.0094 61.8848 93.925 105.252 104.408 96.9876 82.9911 80.8124 92.5942 93.8531 43.7337 48.491 42.0347 48.4005 21.4568 22.9314 18.4752 19.4338 38.5396 36.807 39.5423 41.0286 0.949369 0 1.31542 1.05673 86.312 85.5762 78.0526 85.7592 62.5064 58.9562 62.8783 60.3084 88.9019 89.1854 72.0794 80.6275 99.2525 97.2334 96.1034 89.2446 51.1137 50.0658 51.5487 51.4232 40.0545 64.4642 27.8297 87.8067 77.3435 25.1215 45.8962 31.4253 69.9301 80.0951 98.3514 43.015 70.4317 81.8354 126.736 58.9577 81.4517 46.2597 96.6807 67.5127 76.6004 67.3677 64.4493 104.005 27.4049 67.7738 72.7211 88.2731 11.8413 72.3592 25.1318 72.7335 82.6604 110.263 75.9545 77.1263 104.693 108.256 57.4219 71.013
53.2365 47.3375 51.1666 49.0337 47.7445 53.5705 65.6038 66.3403 61.3514 68.6167 64.9796 77.5328 70.6158 65.5866 77.9307 74.1508 81.6458 73.6148 82.2843 82.887 90.8568 88.394 49.3948 55.8107 58.0371 53.0607 54.8749 58.1636 60.1703 57.2035 6.02258 5.16502 4.55223 3.73797 6.00997 5.41205 4.16137 2.95348 86.7033 85.4195 79.5923 75.4595 90.6742 88.5846 81.7379 78.5134 15.3549 14.0681 12.882 14.718 19.637 21.2681 20.7153 18.8865 28.7195 28.3983 23.9592 27.9852 65.1942 61.3097 62.9188 63.635 72.6015 69.3442 66.1893 65.6166 98.388 119.979 111.288 108.486 17.7404 19.8421 61.1599 71.0503 72.1541 76.1621 99.3482 87.8867 86.4802 86.2762 29.5058 27.2267 93.643 90.9003 45.9031 66.2091 66.1595 56.7376 58.3773 59.1543 90.7603 97.7449 95.0976 90.2641 86.4437 84.0424 80.9488 91.9442 42.406 50.4583 49.5009 48.1009 23.0424 22.5607 20.2861 20.9337 41.998 39.0449 39.8508 35.1967 0.990473 1.31542 0 1.00272 85.1338 76.3927 84.6996 76.9933 61.6254 61.4841 60.3626 59.6801 82.7243 84.6971 79.1991 78.8895 104.697 104.919 93.3839 91.0943 51.5616 52.2798 46.5897 55.3865 44.3251 64.8418 29.7744 78.6396 79.8716 28.6031 40.903 29.8803 68.4879 82.728 88.2778 41.5359 79.3447 88.8324 122.64 64.7218 79.2454 51.8121 87.4085 69.8704 81.3092 63.5013 64.8635 100.459 30.2951 76.6813 75.3521 84.1336 11.7641 79.2238 22.8593 68.8926 85.4544 91.9734 88.8105 72.526 108.499 97.3981 61.2718 66.4779
53.7504 56.462 47.7049 57.041 48.8453 55.8364 60.7252 68.8168 59.3207 62.4721 64.843 68.4015 70.2198 69.7257 73.1087 80.5536 80.9733 70.7838 86.7344 89.2417 80.2351 84.8556 48.2111 53.9359 54.7496 53.425 59.1152 52.946 61.8865 57.1663 7.66812 6.51876 4.84577 4.26254 5.57358 4.57743 3.6033 2.61286 85.9492 90.2044 83.2173 73.7302 79.8567 91.7524 82.4155 77.41 14.2821 14.5446 13.3684 11.9313 17.5891 19.0699 19.4051 18.9068 27.8259 29.0651 26.2425 26.6386 58.2083 59.0502 58.5097 58.6046 69.0702 67.2326 64.8724 63.7065 98.6259 104.895 112.529 110.81 17.1353 18.1004 61.097 62.3362 70.8875 76.7168 102.045 100.832 85.8115 76.7904 27.8007 29.8325 103.216 89.4419 39.0728 68.6853 55.8608 57.5931 57.1698 57.2958 99.3485 106.779 103.137 101.71 80.2566 84.5619 82.1921 82.6423 50.6545 43.2681 44.2975 44.867 22.9446 19.7448 20.2764 19.7479 38.1237 41.681 39.9003 34.6209 1.36023 1.05673 1.00272 0 73.7076 78.5856 79.9885 80.3723 62.3956 63.7802 65.0606 66.1776 84.9525 79.5292 74.9185 78.5844 92.5855 108.631 103.459 91.4322 45.7285 46.0451 51.105 45.3279 42.9284 70.5194 27.7965 76.0013 83.9741 24.8041 39.804 33.2726 69.0973 86.6622 87.5012 43.3508 69.2394 90.853 113.963 60.8835 70.2617 48.503 87.2831 68.7277 76.8179 68.074 66.252 109.016 27.9154 69.038 80.2634 82.8489 11.3275 74.964 27.1631 68.3246 79.5447 102.843 75.6157 67.2602 111.182 111.797 56.0062 74.2592
38.8699 40.2009 41.9466 38.6599 40.9308 36.2045 44.0086 40.811 42.7403 47.9687 44.3117 48.4807 48.979 47.8942 47.6979 46.5236 50.8049 54.1779 51.2954 46.5787 51.5113 55.3711 47.775 56.3107 52.5231 52.007 54.292 53.432 54.4967 59.0046 88.3708 85.1519 75.7758 77.8149 77.648 70.601 72.7605 76.1075 5.34312 5.63797 6.15831 8.53806 10.6035 10.1845 11.0985 12.3372 71.3214 68.3308 75.4607 66.838 67.5619 69.1988 65.4391 68.851 63.2801 59.3827 59.4338 62.0812 24.0609 22.0364 23.1403 21.9961 28.7009 29.8196 29.5197 26.5618 26.4176 27.3348 26.3627 27.694 80.7688 69.2605 62.5819 54.9894 52.3217 60.8379 24.2826 26.2415 76.8498 73.8018 50.5335 48.885 14.0179 58.5971 45.2019 22.1703 26.3343 27.961 27.6085 26.1414 16.5118 17.754 15.1389 15.3524 11.6107 12.9325 12.6248 11.9764 35.4477 32.212 33.9594 38.0728 63.6035 62.2973 66.6126 58.5367 45.772 49.5314 49.3009 46.8354 77.3171 86.312 85.1338 73.7076 0 0.919015 1.04133 1.42443 24.3037 27.5804 25.6781 26.6664 68.8547 63.827 69.8793 59.2644 18.9855 18.5186 18.927 17.5087 33.8372 32.8337 33.7548 30.4848 50.164 55.2284 50.632 43.8577 40.5892 61.7535 39.8368 66.9496 47.3173 17.4405 30.3259 63.4035 56.3801 39.0624 34.7817 29.4353 38.0695 45.3731 42.1738 57.2146 52.6751 21.7027 13.998 23.565 55.4658 41.1158 47.478 43.0649 74.4174 20.9333 62.3305 22.6545 60.0392 18.9933 57.2497 17.0381 33.6843 29.8904 51.3148 26.5172
37.6627 37.3599 37.4369 36.867 41.4287 35.0134 46.9872 39.917 42.129 43.706 43.3599 42.0546 43.1973 46.5879 45.2406 46.2455 53.1448 46.5022 49.7526 51.1205 50.8736 49.6548 57.6032 55.9916 59.7988 51.2382 55.75 56.2242 56.9362 57.9402 79.6217 85.372 80.4713 79.3402 78.0821 71.5693 77.7578 85.7503 3.82983 5.05787 6.03013 7.68106 9.83162 9.55895 10.2649 11.0803 68.3683 72.1174 71.1377 69.3239 63.8064 62.9429 67.8851 62.6137 62.3713 66.6743 70.6373 59.9464 24.5665 22.7181 25.4982 21.1223 27.9143 27.8257 32.007 30.7062 26.4918 25.5806 24.3073 26.2452 72.0869 66.5093 52.8364 52.6555 59.4246 53.5166 20.655 25.903 72.9218 65.3658 56.413 51.1223 14.2692 61.2955 43.5792 23.5266 27.9295 25.0264 26.0971 29.9492 16.5397 17.2087 16.6639 17.4859 11.8628 11.943 11.4888 12.0604 33.2835 32.9019 40.6862 33.3485 56.8602 56.2036 63.8146 60.159 45.6623 50.4987 50.23 46.7224 85.3835 85.5762 76.3927 78.5856 0.919015 0 1.41027 0.929928 28.6472 28.2693 27.8735 27.055 69.613 66.4014 64.9836 69.6161 17.2253 16.87 17.1277 18.8835 30.9137 30.5536 36.1278 34.0537 51.5363 56.9621 55.5421 46.4045 36.5507 62.8776 40.3495 68.8612 49.3271 19.5398 28.9288 71.0554 57.8994 44.6325 35.6018 33.8791 37.261 44.024 40.5329 64.2847 46.5102 22.7932 16.4571 20.006 54.5643 40.6518 47.9989 49.0976 76.7899 20.7263 64.7777 24.8787 52.5874 19.6863 62.1679 18.1354 28.1209 26.3932 43.5818 27.7399
38.7882 35.889 39.5985 37.4378 39.74 34.8459 44.6283 39.6378 43.0361 48.6545 39.9788 45.4481 44.9173 45.5083 42.8002 51.3507 44.87 46.4019 47.4624 52.1855 46.2599 48.172 52.2928 49.2776 52.85 54.1982 52.0707 48.1646 48.2795 51.8205 77.5783 75.1282 76.0737 87.2039 75.1893 73.6601 70.5316 85.7985 4.8494 5.07465 6.38789 7.46702 8.7886 9.81645 11.013 11.6376 68.5834 64.6709 61.5302 67.6359 57.1692 63.2662 59.4429 70.5283 66.7872 61.1056 57.1947 60.2882 20.4811 19.8569 25.8027 23.4522 29.6063 25.8441 29.1672 26.946 25.1134 27.4905 24.0568 27.4218 73.7568 76.1236 56.0827 51.6633 53.7777 59.3703 23.1492 26.7121 80.6374 68.8369 50.0943 47.2398 15.2391 65.7884 44.3006 23.9477 24.5577 27.5345 24.6621 26.888 20.0751 19.627 16.4294 16.5034 14.8344 12.5461 12.5201 11.8245 36.5338 37.0366 35.7717 38.2975 65.3409 64.0877 64.2325 64.4549 45.5199 48.0598 46.9688 50.7088 79.8579 78.0526 84.6996 79.9885 1.04133 1.41027 0 1.08363 23.632 27.6114 23.559 23.2339 59.5834 59.4073 67.3978 66.4277 19.4165 21.5317 17.6852 17.8363 30.2516 32.0487 32.1185 32.7478 54.9393 53.399 50.0071 43.0584 34.5216 59.1708 40.5745 66.812 41.2378 17.6447 29.5851 63.3225 55.4392 42.301 40.7794 28.275 36.1645 45.124 47.2801 67.5084 45.0336 20.9963 13.4823 21.0182 50.7726 45.0256 45.2399 45.5402 62.3863 21.2658 70.6231 23.2923 55.5846 22.2375 62.1796 17.2539 31.2683 32.1512 47.2678 30.2382
41.2801 39.3102 37.161 39.0401 40.5179 35.8983 44.8481 44.4662 42.5845 49.1749 46.4455 41.901 44.7349 50.4552 48.576 51.4611 49.6663 52.1134 43.2524 48.5421 47.5535 49.9515 49.0988 53.6116 54.0324 50.6962 55.0308 52.4931 51.4163 52.9113 75.6932 86.1291 76.4257 77.293 83.3201 80.5301 82.2644 77.7579 3.37712 4.22076 5.54953 7.05069 9.39302 9.06677 9.89021 10.6349 72.2158 65.3064 67.121 71.1926 58.4633 69.7559 65.4645 65.4861 64.4754 64.7263 67.661 61.6975 21.5303 21.5465 22.2621 21.2587 30.1643 30.6285 29.8787 28.7633 26.1392 28.5409 24.3483 27.3034 77.5342 74.3023 61.2688 57.2963 53.594 52.022 22.3215 25.739 69.3957 69.3837 51.7817 52.3984 12.5121 62.4177 42.8726 20.5342 25.7707 26.963 28.1089 26.0231 16.4644 17.2183 16.4214 19.0475 15.1683 13.7577 13.2373 12.0345 38.4652 32.9057 38.3341 36.6285 62.1537 54.996 62.0472 62.5814 48.6933 47.48 48.973 47.3384 78.4416 85.7592 76.9933 80.3723 1.42443 0.929928 1.08363 0 29.7829 25.5465 27.8763 24.5884 60.6941 59.7112 60.5818 58.8087 17.5268 20.6079 16.4331 17.9038 32.4954 31.8536 30.7924 29.0655 47.9038 50.8872 52.203 42.579 38.7397 53.0346 38.7724 74.7167 44.8584 17.3611 28.4313 59.8075 58.5086 45.7876 37.6523 28.4704 33.9659 45.3574 44.4814 57.9011 42.6548 19.1632 16.6716 22.2798 49.6599 46.4041 54.8665 43.1665 66.7048 23.2259 63.7434 24.0837 52.5288 18.8972 55.8191 17.0609 32.298 32.2638 47.4456 27.3307
38.1362 39.8807 39.5835 42.9709 36.256 36.0691 54.3665 52.2428 52.8214 51.855 53.7739 50.2016 58.0871 63.0724 60.8715 60.7744 64.6019 68.1647 57.8558 61.1195 60.3817 60.1771 50.4531 51.3199 61.4115 60.7969 53.9851 52.0297 63.1496 61.865 58.4896 61.6777 59.4731 60.5694 52.8652 56.8245 56.8685 63.37 30.8145 33.0842 29.7487 33.052 34.8654 37.2557 36.0589 34.4987 47.7401 53.0676 48.3795 58.8295 45.8325 46.7661 53.1822 47.6772 39.547 37.4776 42.9032 38.8578 19.41 22.2122 21.4595 22.5876 5.6152 4.95185 4.2368 2.67306 52.6826 57.442 54.4677 53.2526 49.8039 50.0571 69.5861 64.6358 66.4288 60.8255 52.6074 48.9119 54.621 50.1269 37.1685 37.8497 40.5764 73.1308 41.6393 29.2891 33.6472 34.8913 31.1114 33.0531 38.5037 39.8979 37.3348 33.697 28.5019 28.4499 26.5777 24.0393 19.3936 20.1543 22.0046 22.157 45.9717 47.4766 43.0792 46.2197 35.8239 41.2062 40.5374 38.9199 66.8728 62.5064 61.6254 62.3956 24.3037 28.6472 23.632 29.7829 0 1.05638 0.951409 1.47842 40.8311 39.3465 41.189 41.7126 38.5161 41.5204 38.4978 35.9202 19.0791 16.859 19.6533 17.9666 24.2784 28.1689 37.9112 63.2215 49.9741 44.0557 33.5818 43.8069 58.1956 40.2196 30.5034 36.2051 30.1596 29.7704 59.1336 4.47377 51.5388 15.0922 38.1269 33.7017 60.006 9.00458 14.4639 37.5773 30.8935 23.535 26.829 29.2219 56.4814 9.97746 50.22 11.3636 34.9203 49.8411 40.0753 31.2275 36.827 40.8558 19.425 47.1818
39.5556 38.3679 37.1093 41.6437 32.7842 39.3599 48.2571 49.4014 55.3609 48.9531 52.6763 51.8281 60.0795 51.5835 57.9813 55.2014 58.0419 57.0323 64.3013 67.2112 65.745 61.3742 49.2089 57.3157 53.3685 63.1703 58.2959 52.023 57.6512 57.1262 66.5021 69.4025 65.5461 71.2284 64.692 58.28 61.6629 62.6127 31.3811 30.4013 28.9313 31.0662 33.1945 36.4705 33.4867 38.2895 48.4099 55.0885 54.7795 57.9372 44.799 48.4698 54.0614 50.7506 45.0942 35.3626 44.4445 41.6772 19.8669 20.0061 19.9705 21.9466 5.90017 5.41536 5.10048 2.89794 46.8158 51.0392 48.5252 50.3885 57.1616 50.1752 58.1644 60.8165 64.5707 62.3019 47.7786 53.564 47.7543 44.5342 35.158 34.0134 36.2615 74.2911 38.4313 29.4534 31.2879 34.2496 35.104 29.6904 33.2943 38.0072 37.2467 32.9798 25.0419 23.9966 27.0929 26.7266 21.9343 22.9731 20.4921 23.1935 45.4964 48.7818 49.0509 41.6002 43.4751 40.021 42.0572 43.6318 62.9784 58.9562 61.4841 63.7802 27.5804 28.2693 27.6114 25.5465 1.05638 0 1.41203 0.93222 42.3447 43.7631 45.1553 45.5168 39.6681 35.2761 40.8906 40.8617 19.2175 18.8296 20.7726 20.0258 26.1007 28.7146 35.8533 62.1357 49.5352 44.7179 32.2573 44.7986 61.7464 43.3351 28.711 41.0132 33.6274 31.4872 51.7428 4.70525 48.3485 17.7999 35.5437 36.7428 65.2838 7.06338 13.4129 35.3893 34.0859 23.3274 31.2105 31.231 49.694 9.08455 49.2607 11.8237 38.4786 43.0691 43.2796 28.8236 38.8559 39.1259 21.5509 39.9745
36.613 37.885 41.3395 41.5612 33.9798 37.5894 52.5886 52.8424 47.9084 57.4829 54.168 56.213 55.4792 52.7595 57.3773 57.0013 61.0274 61.8498 67.7793 60.279 69.0831 65.795 55.4237 53.9086 50.5379 53.2799 60.2827 54.9156 54.7611 54.7436 60.8356 56.4309 56.8825 57.8421 57.3557 54.4384 57.7054 63.435 32.1564 29.2274 28.4916 29.5898 35.1316 34.5436 39.0603 38.6766 47.1387 53.0375 47.1218 53.0943 50.4899 45.0137 46.1837 50.6029 41.6064 36.4045 41.8904 42.6516 17.5926 18.4142 20.5328 23.4971 7.09886 6.42677 4.95431 3.42205 49.1114 56.6741 51.8636 55.3178 51.508 46.2843 64.7716 66.2902 69.5373 62.8388 52.4155 52.4403 47.845 50.8907 39.4325 35.3966 39.4686 77.3972 41.7386 31.098 33.082 31.621 34.6147 32.199 34.5293 37.9394 38.4492 38.3002 26.7657 27.7111 27.3816 27.1712 22.3269 19.4075 20.4025 23.0008 42.3281 40.0736 43.9492 47.4281 39.3067 42.0288 37.9667 37.7784 67.154 62.8783 60.3626 65.0606 25.6781 27.8735 23.559 27.8763 0.951409 1.41203 0 1.05428 44.5372 43.9672 45.5299 45.0796 40.9399 37.1764 35.8902 35.888 17.933 17.988 19.2347 17.1408 23.8858 29.4487 37.5416 58.9557 49.0396 43.1905 29.0748 44.1209 55.9137 43.7641 31.7796 34.9652 30.8531 32.9283 55.8304 4.03505 47.2153 15.8875 33.6007 36.0952 59.5818 7.32524 11.8653 38.1342 30.9355 24.0162 28.4786 33.1194 51.0012 10.353 41.0197 13.6897 35.7877 48.4189 39.3052 28.438 42.2101 41.7778 22.2765 39.21
35.0253 34.8254 34.3679 37.8587 34.389 37.1498 49.9495 53.5853 49.0865 48.9671 50.6895 58.4062 56.4285 52.1101 59.558 60.0544 62.3867 59.0495 64.1434 61.4409 59.0874 68.1163 50.8315 54.1365 58.2767 57.5797 51.4868 55.5249 57.7487 59.208 64.1788 59.704 69.0261 65.2561 61.511 62.5453 61.8545 67.2536 28.1915 28.8236 28.265 28.7821 33.7007 31.3836 32.4665 34.904 51.1647 55.0192 52.2439 54.2753 43.6515 45.393 53.0343 54.2359 37.1446 35.0856 38.1837 43.1389 18.3347 20.8296 19.4248 22.5504 7.68584 6.67852 5.40367 3.80345 47.2425 56.0151 46.726 54.9427 54.7282 45.8874 66.4457 60.632 68.8745 64.4727 45.0359 46.3976 48.0185 45.3715 38.2656 33.0259 42.5735 77.7954 37.5676 29.5545 28.0318 31.3826 31.0959 34.554 38.3359 35.8092 38.5228 37.8812 25.0515 28.6627 23.5755 27.1005 21.4839 19.6396 20.3244 20.0451 47.7362 44.3862 41.2125 41.256 36.2038 40.6058 40.8883 37.9353 66.36 60.3084 59.6801 66.1776 26.6664 27.055 23.2339 24.5884 1.47842 0.93222 1.05428 0 46.3942 46.8017 40.8053 45.0898 35.2596 41.0458 37.6587 37.3907 17.7501 15.9522 17.0533 17.2642 28.1909 28.0351 35.9617 58.8932 52.3394 45.8851 29.6235 50.6717 52.0942 42.3049 30.0409 38.6659 29.5158 33.4825 56.8199 5.67684 47.7635 17.5676 34.7482 35.9896 63.8963 6.76812 11.9877 35.6703 33.5856 20.825 27.7733 28.4765 54.1929 9.01775 47.3997 13.2392 34.5529 45.3953 40.8337 27.4977 38.9009 42.3393 21.5579 38.3854
75.5101 85.4332 87.0336 83.0237 69.5902 78.4989 89.1575 98.4244 101.301 98.4229 92.1163 89.447 108.235 108.125 96.7886 95.5072 111.337 116.236 110.031 107.722 113.672 119.649 95.0012 92.6314 101.897 104.171 102.814 103.009 94.4013 93.3365 79.539 84.4621 83.1959 87.714 78.2245 84.4775 72.7611 85.8521 72.8679 75.4285 76.4351 66.5412 74.6443 76.8224 73.8476 81.1624 67.0006 70.1182 72.9773 76.8747 67.7725 76.5434 81.9784 85.6147 58.844 59.2498 62.2425 53.8161 57.2449 60.4331 60.7239 63.8865 34.9003 39.7154 36.2099 42.2056 79.071 78.7599 81.0639 83.9297 65.6497 60.4265 99.7672 115.286 106.092 113.364 81.0935 85.6202 10.7884 8.5672 66.9166 69.4965 70.0746 111.83 82.9825 77.9153 73.335 80.8029 74.0378 76.9556 69.1446 63.5776 58.7243 70.8093 52.5841 56.4145 52.0622 55.6122 63.8045 54.3289 53.7366 60.1081 68.8262 73.7527 74.9117 65.9356 70.8374 69.6662 71.4978 78.6951 73.1465 88.9019 82.7243 84.9525 68.8547 69.613 59.5834 60.6941 40.8311 42.3447 44.5372 46.3942 0 0.994463 0.977804 1.47524 71.8981 68.9965 72.4839 72.0163 60.3948 53.5179 57.6214 53.0636 42.8177 19.4012 54.1551 112.663 98.5285 70.9376 66.4503 50.8624 104.982 75.4356 50.9793 44.8681 11.8452 31.2941 76.6007 40.0318 93.7756 38.9108 33.9804 15.0245 105.055 54.5011 59.4371 62.9469 54.959 23.1765 14.8112 24.8239 68.1719 45.576 56.9174 37.5486 9.64854 84.6674 7.67807 80.3942 51.7148 62.2302 32.6605 91.3461
73.8591 86.3208 74.1903 76.7467 75.3977 73.3203 89.9379 91.4118 88.1535 95.1479 92.8722 106.163 101.405 109.156 93.7525 102.311 97.1424 101.081 99.2252 104.266 105.063 108.97 92.0215 100.911 104.892 89.0558 89.5516 94.5712 90.0378 104.557 82.1196 73.0628 86.9878 80.3111 70.7191 77.6801 75.6309 76.0468 62.2825 67.5996 65.6956 70.7071 78.2845 67.5425 71.1916 74.6008 77.3143 72.9995 79.7089 73.4567 67.024 74.5471 82.6709 83.4759 55.6359 58.4953 55.0869 53.2648 59.0456 62.3657 57.5572 67.0228 38.6785 37.4601 39.5385 43.4995 81.1 83.0459 77.5705 91.1365 69.3719 66.3571 103.745 113.107 111.481 115.213 80.1566 87.6017 12.1571 8.84736 58.5037 63.3069 78.7814 126.439 80.2607 68.7008 66.5442 81.6265 76.0805 79.3925 60.0631 69.9672 69.0281 65.0076 58.1012 51.739 58.3979 53.0166 52.1993 58.5681 60.6438 59.1474 71.8891 73.5221 69.2126 71.5938 74.6943 73.5485 72.0467 83.6852 77.5307 89.1854 84.6971 79.5292 63.827 66.4014 59.4073 59.7112 39.3465 43.7631 43.9672 46.8017 0.994463 0 1.52715 1.0736 62.7297 68.061 72.4594 64.548 55.6566 62.0082 59.1662 59.6077 45.671 18.2666 60.5261 110.662 95.2187 82.8344 75.5028 54.9996 100.647 77.8195 50.7318 40.1005 12.7902 30.3942 74.2475 35.9105 84.9412 39.9008 29.2535 15.8235 114.265 49.2539 58.6966 67.4214 62.8353 18.9821 15.7979 23.2989 78.3614 43.4974 55.0141 41.0983 8.1263 78.9818 6.9398 74.0476 51.4836 55.4528 31.4208 81.7165
80.0383 81.1944 76.4285 76.3795 70.4481 75.211 100.597 90.993 98.3427 104.394 104.548 96.13 106.611 90.5651 103.928 102.67 101.602 105.818 106.945 97.8953 114.884 107.975 101.919 93.7702 98.5344 88.1135 94.8563 105.757 107.541 91.524 74.6694 83.7723 85.4111 79.9652 74.1698 77.0313 84.4294 85.798 70.6829 74.8618 63.9261 65.0501 79.088 72.7411 80.8766 78.6693 70.65 78.509 76.6887 75.7229 76.3538 74.9569 74.4102 76.0696 54.9974 59.8129 55.4989 55.844 59.063 57.0555 65.7082 69.7922 39.7766 36.1153 40.2896 43.2965 81.0002 81.6123 91.001 80.2904 68.6177 65.399 101.99 96.6288 104.33 108.275 88.0359 91.7398 10.2817 7.84633 62.4627 68.4036 69.7944 125.418 82.0255 70.7805 68.7111 81.3184 72.0788 79.7521 63.6906 63.3594 63.6971 65.6401 62.1208 60.4802 60.0504 54.1584 60.564 53.2124 60.5649 62.3384 65.4093 71.2128 65.882 63.4175 67.9853 74.475 71.6984 82.7703 80.1019 72.0794 79.1991 74.9185 69.8793 64.9836 67.3978 60.5818 41.189 45.1553 45.5299 40.8053 0.977804 1.52715 0 0.997122 62.6256 63.8998 70.7077 66.9056 59.0914 55.0399 59.0949 58.5984 41.038 19.4334 53.3077 109.82 96.3126 77.0362 66.49 46.2269 101.475 82.4031 45.3624 43.6524 13.1208 30.4843 74.9463 38.0915 94.467 34.4139 32.228 13.4373 111.563 48.7966 51.1633 66.1957 57.3145 22.1769 15.0866 23.7483 67.3546 45.4725 52.5011 41.0291 9.67146 86.4993 7.40283 65.9208 59.305 54.8721 27.7383 89.5615
70.5633 78.9675 80.2001 72.6929 80.9346 76.1326 87.2703 86.7238 93.8389 97.1501 97.4954 105.883 92.4756 103.597 105.558 106.713 107.444 97.8164 99.4901 113.616 97.0804 99.1805 96.7285 94.9324 100.151 86.7934 94.4118 103.721 101.305 93.8115 70.9898 81.502 71.6409 82.3929 76.4412 81.7941 72.9939 75.0505 61.6355 75.5225 76.0872 68.543 73.2451 79.4062 78.7886 72.9758 67.4207 78.0022 69.6007 83.5143 78.5272 74.3345 75.4321 81.6295 50.615 59.4612 53.8747 60.7087 58.7933 61.7384 58.6074 63.09 35.577 39.6263 40.1023 40.4935 88.3689 76.881 75.3369 79.0528 59.8729 61.4788 103.496 111.917 95.8001 112.518 78.4046 95.3584 11.0061 10.3413 58.3883 69.0087 70.6513 124.982 80.0114 68.4733 73.7046 67.2652 67.3807 78.8255 67.7125 70.278 64.1642 70.1178 56.8187 56.5939 55.1772 58.3035 56.8975 61.6362 57.1971 53.7104 71.4791 74.818 65.3812 74.9246 73.1133 80.1805 79.9544 75.22 77.0406 80.6275 78.8895 78.5844 59.2644 69.6161 66.4277 58.8087 41.7126 45.5168 45.0796 45.0898 1.47524 1.0736 0.997122 0 71.5934 67.6621 66.6506 71.0826 60.4981 53.5055 53.6421 52.3644 41.4678 19.8203 58.4184 103.229 94.885 70.1153 74.071 47.6382 105.524 87.9515 45.463 40.6456 12.0014 25.7894 85.3298 38.512 88.9458 37.7689 32.7265 13.0166 110.725 44.8874 52.8828 59.0759 59.7525 18.3381 15.4804 21.6872 65.807 41.0214 54.5266 36.6929 8.26688 72.8246 7.17443 67.1712 56.2046 52.8858 29.9627 79.5353
56.7254 59.2863 54.7105 53.768 53.1384 54.0809 61.5867 62.9179 58.5344 58.5928 56.7288 62.2988 64.4735 62.2033 65.2626 61.1522 65.4764 59.8828 57.8666 68.9444 61.6691 65.0895 70.3761 65.1642 74.9187 78.6499 71.0438 65.5909 78.7728 75.9578 107.574 94.9541 93.5138 106.566 96.6097 97.1706 94.5142 99.479 20.814 19.6169 22.2353 21.257 19.6555 21.7806 23.1617 20.4105 83.2323 90.4495 90.2585 85.6872 85.6656 76.4117 80.7749 78.4112 79.8189 73.761 85.7728 82.6996 43.4192 42.3032 38.7051 41.0593 38.2661 36.3517 39.5382 41.0819 14.7647 17.2315 17.9948 20.4626 95.4514 90.6776 71.8259 72.9924 69.473 67.583 29.1851 28.4461 82.9812 77.0904 77.3303 72.1074 13.9491 80.0166 66.0248 37.4522 44.9366 47.7985 42.2591 45.8891 2.97723 2.18056 3.01534 1.98669 12.3743 11.2513 12.9032 13.0426 51.5126 55.5698 55.26 53.0671 81.6766 72.5813 85.4157 72.5399 72.2554 62.5595 61.0088 69.8774 91.9492 99.2525 104.697 92.5855 18.9855 17.2253 19.4165 17.5268 38.5161 39.6681 40.9399 35.2596 71.8981 62.7297 62.6256 71.5934 0 1.04768 0.931877 1.34043 46.1984 45.0673 53.9048 48.8212 68.7131 64.9418 73.8384 59.6358 51.1433 74.2539 60.0903 91.4463 59.5993 31.2142 20.5844 75.6303 52.6366 42.1634 17.8138 42.242 53.0721 56.4536 41.0221 64.4864 59.7991 36.7157 33.986 6.04892 65.1179 52.8108 52.9045 41.9261 86.8276 33.8251 83.5983 32.2544 59.4551 13.1829 64.7648 35.1277 16.1765 13.8816 57.1242 45.5784
59.4361 56.94 59.9085 60.1954 53.7095 50.7585 62.3829 64.8875 64.978 60.2015 62.2643 64.7079 67.5263 62.3786 65.6234 64.6876 65.1192 61.6623 55.9396 65.5776 60.3575 68.4939 70.1037 72.9001 77.2313 67.112 62.7811 74.9615 76.0945 79.241 104.27 91.4603 94.9621 105.89 102.838 102.85 103.458 96.8188 18.939 19.0113 22.0439 24.8135 20.0754 20.3841 22.8901 23.5097 83.0005 92.1396 93.6512 87.1886 79.7991 81.3286 90.9799 92.7925 80.8232 70.6773 76.3771 84.5575 42.4805 42.4594 41.8681 41.3035 38.197 38.7942 45.5132 39.5484 15.3372 18.3629 15.9827 16.6452 92.4157 94.3137 77.5037 73.4739 73.4406 73.807 25.6589 30.8866 75.2728 78.1945 71.1002 74.9953 12.9518 72.309 67.7259 45.165 47.46 45.1185 43.8048 42.5871 3.99774 2.88003 3.97115 3.27241 12.6464 13.4542 14.891 13.9911 57.033 58.0916 59.4057 56.371 86.4049 82.3614 84.0971 79.8138 73.8196 72.9213 67.8849 66.1264 98.3581 97.2334 104.919 108.631 18.5186 16.87 21.5317 20.6079 41.5204 35.2761 37.1764 41.0458 68.9965 68.061 63.8998 67.6621 1.04768 0 1.38335 1.0689 50.855 50.0638 49.2129 53.6589 61.1355 61.7225 66.0197 54.9036 50.2987 70.2547 53.5329 89.0361 58.9927 30.4656 21.4483 70.9039 60.7554 39.6806 17.7112 43.5068 48.3954 57.3319 36.4781 66.1558 60.3655 37.36 31.8937 7.13934 74.7178 54.9844 57.3618 50.3847 80.2544 31.1104 83.3785 35.7527 56.0382 13.5538 60.629 34.0265 17.7725 15.5636 57.4584 45.8237
61.7224 61.5047 59.3542 55.2918 60.3099 50.2127 62.752 63.6348 58.0239 64.7437 55.9959 56.3712 62.0642 63.1182 63.8778 57.9354 67.6998 68.0958 62.3989 62.4153 68.8622 58.3714 72.8949 67.6187 70.5736 67.4402 72.3202 67.3959 77.3906 74.2617 102.382 92.0941 90.0852 104.588 96.5657 101.423 99.0671 102.736 19.0165 19.2471 20.4501 23.8821 18.6857 18.8927 21.7209 20.0608 80.6127 87.7231 87.3769 78.1339 74.558 79.383 75.8069 82.4925 75.6866 80.4599 78.1466 80.6665 37.8721 37.1608 40.5777 36.5269 38.6487 38.0016 37.3899 37.0362 14.7087 18.9839 15.9311 20.0357 86.6367 83.3278 77.8951 75.4383 67.5935 69.3606 25.1966 26.893 83.543 74.4176 75.6752 72.5215 13.5117 79.9496 65.4689 37.2503 44.5905 48.1115 47.3595 44.2294 3.12032 2.48263 2.84953 2.08975 11.1859 10.6548 11.9397 11.9381 55.4011 47.0092 52.8726 52.3232 74.741 82.3404 72.8645 76.5856 65.4681 68.4134 61.645 70.7726 88.8955 96.1034 93.3839 103.459 18.927 17.1277 17.6852 16.4331 38.4978 40.8906 35.8902 37.6587 72.4839 72.4594 70.7077 66.6506 0.931877 1.38335 0 0.933843 47.5443 43.6982 49.7428 50.2764 68.8269 57.5712 68.4731 64.6322 47.3138 73.1149 57.0502 88.1788 54.6915 26.6924 23.3421 79.6219 53.3142 39.8609 19.5658 38.1158 56.5309 51.2294 36.1861 66.4696 57.4418 32.7691 28.5014 7.64547 67.757 46.3787 56.245 44.8477 92.346 27.8949 78.5427 32.9522 59.4167 14.823 59.9962 33.5379 16.9232 15.9286 58.9908 45.1292
54.6179 54.1004 51.0652 61.9558 51.8595 56.9974 63.2942 64.9962 65.2353 58.1858 52.9193 59.928 65.5938 66.1621 60.716 58.6652 65.3465 60.097 59.2816 61.0437 68.6318 61.1858 67.9605 76.6453 69.3151 72.9877 66.891 76.4933 67.9721 79.3343 98.5462 106.108 94.3295 93.612 96.0149 91.5973 99.7796 106.342 20.2467 21.4633 20.7402 23.8509 16.8463 17.4587 19.7126 19.7588 90.2271 83.345 81.5399 90.4673 76.2462 79.0838 82.9006 90.7637 83.3304 69.7562 81.6033 83.2651 39.6197 39.9651 46.4666 37.3287 38.0771 42.0616 44.5478 43.0513 14.9096 16.8546 15.6951 18.1133 85.5935 96.4449 66.0592 70.818 72.4805 69.9912 29.1877 30.6336 80.0777 84.1164 77.9201 72.099 12.9058 81.9292 64.5793 42.7112 47.7418 43.8652 47.1077 49.0551 4.57222 3.3222 4.22939 2.94671 12.1663 12.8401 14.9004 13.4261 56.0993 49.531 54.3285 54.4542 80.229 81.9471 83.2184 77.507 73.0431 66.776 63.592 62.5297 99.1104 89.2446 91.0943 91.4322 17.5087 18.8835 17.8363 17.9038 35.9202 40.8617 35.888 37.3907 72.0163 64.548 66.9056 71.0826 1.34043 1.0689 0.933843 0 53.8541 52.0487 53.3516 44.7541 69.1086 60.7795 76.9726 61.7714 53.6526 80.8529 57.9626 78.4077 59.8564 29.7071 23.9306 70.9097 61.4615 40.4672 21.2119 44.9573 47.0244 51.6682 37.5132 64.7137 56.4745 38.644 31.1184 7.74301 66.7472 49.9873 59.4363 43.073 83.5223 28.8078 86.1768 33.0683 60.9713 14.035 65.7916 34.4254 20.0425 15.4802 56.7233 41.795
24.3085 23.6012 23.3045 22.9847 20.0151 22.3217 40.4501 39.0594 40.6744 37.5021 41.4449 38.4446 45.2212 47.9827 48.4667 48.3852 47.4639 52.445 53.8621 48.7449 50.2801 56.6186 40.6633 41.3821 37.2943 40.274 39.4775 44.1817 43.7108 41.3141 50.1275 51.2104 47.0562 56.8218 45.3299 45.4092 49.825 48.5572 30.7411 32.7863 30.6954 30.0403 38.2803 35.8545 40.3674 37.5654 37.8611 35.0122 36.7211 41.2858 33.6244 34.139 31.1499 32.8975 31.0877 29.4563 29.5874 30.5338 10.5618 13.3221 10.7002 13.4517 23.3306 21.6145 21.5381 20.3169 57.1738 56.3268 56.0529 59.0841 42.7412 38.3992 53.3519 53.234 53.6264 49.0428 46.5942 51.5831 60.3659 55.8792 21.1652 21.7816 41.8714 66.4068 19.3633 22.6824 21.9787 20.1115 20.1774 20.4869 49.8344 49.797 48.2301 43.4378 39.5419 42.172 40.3297 38.1734 4.49084 3.8885 5.16469 4.94204 27.2538 30.4464 31.3764 27.2792 22.2569 22.6358 22.8894 21.9811 48.9683 51.1137 51.5616 45.7285 33.8372 30.9137 30.2516 32.4954 19.0791 19.2175 17.933 17.7501 60.3948 55.6566 59.0914 60.4981 46.1984 50.855 47.5443 53.8541 0 0.901333 0.986471 1.31364 22.2033 36.068 23.7654 48.8549 42.6712 30.7973 13.1115 39.5802 45.129 40.5486 43.0738 37.4219 46.4736 47.7327 65.6685 19.3852 43.8327 20.8333 56.7175 47.9663 53.0077 14.4933 18.1189 51.468 21.0931 38.1196 47.357 47.3825 34.9658 24.7493 34.3 31.4785 47.4046 51.6141 51.5938 26.7154 60.7267 55.3268 26.961 35.1885
22.2297 21.2281 23.1687 21.6557 20.1977 21.0629 34.902 38.994 40.1238 41.8462 38.516 39.4752 43.0169 40.867 52.0271 52.4868 52.4118 48.6765 51.6852 54.1586 54.2996 53.2045 37.8778 38.7189 42.586 41.1347 37.0935 37.5609 39.106 45.2876 50.1109 48.788 47.3586 55.2497 43.307 48.653 50.0677 43.9022 30.6255 35.2417 31.5908 33.6122 39.8573 33.9279 37.4179 38.1071 39.6519 34.7484 39.5629 41.9491 33.2934 32.5488 33.2775 33.9753 33.422 32.9281 34.8185 32.4152 9.75398 13.1498 9.20088 12.6149 23.9102 22.6924 19.6907 20.3497 60.1858 64.9776 56.0907 60.878 42.5272 43.3901 49.5067 49.3159 50.2424 50.9066 50.4378 53.229 63.9088 62.5606 22.3049 22.8367 42.9781 71.2674 21.3863 20.5367 19.2767 18.0731 21.1595 22.182 45.1211 50.0356 47.7759 47.2477 33.8701 38.7505 33.3904 37.6735 4.60234 4.10046 5.59509 5.46938 32.9231 31.8849 32.5886 32.5138 22.3367 21.9534 22.4837 23.9489 46.2598 50.0658 52.2798 46.0451 32.8337 30.5536 32.0487 31.8536 16.859 18.8296 17.988 15.9522 53.5179 62.0082 55.0399 53.5055 45.0673 50.0638 43.6982 52.0487 0.901333 0 1.35051 1.04443 23.1327 37.02 23.526 54.5948 45.5187 32.6449 12.9956 39.9897 47.9577 39.5877 42.5575 41.0334 42.7232 46.5815 69.5691 19.6897 37.1068 19.8384 51.5378 49.205 50.6054 13.3033 16.7456 44.6703 23.1177 38.0457 41.1623 50.7909 41.8758 28.2963 35.8408 27.557 53.39 46.275 57.1533 23.7632 58.6774 57.958 30.5662 32.1631
23.1586 20.0817 19.9833 22.0702 18.0427 20.1034 36.4412 36.0166 37.7096 36.295 43.411 45.5202 44.8841 40.6377 46.8114 45.3323 49.9663 52.1842 48.6451 58.1074 49.2881 59.8379 40.2196 39.6622 35.7738 37.8826 38.4566 40.8756 40.9383 40.6018 50.1443 53.3296 51.5306 48.3023 41.7533 49.5566 45.5563 48.7297 37.1501 33.1524 32.3497 31.7889 42.7927 40.0346 41.0002 39.7818 33.9079 38.6277 39.6922 37.913 32.3307 30.3745 31.1321 34.96 31.0723 31.3987 32.3622 30.3142 10.8519 13.9642 11.0377 14.7045 22.4448 23.8588 21.6336 20.781 58.9751 56.725 52.8498 59.048 40.5847 43.7088 49.1455 48.4411 50.5575 54.9863 45.1909 47.9459 58.7119 62.1111 23.5348 21.6191 47.0311 68.0235 21.62 23.3836 19.1712 19.4597 18.1109 21.8405 51.2769 49.6765 48.5911 47.6965 35.577 35.6833 34.543 38.3396 3.21994 2.9651 3.97972 3.40343 26.8423 30.4166 29.521 27.0747 21.9824 22.2658 20.0046 22.6941 48.1 51.5487 46.5897 51.105 33.7548 36.1278 32.1185 30.7924 19.6533 20.7726 19.2347 17.0533 57.6214 59.1662 59.0949 53.6421 53.9048 49.2129 49.7428 53.3516 0.986471 1.35051 0 0.985263 20.7483 38.7747 22.7271 47.0887 42.0373 29.1464 14.0999 39.8712 47.9414 43.0666 50.4901 40.6704 43.8022 46.5976 74.8302 18.3172 40.6261 19.5653 56.3902 45.5863 50.4086 14.0091 18.3907 48.2017 21.169 35.8369 48.6383 49.6979 36.3856 25.6662 34.4626 32.1622 52.2951 47.5036 51.4504 23.272 59.723 52.2481 27.3551 32.2879
22.1186 21.1782 22.5086 19.9077 16.5533 19.5017 35.0961 33.9106 40.1188 38.8137 43.2461 43.3219 44.9286 42.3813 49.1731 43.2468 47.0811 48.6147 52.5899 48.2581 55.2605 48.9112 38.9779 41.0008 37.4819 40.8372 35.5138 41.3991 37.3581 41.4773 53.5985 46.626 47.5676 55.8674 45.2417 47.5319 46.4232 52.5924 35.1296 33.6617 31.2742 34.1799 34.6529 39.1513 38.2803 34.3865 32.915 39.1964 38.0593 39.8987 29.1567 31.4942 35.5927 31.631 30.0786 32.9441 35.4831 33.4717 9.67601 12.9232 9.47799 13.5287 26.5184 24.0653 21.5787 19.5562 54.3319 55.8993 51.6642 63.4075 47.0086 40.4988 47.545 46.7334 52.9594 48.3081 48.5736 50.9724 67.6915 66.9622 23.3784 21.6928 47.8814 70.5334 19.1409 22.6506 20.273 19.0549 20.3899 19.5375 44.0014 45.4849 46.7348 49.3529 40.9976 36.3227 38.0214 35.5542 3.91662 3.74229 4.52144 4.10596 28.0659 29.2381 32.7303 28.8141 20.8837 19.398 22.1367 21.7308 50.0116 51.4232 55.3865 45.3279 30.4848 34.0537 32.7478 29.0655 17.9666 20.0258 17.1408 17.2642 53.0636 59.6077 58.5984 52.3644 48.8212 53.6589 50.2764 44.7541 1.31364 1.04443 0.985263 0 26.1592 40.5097 27.0146 53.6217 37.6863 27.15 12.8646 41.8666 43.1157 39.2295 48.4073 38.0417 49.4423 45.5379 73.8662 21.1264 38.4971 18.7016 54.8105 46.9335 48.3882 15.9789 16.0249 48.1273 23.5417 37.0234 41.4878 52.1383 41.5317 28.0199 38.6362 27.3473 48.6509 50.4742 60.3453 22.8894 50.1784 51.6514 30.7282 33.8084
37.5936 37.3457 44.4422 39.4135 40.2008 39.6118 60.6594 58.9461 59.1582 59.5393 59.1752 66.132 65.7714 67.1669 76.0796 72.5064 67.7471 72.2847 72.0997 73.1261 79.6964 81.1519 54.9231 56.1855 60.5131 58.5892 60.5738 63.0192 59.1141 56.086 33.9001 35.0801 42.1584 37.3499 31.1357 38.642 35.811 35.5701 55.8844 51.7739 49.1991 53.6556 61.2395 64.9689 60.6568 57.0363 28.2573 32.8428 30.5207 33.5245 28.9571 30.0303 30.9365 32.5428 14.3946 13.8194 15.4836 14.3503 31.3654 34.5309 35.294 33.5761 26.3575 27.2347 26.6737 26.8598 77.021 72.9629 68.9362 73.8296 24.7839 25.3683 68.6063 70.8853 66.4284 77.5517 69.9327 69.9867 46.0293 45.1853 18.8303 22.322 62.1148 89.7115 37.0827 49.7011 46.4602 43.5224 40.2505 46.8385 63.5585 65.1014 67.1642 57.2417 54.2991 50.1558 54.1833 52.7268 21.1655 21.4093 22.8555 20.685 23.3896 27.2375 24.7401 25.3161 35.9412 30.7256 35.5443 37.2347 38.9286 40.0545 44.3251 42.9284 50.164 51.5363 54.9393 47.9038 24.2784 26.1007 23.8858 28.1909 42.8177 45.671 41.038 41.4678 68.7131 61.1355 68.8269 69.1086 22.2033 23.1327 20.7483 26.1592 0 26.7562 13.04 77.8855 59.7957 33.1807 27.8229 17.7529 66.7603 63.4144 52.7524 13.1498 32.5062 48.7728 92.3998 23.4012 68.0827 10.0521 51.5695 28.916 72.3719 32.8006 32.8076 58.2252 13.4886 30.2036 35.0637 43.9638 26.4353 37.1327 17.2155 39.3951 39.4142 73.9753 43.9645 52.3102 65.9008 70.7284 15.5929 56.3463
62.9126 55.7306 58.4998 56.7612 55.2917 54.8904 75.4564 73.9877 71.896 81.7037 84.4155 78.1802 81.3878 87.5196 87.6157 94.6417 86.9081 80.5552 81.7352 98.0848 100.38 99.8266 73.1923 81.0836 69.8226 71.716 84.3494 80.2328 83.3358 76.3254 55.3523 60.9709 66.2018 66.2469 61.5688 58.8028 63.2887 61.382 52.7877 59.5493 52.5442 60.1761 64.4254 60.6452 67.5485 66.1116 57.1705 54.1688 56.2461 54.7603 52.8439 55.3768 52.0744 62.2587 39.915 39.7394 41.2902 42.3994 43.4317 45.432 44.42 51.3893 22.6969 22.995 23.6879 23.1229 69.013 76.3434 69.8366 82.6118 50.8733 42.5537 79.611 81.1629 86.9374 93.6861 80.6173 70.3799 24.9543 21.5739 46.0501 46.8433 61.2761 94.3721 57.0751 52.6838 56.2887 52.6525 56.2804 53.3304 63.0225 54.5305 58.809 62.6495 43.6318 49.7511 47.8958 46.0607 35.5628 36.216 38.8162 39.2717 47.775 47.9967 54.6522 47.5792 54.6678 51.7412 57.0728 54.0517 63.1419 64.4642 64.8418 70.5194 55.2284 56.9621 53.399 50.8872 28.1689 28.7146 29.4487 28.0351 19.4012 18.2666 19.4334 19.8203 64.9418 61.7225 57.5712 60.7795 36.068 37.02 38.7747 40.5097 26.7562 0 39.2199 81.1665 77.392 62.7167 49.2941 34.1768 85.3332 69.6521 45.1861 25.4544 11.749 28.5024 83.456 21.2909 78.3224 21.1682 36.1523 8.86981 83.3325 33.766 37.9383 53.3798 40.8463 11.9967 14.4571 22.3535 51.9887 32.2865 42.1594 27.1737 18.7941 77.6907 18.6108 57.6191 56.8511 60.0075 11.5653 72.4882
34.9012 36.45 34.8461 39.3949 34.792 41.4426 57.6617 55.8972 53.8893 54.5698 62.0235 63.5794 63.9097 59.9793 68.7648 68.7469 60.7247 66.7559 71.0524 69.725 73.4092 75.7359 43.389 46.9683 52.7442 45.5505 48.3542 50.679 50.8217 56.5581 28.1018 27.9431 26.5286 31.2104 22.777 22.9842 25.8786 28.7485 54.0475 53.3333 58.6637 61.6097 61.5221 66.9097 65.8411 59.3465 18.8801 16.9753 18.7973 20.9705 18.3652 18.4384 18.2792 23.1026 7.58306 5.32799 8.19989 5.49596 34.7554 39.075 34.0145 35.0431 33.9021 41.8228 33.0638 39.2648 85.7203 88.9257 81.2925 82.7052 19.1414 15.1339 64.2998 56.7833 61.9724 62.3652 67.0777 68.5299 53.1472 60.9105 9.64714 11.5922 72.3894 78.626 25.7305 47.5242 44.5863 37.9035 44.1803 40.1448 66.5641 77.1169 62.5971 76.5328 62.452 59.5296 56.1362 55.5785 21.6773 22.8437 19.3687 21.9966 13.3798 15.2232 15.4474 15.0661 24.8678 24.0299 26.785 25.5476 31.5078 27.8297 29.7744 27.7965 50.632 55.5421 50.0071 52.203 37.9112 35.8533 37.5416 35.9617 54.1551 60.5261 53.3077 58.4184 73.8384 66.0197 68.4731 76.9726 23.7654 23.526 22.7271 27.0146 13.04 39.2199 0 76.3048 67.3132 22.6576 24.6833 19.9607 64.6993 64.7315 59.8351 19.3626 43.7733 67.106 98.3418 34.6309 54.4055 21.7823 70.8112 41.5111 67.0622 38.331 42.4042 76.2907 2.62584 42.6659 48.2358 54.1861 18.3549 45.5712 13.5382 46.0725 49.9229 82.3631 60.1599 47.0407 69.3414 75.5647 29.7904 57.3465
31.2392 30.1387 31.2233 30.2541 38.9911 31.5374 18.6311 17.7667 15.8244 17.7273 10.4326 11.4261 12.2967 12.6112 5.66735 5.80497 6.90887 7.80083 1.68196 2.76725 4.12234 5.1712 32.7877 30.1604 29.2618 33.761 26.4444 26.6388 23.5832 28.0116 93.1189 93.2087 82.119 81.5163 75.3911 83.9512 73.7006 77.5826 40.8217 45.3895 40.9112 42.5505 43.191 39.7972 41.6323 35.7184 68.9456 63.0705 65.99 66.8826 64.0578 66.8669 58.1844 66.5542 77.4785 81.7614 79.2401 80.1654 44.7894 39.1444 46.0094 41.2885 69.1736 69.5376 69.7326 58.7036 59.8745 49.6554 54.531 52.144 83.4628 88.3998 23.3605 18.6983 13.3158 13.7492 34.2977 36.2614 120.634 113.384 62.8395 56.868 41.8987 16.5737 43.6175 30.9634 34.4303 28.5473 30.2411 32.3813 63.3462 63.2436 64.7517 55.2983 60.587 64.849 58.6958 61.5629 57.1255 56.3338 48.5942 52.4896 69.2535 61.4566 66.9464 66.8548 47.125 42.1333 50.5118 42.2808 81.8128 87.8067 78.6396 76.0013 43.8577 46.4045 43.0584 42.579 63.2215 62.1357 58.9557 58.8932 112.663 110.662 109.82 103.229 59.6358 54.9036 64.6322 61.7714 48.8549 54.5948 47.0887 53.6217 77.8855 81.1665 76.3048 0 10.3324 57.1444 41.0161 95.3015 10.6036 28.4574 71.9344 88.1379 89.8044 83.5526 77.7332 59.4272 9.85029 75.5255 98.0955 88.2777 1.77474 51.0172 48.7251 61.8529 67.831 84.7987 89.175 80.2826 77.6677 60.321 83.7008 61.3741 105.914 51.3502 102.023 31.1071 76.9234 81.6558 82.2788 18.4593
26.915 24.7359 26.0111 27.4492 26.3672 22.6776 14.2992 15.4403 14.702 17.6962 10.4343 10.8922 11.5583 12.2756 10.2888 12.1856 14.0596 13.3575 11.8868 13.2754 13.9171 16.2969 27.3626 30.9891 29.5922 28.2323 25.7513 24.7728 25.3235 26.1795 85.6265 85.701 75.0778 81.4138 75.1702 72.3063 82.4232 79.4094 30.5683 33.9817 33.1251 27.761 29.1389 28.1861 28.3775 30.776 61.6143 63.3833 65.1857 67.7275 61.1557 56.7247 58.7773 56.8041 67.601 68.2361 76.3329 74.3875 36.9398 35.0511 29.4712 31.3606 62.6687 58.3875 57.0839 55.2945 43.2928 47.1684 40.2605 49.606 80.2789 82.4421 25.9854 21.8234 18.261 19.6704 27.3933 27.5859 97.0514 101.564 51.1861 52.4907 38.469 25.967 36.2477 20.3256 20.7766 23.7625 23.6297 20.886 54.2695 47.1106 49.9355 49.1605 53.6115 52.4756 53.635 52.4527 48.3265 42.8072 44.8671 42.4155 60.9882 54.2277 53.7026 57.5801 40.8787 42.5281 43.2525 42.0758 78.9635 77.3435 79.8716 83.9741 40.5892 36.5507 34.5216 38.7397 49.9741 49.5352 49.0396 52.3394 98.5285 95.2187 96.3126 94.885 51.1433 50.2987 47.3138 53.6526 42.6712 45.5187 42.0373 37.6863 59.7957 77.392 67.3132 10.3324 0 55.4878 38.7223 86.1915 11.8836 22.5729 63.559 83.9095 80.4519 83.0992 60.3602 55.2397 3.43592 60.8789 82.6377 84.5765 12.2211 41.4022 40.546 61.2865 55.6568 80.8093 82.4155 81.8094 64.3704 53.3492 69.9936 55.4272 93.1284 45.0611 83.2434 21.5782 61.5797 66.6443 67.84 10.029
23.5194 22.9097 26.1801 24.428 23.3305 25.5456 39.0896 35.7459 36.7982 41.8634 41.2961 47.3533 47.1901 42.5938 54.4985 51.5746 53.8392 48.7683 55.5724 54.6931 55.3547 54.7213 28.6078 30.0829 27.48 27.3681 35.2004 33.3546 35.7241 36.3483 27.6233 27.4275 32.8545 33.2619 25.4416 26.7295 22.5944 24.1316 55.9091 56.1892 55.6163 59.6095 58.9516 57.5944 60.3096 61.1842 13.9272 13.9589 13.6178 15.3319 9.3246 9.09916 9.64357 8.59502 27.3375 26.9281 24.7497 23.5128 33.3163 34.79 35.0936 38.1296 56.329 50.3029 51.8016 52.7553 90.7135 89.2555 75.346 78.9641 32.1319 29.9611 38.8711 41.5049 44.1313 46.4162 69.0744 75.9503 74.4733 80.5497 13.0344 11.8525 64.2335 62.0274 13.1867 42.7404 34.1601 38.2266 36.1943 37.1584 77.5294 77.7812 68.7757 73.2998 62.6763 67.9284 70.2029 72.7036 26.3302 28.8413 25.6717 23.8144 10.5125 9.53969 9.66826 10.4467 10.6928 10.9081 10.2367 12.0335 26.2007 25.1215 28.6031 24.8041 61.7535 62.8776 59.1708 53.0346 44.0557 44.7179 43.1905 45.8851 70.9376 82.8344 77.0362 70.1153 74.2539 70.2547 73.1149 80.8529 30.7973 32.6449 29.1464 27.15 33.1807 62.7167 22.6576 57.1444 55.4878 0 19.3987 42.2627 45.9835 56.0838 75.0976 40.5923 67.9883 82.4391 96.0304 42.73 46.5308 44.0054 79.1976 66.6219 62.1564 40.6664 47.0586 81.9352 19.961 65.5658 65.6112 81.557 19.7947 59.4309 32.7905 56.9174 75.241 80.7767 73.6142 45.3613 81.9815 90.9013 48.5011 48.2906
11.3347 12.7405 12.2442 13.8071 9.07017 14.542 29.1459 32.1748 30.7097 33.7421 35.7024 33.929 35.2705 34.4947 40.699 43.0962 44.4733 45.9496 46.2895 51.2195 48.549 51.6727 25.9723 27.882 25.5888 27.5304 26.4284 28.8153 33.0767 28.532 47.1292 48.9423 45.4236 47.2456 40.0581 40.7132 40.1682 42.8338 42.3037 38.7072 42.6031 42.1431 45.4199 46.6934 45.6561 40.3875 28.2058 32.0183 30.6252 33.0062 23.9211 22.4841 27.548 26.9239 30.8466 29.4438 33.3423 29.6036 17.2736 18.622 16.3158 17.916 34.1651 38.9 37.2868 35.1767 68.2165 72.9555 57.4666 70.6944 38.7527 42.5281 37.054 43.0695 40.1864 39.9571 51.0849 51.6942 76.5003 76.4816 20.0783 14.9816 47.6629 57.0855 6.8205 20.9337 18.5738 17.4925 17.2069 19.2416 56.5412 62.6678 56.7643 52.7597 52.9516 52.3877 43.9107 49.7164 11.6618 10.0759 10.898 9.53828 21.0526 23.001 21.4636 20.8396 7.94524 8.10327 9.64578 8.4589 44.6306 45.8962 40.903 39.804 39.8368 40.3495 40.5745 38.7724 33.5818 32.2573 29.0748 29.6235 66.4503 75.5028 66.49 74.071 60.0903 53.5329 57.0502 57.9626 13.1115 12.9956 14.0999 12.8646 27.8229 49.2941 24.6833 41.0161 38.7223 19.3987 0 46.7282 37.2547 44.5663 59.1949 43.9477 55.1725 59.5447 72.9391 30.2524 34.9505 29.1392 71.1516 63.2335 47.2557 24.8717 31.0211 57.7686 23.9732 46.9816 57.8556 58.3684 34.4266 40.8482 40.4233 46.338 62.4301 54.3643 61.2929 26.459 66.6134 66.3979 37.8632 30.1947
57.4797 54.4588 55.6706 52.9957 56.2185 55.283 70.6923 67.0718 67.9769 75.6395 84.7802 82.2759 82.4662 76.1841 79.3072 83.1441 89.1925 77.0003 86.5291 87.9241 83.257 93.1256 62.9656 71.0498 61.6329 68.3673 74.2007 74.2823 65.2096 68.3873 25.629 26.4615 29.2928 27.2142 26.9313 25.4374 28.4844 30.6692 66.3516 66.3584 68.0237 66.8775 71.7285 78.0816 85.4356 78.1974 28.3236 25.8822 27.1107 31.4637 31.8926 29.1538 31.7199 33.67 9.92096 12.0202 11.6161 13.5512 52.9877 50.1686 54.4682 54.6645 46.1236 45.8915 40.778 43.7668 95.1072 98.0676 102.08 95.6405 12.6231 13.4824 77.9636 86.4256 80.0971 86.3012 90.3647 83.2264 48.4048 44.623 27.9623 29.4695 90.5918 94.9278 48.9917 65.2994 62.814 55.1416 54.2941 61.8014 79.3511 79.3798 78.0899 75.0171 65.6121 72.6932 76.5216 67.6622 40.8947 39.4804 39.0393 39.4213 26.0935 28.849 26.9874 30.156 42.4428 41.0616 44.4355 48.6901 32.1217 31.4253 29.8803 33.2726 66.9496 68.8612 66.812 74.7167 43.8069 44.7986 44.1209 50.6717 50.8624 54.9996 46.2269 47.6382 91.4463 89.0361 88.1788 78.4077 39.5802 39.9897 39.8712 41.8666 17.7529 34.1768 19.9607 95.3015 86.1915 42.2627 46.7282 0 76.8801 88.3503 68.4003 11.4426 51.0052 63.0563 100.108 38.3459 71.0463 29.5765 74.3027 35.6217 82.159 47.5135 52.4546 80.928 20.9058 48.7675 53.8227 56.7456 23.7773 58.067 7.25733 50.5269 50.8474 84.2084 58.4648 61.1358 79.7825 80.7379 29.889 66.8362
25.7288 25.8836 26.4978 23.2417 29.2289 22.8822 7.42097 7.39428 7.53809 7.20575 3.51328 2.4338 1.89497 2.30741 5.06657 4.25175 4.7286 6.23376 9.50879 10.9205 11.0006 10.5432 21.399 21.8774 19.8473 21.9601 15.2978 17.183 17.0036 18.508 78.5996 79.5726 69.952 82.8087 73.7486 73.7213 74.7996 74.951 43.1849 38.6579 41.7115 38.8436 39.086 39.7273 41.4362 38.2355 56.082 57.9726 65.6586 61.7084 57.5332 58.5431 55.7578 55.6358 71.6799 60.4498 74.6353 70.6431 36.7026 35.161 37.5472 34.9753 60.0264 60.0883 67.1324 65.0455 61.7112 54.1761 56.843 55.2383 75.509 81.3016 12.8216 12.0328 9.1477 9.78291 39.9955 35.4993 105.686 114.867 50.4207 46.6329 49.5295 20.7556 35.5039 24.084 27.2896 24.1278 24.4033 23.2506 66.3797 56.9751 57.4561 58.3536 62.269 58.8017 56.9051 56.4975 49.3644 41.8545 47.4762 39.6163 54.534 55.3548 55.2854 54.4005 34.835 32.8821 35.0856 33.4744 72.6699 69.9301 68.4879 69.0973 47.3173 49.3271 41.2378 44.8584 58.1956 61.7464 55.9137 52.0942 104.982 100.647 101.475 105.524 59.5993 58.9927 54.6915 59.8564 45.129 47.9577 47.9414 43.1157 66.7603 85.3332 64.6993 10.6036 11.8836 45.9835 37.2547 76.8801 0 31.0908 75.4916 74.4723 91.4924 90.9091 78.4098 58.8578 9.10631 64.7802 95.4413 98.434 10.7598 53.7708 43.9045 70.689 55.7257 81.4281 82.4853 91.5586 60.5584 66.9399 73.5046 66.8782 101.284 57.8825 105.978 27.288 71.1311 80.0569 77.2582 17.2203
34.3108 36.7644 33.1928 31.9465 38.4154 32.5503 30.7112 32.4902 37.9518 32.6106 30.1607 29.8987 30.2488 34.1326 31.5933 35.3473 32.437 35.8505 35.0404 33.5389 33.1886 34.6766 45.8676 43.0914 51.1502 51.3185 41.3984 47.377 43.891 46.3911 92.6706 89.1336 90.2828 96.4409 79.872 75.815 83.9346 81.0719 14.7903 12.7538 12.2381 10.5344 9.70786 8.81364 8.19118 7.6532 64.2966 66.3411 73.548 79.8093 66.1188 66.0175 69.4208 62.3788 66.4869 69.5995 71.1681 65.8065 26.3122 26.3015 31.6058 25.9788 43.5804 45.2697 46.6314 46.8646 25.4596 26.295 23.1666 25.9637 80.3962 82.8477 46.8013 45.9877 40.4739 40.9519 8.01921 10.0749 86.4289 95.9593 57.2219 55.6885 15.4931 47.4773 46.4501 18.575 26.6703 25.7252 23.273 23.185 30.6763 29.491 29.1436 29.873 29.4852 29.8043 31.0556 31.3356 44.7424 43.773 38.8921 43.5432 59.9358 68.3612 62.4416 60.0374 48.2947 52.6512 45.747 47.857 87.5465 80.0951 82.728 86.6622 17.4405 19.5398 17.6447 17.3611 40.2196 43.3351 43.7641 42.3049 75.4356 77.8195 82.4031 87.9515 31.2142 30.4656 26.6924 29.7071 40.5486 39.5877 43.0666 39.2295 63.4144 69.6521 64.7315 28.4574 22.5729 56.0838 44.5663 88.3503 31.0908 0 47.7792 81.0524 69.2702 59.3989 46.6443 45.1889 24.4828 60.2677 64.4191 78.8509 31.7638 32.7277 30.3082 31.6505 63.6052 61.0617 67.6762 59.9027 81.6023 35.8749 82.3651 46.6155 69.3841 20.2252 79.0656 14.3735 46.3683 42.8102 66.2267 18.5356
60.2934 62.0226 61.9929 64.1728 61.7795 55.376 69.1707 75.1706 77.824 69.3792 77.7861 71.6612 75.939 76.7668 74.2841 79.7797 82.3895 83.5519 83.9804 71.7527 82.2789 88.6176 81.6821 73.9477 79.1286 83.4848 70.7779 73.855 74.4137 90.1706 92.0664 89.4886 98.337 102.616 80.94 93.7443 86.063 95.7671 35.1287 30.7632 37.3893 36.0142 34.9983 33.1255 40.3605 41.9873 88.0976 82.2952 81.3858 89.9675 76.0848 76.9897 78.157 76.284 64.8442 63.2953 72.3417 74.5138 46.6923 43.9504 49.7505 49.6644 26.653 25.9751 29.565 28.4262 37.868 42.0918 38.288 43.7379 77.1203 85.948 87.6559 88.1783 81.3921 81.5436 47.7355 45.6614 56.401 53.6306 62.168 63.5681 35.5422 96.6492 68.4085 54.4116 54.7119 57.2752 50.2651 56.6636 18.3599 20.2747 18.6915 18.6612 15.315 14.5483 15.1031 17.6719 47.0755 49.0589 48.3996 47.1167 81.837 81.3138 74.7379 69.1499 62.8547 74.0504 74.1711 70.76 90.4365 98.3514 88.2778 87.5012 30.3259 28.9288 29.5851 28.4313 30.5034 28.711 31.7796 30.0409 50.9793 50.7318 45.3624 45.463 20.5844 21.4483 23.3421 23.9306 43.0738 42.5575 50.4901 48.4073 52.7524 45.1861 59.8351 71.9344 63.559 75.0976 59.1949 68.4003 75.4916 47.7792 0 64.4988 40.757 19.1394 32.3639 36.6334 63.1809 44.4158 17.5209 49.245 71.6251 29.8879 31.3605 17.2921 68.5468 30.8736 30.8756 26.4355 87.6208 20.4388 68.4763 20.7362 39.2869 34.3042 42.0173 45.588 11.5023 11.7905 42.1897 54.5365
53.1645 52.6294 60.3185 55.7056 47.2012 60.5564 78.2199 73.2751 68.0825 79.346 74.6642 76.3637 80.2361 76.2125 77.4522 79.416 86.0331 89.4412 95.6515 92.6011 81.3141 96.446 64.7617 61.9014 72.7263 63.8541 66.2815 72.8653 67.945 75.9919 33.7649 36.2846 36.5262 43.4726 32.4744 36.4178 37.1172 41.5479 64.3857 68.388 72.9462 72.6559 70.4184 69.6591 69.0668 66.5305 37.9451 34.5689 35.7577 37.5757 40.4973 40.7537 36.0315 41.4707 17.1634 15.6862 16.556 19.1525 50.0406 48.9688 47.2404 54.4847 34.7365 38.7106 37.3078 41.6066 86.0778 93.1363 87.3751 98.967 25.4131 22.1919 85.4628 87.747 77.2631 90.8661 76.0578 91.2931 39.3848 40.9707 29.3989 30.7475 79.8612 109.233 50.9611 58.5731 60.0674 55.0518 59.491 61.6493 76.1588 79.4415 74.8572 77.6403 64.3814 66.8476 70.175 59.3789 36.9436 33.1321 33.7963 40.3746 30.4519 35.6713 36.0425 34.612 47.562 43.7297 46.7706 46.1402 39.9223 43.015 41.5359 43.3508 63.4035 71.0554 63.3225 59.8075 36.2051 41.0132 34.9652 38.6659 44.8681 40.1005 43.6524 40.6456 75.6303 70.9039 79.6219 70.9097 37.4219 41.0334 40.6704 38.0417 13.1498 25.4544 19.3626 88.1379 83.9095 40.5923 43.9477 11.4426 74.4723 81.0524 64.4988 0 34.979 54.7079 86.51 36.5682 83.5508 20.4589 62.6439 23.7 95.7852 44.3087 53.4505 82.1976 22.957 35.2692 37.1541 52.0412 30.1813 44.4041 14.5784 43.1741 42.5083 86.4455 39.9784 68.0514 82.7565 81.0954 19.3606 65.9417
64.9364 73.2346 66.6301 64.9469 70.4882 62.8104 88.0034 88.3386 80.5568 91.973 82.1263 89.5547 80.7399 89.6722 93.4453 84.4753 86.6022 87.1818 94.5164 94.4598 102.644 90.456 84.5422 85.3327 79.7291 93.1892 81.6736 78.7709 86.7013 85.3969 65.645 76.0396 74.6834 75.8638 66.0734 71.6084 67.8069 77.5788 56.0486 54.1939 53.1848 55.8807 56.1874 56.7295 68.418 65.3187 62.5162 67.3036 67.3807 63.9066 61.9792 68.442 70.1834 73.2374 47.8203 46.4126 55.4135 46.1046 48.5535 52.7786 50.7309 53.8774 25.3954 23.8827 24.9163 29.8312 69.6634 78.3948 78.8565 70.3562 58.0634 55.7332 99.6775 92.3538 89.5969 102.476 72.8768 80.7082 23.5546 18.3874 56.3702 59.9678 61.8391 109.266 67.0607 56.1832 57.4861 66.3164 67.5977 62.3093 51.8813 59.9139 55.1905 51.0946 46.2642 48.2198 44.7075 49.7697 48.9231 46.4345 44.8012 45.9237 63.6685 58.9331 65.6216 59.1471 66.2344 61.4598 70.0634 61.8167 67.7881 70.4317 79.3447 69.2394 56.3801 57.8994 55.4392 58.5086 30.1596 33.6274 30.8531 29.5158 11.8452 12.7902 13.1208 12.0014 52.6366 60.7554 53.3142 61.4615 46.4736 42.7232 43.8022 49.4423 32.5062 11.749 43.7733 89.8044 80.4519 67.9883 55.1725 51.0052 91.4924 69.2702 40.757 34.979 0 22.6216 64.4818 28.7072 85.8529 25.4392 25.0325 13.3433 85.3249 40.7648 45.5971 53.0284 47.7841 7.95882 4.2422 16.1685 68.5186 28.481 46.9696 29.1496 7.24284 69.7862 9.4372 62.9708 49.8103 51.5934 19.9985 76.7361
74.4933 70.5178 66.8421 65.8998 72.5634 66.7681 78.3691 82.9038 74.5272 80.9725 82.9669 90.1415 82.7783 79.4454 85.2271 89.7136 96.3409 88.9408 88.6108 93.5659 100.981 92.5245 86.3038 77.9929 79.6995 88.4193 78.3538 86.2918 96.3716 84.1262 93.6323 91.318 95.957 91.2904 92.5757 86.9668 86.0494 80.6999 49.2166 50.6371 51.0799 49.408 55.7271 48.1744 52.5176 54.7872 70.6287 76.0194 82.6859 77.4421 75.4256 72.9453 82.1727 79.1204 63.6565 60.5177 65.9715 66.7377 46.857 54.4512 47.8992 48.3723 26.9315 25.0387 30.7762 28.2937 54.3634 53.9501 52.1411 56.8458 76.5261 76.7239 86.1941 87.6932 99.428 99.4646 63.9341 70.5929 39.2801 35.1754 68.8235 69.531 54.8232 105.784 71.9714 57.4034 59.7663 63.6239 63.7552 67.7377 38.4278 36.6719 36.4259 40.2039 34.3076 34.9786 30.7473 33.7946 49.5743 50.3768 58.2946 51.3768 79.0355 78.8969 78.1538 66.9311 73.8515 75.5625 77.1369 69.9795 89.6958 81.8354 88.8324 90.853 39.0624 44.6325 42.301 45.7876 29.7704 31.4872 32.9283 33.4825 31.2941 30.3942 30.4843 25.7894 42.1634 39.6806 39.8609 40.4672 47.7327 46.5815 46.5976 45.5379 48.7728 28.5024 67.106 83.5526 83.0992 82.4391 59.5447 63.0563 90.9091 59.3989 19.1394 54.7079 22.6216 0 52.1373 30.8701 71.0122 41.6092 4.46181 34.486 84.4941 35.7824 42.3205 38.24 55.9774 21.5554 16.8685 5.58218 86.4668 23.4365 64.9935 21.0875 18.7854 49.2802 21.5983 58.2314 29.0068 31.2751 36.3715 66.7405
82.7903 78.0469 73.3696 71.4804 80.2142 71.8796 73.4666 80.3747 85.7071 79.562 66.9754 68.919 73.7076 81.8144 73.8018 74.0615 73.7408 74.2173 71.6854 77.1006 78.2161 77.0295 84.4349 87.0769 95.8651 98.6945 81.4511 87.9793 88.3333 80.9473 118.465 130.672 113.322 115.475 113.786 104.98 124.635 117.708 38.56 39.6024 41.106 44.5359 34.2475 39.2771 40.6379 37.7432 98.9124 106.771 101.31 99.4277 110.246 100.786 95.356 99.3676 95.2234 94.1205 93.9742 100.223 59.4331 55.0296 66.6049 60.4508 59.8992 50.8264 59.9528 55.9021 20.1587 20.2971 20.5206 19.5303 119.54 111.372 95.8985 82.7102 84.632 80.2414 36.7387 40.6971 92.7974 81.4891 89.2979 94.1457 26.7161 88.6442 75.7062 56.8399 67.3349 67.7907 60.911 68.5312 22.8625 22.2976 24.116 22.2695 31.3871 31.598 31.7761 33.177 71.3637 78.8653 67.397 69.5566 103.397 93.5528 100.938 93.9095 80.1472 77.155 83.7464 93.3145 118.994 126.736 122.64 113.963 34.7817 35.6018 40.7794 37.6523 59.1336 51.7428 55.8304 56.8199 76.6007 74.2475 74.9463 85.3298 17.8138 17.7112 19.5658 21.2119 65.6685 69.5691 74.8302 73.8662 92.3998 83.456 98.3418 77.7332 60.3602 96.0304 72.9391 100.108 78.4098 46.6443 32.3639 86.51 64.4818 52.1373 0 63.6419 67.3218 71.1623 46.3146 89.1219 69.0424 55.4986 46.3486 18.662 82.4644 69.6004 69.7262 56.3229 110.63 48.4299 100.709 47.1333 73.984 24.3682 79.9799 55.3248 24.4279 21.6214 68.2841 58.9798
41.4725 37.0316 41.5622 38.1489 40.3554 43.0889 54.7394 59.6813 52.7539 52.899 62.054 60.6708 60.5524 58.9007 68.9188 68.4228 64.3979 67.7425 72.0939 73.3751 69.0982 70.9474 56.2389 52.5691 53.4149 62.6215 57.2471 63.2708 56.765 57.5422 64.9469 61.6812 60.9711 66.9802 55.82 60.159 61.4483 61.3929 33.4907 34.3321 32.5504 34.8288 36.3006 38.8319 43.0932 38.4304 50.5189 45.8662 53.9056 55.7782 48.9543 49.3642 44.6229 49.6556 36.7001 38.5329 35.7512 35.8941 22.184 23.8788 23.198 26.8331 5.22899 5.72029 2.62007 4.00803 54.8923 53.6428 51.4021 60.7419 46.169 45.8799 68.1387 60.8901 68.0634 69.127 50.1566 54.5147 43.4814 49.1713 33.2742 38.3351 44.9176 73.3618 42.2025 33.932 34.6413 34.3003 32.1656 34.2441 40.5367 41.9446 37.9802 39.6343 29.5562 33.144 26.7643 27.9062 22.9796 19.9225 20.4641 21.1451 43.5592 41.2078 47.5366 42.2371 43.3334 43.382 38.3572 39.9519 60.5207 58.9577 64.7218 60.8835 29.4353 33.8791 28.275 28.4704 4.47377 4.70525 4.03505 5.67684 40.0318 35.9105 38.0915 38.512 42.242 43.5068 38.1158 44.9573 19.3852 19.6897 18.3172 21.1264 23.4012 21.2909 34.6309 59.4272 55.2397 42.73 30.2524 38.3459 58.8578 45.1889 36.6334 36.5682 28.7072 30.8701 63.6419 0 57.9045 12.0402 37.1484 35.0723 69.7193 11.6668 16.5037 40.2905 33.2241 20.7543 26.7639 29.6456 46.4166 13.1593 42.7439 13.8766 33.6494 50.3425 39.9554 34.4069 42.1669 41.051 14.9884 42.5678
23.6518 26.4513 22.1983 22.4169 27.6684 22.0236 11.0786 11.4276 12.2938 13.1968 7.04277 8.84142 8.50661 10.2652 9.49431 10.1704 11.9268 12.1235 11.7351 13.8928 14.5973 14.642 24.7314 26.4542 29.6873 26.3249 20.6974 20.4492 21.7244 25.391 74.3208 85.3019 82.8247 77.42 68.0942 69.9988 79.0349 79.6663 30.9223 30.5104 28.7125 32.7674 33.8377 32.7178 32.7325 30.0566 57.212 58.4414 65.3661 58.4479 59.6888 52.1082 60.5247 55.6703 62.7356 70.6517 73.9243 60.0247 33.8316 31.7104 33.321 32.0896 52.1405 59.8131 52.2526 54.8651 49.0153 47.3569 46.8145 48.8836 80.6638 72.3486 20.0385 20.6637 19.593 17.3911 30.7016 26.9611 98.6916 92.1041 55.2661 54.3286 36.5833 29.1673 36.9048 21.1884 22.5952 18.9276 22.2686 19.8511 53.7626 55.9833 50.9056 51.9025 53.5336 48.7034 48.5079 48.5428 41.41 43.5158 40.281 40.6336 60.0068 52.0043 59.1076 53.0916 34.7997 34.8655 38.7723 34.8852 83.0417 81.4517 79.2454 70.2617 38.0695 37.261 36.1645 33.9659 51.5388 48.3485 47.2153 47.7635 93.7756 84.9412 94.467 88.9458 53.0721 48.3954 56.5309 47.0244 43.8327 37.1068 40.6261 38.4971 68.0827 78.3224 54.4055 9.85029 3.43592 46.5308 34.9505 71.0463 9.10631 24.4828 63.1809 83.5508 85.8529 71.0122 67.3218 57.9045 0 56.9129 73.9057 87.8125 12.3717 42.3621 36.4883 59.2436 55.9079 74.0135 82.8966 86.2881 69.7819 57.9488 69.7257 55.0262 91.7298 41.4041 82.9679 21.826 64.8893 70.2596 67.9116 9.46283
41.1364 43.1228 37.804 42.4655 36.5521 42.2953 55.7219 53.2869 59.9649 59.1693 63.5396 63.1973 66.2415 69.7486 73.1116 69.7546 72.6798 75.2101 76.2009 73.6423 77.8532 80.1186 58.481 60.1984 56.477 61.7236 57.1028 65.2821 59.2669 58.4609 43.3191 52.4945 48.7094 47.59 42.8092 41.8392 49.4389 52.4508 43.6597 41.4484 49.0148 50.1892 47.957 46.6279 51.4041 46.2159 41.2866 36.7169 37.9182 39.9596 40.4952 41.2831 39.5798 38.6821 25.2801 22.9395 27.8244 27.9819 28.1919 32.3835 26.2883 32.384 17.2124 19.0858 15.2825 16.6908 63.5019 71.2849 69.4638 65.7365 39.4342 37.7348 72.0022 74.8138 64.6574 71.3818 57.7516 66.4771 43.6052 45.9865 28.4764 28.2293 58.103 83.7339 34.9702 39.1007 42.193 36.3988 42.0411 36.5682 54.8248 48.9074 55.9902 51.9894 42.9319 47.7718 45.4768 44.2509 21.3891 20.8954 19.7878 22.8248 34.6836 36.9021 37.9777 37.9836 33.1416 40.0426 33.996 36.3474 50.4767 46.2597 51.8121 48.503 45.3731 44.024 45.124 45.3574 15.0922 17.7999 15.8875 17.5676 38.9108 39.9008 34.4139 37.7689 56.4536 57.3319 51.2294 51.6682 20.8333 19.8384 19.5653 18.7016 10.0521 21.1682 21.7823 75.5255 60.8789 44.0054 29.1392 29.5765 64.7802 60.2677 44.4158 20.4589 25.4392 41.6092 71.1623 12.0402 56.9129 0 45.9848 29.2153 73.6869 21.7777 27.6038 51.648 19.2381 20.0344 31.6805 37.421 38.5634 25.4097 27.7505 27.4844 34.3039 58.7398 36.8786 42.809 51.3367 56.2361 8.51965 57.6191
78.9842 69.3653 68.1368 77.8154 73.8915 66.2542 86.4947 90.669 86.6281 91.3866 87.8971 91.6974 86.6144 81.1711 81.4289 91.6538 93.2714 89.9619 88.3037 93.6535 98.6422 92.2318 89.0683 83.3518 83.6402 99.939 81.4266 93.056 87.3527 101.443 92.8177 89.25 93.7801 96.4243 85.2886 98.0508 89.265 88.4745 51.4421 53.592 48.3982 53.7506 48.3484 54.265 51.8958 55.2624 76.3568 77.6249 89.3852 81.5159 86.3719 78.2094 88.1214 89.3536 64.1491 64.5656 66.9791 72.4111 49.7439 49.7681 51.5009 52.7989 28.581 29.0312 30.2266 35.4956 52.3454 59.2551 53.5826 59.5951 83.841 74.1669 93.7672 94.4042 89.3421 95.6781 67.5189 61.4141 41.3973 36.7714 75.7691 74.9172 53.3117 102.837 76.4045 59.3512 67.6207 57.9752 60.9421 60.428 34.6576 37.4775 36.3271 40.8976 31.4249 33.044 33.4219 31.8647 56.2467 54.3804 52.7508 57.1146 75.5514 83.3796 85.0401 81.1502 75.6715 80.2411 78.7122 82.7891 92.3671 96.6807 87.4085 87.2831 42.1738 40.5329 47.2801 44.4814 38.1269 35.5437 33.6007 34.7482 33.9804 29.2535 32.228 32.7265 41.0221 36.4781 36.1861 37.5132 56.7175 51.5378 56.3902 54.8105 51.5695 36.1523 70.8112 98.0955 82.6377 79.1976 71.1516 74.3027 95.4413 64.4191 17.5209 62.6439 25.0325 4.46181 46.3146 37.1484 73.9057 45.9848 0 39.1522 88.7329 37.3792 38.0736 36.2461 63.9356 25.7602 20.4776 11.288 89.9121 26.3222 74.4269 23.9842 22.6018 58.3389 25.7888 62.3044 27.6147 30.7038 40.1356 67.6144
62.3616 71.025 69.1984 65.3457 71.6162 72.7883 90.7858 89.7349 92.8423 83.0444 86.1825 94.6332 82.5174 97.2865 101.433 91.2737 89.9337 102.455 93.649 94.6367 109.161 95.5444 78.6496 91.9503 77.6119 78.9416 94.781 94.0185 95.7824 84.1805 63.3262 62.9125 70.5573 66.3691 67.049 66.4812 62.9403 70.0613 62.792 67.8423 64.6843 70.1395 71.1665 75.4219 66.5088 67.6475 64.6055 60.8692 57.255 64.0263 59.7792 62.2257 58.1905 61.8699 41.5954 40.6527 41.1307 40.8279 49.2317 54.0517 55.0683 53.1785 29.648 31.4641 33.6719 35.9559 83.8932 80.5255 76.5056 87.3492 51.9686 48.7442 102.777 100.953 99.8764 98.2206 76.1779 81.2497 15.5926 14.5925 55.6331 54.1938 68.558 103.757 59.5962 69.0797 67.7328 65.2158 67.5404 68.4721 62.1647 65.8988 66.2822 69.4317 53.1902 61.226 58.226 62.6059 45.3974 51.5973 50.7069 52.176 56.5301 56.0365 58.9095 52.6802 59.5973 69.5056 69.7335 60.7648 61.2873 67.5127 69.8704 68.7277 57.2146 64.2847 67.5084 57.9011 33.7017 36.7428 36.0952 35.9896 15.0245 15.8235 13.4373 13.0166 64.4864 66.1558 66.4696 64.7137 47.9663 49.205 45.5863 46.9335 28.916 8.86981 41.5111 88.2777 84.5765 66.6219 63.2335 35.6217 98.434 78.8509 49.245 23.7 13.3433 34.486 89.1219 35.0723 87.8125 29.2153 39.1522 0 102.668 48.4197 48.956 65.2396 40.4849 18.3797 17.1853 26.9048 56.8234 41.2621 38.6777 38.4664 17.7008 77.0793 18.5967 71.3418 60.1433 69.2255 18.5546 77.0404
39.0108 35.9509 35.8365 35.1333 38.9935 34.4154 20.48 18.6083 18.5409 20.7379 14.2846 13.0547 14.6292 13.7631 6.64424 8.11162 7.60278 7.91808 2.41976 2.96443 4.53913 5.40923 34.421 34.7 31.7435 30.2973 26.0799 26.8089 27.594 26.8902 86.6264 82.6803 96.4854 91.3005 87.2586 89.2158 75.6308 77.24 47.1832 46.7495 43.4635 43.3517 45.3432 36.9284 40.2469 41.4712 70.9173 66.3339 69.1041 67.966 60.4625 65.268 67.6458 64.4147 72.582 73.8229 72.7742 71.6965 41.681 44.7803 42.8719 40.3499 70.3037 62.3142 64.0358 65.4482 54.9808 53.1818 49.0892 52.3423 93.7176 92.7159 23.5904 22.3981 16.7477 13.3234 36.1615 34.1165 118.557 104.787 60.8799 65.3891 47.0111 16.4487 46.7072 34.1715 35.5419 31.6242 29.8216 34.7638 55.8347 65.9208 62.9776 60.6633 54.9002 65.6858 59.057 61.4394 51.0871 49.9034 52.1974 56.4407 61.4024 64.3572 61.4752 69.2419 50.3895 43.6995 47.6716 43.3013 78.5252 76.6004 81.3092 76.8179 52.6751 46.5102 45.0336 42.6548 60.006 65.2838 59.5818 63.8963 105.055 114.265 111.563 110.725 59.7991 60.3655 57.4418 56.4745 53.0077 50.6054 50.4086 48.3882 72.3719 83.3325 67.0622 1.77474 12.2211 62.1564 47.2557 82.159 10.7598 31.7638 71.6251 95.7852 85.3249 84.4941 69.0424 69.7193 12.3717 73.6869 88.7329 102.668 0 55.2171 51.7348 60.1692 64.9243 78.8375 91.3145 87.1401 70.3549 60.8824 89.5162 65.919 92.2974 52.9914 110.628 33.0165 76.051 68.605 77.7342 21.9821
33.6601 34.2827 33.2018 30.917 31.353 30.8099 41.909 48.1375 43.3735 43.1848 50.9276 48.3411 45.3859 48.7799 47.1818 56.8813 56.3505 55.7698 50.7111 51.7782 60.5635 57.614 50.2847 51.7969 51.0895 52.4668 50.8421 55.107 49.5921 48.092 64.9497 68.2805 59.8515 71.6043 60.6297 63.0182 66.2377 60.5084 22.9547 23.1279 22.1396 23.0289 26.4623 27.5303 31.4932 29.1441 52.8 54.1754 50.2528 52.2309 43.2408 43.4776 47.3183 53.1092 44.1737 38.8717 47.296 40.926 12.6361 14.1794 14.0704 16.892 15.2445 13.5198 13.3402 10.5098 42.3269 51.0616 43.5374 50.568 60.0752 52.3387 55.881 60.1432 59.2394 54.8103 38.8361 42.111 53.4996 52.5979 37.463 36.1009 33.8253 69.653 34.0207 25.9285 25.4438 22.7348 24.9917 24.1873 31.7011 30.8393 34.218 33.7207 25.3432 24.0285 24.1134 22.7305 17.3499 17.3908 19.5166 20.4063 46.3227 43.7584 45.3073 42.2926 37.0291 38.764 34.33 38.8209 66.6757 67.3677 63.5013 68.074 21.7027 22.7932 20.9963 19.1632 9.00458 7.06338 7.32524 6.76812 54.5011 49.2539 48.7966 44.8874 36.7157 37.36 32.7691 38.644 14.4933 13.3033 14.0091 15.9789 32.8006 33.766 38.331 51.0172 41.4022 40.6664 24.8717 47.5135 53.7708 32.7277 29.8879 44.3087 40.7648 35.7824 55.4986 11.6668 42.3621 21.7777 37.3792 48.4197 55.2171 0 5.48692 38.8742 35.2894 29.6553 36.7826 38.6634 56.2808 13.3443 53.262 17.4289 46.3513 44.7336 50.0186 24.5201 38.3943 38.0031 28.2182 37.1963
31.2581 31.7809 30.0931 30.2991 28.6934 28.5835 42.002 39.386 42.4664 43.2676 44.3116 45.444 41.8374 43.5589 49.4455 51.0006 47.5397 48.6579 50.9832 54.9849 58.0993 59.3423 42.4105 50.6684 48.6665 46.512 45.0051 47.1682 47.0192 46.6764 64.7629 74.1027 66.0541 62.962 57.0406 63.0091 69.4421 64.6141 16.5643 17.296 17.6626 16.7813 23.6096 24.8144 24.4657 23.7431 53.1169 51.7265 53.1299 60.7682 50.7243 54.1031 53.9771 51.1614 52.5086 46.1491 45.0821 45.8939 11.3263 10.6562 13.2687 13.4512 17.7435 16.0898 18.8306 15.9146 44.1001 45.5482 41.4889 38.5338 57.0476 56.744 49.8506 50.7854 52.4817 54.2831 32.3378 40.5337 63.7298 67.136 36.9944 42.4723 30.5545 71.1252 35.9855 18.8913 19.6803 24.0699 24.5809 25.1221 29.637 32.3172 29.5144 30.5304 20.1801 23.1794 20.9453 18.6121 20.3708 22.9954 23.8457 23.7918 50.0297 41.8567 49.1779 49.7484 37.8527 33.2857 41.3922 40.2179 62.2599 64.4493 64.8635 66.252 13.998 16.4571 13.4823 16.6716 14.4639 13.4129 11.8653 11.9877 59.4371 58.6966 51.1633 52.8828 33.986 31.8937 28.5014 31.1184 18.1189 16.7456 18.3907 16.0249 32.8076 37.9383 42.4042 48.7251 40.546 47.0586 31.0211 52.4546 43.9045 30.3082 31.3605 53.4505 45.5971 42.3205 46.3486 16.5037 36.4883 27.6038 38.0736 48.956 51.7348 5.48692 0 31.4258 35.8086 35.1357 41.8725 37.9761 56.3516 14.2399 53.8141 19.5956 46.7492 32.386 49.4824 16.7742 36.8464 40.5655 32.9199 31.4715
57.9549 60.8858 54.5862 57.8257 61.0537 61.9015 63.945 60.0047 60.5562 62.0317 63.421 65.2085 63.3775 69.9492 66.9025 74.4047 70.7445 73.9042 71.9035 67.0224 68.3099 65.5748 78.5836 79.4429 84.3056 80.733 75.2938 75.8415 71.8685 74.9312 104.732 100.469 103.991 95.5458 98.2743 91.8627 91.4113 104.073 24.9351 26.1111 25.4378 26.1951 25.7131 26.9023 24.7353 25.9807 91.8037 93.6299 95.793 83.1262 80.4432 89.3205 84.8926 76.8577 78.3022 73.8099 82.8054 69.7046 45.5738 38.2029 47.6456 46.249 39.4416 33.2741 42.8054 35.3492 22.418 22.9739 21.2828 26.6606 92.8365 83.6648 84.817 73.9617 71.3945 76.0554 32.5315 36.4317 75.2331 66.9361 66.3768 65.8992 18.2724 87.9099 65.169 44.2263 45.5554 52.4301 51.7122 45.0616 4.51561 5.15131 5.43185 5.95004 12.4773 10.8381 12.4594 11.1971 50.5423 50.6568 51.8464 52.8383 86.5632 71.9344 84.11 84.2228 65.3461 66.6595 72.8872 70.9951 101.925 104.005 100.459 109.016 23.565 20.006 21.0182 22.2798 37.5773 35.3893 38.1342 35.6703 62.9469 67.4214 66.1957 59.0759 6.04892 7.13934 7.64547 7.74301 51.468 44.6703 48.2017 48.1273 58.2252 53.3798 76.2907 61.8529 61.2865 81.9352 57.7686 80.928 70.689 31.6505 17.2921 82.1976 53.0284 38.24 18.662 40.2905 59.2436 51.648 36.2461 65.2396 60.1692 38.8742 31.4258 0 63.6942 43.3063 52.6394 38.9014 93.0419 27.0368 76.238 29.8872 50.3012 20.9832 55.0777 36.7667 11.0174 8.48962 59.6655 49.5475
32.1067 33.1713 36.7956 32.4385 30.6753 39.8366 52.258 53.9729 55.5902 51.4909 60.4596 57.3341 59.3234 53.7513 63.4839 69.0608 59.4682 63.4014 61.5227 67.34 66.5122 76.3458 40.078 47.4568 50.2331 43.3127 48.2482 53.4689 48.7343 46.0382 29.2524 30.6703 28.8697 30.3163 26.4109 28.2659 25.9185 25.6002 57.9782 58.8721 57.4555 53.683 55.8536 63.9849 64.4841 58.9271 18.3871 18.1949 21.6779 22.6365 16.7911 17.7247 17.6886 22.5655 10.6568 8.63828 11.6879 8.86806 32.6249 33.9131 34.0703 31.6679 34.8813 38.2687 32.4567 38.0173 75.8332 88.5317 77.0381 80.3256 20.7025 19.7186 56.1208 56.7078 64.3112 69.6134 76.3099 74.6966 57.6981 54.2091 6.97791 8.08094 70.77 70.3972 27.7662 40.2305 38.5446 36.6711 35.9698 40.2024 68.2459 73.1105 72.9133 64.4692 58.3991 55.8757 59.5963 57.1611 19.8218 20.599 19.8818 20.0786 13.8069 11.9294 13.3638 15.2543 21.9543 22.9009 21.7072 23.5362 27.1657 27.4049 30.2951 27.9154 55.4658 54.5643 50.7726 49.6599 30.8935 34.0859 30.9355 33.5856 54.959 62.8353 57.3145 59.7525 65.1179 74.7178 67.757 66.7472 21.0931 23.1177 21.169 23.5417 13.4886 40.8463 2.62584 67.831 55.6568 19.961 23.9732 20.9058 55.7257 63.6052 68.5468 22.957 47.7841 55.9774 82.4644 33.2241 55.9079 19.2381 63.9356 40.4849 64.9243 35.2894 35.8086 63.6942 0 46.0089 48.8166 52.288 17.7149 41.6169 16.8225 42.1859 58.4523 71.8707 55.1312 48.1293 77.9515 78.7428 25.7227 54.5295
62.7869 61.0535 55.2559 57.3794 51.1512 58.652 78.1319 78.69 72.2241 78.1663 72.9907 80.1865 83.4313 73.1172 88.4742 82.9626 79.1626 77.2155 81.8968 79.5294 83.5705 90.79 71.7924 76.4544 77.8228 79.5917 80.4422 81.6091 82.0438 84.0614 73.6206 73.8631 68.8084 72.6007 62.6371 66.0811 61.7209 70.0078 50.3279 45.5434 45.2312 47.6314 53.1004 51.9132 51.6787 51.2885 65.5149 56.86 63.8651 69.6027 58.1209 54.8672 58.1762 66.9361 48.5925 47.5951 42.6732 41.6151 36.9516 44.6539 40.0105 41.2538 15.2525 16.8308 18.7959 20.4872 59.8756 71.4503 63.0218 69.0872 55.0441 58.5193 92.2641 88.2587 80.239 87.6095 65.6254 68.4354 27.4282 29.3767 49.2456 51.1391 58.2426 101.125 56.5052 51.7815 57.7803 52.0939 49.4947 49.6015 46.3598 51.5419 43.4717 48.5299 40.6125 40.0479 36.0045 39.6291 38.561 36.6337 43.1069 37.4663 55.6984 57.4606 60.231 51.393 57.197 56.7549 57.708 58.3691 70.8472 67.7738 76.6813 69.038 41.1158 40.6518 45.0256 46.4041 23.535 23.3274 24.0162 20.825 23.1765 18.9821 22.1769 18.3381 52.8108 54.9844 46.3787 49.9873 38.1196 38.0457 35.8369 37.0234 30.2036 11.9967 42.6659 84.7987 80.8093 65.5658 46.9816 48.7675 81.4281 61.0617 30.8736 35.2692 7.95882 21.5554 69.6004 20.7543 74.0135 20.0344 25.7602 18.3797 78.8375 29.6553 35.1357 43.3063 46.0089 0 7.11914 13.2115 57.7527 23.516 51.1662 19.1838 14.2681 61.6219 18.5525 50.3053 45.0688 46.1699 15.6412 62.5594
68.0325 66.6268 64.8267 63.9441 62.6986 60.6602 73.9828 80.3803 75.3893 85.7815 90.6438 84.0026 80.52 93.79 94.4878 85.5672 98.1022 87.5357 98.1715 88.6171 93.669 98.1831 75.6375 79.3976 88.2341 80.6296 76.4104 89.9145 84.5524 82.9647 67.0248 70.6045 71.0219 79.0822 65.6194 76.9974 68.917 74.6669 49.6065 57.2726 55.0775 53.9586 55.959 60.9259 60.29 55.3694 62.5946 68.5741 72.071 69.0689 69.0196 67.969 72.5983 68.8998 47.3784 49.7594 49.9141 48.5088 45.2747 46.6219 48.5164 54.0258 22.9982 25.1644 25.5717 25.851 70.253 71.9727 66.5964 66.0032 65.9104 61.8412 88.9109 85.8654 93.8522 87.0411 73.7874 71.3758 26.2389 21.4813 51.1921 55.2142 63.7696 100.384 67.2694 65.1945 60.2333 57.9759 64.8843 65.883 49.6077 46.2239 46.3102 55.1835 45.7266 43.4313 40.2179 43.7517 47.9977 42.2842 51.499 43.6647 66.3784 60.0438 66.3252 68.1295 61.2582 61.3129 70.0555 64.2403 79.6717 72.7211 75.3521 80.2634 47.478 47.9989 45.2399 54.8665 26.829 31.2105 28.4786 27.7733 14.8112 15.7979 15.0866 15.4804 52.9045 57.3618 56.245 59.4363 47.357 41.1623 48.6383 41.4878 35.0637 14.4571 48.2358 89.175 82.4155 65.6112 57.8556 53.8227 82.4853 67.6762 30.8756 37.1541 4.2422 16.8685 69.7262 26.7639 82.8966 31.6805 20.4776 17.1853 91.3145 36.7826 41.8725 52.6394 48.8166 7.11914 0 11.6452 60.2438 27.9805 53.0441 22.6323 6.6498 61.8612 11.057 64.4136 41.0035 43.7118 19.4895 75.6363
67.6277 67.8821 70.4746 67.6749 66.8657 72.9104 81.1063 77.9875 86.8925 80.869 74.6203 90.0747 87.407 84.5161 90.8177 85.0848 83.7994 90.8743 82.6661 94.5378 85.1667 97.2539 82.8878 76.492 80.9026 91.0769 77.7219 88.5838 94.5879 96.835 74.5447 83.4513 81.706 92.9343 81.2942 83.8809 77.5418 81.2611 46.3924 46.641 50.7519 55.6195 54.6957 50.1227 57.953 60.6577 68.3297 68.113 82.0641 79.295 69.7644 69.7598 73.1284 70.136 57.2241 55.5454 60.9189 62.8507 50.7262 51.4004 51.9251 50.8515 23.952 25.5087 24.6421 28.7123 55.3634 57.2177 64.6837 66.5028 70.1186 67.4966 98.6421 87.1372 99.761 86.4607 61.1783 69.0818 37.5881 31.3047 66.9836 57.4531 51.1628 96.6028 67.6323 57.9595 55.0194 58.8951 55.7434 58.8231 45.8519 41.2396 44.1111 41.7918 32.219 32.7993 32.0824 33.7878 53.9842 50.9703 53.6052 54.4917 75.8593 64.9346 75.5693 67.898 74.0628 65.4147 72.8624 74.1184 85.2195 88.2731 84.1336 82.8489 43.0649 49.0976 45.5402 43.1665 29.2219 31.231 33.1194 28.4765 24.8239 23.2989 23.7483 21.6872 41.9261 50.3847 44.8477 43.073 47.3825 50.7909 49.6979 52.1383 43.9638 22.3535 54.1861 80.2826 81.8094 81.557 58.3684 56.7456 91.5586 59.9027 26.4355 52.0412 16.1685 5.58218 56.3229 29.6456 86.2881 37.421 11.288 26.9048 87.1401 38.6634 37.9761 38.9014 52.288 13.2115 11.6452 0 75.0539 23.2585 62.3594 21.1411 13.4441 55.9989 16.1518 54.5456 35.3344 35.5301 27.6671 73.7946
39.2963 40.1534 45.4495 45.2738 36.5817 47.7969 54.5061 56.1291 57.1225 56.0752 65.6696 58.8088 61.7649 58.727 72.93 66.0953 69.4489 74.2626 67.7296 67.3558 77.1802 70.9628 48.3014 45.0092 50.8536 47.9564 54.7922 47.4185 53.345 49.747 11.3519 12.4302 13.2041 13.2631 7.37616 7.61891 8.83038 10.4146 77.1852 65.0928 64.247 73.9624 77.9824 76.8174 71.0653 75.5298 4.1851 5.00926 5.4535 6.55744 10.3342 9.39763 10.5626 11.692 16.9402 16.6974 13.7114 15.2685 45.8106 49.9185 42.9092 52.3902 57.2323 60.3666 49.2257 57.5139 100.32 107.348 86.6633 105.894 15.6117 11.4899 61.4795 60.9488 64.4718 66.9455 89.4513 80.8709 79.3498 76.0745 14.1372 18.0417 87.9703 79.5638 30.5194 55.1913 50.1691 55.6057 50.7553 47.8901 84.9024 91.1298 78.9037 78.5181 75.5344 69.9732 81.4732 77.5998 31.9764 36.6095 30.6652 34.8418 9.0364 9.9343 9.55066 9.67917 29.445 27.4994 25.7933 27.4871 12.557 11.8413 11.7641 11.3275 74.4174 76.7899 62.3863 66.7048 56.4814 49.694 51.0012 54.1929 68.1719 78.3614 67.3546 65.807 86.8276 80.2544 92.346 83.5223 34.9658 41.8758 36.3856 41.5317 26.4353 51.9887 18.3549 77.6677 64.3704 19.7947 34.4266 23.7773 60.5584 81.6023 87.6208 30.1813 68.5186 86.4668 110.63 46.4166 69.7819 38.5634 89.9121 56.8234 70.3549 56.2808 56.3516 93.0419 17.7149 57.7527 60.2438 75.0539 0 64.3792 16.7131 62.9065 77.3183 85.995 76.5152 58.8633 97.3106 98.1479 43.6511 67.7145
42.2051 45.1612 42.4198 40.9671 39.9146 39.6638 50.0785 55.389 60.7481 61.273 54.7284 58.8066 63.8407 62.1293 66.4285 67.0253 64.7932 62.1455 63.3802 60.6488 74.4179 70.6847 65.208 55.5574 63.2958 57.99 61.1461 60.4561 67.7493 67.0468 74.2085 73.2329 77.3593 75.3864 61.7925 71.2617 63.3964 76.5324 25.6133 27.3099 27.4892 31.0611 33.3907 31.0992 29.9841 34.4556 60.5191 56.9492 59.6197 59.2039 54.7839 58.0295 56.3584 61.8923 48.5874 43.0586 55.8272 49.8191 26.4162 23.5216 28.5036 27.4491 9.01679 6.57176 10.9544 8.07388 40.8798 48.8977 43.6452 43.0628 60.5401 61.2561 71.2069 63.8934 62.2925 66.3293 48.5925 42.9043 55.6492 51.9969 45.4438 46.3987 37.7319 80.7626 49.7826 35.7828 39.1245 33.9022 39.9491 39.0943 27.2728 27.5866 29.2007 26.0033 17.5629 17.7707 19.1843 20.4906 27.8406 31.5887 28.6947 32.2133 50.7617 54.2427 49.2916 56.8865 43.5376 44.5678 48.5361 49.2442 79.2487 72.3592 79.2238 74.964 20.9333 20.7263 21.2658 23.2259 9.97746 9.08455 10.353 9.01775 45.576 43.4974 45.4725 41.0214 33.8251 31.1104 27.8949 28.8078 24.7493 28.2963 25.6662 28.0199 37.1327 32.2865 45.5712 60.321 53.3492 59.4309 40.8482 58.067 66.9399 35.8749 20.4388 44.4041 28.481 23.4365 48.4299 13.1593 57.9488 25.4097 26.3222 41.2621 60.8824 13.3443 14.2399 27.0368 41.6169 23.516 27.9805 23.2585 64.3792 0 51.9272 3.76538 33.1899 39.5257 39.4435 30.7057 28.5167 33.7964 27.2534 41.6867
46.222 46.7586 52.3322 50.0847 50.0933 56.8486 69.6801 72.2269 71.4813 64.0105 71.7205 69.9994 72.888 71.8993 85.364 84.0014 87.2799 86.1064 88.7781 82.0059 84.9411 82.5504 59.6333 59.823 61.8965 66.0771 58.1615 68.6445 60.2476 62.9473 20.1996 22.8049 20.7483 22.9617 19.7204 21.2272 24.0403 22.6637 73.7204 74.758 64.1152 64.6089 82.9033 79.8163 70.5125 72.8193 20.9119 21.9811 25.0745 25.8228 25.3134 24.7852 28.1025 27.6265 5.95377 9.1649 6.16673 8.28783 46.363 46.9148 51.488 52.5515 44.3527 50.6773 43.2579 42.44 91.0261 92.4822 99.5404 101.643 7.47954 7.11095 65.2308 80.1568 78.886 87.3975 86.4962 85.8849 56.5173 50.2395 21.4144 24.4217 77.3055 87.5977 40.9142 63.5298 56.1025 59.7837 59.4596 61.577 86.7647 83.6335 88.5333 88.9605 75.8496 78.394 67.0892 75.5675 38.2075 36.5953 34.0976 38.2124 19.548 22.9101 21.5753 24.8254 36.1717 35.8406 41.5684 39.168 25.1226 25.1318 22.8593 27.1631 62.3305 64.7777 70.6231 63.7434 50.22 49.2607 41.0197 47.3997 56.9174 55.0141 52.5011 54.5266 83.5983 83.3785 78.5427 86.1768 34.3 35.8408 34.4626 38.6362 17.2155 42.1594 13.5382 83.7008 69.9936 32.7905 40.4233 7.25733 73.5046 82.3651 68.4763 14.5784 46.9696 64.9935 100.709 42.7439 69.7257 27.7505 74.4269 38.6777 89.5162 53.262 53.8141 76.238 16.8225 51.1662 53.0441 62.3594 16.7131 51.9272 0 51.1503 54.0587 92.1412 63.3404 62.8738 78.7911 89.3117 34.329 70.5433
44.6335 52.1795 51.1814 53.4077 49.9835 47.4671 59.2238 63.8782 64.5226 58.6787 57.645 64.2122 68.803 61.9284 60.8977 63.8956 69.5756 68.5059 64.4059 66.947 75.7308 80.0533 68.8059 62.1988 70.7879 67.9562 60.17 61.5123 64.0038 67.4314 70.2179 78.7894 78.6161 80.8909 63.9376 67.0506 70.1663 67.8778 31.017 30.0155 29.3601 31.1844 31.619 33.7834 37.6994 38.534 60.9372 69.2677 62.633 66.9581 53.8209 57.8342 63.3425 69.4651 54.8789 47.4745 53.3189 48.192 25.8905 26.3134 30.5354 31.6884 10.0453 8.24318 11.7023 9.67009 41.5251 46.2652 46.3124 45.1976 66.2119 62.0733 75.5847 68.5208 67.6487 81.2378 50.6885 45.0235 46.174 49.7703 53.4042 47.462 33.5745 79.0157 51.8068 38.13 40.2263 42.0492 44.3424 37.4471 27.7443 27.5134 28.8028 29.4317 17.711 20.1686 17.5348 19.5496 32.1471 31.5985 32.8068 31.3924 60.4945 55.7127 52.843 58.3026 50.1145 49.0943 55.3189 54.6455 78.3359 72.7335 68.8926 68.3246 22.6545 24.8787 23.2923 24.0837 11.3636 11.8237 13.6897 13.2392 37.5486 41.0983 41.0291 36.6929 32.2544 35.7527 32.9522 33.0683 31.4785 27.557 32.1622 27.3473 39.3951 27.1737 46.0725 61.3741 55.4272 56.9174 46.338 50.5269 66.8782 46.6155 20.7362 43.1741 29.1496 21.0875 47.1333 13.8766 55.0262 27.4844 23.9842 38.4664 65.919 17.4289 19.5956 29.8872 42.1859 19.1838 22.6323 21.1411 62.9065 3.76538 51.1503 0 32.3316 39.0281 34.872 37.6196 32.2243 30.3883 26.9923 44.6708
71.7982 68.9159 77.5099 70.3294 69.8088 71.8343 78.9521 81.5663 95.7577 86.966 98.2824 89.4937 84.6994 96.3279 100.248 98.2514 89.0964 99.7066 93.9414 97.5528 97.0122 104.259 89.1282 97.961 86.6961 86.7766 84.3565 99.1244 88.2838 85.6206 83.5412 76.0513 82.4401 84.6647 82.3662 72.5355 74.696 81.5859 57.3409 66.3465 62.0383 59.8648 71.5297 70.1821 68.7726 73.4243 73.7149 75.1684 70.2986 73.4121 65.7216 80.7595 79.9233 81.7147 49.6546 56.5917 58.0736 62.9383 51.9211 58.8399 59.5403 57.4986 32.0558 31.207 29.7082 33.1907 71.5224 81.2098 68.9825 77.6657 67.1559 69.2525 93.5783 93.4666 99.9762 105.578 79.6309 77.8145 22.038 17.927 57.4462 58.3814 68.2055 123.973 69.9574 61.0707 62.6855 69.5269 72.1025 61.9001 54.5256 55.912 52.0302 54.437 50.2532 46.081 48.525 52.643 48.8331 50.6151 56.2232 56.5415 67.3932 69.3965 68.1089 69.3642 65.8973 72.617 74.5519 73.9799 76.9082 82.6604 85.4544 79.5447 60.0392 52.5874 55.5846 52.5288 34.9203 38.4786 35.7877 34.5529 9.64854 8.1263 9.67146 8.26688 59.4551 56.0382 59.4167 60.9713 47.4046 53.39 52.2951 48.6509 39.4142 18.7941 49.9229 105.914 93.1284 75.241 62.4301 50.8474 101.284 69.3841 39.2869 42.5083 7.24284 18.7854 73.984 33.6494 91.7298 34.3039 22.6018 17.7008 92.2974 46.3513 46.7492 50.3012 58.4523 14.2681 6.6498 13.4441 77.3183 33.1899 54.0587 32.3316 0 64.3925 3.33527 59.7268 46.8245 54.1637 28.2566 72.0126
56.3898 57.687 55.077 50.2117 59.1918 50.9394 54.6302 52.8525 59.0812 50.3373 47.5174 55.4325 51.2262 56.846 48.3231 51.099 58.3382 58.0617 56.2738 48.7235 53.7574 55.8275 64.6172 70.264 67.8174 65.1826 67.749 61.8789 59.8882 61.1143 97.8351 102.854 104.989 98.4517 105.264 89.4903 101.139 103.142 16.8171 18.5154 20.2841 19.0375 13.9963 13.5759 14.9376 16.3381 91.0075 80.5298 80.161 87.102 78.4808 86.1405 89.3264 79.9328 79.62 77.6431 80.6601 84.6707 43.5539 41.611 45.4207 38.5098 52.535 48.4566 46.9819 50.0812 6.64542 8.32808 4.61757 6.34116 95.4424 95.6906 71.3689 59.868 66.2446 56.5192 15.7944 14.8804 84.8968 87.1301 77.3382 74.156 7.39705 64.6443 63.9865 39.7451 42.6128 40.1938 43.6149 39.3333 16.5246 15.0157 16.1857 15.0688 23.7121 22.3286 25.421 22.3637 58.3123 56.2478 59.0489 57.8381 78.3146 86.5927 86.0069 79.0196 68.505 65.579 60.0642 72.39 94.2063 110.263 91.9734 102.843 18.9933 19.6863 22.2375 18.8972 49.8411 43.0691 48.4189 45.3953 84.6674 78.9818 86.4993 72.8246 13.1829 13.5538 14.823 14.035 51.6141 46.275 47.5036 50.4742 73.9753 77.6907 82.3631 51.3502 45.0611 80.7767 54.3643 84.2084 57.8825 20.2252 34.3042 86.4455 69.7862 49.2802 24.3682 50.3425 41.4041 58.7398 58.3389 77.0793 52.9914 44.7336 32.386 20.9832 71.8707 61.6219 61.8612 55.9989 85.995 39.5257 92.1412 39.0281 64.3925 0 71.7971 30.3352 32.3217 31.7597 62.0985 36.1133
74.0795 79.3285 78.2614 76.8389 73.8963 82.2886 94.6432 86.4455 87.9524 99.7382 84.4736 101.259 103.947 102.528 94.6171 99.7737 92.8678 107.068 104.179 110.61 112.615 114.791 92.6287 85.4962 96.0205 86.274 86.0994 91.3588 97.4569 98.9414 80.881 78.5206 80.2528 90.3083 82.7092 82.5127 78.7014 87.3255 68.5512 62.9421 69.6195 61.4632 63.6559 63.504 74.1572 64.3429 81.4111 74.1879 71.7561 81.6205 67.3964 69.3977 71.4682 73.7785 53.0163 59.5477 59.4323 57.7219 63.2397 56.4538 56.0353 63.1343 35.5094 33.5617 31.9452 39.5327 83.0082 82.772 72.7411 77.5653 69.3634 67.7251 112.149 108.417 106.46 113.402 83.0749 79.923 17.5878 15.6189 61.7039 64.6036 76.0078 116.749 74.614 69.648 74.0972 72.0925 73.5223 68.8325 56.2752 55.4267 60.5603 63.0655 51.8349 47.0995 46.4205 55.1663 59.5399 59.8212 54.8117 61.4002 66.1957 66.5383 76.494 66.7341 76.0107 69.7362 70.7457 72.351 78.6116 75.9545 88.8105 75.6157 57.2497 62.1679 62.1796 55.8191 40.0753 43.2796 39.3052 40.8337 7.67807 6.9398 7.40283 7.17443 64.7648 60.629 59.9962 65.7916 51.5938 57.1533 51.4504 60.3453 43.9645 18.6108 60.1599 102.023 83.2434 73.6142 61.2929 58.4648 105.978 79.0656 42.0173 39.9784 9.4372 21.5983 79.9799 39.9554 82.9679 36.8786 25.7888 18.5967 110.628 50.0186 49.4824 55.0777 55.1312 18.5525 11.057 16.1518 76.5152 39.4435 63.3404 34.872 3.33527 71.7971 0 63.0659 49.1948 56.4749 27.8783 80.6592
20.703 23.5639 20.9554 22.0307 23.9591 18.7542 26.9622 26.6888 25.7976 25.7872 24.7379 27.0494 25.8994 28.9017 31.2159 28.8399 33.6595 32.7175 33.3952 36.6346 34.7304 37.7095 35.8888 32.8881 40.7591 38.4056 33.9861 37.8549 38.8131 37.4202 72.6693 74.3707 74.8207 70.6091 66.2116 69.5509 68.6875 66.6721 15.7003 15.6406 13.5327 13.1437 18.7442 18.4867 16.3895 14.1196 59.4348 60.3904 54.2415 55.5994 54.2565 48.164 56.4027 49.5348 61.4008 57.4941 52.1959 55.4048 13.4964 11.8359 12.9689 12.8891 37.0812 35.8168 35.4793 31.6133 40.5737 43.0372 39.3453 35.5204 62.4452 60.8164 41.0919 41.9524 34.221 36.9246 25.6614 23.5142 85.5023 85.3189 41.061 43.9069 24.1731 47.6093 28.9689 5.35743 10.5649 9.35665 11.2678 11.1276 32.5114 33.8155 32.0507 32.9117 27.5831 32.983 30.0057 30.5808 25.5019 25.1643 26.98 26.7878 54.0328 47.7569 50.4574 49.3532 37.2884 35.9894 32.1856 32.9406 70.7022 77.1263 72.526 67.2602 17.0381 18.1354 17.2539 17.0609 31.2275 28.8236 28.438 27.4977 80.3942 74.0476 65.9208 67.1712 35.1277 34.0265 33.5379 34.4254 26.7154 23.7632 23.272 22.8894 52.3102 57.6191 47.0407 31.1071 21.5782 45.3613 26.459 61.1358 27.288 14.3735 45.588 68.0514 62.9708 58.2314 55.3248 34.4069 21.826 42.809 62.3044 71.3418 33.0165 24.5201 16.7742 36.7667 48.1293 50.3053 64.4136 54.5456 58.8633 30.7057 62.8738 37.6196 59.7268 30.3352 63.0659 0 50.4322 50.1818 53.6647 11.9933
62.5101 64.8215 71.5359 65.6753 61.5348 68.1393 71.919 73.9377 81.9723 76.6153 73.4688 71.0085 71.6912 77.9369 76.2773 79.5675 72.0328 76.0612 72.5602 85.6196 74.9293 89.078 89.5069 85.0817 88.5341 83.4611 84.9717 84.962 87.3651 86.6301 95.3366 109.556 112.766 111.39 95.9316 100.485 91.9661 100.629 35.6449 31.7899 33.1428 39.0676 35.2909 38.2342 37.3012 41.0023 83.4417 90.176 97.7094 86.8145 85.1023 95.6558 95.7066 84.4456 78.609 79.0077 86.1286 77.3028 52.1855 51.4432 46.9097 54.7471 38.5857 36.0365 38.4646 41.1885 27.794 32.6773 32.3099 31.8566 92.2218 90.3217 92.2062 84.6417 93.4846 82.6633 44.6415 47.1626 64.3133 65.4262 84.4381 75.501 32.3547 88.9536 70.9259 52.2671 55.9693 53.3757 59.7105 54.5395 16.3668 15.1782 15.4179 16.5326 19.0045 16.9404 18.5892 20.6021 62.382 63.5094 62.6324 62.7849 79.1026 88.1857 93.1679 85.5331 72.2204 76.1303 73.5596 70.34 93.8825 104.693 108.499 111.182 33.6843 28.1209 31.2683 32.298 36.827 38.8559 42.2101 38.9009 51.7148 51.4836 59.305 56.2046 16.1765 17.7725 16.9232 20.0425 60.7267 58.6774 59.723 50.1784 65.9008 56.8511 69.3414 76.9234 61.5797 81.9815 66.6134 79.7825 71.1311 46.3683 11.5023 82.7565 49.8103 29.0068 24.4279 42.1669 64.8893 51.3367 27.6147 60.1433 76.051 38.3943 36.8464 11.0174 77.9515 45.0688 41.0035 35.3344 97.3106 28.5167 78.7911 32.2243 46.8245 32.3217 49.1948 50.4322 0 2.55744 57.3688 54.5964
61.9256 71.2339 66.2236 70.0674 63.1146 63.4926 70.2615 70.4236 71.38 80.3337 69.07 75.9405 69.3316 70.3886 79.7247 79.3421 79.6983 86.6659 75.8278 79.9121 75.6274 82.4593 88.8461 80.2468 89.7805 89.5268 84.3881 89.951 88.0199 93.0148 111.401 102.086 109.025 105.244 89.9108 90.8993 92.9918 102.609 32.2832 33.039 34.6924 36.4574 31.3991 32.4383 32.4657 38.3754 84.4854 97.1317 99.8615 101.216 91.0547 95.0121 93.2787 96.1442 87.6941 77.5624 90.7523 75.444 51.2467 47.3301 47.3521 45.4446 40.1129 41.074 39.1199 43.2097 29.6133 28.0739 29.4618 30.5302 89.615 92.5657 91.7447 87.3515 81.8622 89.6565 43.6219 40.8501 75.6686 64.6276 70.8593 82.5324 31.1465 92.5568 72.7406 54.8109 57.782 52.5054 52.3406 61.3228 13.8335 13.2914 15.3359 15.0054 18.7595 16.7317 19.6284 19.4928 61.8877 57.7403 55.1039 56.3695 92.1307 81.9304 78.1872 86.7348 79.2106 78.5759 82.6796 81.8643 113.374 108.256 97.3981 111.797 29.8904 26.3932 32.1512 32.2638 40.8558 39.1259 41.7778 42.3393 62.2302 55.4528 54.8721 52.8858 13.8816 15.5636 15.9286 15.4802 55.3268 57.958 52.2481 51.6514 70.7284 60.0075 75.5647 81.6558 66.6443 90.9013 66.3979 80.7379 80.0569 42.8102 11.7905 81.0954 51.5934 31.2751 21.6214 41.051 70.2596 56.2361 30.7038 69.2255 68.605 38.0031 40.5655 8.48962 78.7428 46.1699 43.7118 35.5301 98.1479 33.7964 89.3117 30.3883 54.1637 31.7597 56.4749 50.1818 2.55744 0 58.5835 60.4916
45.9841 53.194 46.3574 46.8186 46.0507 50.2731 63.6249 67.5561 72.332 72.6412 68.0299 73.0294 73.6564 67.7398 79.7046 76.4052 80.2177 84.4595 82.2809 82.0889 82.9103 82.8109 66.5964 71.0224 70.5804 71.8903 62.8147 72.9671 66.2317 66.1736 55.6286 48.7509 55.2996 59.6667 52.3692 55.9395 48.8399 55.5258 52.6925 51.0061 55.4225 50.0294 54.4059 51.2369 51.1521 58.7761 44.1227 48.1516 47.0595 53.1791 48.4399 49.7135 44.8878 46.8251 27.418 28.5779 33.2301 28.3641 33.2203 38.2555 34.5037 38.8024 18.4816 21.1337 17.156 19.0072 64.1717 79.7892 73.2724 74.6979 43.5334 41.4855 75.4403 76.6673 74.0292 77.4963 62.0385 68.3312 33.7743 31.9431 34.4938 36.5473 65.0912 96.9355 44.6044 45.4307 49.0705 45.115 51.7105 51.9198 50.6341 61.1378 54.4476 54.9015 45.635 45.6209 40.9061 49.5361 30.8922 32.031 29.7684 28.9037 40.166 44.1404 45.0103 38.5973 45.1186 46.5326 42.2932 50.6023 60.045 57.4219 61.2718 56.0062 51.3148 43.5818 47.2678 47.4456 19.425 21.5509 22.2765 21.5579 32.6605 31.4208 27.7383 29.9627 57.1242 57.4584 58.9908 56.7233 26.961 30.5662 27.3551 30.7282 15.5929 11.5653 29.7904 82.2788 67.84 48.5011 37.8632 29.889 77.2582 66.2267 42.1897 19.3606 19.9985 36.3715 68.2841 14.9884 67.9116 8.51965 40.1356 18.5546 77.7342 28.2182 32.9199 59.6655 25.7227 15.6412 19.4895 27.6671 43.6511 27.2534 34.329 26.9923 28.2566 62.0985 27.8783 53.6647 57.3688 58.5835 0 63.5861
21.4688 19.5153 18.9142 21.5541 24.48 19.8812 14.0971 17.0604 18.4099 18.7251 13.7975 16.8309 17.5138 17.6533 19.4839 19.3525 22.7403 20.1598 22.2133 21.415 24.4176 22.4537 30.3591 29.7911 29.4729 28.9785 27.925 28.0133 27.1974 30.1039 78.6901 76.365 73.012 72.8148 65.9016 70.7764 74.144 65.0542 24.1648 23.9543 22.101 20.5009 26.6228 26.42 22.6851 21.5146 59.6011 61.9054 60.3972 57.5607 53.2728 57.8167 57.0528 52.4822 68.6242 56.039 67.8962 65.8142 24.1657 23.6596 24.3478 19.2625 47.5638 43.49 50.3615 46.4196 42.8456 42.5211 39.7044 39.6444 78.8386 76.0401 29.1624 27.8623 28.4291 28.7504 24.4234 23.895 90.699 91.6862 52.7252 49.3163 32.9745 35.0406 29.3761 11.3209 15.3625 14.1563 15.4719 14.3036 40.2609 46.4394 39.8909 44.1628 39.8401 45.2246 37.3547 40.8278 36.0327 32.6676 34.3859 36.6023 53.5552 52.5382 57.8862 49.2756 32.6343 33.441 32.7842 33.0867 72.4681 71.013 66.4779 74.2592 26.5172 27.7399 30.2382 27.3307 47.1818 39.9745 39.21 38.3854 91.3461 81.7165 89.5615 79.5353 45.5784 45.8237 45.1292 41.795 35.1885 32.1631 32.2879 33.8084 56.3463 72.4882 57.3465 18.4593 10.029 48.2906 30.1947 66.8362 17.2203 18.5356 54.5365 65.9417 76.7361 66.7405 58.9798 42.5678 9.46283 57.6191 67.6144 77.0404 21.9821 37.1963 31.4715 49.5475 54.5295 62.5594 75.6363 73.7946 67.7145 41.6867 70.5433 44.6708 72.0126 36.1133 80.6592 11.9933 54.5964 60.4916 63.5861 0
