2
100
174
0 0.623287 1.401 2.026 2.25225 3.71574 18.3082 19.0939 18.4215 21.1049 20.5948 21.9546 23.6997 25.0161 29.2326 27.7984 33.2602 27.9001 37.6048 35.908 35.3609 36.2337 17.1348 17.2263 17.7895 20.8995 16.508 20.3831 18.4766 23.1694 57.835 49.3457 57.4704 50.2533 48.8344 44.4586 49.458 50.8091 41.5225 40.665 38.1514 33.9012 39.585 38.5318 39.3973 37.4129 35.0515 37.1615 41.2968 35.9729 29.6582 31.5332 30.4968 32.7014 40.1972 41.1644 42.5367 36.9939 20.5266 22.0577 16.8713 19.4488 41.6132 45.9351 39.2221 44.7735 61.1809 67.1921 53.3401 62.5812 48.9744 46.1169 28.42 31.027 30.0389 35.0806 44.9691 48.6156 89.6221 90.7112 29.5434 25.795 50.1749 46.8473 10.5092 17.4209 12.7902 13.2401 12.562 11.8924 56.3782 51.6088 52.3452 59.4094 46.216 53.0086 51.6743 48.6614 19.2428 20.6524 20.5904 21.1865 34.0149 32.9601 31.9518 28.4867 12.102 12.0208 14.9432 13.0053 47.5243 51.2533 50.4672 49.2667 39.5484 39.9458 39.1406 40.6652 39.5861 34.9231 39.9932 39.0652 82.9928 76.1523 71.4961 78.6787 58.9059 61.4145 60.7743 62.3987 22.3903 22.3372 19.7564 21.9618 38.0414 56.531 36.0793 35.8755 28.8212 21.9995 11.8582 59.7492 27.6806 39.4958 68.5633 55.632 67.512 69.736 73.9474 39.06 24.3615 41.6861 75.7494 63.2403 38.9815 34.3486 28.8331 65.1456 31.6398 58.5032 62.5363 71.3195 40.1688 46.6662 53.5008 43.6033 74.333 52.34 82.1292 23.556 75.3131 63.8064 51.6648 20.2212
0.623287 0 0.69538 1.35903 2.83897 3.68289 15.5896 17.0497 17.1136 18.1155 23.1041 22.0388 24.5895 24.4393 30.5 31.504 32.0938 27.5784 32.5359 34.9287 36.5255 38.6932 15.366 17.0708 18.4492 18.7234 18.0617 17.2796 18.5363 19.0742 58.932 52.371 50.9021 59.6788 51.5178 47.5663 46.1963 45.2276 37.1683 34.5051 33.4776 34.6312 40.0682 42.7717 39.6403 36.6367 35.1636 39.2888 38.9657 42.1389 34.3077 33.8286 33.841 33.8695 46.5003 38.3107 40.9177 43.2311 19.222 21.292 19.0874 16.1899 40.6074 44.9417 39.3824 37.073 65.8023 65.7954 55.8547 55.8494 55.5557 45.0567 27.2356 25.202 27.7255 33.9178 46.5402 43.444 92.8756 90.5847 30.4476 25.3515 50.2761 47.4689 11.0759 18.4751 12.6213 13.1654 10.2414 12.7825 55.5113 54.6697 52.6689 57.6224 47.7905 48.5177 48.3553 48.4691 21.2992 21.4882 22.3131 19.3685 33.1836 32.2436 29.851 31.2396 12.9069 12.2802 15.1846 14.5766 55.9572 50.7664 55.4617 55.0389 38.7641 41.7246 35.2789 39.2861 39.776 40.5395 38.522 41.119 84.0513 74.8614 71.0914 83.6739 60.0615 58.3692 59.6982 53.438 22.0532 23.5506 19.8004 22.876 37.2068 56.7216 37.1245 30.6386 26.4704 24.4414 11.092 54.2988 23.1032 32.5416 57.0353 60.5089 65.4518 74.1954 73.1096 42.0347 25.6542 43.06 66.7995 63.1255 36.4566 35.0537 33.8362 65.952 31.4271 63.5466 68.7603 69.8291 41.9497 48.4711 53.1639 49.2178 73.2827 52.8642 82.0762 23.7266 66.666 65.5402 50.1713 21.0277
1.401 0.69538 0 0.706057 3.72205 3.06354 14.8328 15.7793 15.9309 18.7829 19.7449 20.1826 20.1731 20.9744 25.9743 26.7293 28.865 27.3076 32.168 33.7951 32.9466 37.1102 15.5191 17.7502 18.9032 19.811 18.8222 18.11 19.8241 22.3213 55.7024 60.2157 54.3287 54.6946 50.6928 51.7645 52.0273 46.8905 40.194 36.5284 37.7313 35.0203 41.3059 38.1888 38.2111 37.6046 37.1391 37.4133 42.7104 43.0985 36.1182 33.7953 31.5401 33.6501 44.2205 46.577 45.6801 44.9558 20.6881 20.9309 18.2945 16.9046 41.319 39.6388 41.6313 43.1644 65.8832 66.3294 59.022 56.3734 56.2891 46.8896 25.7384 25.1649 31.7041 29.5356 39.6351 42.3365 93.5451 88.7355 32.3092 29.225 47.1536 47.649 12.2258 16.9843 11.1373 13.0248 11.2087 11.0141 53.2291 52.9068 51.1401 59.9533 45.5494 52.2203 50.7112 53.9554 22.6098 19.544 20.9505 22.4695 35.8303 32.9621 29.9335 29.3106 15.9528 14.9525 16.2104 13.1108 51.2924 54.3298 50.2358 57.1613 41.2322 38.8339 36.5947 40.6052 36.7446 35.7303 36.8883 39.5113 75.354 73.505 72.5251 84.3706 53.1461 55.2632 60.2956 60.3952 23.3782 20.5733 24.2386 20.6531 41.3282 63.9526 33.5558 31.0866 25.7366 25.8193 13.5534 53.8515 26.2716 34.1 57.8051 59.099 62.4883 63.8063 71.164 40.3942 23.634 40.8291 70.8174 71.2535 36.1673 31.3806 33.4503 57.8032 32.4518 63.7466 72.7808 63.4631 41.7956 47.539 53.4748 51.3068 74.5392 56.9188 83.0474 21.2907 62.7899 74.0835 50.0948 20.7219
2.026 1.35903 0.706057 0 3.59254 2.29375 17.0043 14.7225 17.4696 15.9265 21.7107 23.1742 21.7586 23.0646 30.4967 28.9957 29.5585 26.5227 31.416 31.3407 35.8488 35.8579 15.8437 15.786 19.1493 17.352 17.1646 16.5238 18.1909 18.6595 49.9192 50.8153 52.295 55.5179 47.866 47.7177 49.9796 55.6964 37.1984 35.5543 35.2555 31.3172 36.3797 35.5816 35.6588 37.4926 37.2366 43.1658 39.1118 43.7462 31.6275 36.0174 36.579 36.9341 49.7863 41.2968 41.2948 41.7663 20.6308 18.8926 18.9712 19.163 42.5342 44.9865 46.5883 41.5408 61.9309 65.8697 62.3296 55.6895 58.9031 48.8166 26.6521 25.7293 26.4773 32.1201 44.2332 47.8984 88.6486 82.2201 32.4024 28.6075 48.8506 42.5466 11.0186 14.9226 10.6493 12.2769 11.2624 9.92057 53.471 57.0193 54.2685 56.5571 54.1663 47.2947 49.803 50.1117 23.8646 20.3743 20.2793 20.245 33.1088 30.8588 34.255 31.2714 15.7675 15.1229 16.6169 14.1222 50.5962 52.2995 57.3144 48.9773 36.1913 42.4331 36.0051 41.2259 36.4508 40.0467 35.4652 35.8708 78.9195 79.6062 84.3704 82.3946 53.7707 58.8552 57.4676 56.5458 21.0153 22.9985 24.2515 20.3154 45.2235 62.1309 37.2316 31.9164 27.3734 25.0361 13.3531 62.1507 22.4552 34.0019 56.79 60.8908 67.0878 67.3787 68.4294 38.648 22.7139 38.2596 65.7988 70.8369 31.3435 33.785 29.9612 55.6406 34.6828 60.4244 71.1868 64.2982 43.5498 46.7398 51.0986 46.8826 67.5162 50.3427 69.8494 20.5676 63.5144 67.5363 54.1021 20.5882
2.25225 2.83897 3.72205 3.59254 0 4.89321 18.4073 18.8969 21.1434 23.0864 26.5727 23.7584 24.2931 27.2788 29.3295 30.0133 34.6702 31.7796 39.6519 39.1372 38.8637 38.5185 20.06 19.6602 18.689 20.9605 19.9998 20.7769 22.9669 24.0147 48.7941 55.4013 49.7874 56.1914 46.7614 46.2025 43.2827 49.3528 37.8823 33.4101 32.5769 34.2716 36.6893 38.2929 37.5155 34.3092 33.8473 34.0757 38.3454 39.1853 33.6983 33.4213 33.6224 35.3103 43.2443 42.3649 42.7721 42.8706 17.3162 19.51 16.8016 14.9406 38.254 39.7431 42.7141 36.35 55.7035 62.3367 59.2215 56.1474 50.0742 49.6341 31.1355 29.5636 30.3951 35.6899 46.9428 49.6182 78.0693 87.8742 25.1112 22.8914 47.6827 45.5579 9.55628 16.3648 12.5753 12.3758 10.346 11.2672 57.3578 50.7818 59.1013 53.9254 50.6426 50.848 48.47 52.728 19.2594 17.5323 18.7304 18.7355 28.8037 28.416 31.0644 29.8227 12.2228 10.8969 13.8572 11.2835 54.7321 49.8145 50.9449 47.1035 38.5684 35.0045 38.1579 37.6798 34.5084 34.7955 32.3052 35.3101 73.8069 73.6746 80.8918 79.3889 59.3069 58.4343 55.9885 52.8764 21.1478 18.6345 17.9555 18.3061 39.6581 53.3171 32.3107 38.1949 26.6687 25.3951 10.0644 49.2759 26.7685 36.6523 58.1739 48.5691 66.1736 71.2302 75.3616 39.0391 26.1958 37.7614 66.8804 60.4648 36.9409 27.2534 31.0871 58.1072 29.4721 53.8152 60.4756 62.8635 40.9134 40.0783 52.5379 43.9441 69.772 55.9601 75.8148 20.5214 63.0166 60.9324 44.8691 25.0959
3.71574 3.68289 3.06354 2.29375 4.89321 0 16.3205 16.5536 18.3415 16.6114 20.6232 19.1099 20.5657 23.2658 25.6804 26.8387 28.2453 27.1512 31.3601 34.731 33.6505 31.1572 18.2692 16.7432 19.4814 20.7859 16.8727 21.2144 21.8077 21.1012 60.8266 57.535 53.6734 57.122 47.1855 47.1531 56.6538 51.5473 38.2049 30.707 31.3787 28.5772 37.6784 39.6048 38.5655 35.6161 42.0033 44.6952 37.589 44.2999 34.9847 35.6249 34.8446 38.5341 47.2405 42.2961 45.3065 42.5092 17.9348 18.9243 14.7591 15.9605 43.7213 40.293 38.7644 40.583 52.035 57.3326 60.3733 56.4678 54.989 51.3945 26.6335 26.5795 31.3428 27.8992 36.5774 46.6152 85.5288 86.5823 29.7205 31.5598 47.4718 41.8868 14.2774 13.0466 9.59404 8.66801 8.05921 8.82674 48.5796 51.0978 52.4107 57.712 44.2638 51.8705 44.1026 44.8343 21.6568 23.4022 20.6624 20.8384 34.7819 34.0158 38.5026 35.7539 16.7088 16.1587 17.7563 15.2747 50.1559 49.0777 52.9211 55.9403 35.047 39.5263 38.6616 37.5271 37.1042 34.0364 36.1004 37.1926 80.1958 81.0642 71.8747 77.7057 55.4977 51.6114 48.9452 53.5382 21.6658 22.7974 20.5514 22.3287 39.9095 65.129 35.54 28.4548 23.0039 25.8418 13.2851 56.1293 23.3605 33.8165 55.2515 55.1832 73.2928 64.2518 68.5149 40.0717 23.4118 44.9336 74.881 73.7894 30.7778 28.6966 29.9737 56.5256 33.8401 58.661 59.9091 70.8871 43.3868 45.6469 47.914 42.6196 68.7689 46.9851 74.6339 17.2976 62.2585 66.3756 48.4997 19.2066
18.3082 15.5896 14.8328 17.0043 18.4073 16.3205 0 1.26025 2.70466 4.17073 5.81243 5.37154 5.88825 6.10576 12.1532 12.1714 12.6171 13.8032 16.1431 19.0557 16.8238 18.6512 15.4985 16.5191 16.0741 18.8217 11.2871 11.1821 13.0899 14.8074 68.9079 72.5848 62.5693 63.4949 62.6046 58.5171 69.6011 57.9992 41.6862 40.5059 39.7976 39.5391 39.2744 37.001 39.3032 35.4732 57.875 52.403 55.5499 51.3712 42.7703 44.2818 45.4862 44.7722 61.3779 53.5735 63.6706 54.5228 30.7765 28.5478 27.5449 26.9069 55.7959 51.7485 50.3981 51.68 53.7185 59.0779 54.9068 58.2849 69.8805 68.8963 14.2633 15.3894 12.7448 17.0981 34.5594 41.6382 99.8015 91.14 45.136 46.48 49.9253 25.9985 27.0921 22.6969 20.3143 18.0278 18.7047 18.0148 59.7828 62.5901 63.1979 53.2715 52.7242 54.6164 58.7623 54.0043 40.2787 36.3929 35.1278 33.5205 51.0528 43.392 47.6916 45.0205 31.6914 29.4245 31.104 30.1522 62.2415 67.5799 70.6345 66.2374 39.9722 40.3256 41.4223 39.061 49.0869 51.1352 45.9324 49.6577 92.8761 84.1174 96.5677 94.4602 63.7735 63.4138 62.6618 58.6717 34.0327 35.3045 36.7498 34.0403 60.678 75.4731 50.3824 17.9582 13.8024 37.3883 27.1161 66.8526 7.53955 33.557 69.5878 72.6506 88.0212 80.37 78.0427 49.3 11.4 51.4562 85.802 83.3641 19.109 40.2712 39.8148 58.5594 55.2611 79.6386 84.18 76.6558 59.3894 50.5889 72.45 62.4222 84.6295 48.1935 91.4891 23.7278 67.1406 77.427 67.682 14.8613
19.0939 17.0497 15.7793 14.7225 18.8969 16.5536 1.26025 0 1.20077 2.54598 5.58834 4.89805 5.62031 5.79434 13.0393 13.408 13.1973 13.138 17.3982 16.5108 17.9437 16.8978 13.734 14.4446 16.0384 17.936 10.7684 11.5319 12.3114 12.723 69.3803 69.3281 67.6759 64.5011 67.2075 57.2626 68.819 60.1474 41.268 43.6907 37.3306 40.4765 45.5054 43.4452 40.2503 40.0393 48.2825 57.1813 57.5892 48.1742 47.8562 51.9062 49.3008 51.9963 65.9359 62.6427 57.743 58.2862 31.197 30.4462 32.9377 31.0644 59.6286 55.3115 50.6623 54.0683 57.9914 66.2408 62.1484 63.3925 66.6167 66.6141 12.3366 12.9942 14.3848 15.8663 39.4795 43.2505 94.3404 107.139 46.6781 44.7329 48.1295 28.79 26.5349 22.2805 21.444 20.1196 19.1315 20.9769 60.3489 64.9641 60.0225 57.3733 60.6928 56.0356 54.3873 60.2169 38.1232 39.25 40.8176 34.1491 45.8216 49.0348 49.1341 50.671 32.5418 27.7982 30.5548 28.0242 63.7544 59.3061 68.5442 67.0412 41.1246 47.3177 39.4207 41.2948 54.3532 56.458 53.5609 48.335 96.5427 91.2284 93.2046 90.6089 65.815 59.2194 62.4751 53.8456 41.7541 40.0731 38.004 37.3506 54.8507 73.5228 56.7691 16.585 14.2111 40.699 27.4227 65.6021 7.18205 33.5725 75.0861 72.3747 83.7257 77.7349 74.882 54.2441 11.5139 57.947 91.6422 91.9518 18.6678 44.7701 40.2468 63.6236 47.0014 67.8055 84.5492 84.7857 51.916 51.6825 64.7745 57.6563 79.1161 57.7624 98.0381 25.735 71.6851 73.3701 72.1944 15.9529
18.4215 17.1136 15.9309 17.4696 21.1434 18.3415 2.70466 1.20077 0 1.35937 5.85418 5.03075 5.35812 5.93942 12.4924 11.9767 11.7161 13.4922 16.0911 17.5907 19.2599 16.5058 12.8809 14.506 14.5502 17.1132 9.65712 9.29431 11.6388 12.4362 67.9914 74.9367 73.005 72.0036 69.5346 64.6218 59.8825 65.7989 45.0525 37.2663 36.1935 40.3592 43.1911 39.5554 42.9709 41.8389 56.3449 50.2172 57.9635 50.9091 48.8339 51.6704 50.4474 47.4061 56.5197 63.283 65.039 64.4802 34.2735 29.9525 30.2138 28.4993 57.1248 57.8042 61.0991 56.9923 55.4838 59.947 60.1224 64.6413 70.0339 70.5159 12.6059 13.069 12.5079 15.159 41.2159 42.4075 92.2751 106.538 48.0709 48.4737 54.1526 27.0415 29.5174 21.2417 22.6168 19.4229 19.3662 22.3241 64.4706 55.8045 57.9026 56.1337 62.099 53.5383 55.374 57.1543 35.7292 40.91 37.1042 35.7673 48.1627 45.7524 51.3299 48.4201 31.3216 31.2789 28.6223 29.6089 72.1828 61.6737 71.0784 65.2168 45.232 42.3496 43.223 43.7858 56.321 52.3235 51.303 56.0972 90.843 99.1603 99.9093 95.8033 59.9645 67.3216 55.8009 62.7709 41.8158 35.0613 37.3318 38.1833 54.4444 83.6531 55.0142 16.7338 15.5006 41.5964 29.1445 80.0126 7.91662 37.0567 66.9415 69.0296 89.2091 88.4305 83.9587 60.5519 12.4916 60.3646 81.3347 83.3588 17.2787 44.1349 43.3583 69.225 53.6832 72.47 86.8812 90.2298 59.0011 61.3755 61.5467 65.1584 94.1485 51.546 98.3479 29.5135 70.0377 75.4643 66.6083 17.8791
21.1049 18.1155 18.7829 15.9265 23.0864 16.6114 4.17073 2.54598 1.35937 0 6.12128 5.54479 5.0904 5.14197 12.6068 10.773 13.2074 12.7738 16.7883 16.8833 17.7918 16.1307 12.1884 12.9905 14.4625 14.8717 7.63317 8.84308 10.0096 11.7982 75.2008 64.4047 69.7193 62.4007 66.8085 59.6552 58.5666 66.4073 44.5935 39.6203 43.083 37.6098 40.6146 46.9837 45.0256 37.857 57.1481 51.0559 53.9024 48.716 44.4292 43.6781 47.7773 44.1744 62.9326 60.3964 60.8787 55.2038 34.4563 35.5882 29.5396 33.2085 57.0383 55.938 62.3301 51.4493 67.0756 56.8282 58.3322 64.4749 74.0734 70.2572 11.2428 11.8086 11.197 13.2718 44.3956 43.7579 107.198 93.9064 47.6587 46.8312 55.2993 23.9931 29.7799 26.876 22.1298 22.2206 23.9123 21.2799 66.4047 58.4024 65.599 58.2807 62.5952 58.2408 62.2578 55.6087 36.6547 38.05 41.6955 34.7584 51.4224 44.2684 50.219 45.8022 30.9085 29.7488 30.5508 29.8153 71.3651 66.1686 72.5956 68.4022 50.7384 47.9285 46.9678 47.0644 53.4617 49.0577 57.634 52.7617 91.9625 96.4626 98.4606 100.981 58.0414 66.6224 66.2804 67.2145 43.6791 39.0852 41.5363 37.8723 64.2863 82.8465 51.379 16.9641 15.2845 38.6079 33.7315 77.7857 7.20728 32.4746 70.0658 76.6114 80.6866 86.6158 82.5563 52.241 13.1873 64.9771 86.6807 79.604 17.453 45.451 41.2531 70.2653 48.7733 81.6835 85.6726 90.7466 55.4307 53.0598 63.8293 66.1636 94.9461 51.6375 97.7731 29.1684 70.4116 80.2671 66.2322 19.0015
20.5948 23.1041 19.7449 21.7107 26.5727 20.6232 5.81243 5.58834 5.85418 6.12128 0 1.29349 2.56977 3.81468 6.33853 8.11244 8.64255 8.77543 13.1435 12.8233 13.5818 13.8319 20.8169 21.9911 20.8643 19.474 14.2493 15.0495 15.0929 18.8301 74.6445 77.2189 68.5009 67.2471 75.0183 69.3647 64.5846 62.3194 44.0057 41.6445 39.1104 33.7379 43.3028 37.9508 35.842 36.4077 62.2975 62.9443 54.3968 63.3964 54.7615 52.0801 50.6682 56.887 61.0327 62.3914 66.0303 59.6778 34.0367 30.9122 36.2262 30.0313 63.4541 57.7329 58.4262 53.4177 56.3844 55.6642 54.103 58.9007 78.5746 68.5396 16.4052 13.541 11.939 13.2666 34.3595 38.668 94.3479 102.757 54.5011 44.3808 43.5241 23.6351 29.1588 24.955 23.551 20.7552 21.7333 20.899 62.0264 61.6404 62.6122 59.5577 55.9862 59.1621 54.0049 58.7598 39.7702 44.2024 42.6118 42.0623 53.8789 55.2234 56.4485 54.3799 34.5902 34.4331 36.5518 36.0636 68.7765 74.666 72.0773 70.1779 44.642 46.4708 38.7359 44.729 57.6612 58.6915 58.5019 51.1721 98.8579 100.545 99.0277 98.1608 57.4437 62.02 52.8833 58.5983 45.4096 40.7113 41.9148 38.7666 56.798 71.8334 53.0721 11.0033 9.53697 45.2047 32.9148 81.7988 3.47406 32.3732 68.9031 84.5065 78.8394 87.6681 71.6124 60.424 6.8012 65.6243 78.1707 95.7772 13.5996 45.8074 45.3561 59.6987 50.8897 71.2012 78.7139 81.5845 66.8282 56.8222 78.736 60.1953 96.3783 52.9943 85.284 24.6075 79.1576 74.4908 73.3768 13.3773
21.9546 22.0388 20.1826 23.1742 23.7584 19.1099 5.37154 4.89805 5.03075 5.54479 1.29349 0 1.25377 2.60602 6.0247 6.3829 8.0072 8.70686 13.1801 11.7979 12.6987 11.6611 18.9949 20.6814 20.0417 19.5258 13.9077 14.5689 14.6709 17.5407 75.1342 77.9192 77.3656 74.1868 66.8427 71.6509 72.5363 70.6001 40.5622 42.7016 39.2852 36.3841 44.3879 37.0705 35.293 38.9352 57.8654 54.9125 60.1719 56.8697 55.5392 51.6027 48.2736 55.6365 71.8302 68.9613 61.8729 67.6912 38.6059 35.0153 34.4286 33.8073 59.742 56.0308 63.0227 55.2058 62.81 58.2893 52.8566 58.7887 70.0996 78.6604 14.688 12.6657 10.5641 11.1309 38.6522 35.0859 95.1731 101.769 49.6469 52.4235 50.6392 22.0498 32.3909 25.3453 21.6617 20.8468 21.4131 20.3931 55.276 59.7313 54.2075 64.7187 51.8072 54.5091 57.6332 52.9665 38.7279 44.2842 41.0753 41.4104 52.9923 55.6356 49.5565 48.0462 33.4431 37.4248 38.3761 32.19 70.8713 75.9068 64.6412 77.2601 44.1993 42.9786 39.3019 45.3982 56.1816 56.3171 52.4992 54.8149 98.3964 88.9395 105.097 89.0848 58.4014 54.343 54.2551 61.5917 45.5353 40.9132 38.5991 41.6897 66.0249 82.0799 55.6408 11.6288 11.8365 48.4517 33.2354 83.8772 2.73078 34.1745 67.2993 73.7734 83.253 79.8488 72.246 63.1249 8.9875 60.7546 88.9776 85.6092 14.5704 44.5497 48.5436 60.1935 53.6324 74.794 87.7004 86.2376 68.2698 60.0866 76.5617 57.0577 89.3041 55.7627 91.2402 24.7601 82.4022 80.0714 73.7104 16.293
23.6997 24.5895 20.1731 21.7586 24.2931 20.5657 5.88825 5.62031 5.35812 5.0904 2.56977 1.25377 0 1.1826 6.66877 7.1298 7.1158 7.20148 12.3023 11.0364 12.5028 13.5879 18.7642 17.7487 21.0932 19.7595 13.6714 14.1431 14.5185 15.7849 80.4637 81.4583 81.0268 69.8478 72.9809 72.7525 66.2177 66.2638 45.6947 41.1627 43.0234 38.3992 43.121 43.1273 41.0127 38.5688 56.2755 58.4344 61.7317 54.0161 57.2913 52.4369 50.5953 51.5908 72.236 64.5059 71.3537 58.5466 33.5719 35.8263 33.0305 31.3186 59.1946 62.0392 60.9862 59.7129 54.7353 64.7932 58.8714 52.1562 77.8193 67.6609 12.1504 12.9279 9.37794 10.7392 36.0588 37.2707 112.53 108.715 51.8374 51.0227 45.4818 20.4797 32.0181 23.9462 26.3844 22.8211 21.8911 23.1778 60.1928 59.3224 58.6366 56.0639 53.0306 53.0057 56.2851 53.726 43.95 46.4912 47.1078 43.6136 58.2589 48.8174 52.6617 57.4783 34.4553 32.2959 35.8896 33.2169 70.3124 76.3356 76.4517 72.1829 44.2177 45.0138 44.5135 47.4449 61.6046 60.7543 54.4985 52.8253 108.808 101.301 101.687 94.0438 60.4347 59.1894 61.2751 63.0126 42.7936 42.5649 45.3179 39.0988 60.6392 82.8286 54.3435 12.0361 11.8792 39.6875 32.7438 77.1378 1.92833 36.2858 74.39 77.1692 94.2644 86.4123 82.2517 53.4995 8.50525 60.4444 89.195 84.6566 13.5749 50.2023 47.6399 70.2792 55.7335 73.7964 86.0213 89.5902 67.6229 61.7658 71.8477 63.0254 98.4945 48.6305 101.675 25.9924 69.0423 77.6303 74.7697 18.6424
25.0161 24.4393 20.9744 23.0646 27.2788 23.2658 6.10576 5.79434 5.93942 5.14197 3.81468 2.60602 1.1826 0 6.60572 6.28411 6.31279 6.91792 10.9255 12.0195 11.7866 12.0344 17.0915 16.8849 18.5567 20.6778 13.7177 12.2575 15.0999 15.3312 76.0321 79.0871 79.192 69.1611 74.3512 65.4381 63.8851 73.346 47.9876 45.3388 39.9327 38.2773 44.1768 46.0477 44.3221 40.9514 63.0552 53.4173 53.3764 58.7834 51.6919 51.5788 49.1617 50.6188 64.5528 65.1421 68.7046 66.6817 35.7834 38.3501 37.1489 31.8193 65.3878 56.8681 65.0676 55.4965 64.8321 62.9351 57.256 63.1758 72.1017 67.5613 12.1411 10.3077 8.59318 10.1882 36.7543 37.8436 113.53 103.919 48.5264 46.8587 47.7545 21.3162 30.1715 25.8885 25.837 26.6547 26.9128 24.7642 63.52 60.1305 66.7699 57.8977 64.4676 58.4218 60.7755 63.5158 39.9703 46.0158 41.8418 46.2542 55.3983 56.164 51.3387 55.3101 38.8452 37.6689 33.9153 37.5328 75.1755 67.9086 66.5358 74.9457 51.0374 51.095 47.0776 46.2796 58.1703 54.7761 57.2451 51.3524 99.5619 105.198 105.264 89.1285 58.4731 68.5593 59.4662 65.9952 42.5206 41.8787 43.8614 40.7344 70.5141 80.9942 62.6553 12.2837 13.635 41.5082 36.745 79.3109 2.22836 35.0276 69.1439 71.1239 93.8529 90.1722 71.3147 54.5023 11.2014 58.9251 81.4527 87.9871 13.7567 49.9976 49.1805 66.406 56.1111 77.7392 85.41 90.8992 56.7684 65.411 77.9013 69.0113 94.5225 54.9905 101.142 28.5814 82.8513 71.6356 71.5198 19.8332
29.2326 30.5 25.9743 30.4967 29.3295 25.6804 12.1532 13.0393 12.4924 12.6068 6.33853 6.0247 6.66877 6.60572 0 1.30262 2.29763 4.11302 5.34062 4.99564 5.97339 6.61636 24.9812 27.684 26.7421 24.6321 18.1112 19.9428 22.4117 20.217 76.2915 81.4394 81.5219 76.0307 82.7578 72.2238 74.1579 69.5046 45.9881 41.6103 40.9198 41.6486 41.8215 40.0593 38.1549 40.6789 63.4691 68.232 58.8081 61.4867 62.2104 59.0602 58.3686 62.4876 70.9443 69.1309 75.3112 75.3954 39.5703 36.0436 40.9351 34.4262 64.4224 64.324 66.9078 68.2961 56.9865 57.0321 51.4268 57.9883 87.1701 72.1643 18.2932 15.5976 9.45318 8.64802 38.6896 33.8503 111.713 113.916 53.1556 52.9164 45.6563 17.7712 41.8543 29.178 28.8537 27.6958 28.9744 27.6754 65.4545 60.8797 66.3884 59.8195 65.0202 60.3682 61.6329 56.4138 50.9999 46.9758 52.5726 51.5031 54.7258 59.3221 59.6255 58.1256 38.9833 37.6311 39.9905 39.0825 71.1465 73.7136 80.2329 69.5331 45.8489 43.2443 48.477 50.0395 59.5964 55.5736 54.132 53.6783 111.053 103.253 108.397 109.923 64.8966 61.4354 60.1034 56.0353 48.6799 47.4838 49.2208 45.5902 71.6346 86.5836 66.5271 5.18627 11.0865 46.0143 44.9422 91.6474 4.24769 31.1569 74.3501 77.5053 91.0526 81.0607 68.1703 59.8828 9.52903 61.9328 85.3866 96.3729 7.00657 56.7584 45.0825 65.0922 61.4248 77.1621 84.2542 92.7384 74.9041 64.3159 75.9073 69.7588 91.1634 53.9687 102.373 28.0057 79.3608 79.4944 74.6313 17.4967
27.7984 31.504 26.7293 28.9957 30.0133 26.8387 12.1714 13.408 11.9767 10.773 8.11244 6.3829 7.1298 6.28411 1.30262 0 1.32209 2.68805 5.67858 5.33836 5.11407 6.5111 24.129 25.3508 24.9068 25.9076 19.5281 17.8025 22.1338 21.9129 76.0036 88.739 83.2719 88.5332 71.4521 73.0024 78.7436 82.5201 47.3465 40.0803 45.9619 41.4181 48.0973 43.8045 41.4692 41.7916 65.6839 69.1177 66.6477 62.9247 63.8699 54.2797 60.4553 62.3328 72.5601 72.4272 68.7807 65.0815 39.7104 41.7477 44.0909 37.6009 64.6019 66.2166 68.8021 60.1552 57.6231 58.9679 53.3953 57.271 83.3043 74.5206 16.8138 15.1065 8.77595 7.79735 36.4601 38.2251 107.022 113.143 62.4025 61.7107 47.6618 15.8144 36.611 28.8285 28.3874 29.4767 29.0503 30.0247 65.0642 63.8773 56.9483 64.5593 62.2864 59.7454 56.0089 57.8804 49.7584 48.8168 51.0187 50.6625 56.5522 56.9692 56.1331 59.2095 43.7222 41.7982 41.7617 42.4081 80.5835 71.7233 80.9991 72.6796 52.8636 52.0874 50.7666 51.3588 62.3671 60.8446 58.3953 61.0516 106.595 94.1674 100.237 93.3051 66.7988 60.3205 65.1647 64.8278 50.3669 45.258 52.011 47.4759 70.9902 92.5467 61.9245 5.73993 10.6942 48.9376 43.1752 76.613 5.01909 35.4625 78.5205 88.252 88.435 85.7805 79.8353 62.3381 11.4976 65.9781 85.6742 97.4183 7.06157 49.3667 51.3124 67.6926 66.2893 76.098 92.0235 90.1532 67.0915 60.6465 75.8679 68.4468 95.9373 55.6418 100.6 34.5977 83.5842 73.4504 72.2798 17.9974
33.2602 32.0938 28.865 29.5585 34.6702 28.2453 12.6171 13.1973 11.7161 13.2074 8.64255 8.0072 7.1158 6.31279 2.29763 1.32209 0 1.34035 5.49195 5.95813 4.98617 5.81478 26.093 25.3927 26.4378 24.2108 19.4995 18.109 19.1448 21.7051 78.1805 82.414 83.089 76.3698 70.686 68.8186 72.3079 68.8304 49.2737 44.2626 44.7876 40.7149 41.5866 43.3399 43.3533 43.9722 71.0195 61.3643 62.3101 59.2461 64.064 54.2261 62.1031 57.5624 69.1685 74.5847 73.8982 75.876 45.7084 40.3275 44.9621 40.6239 73.6144 69.0076 70.3295 63.2621 57.7519 59.7082 55.666 59.8824 84.1461 78.5053 14.4992 12.0441 7.79146 6.60671 40.3607 40.6949 122.987 104.159 55.2858 53.3909 47.1496 15.9949 35.728 32.2944 28.2424 27.8045 28.8583 27.9067 69.266 69.8242 62.3672 58.5347 66.7192 59.5452 57.8181 55.2438 53.7371 46.1588 46.3023 51.6283 65.5564 62.0151 62.4948 55.923 41.6223 37.8289 45.2377 43.0199 77.4777 69.846 77.8838 78.1286 48.7979 46.186 45.5767 48.9426 58.6074 56.9804 65.1712 58.708 109.265 99.0588 102.127 106.111 66.9193 61.6907 60.1844 64.029 54.1514 47.5402 54.1484 48.2383 66.6326 94.3131 68.3424 6.28055 11.9531 53.1129 44.383 78.3167 4.65939 32.6344 70.8142 81.5007 90.6496 86.0788 79.2376 63.9941 11.9996 66.8412 91.797 99.6889 7.33018 56.7003 49.4008 69.4246 60.7522 87.2127 85.271 81.053 72.6419 69.1285 75.2095 62.7563 94.8393 50.1256 91.7813 33.3706 81.1038 70.2983 81.1708 20.0286
27.9001 27.5784 27.3076 26.5227 31.7796 27.1512 13.8032 13.138 13.4922 12.7738 8.77543 8.70686 7.20148 6.91792 4.11302 2.68805 1.34035 0 6.07413 6.52178 5.49463 5.19266 24.5659 26.1369 22.4486 24.8587 20.4023 20.8343 18.6961 19.2633 74.1635 74.0843 82.2235 75.368 80.1956 70.1894 79.2896 74.7795 44.4787 44.9749 45.4642 41.1659 47.1802 48.1427 42.3318 43.1245 67.4966 65.7246 61.8993 68.6422 64.7407 55.0896 55.7852 58.7878 75.7036 77.6782 73.8908 64.3793 41.4179 42.9097 40.7523 38.3777 72.9986 64.0401 61.3771 64.6916 61.896 56.2355 56.3214 63.2885 73.6043 83.0361 15.0759 11.4838 6.17465 5.79154 42.6604 41.3501 106.738 102.699 60.5856 58.2751 52.3559 16.8317 39.4961 29.3214 29.2525 29.9074 33.4897 28.8507 68.9678 59.6515 66.5545 64.9937 64.6865 60.3161 56.6828 64.742 53.3314 52.4606 48.9897 47.3877 56.8046 60.1856 64.1094 62.9348 45.1399 44.6921 42.613 43.2764 77.8696 76.4794 81.3433 72.5439 46.063 50.7849 45.815 54.0558 68.1559 68.465 64.9725 56.4749 112.369 110.764 98.9427 112.486 65.7788 61.9638 68.2016 57.9515 55.1538 53.3099 49.5825 46.6728 70.7776 85.3258 65.433 7.34639 14.9247 46.6921 40.1733 81.2514 5.16188 34.4926 71.2454 84.6278 85.4636 87.878 77.3305 66.4922 12.6265 65.0121 99.9714 104.172 9.01169 56.5666 53.6307 77.2747 67.5975 92.0887 85.7731 94.6038 72.8345 71.8951 77.3101 76.7368 93.0697 58.7075 95.5001 37.2408 87.8077 82.0842 73.9084 23.0761
37.6048 32.5359 32.168 31.416 39.6519 31.3601 16.1431 17.3982 16.0911 16.7883 13.1435 13.1801 12.3023 10.9255 5.34062 5.67858 5.49195 6.07413 0 1.34617 2.70347 3.61171 27.668 32.6469 28.6228 29.8598 22.9454 24.1081 24.5606 25.8041 85.0129 78.5643 82.6305 83.5223 75.1571 78.6403 74.7925 85.105 42.3272 40.8547 43.0426 37.6045 42.3021 38.5339 44.6514 39.7371 77.2036 63.283 68.6855 76.8087 62.6206 69.5307 70.9722 68.9814 74.5317 70.6158 83.2492 74.7277 48.7995 41.7603 45.7726 42.8138 73.1965 62.1907 72.207 60.0316 61.1196 60.601 54.7923 57.9586 80.6252 81.4738 19.6921 20.2697 13.2233 12.6157 35.7867 32.5062 118.32 114.251 67.4029 63.9095 46.7304 16.4329 47.1567 30.9882 34.1996 33.566 30.8332 31.2099 65.8934 65.2289 60.2267 63.8395 63.7557 57.743 62.7187 59.9849 56.9729 55.0689 49.8519 50.2237 59.9133 68.2739 62.029 69.8859 46.1308 49.3676 44.7652 43.9881 77.1078 78.318 80.6733 85.5423 45.3222 45.004 51.0605 51.7852 58.4053 64.7433 65.1423 59.7529 97.226 102.068 115.48 99.6994 56.1541 64.0542 61.7566 64.2349 52.5038 51.3021 56.3741 53.4413 77.8939 96.9272 65.6058 1.71782 10.8695 54.8056 49.7508 85.1342 10.6294 31.5473 77.9399 96.5304 85.0374 89.7946 77.8168 66.3851 12.493 68.8111 86.0359 106.246 2.18195 56.7448 54.2775 62.1086 69.0392 83.2519 89.803 89.6894 71.4397 71.6301 80.2456 64.8342 94.5556 49.7479 112.684 30.9574 79.3601 83.2021 73.1347 19.4746
35.908 34.9287 33.7951 31.3407 39.1372 34.731 19.0557 16.5108 17.5907 16.8833 12.8233 11.7979 11.0364 12.0195 4.99564 5.33836 5.95813 6.52178 1.34617 0 1.25965 2.3896 27.7847 32.9621 33.1154 31.3768 24.6355 23.8242 26.7225 27.2574 90.9007 85.0363 90.8461 84.0377 79.9519 84.7861 87.8163 88.3899 43.7832 48.1318 41.1484 40.9223 40.1753 47.178 43.5241 40.546 70.6089 63.3783 73.4985 69.3679 71.1165 69.2115 66.6026 62.9557 74.342 74.3688 76.6616 75.7071 47.0129 42.7796 41.8063 43.4777 72.2019 65.9101 70.4737 67.0576 55.4212 61.9756 58.5287 55.6902 92.0338 88.2458 18.5146 19.0731 11.4357 10.6828 34.5159 36.1336 112.379 121.659 59.0196 61.3027 50.9169 16.3552 39.9208 36.054 35.8847 35.2818 32.8453 30.45 68.4038 59.0054 59.6065 57.71 65.4541 64.9213 62.8027 57.9215 50.0016 56.579 48.7052 54.2316 66.1199 60.2303 61.5835 66.4269 44.8161 44.8236 43.3825 47.0526 84.6562 86.3317 87.0516 83.5662 55.0959 51.4831 48.6844 47.6766 67.0293 62.6144 64.0079 65.9651 103.5 113 116.601 99.834 62.2672 64.362 66.6718 67.2229 48.7716 49.8489 54.1998 48.6893 70.8114 87.7835 76.1488 3.28928 11.8393 58.1719 49.2961 87.3389 10.4705 37.1013 70.7703 93.9925 85.7607 91.3551 82.1834 66.0733 14.3005 67.675 86.4146 95.1447 3.17798 54.0793 49.1236 68.7121 72.1387 87.3472 91.8537 96.3204 70.9231 67.1365 89.2356 67.6356 93.8063 50.3627 100.507 33.3822 75.711 72.0021 78.8977 21.872
35.3609 36.5255 32.9466 35.8488 38.8637 33.6505 16.8238 17.9437 19.2599 17.7918 13.5818 12.6987 12.5028 11.7866 5.97339 5.11407 4.98617 5.49463 2.70347 1.25965 0 1.21743 30.8095 30.4712 31.7613 28.7496 22.9545 22.4266 26.575 26.4165 78.5865 83.3672 82.8213 79.0782 81.1043 81.0213 86.7389 77.7735 46.0301 49.2726 43.4555 41.0616 47.2465 45.2777 43.5632 43.9373 71.9594 64.6626 71.0164 67.8383 62.1208 62.7183 66.7905 68.4811 75.9648 81.387 80.3795 74.5173 47.3828 48.663 44.0635 46.5909 75.9585 65.8989 66.2546 64.0923 61.351 60.1436 54.254 62.1991 83.6779 87.314 21.0388 17.8546 11.2295 9.995 40.5529 34.9983 120.264 124.179 60.55 61.7708 53.3768 14.9725 42.0145 34.5458 34.2731 34.7909 33.4493 30.255 68.0596 67.8708 68.8607 59.1526 66.0879 63.628 57.3027 58.5989 52.1216 51.107 55.3665 50.8424 65.4158 68.5028 60.7195 66.391 44.9468 49.6835 48.6417 42.0494 76.7908 86.5329 88.4989 85.9157 51.0582 50.1024 54.852 47.2651 70.8237 68.8604 68.6024 60.8983 113.382 102.809 112.015 104.314 65.0871 62.0905 58.3786 68.37 53.571 56.1428 50.8435 58.2571 69.0731 100.164 68.0473 4.53389 13.8691 61.0617 48.4894 91.712 10.1038 38.6483 83.3542 97.7711 88.9334 85.7436 73.8507 73.2278 14.1345 72.0273 101.816 96.9918 4.37532 57.8126 54.0525 75.7995 75.6403 91.1752 97.7273 90.6521 75.4444 66.0118 84.1164 67.6127 102.964 52.8096 111.666 33.4921 85.8577 82.6177 75.6388 25.6693
36.2337 38.6932 37.1102 35.8579 38.5185 31.1572 18.6512 16.8978 16.5058 16.1307 13.8319 11.6611 13.5879 12.0344 6.61636 6.5111 5.81478 5.19266 3.61171 2.3896 1.21743 0 32.0198 29.3311 27.2685 32.3061 23.2819 21.999 25.5823 23.0403 86.6063 90.4435 80.2575 90.7336 80.5301 83.2884 85.0571 85.5209 51.734 51.0577 48.5752 48.1648 51.6447 48.4933 48.2462 44.3389 64.5949 76.6392 71.9723 66.8998 60.3272 65.9294 67.4458 60.3191 87.023 80.5963 76.7256 76.6508 52.0703 49.5291 46.0395 41.36 77.5719 69.8427 64.217 70.7135 63.1531 61.1837 60.8097 58.6118 93.3323 87.6845 17.8669 16.1243 10.0619 8.65854 42.2952 38.2324 118.289 108.063 68.5291 58.6656 56.2763 12.3172 40.8634 36.5168 34.0125 33.3107 35.1836 35.078 71.1047 72.2024 67.7659 62.6185 70.6143 58.7265 64.5962 62.0814 52.2143 49.2672 56.0651 56.3508 64.1535 64.5912 60.0764 66.5251 49.283 44.7936 47.163 50.0756 76.2986 78.8289 78.0048 88.3128 50.0028 47.075 47.6015 55.0252 63.0709 69.7302 61.6337 68.0365 100.136 115.416 101.301 102.127 61.7626 61.3586 63.1117 59.6504 59.6652 51.0903 51.4904 55.3483 79.5732 99.1298 67.3738 5.02219 16.4046 57.276 46.2116 83.7597 9.55132 39.9912 74.5778 89.8469 95.3719 85.018 84.3531 67.318 16.0671 72.0228 90.2835 93.0983 6.06254 57.9284 50.96 64.5712 73.7533 88.2805 86.4198 87.829 73.8827 73.955 82.549 73.0019 95.1312 52.3209 109.668 33.96 74.6303 86.2869 85.036 26.4423
17.1348 15.366 15.5191 15.8437 20.06 18.2692 15.4985 13.734 12.8809 12.1884 20.8169 18.9949 18.7642 17.0915 24.9812 24.129 26.093 24.5659 27.668 27.7847 30.8095 32.0198 0 1.26494 2.63874 4.10086 5.35577 5.91605 6.18796 6.01707 62.35 56.2892 54.7524 58.6099 48.4142 51.6354 52.0278 55.5705 52.9171 53.947 44.2131 42.6902 52.3921 50.375 48.1711 52.7566 41.2496 37.5257 44.6019 40.1183 37.7643 35.6696 33.0132 36.8675 53.3928 51.7767 51.5583 48.9372 33.1327 39.1679 34.7459 34.3526 60.7894 56.3796 59.2693 53.9439 74.5142 71.8231 71.4071 64.5217 60.0267 58.4639 12.6578 15.1721 22.0507 23.5285 55.4611 55.3379 92.3381 100.168 34.5986 37.2408 63.4604 36.3041 18.3762 29.5824 25.5597 25.6806 23.0083 25.6624 65.9104 70.7209 72.0693 70.9054 64.841 58.9453 63.4133 62.7251 34.7352 31.8792 34.2794 34.0698 38.1428 34.4947 41.1506 38.5897 19.7818 19.8124 20.4169 19.8904 52.8338 48.2453 48.4961 52.8322 50.7876 54.0112 56.3229 53.515 55.2892 54.1511 49.3823 50.8308 102.816 92.9551 89.5011 95.9645 71.9603 76.9777 63.4622 70.8201 40.4163 40.6217 38.025 38.7935 52.4735 78.1609 43.3177 29.5576 29.8935 24.7275 23.5122 61.4699 19.7526 46.5493 77.6977 69.0093 78.8068 83.1514 80.3702 50.6283 27.8563 60.5882 82.4411 80.0238 31.1558 48.377 47.172 78.7368 44.1726 68.0417 76.4989 82.0268 43.1108 63.5492 63.8124 66.127 86.3608 59.4863 99.7625 35.9563 79.1787 83.417 70.758 30.4446
17.2263 17.0708 17.7502 15.786 19.6602 16.7432 16.5191 14.4446 14.506 12.9905 21.9911 20.6814 17.7487 16.8849 27.684 25.3508 25.3927 26.1369 32.6469 32.9621 30.4712 29.3311 1.26494 0 1.37737 2.5328 5.4554 5.20175 5.84913 6.0753 60.6271 61.9548 61.4766 59.9841 48.0618 46.9216 49.8697 46.5839 54.5703 48.4342 44.8775 47.6858 55.0297 50.3132 47.0602 46.9694 43.2281 44.7292 39.9964 40.5638 34.736 34.3364 35.01 34.4665 59.2069 50.6754 52.4804 48.2279 40.2751 38.9716 35.3803 37.1445 60.1472 66.4359 61.672 62.5716 71.2294 68.7147 77.1067 74.3006 54.9834 55.7795 12.9773 16.3099 21.6743 21.5735 58.7518 56.7026 106.203 89.9939 41.2591 33.828 66.128 33.1127 19.1129 31.1871 28.1331 29.8999 25.3288 26.7123 71.1615 70.4726 69.9659 72.2409 59.7683 63.5909 65.1077 61.7386 39.6084 39.6521 35.0199 35.1402 40.1501 40.1094 37.4787 37.7061 23.032 22.6577 20.5757 18.9788 54.1325 49.7449 56.9183 57.0163 49.6819 55.1224 55.4961 48.2506 53.5242 50.8859 52.8173 55.9665 92.3735 101.381 92.1858 91.1527 74.6502 69.5721 63.8094 74.7639 38.7282 40.8238 38.7743 40.5825 58.7626 79.2414 45.798 28.2519 27.3577 29.7487 26.9455 64.7999 21.7286 44.3732 78.4888 74.1711 86.9081 83.3145 91.367 54.7269 25.3156 61.2752 80.9221 89.0337 32.4044 45.2746 47.5344 77.2184 40.5892 82.2367 76.7221 80.2322 45.0696 65.9549 56.146 60.739 90.8862 66.635 100.108 35.7679 86.4022 76.4528 62.4342 28.5239
17.7895 18.4492 18.9032 19.1493 18.689 19.4814 16.0741 16.0384 14.5502 14.4625 20.8643 20.0417 21.0932 18.5567 26.7421 24.9068 26.4378 22.4486 28.6228 33.1154 31.7613 27.2685 2.63874 1.37737 0 1.31127 6.10738 5.52279 5.42486 6.09799 56.9384 53.4132 59.6888 55.4031 56.6617 56.2806 56.9699 50.0901 57.2945 55.9128 48.4696 47.2829 51.1696 54.4012 56.6694 47.5522 45.7659 43.3442 45.1097 38.2633 34.0954 35.4268 34.3395 38.2304 53.2006 55.8525 48.5785 49.5907 40.0587 39.7319 37.6385 37.0683 56.6373 64.6453 62.3191 55.9691 80.7957 78.5695 68.7515 68.2594 64.3213 59.6894 13.5791 16.3434 19.3027 23.1853 58.8933 58.7425 101.425 97.1012 40.9747 39.0588 61.8694 35.1929 19.843 29.0457 30.7452 29.0057 28.111 30.009 70.5765 71.7097 71.3568 75.4805 62.8162 65.5204 61.4306 64.4615 40.4922 37.8215 39.6506 40.1008 39.1124 34.3957 36.0543 34.0684 23.963 21.3172 23.101 20.8223 50.6882 52.3927 58.9827 51.521 59.0513 56.5358 50.074 55.2185 60.2489 55.5486 51.4889 56.6326 97.0904 95.7654 99.5428 96.9187 66.4073 71.3531 67.3817 78.4825 41.2636 42.2963 35.7016 36.4761 52.8185 73.1793 51.1303 30.458 33.2639 25.4854 27.0694 59.3012 22.9804 47.332 79.0083 62.294 78.6837 83.3972 86.5987 55.1217 27.472 59.7388 82.9969 85.7842 35.6092 46.4037 46.5414 78.3824 48.8926 71.5362 79.6879 94.703 46.0176 61.0559 55.4064 60.2572 84.8285 65.927 85.3546 37.0374 78.4117 86.5117 71.9391 27.9363
20.8995 18.7234 19.811 17.352 20.9605 20.7859 18.8217 17.936 17.1132 14.8717 19.474 19.5258 19.7595 20.6778 24.6321 25.9076 24.2108 24.8587 29.8598 31.3768 28.7496 32.3061 4.10086 2.5328 1.31127 0 6.42218 6.0463 5.41916 5.38866 56.7778 60.5408 58.6074 52.8168 47.7006 51.3001 52.5004 54.36 57.8659 58.0788 50.0187 46.6401 55.198 56.9214 51.7282 49.6403 43.5475 42.5023 46.0291 41.9444 39.3157 35.8777 39.9581 38.5142 60.3887 48.996 55.773 55.5623 41.7874 38.293 34.9182 36.8127 58.3306 61.2788 64.8424 62.5444 73.2972 69.7899 74.513 74.6256 57.1499 59.5969 13.2778 14.5392 20.8782 24.5673 59.4436 56.4158 96.9854 96.4085 37.7939 35.7621 65.4447 33.8659 21.3707 36.4172 30.864 29.5771 31.2528 27.2147 67.1931 79.1144 67.6924 78.7498 64.5284 65.3999 72.078 70.1422 38.3239 40.104 40.9628 35.8743 42.0056 40.9304 36.9994 41.4743 22.4044 24.7984 21.5447 21.8187 56.6518 52.6063 50.0943 48.285 55.8147 54.0326 57.8151 51.4216 57.9591 62.6734 54.8849 51.7451 100.067 96.9429 95.3512 105.115 76.4008 70.8366 74.7383 78.9713 39.797 38.0183 43.0824 37.2151 51.998 76.7951 50.8389 28.4122 31.8944 28.4084 26.9553 72.2099 23.1483 50.8575 85.3756 73.9634 92.1294 90.9145 83.8676 57.4507 27.357 56.5681 87.98 78.8426 35.1825 51.0175 53.9872 84.508 46.2249 84.7284 82.8278 85.3493 47.9746 62.8501 57.4881 69.6916 82.9034 64.2197 87.6803 36.5055 87.4402 79.9341 69.5074 34.0502
16.508 18.0617 18.8222 17.1646 19.9998 16.8727 11.2871 10.7684 9.65712 7.63317 14.2493 13.9077 13.6714 13.7177 18.1112 19.5281 19.4995 20.4023 22.9454 24.6355 22.9545 23.2819 5.35577 5.4554 6.10738 6.42218 0 1.18109 2.51793 3.7114 63.0006 61.9287 66.6498 59.8323 57.2406 58.6218 52.1518 52.9928 45.273 49.5772 51.7059 43.5852 47.2941 46.4902 49.4453 48.3501 46.3593 51.2243 50.0722 43.0709 42.6691 44.8238 38.7834 39.5256 61.3774 55.3722 54.5402 57.5579 38.773 33.3597 31.5729 34.2443 67.2206 55.7056 55.3235 63.5842 75.1926 65.4159 72.665 73.2491 69.7799 60.1049 8.28456 10.9015 13.6294 16.1379 50.4596 47.9419 93.0349 101.462 45.2718 44.1521 55.8526 30.9627 25.4327 27.4595 23.8834 25.9809 23.7207 23.1972 62.7418 66.5214 61.5473 69.669 65.1335 65.9855 68.6705 62.7881 38.1622 36.0365 38.9524 38.1977 42.8061 39.2767 46.2728 43.7702 26.8383 23.7529 24.27 26.1687 56.3413 56.7778 54.4103 54.3352 55.1203 56.3547 54.3029 52.3009 51.638 54.4244 56.0917 51.356 93.5031 99.1372 86.5398 95.3862 69.2864 72.8522 66.5975 73.8906 37.2427 40.6198 36.4413 40.6796 55.2547 70.9408 49.7918 25.3056 24.6703 29.7308 28.5449 65.4998 16.5471 45.6467 84.9828 64.4271 83.6104 81.9471 81.3171 57.0513 21.8935 62.8028 83.0089 80.7396 25.6212 53.6975 43.9063 76.8606 46.8302 70.6187 84.9444 89.1256 51.1523 67.0879 61.6166 65.5277 87.3883 61.9194 99.8782 33.5589 81.3697 76.4613 68.1931 23.4266
20.3831 17.2796 18.11 16.5238 20.7769 21.2144 11.1821 11.5319 9.29431 8.84308 15.0495 14.5689 14.1431 12.2575 19.9428 17.8025 18.109 20.8343 24.1081 23.8242 22.4266 21.999 5.91605 5.20175 5.52279 6.0463 1.18109 0 1.21774 2.68829 64.1179 63.9097 62.7868 65.0743 55.6693 57.9307 55.8879 62.5644 46.9012 47.0301 48.5472 48.5262 49.646 52.9419 53.9105 47.9543 44.2447 47.951 44.9182 50.1301 44.1532 38.2612 42.0035 41.4341 57.1899 56.2418 56.7777 55.838 40.7145 39.62 38.5204 36.5195 66.0673 57.6041 56.3818 56.7929 68.3314 71.7397 73.3231 65.4667 62.6164 56.4475 8.00838 10.0862 15.964 17.0113 55.3611 49.0272 113.597 109.613 40.0096 40.0279 54.133 30.537 23.6712 29.0222 29.1222 28.4368 26.7817 23.5019 67.0837 72.621 67.7328 63.0957 71.7164 70.4738 64.9499 64.7016 36.0154 40.5617 42.9068 36.4289 41.5658 44.373 41.0767 45.3469 27.5916 26.9974 24.5675 24.9254 57.038 56.4251 62.0581 56.7308 49.5214 56.1157 52.4725 48.2883 53.8365 56.4408 54.8824 52.0659 104.962 106.036 104.991 103.049 68.7483 74.7364 74.819 76.6217 40.8921 43.6611 37.9977 41.8313 58.2112 86.1321 46.7623 27.8923 25.5594 32.1634 32.3195 67.2775 16.2854 45.3853 80.6873 72.2859 94.2583 93.2685 85.9334 61.5164 22.115 54.1163 87.1501 87.849 26.0048 52.0312 51.5626 80.0291 47.9139 72.0219 85.836 82.8819 55.0765 63.7897 67.1498 72.7325 98.0714 61.2515 91.3723 35.8022 75.7726 78.0866 64.875 26.2242
18.4766 18.5363 19.8241 18.1909 22.9669 21.8077 13.0899 12.3114 11.6388 10.0096 15.0929 14.6709 14.5185 15.0999 22.4117 22.1338 19.1448 18.6961 24.5606 26.7225 26.575 25.5823 6.18796 5.84913 5.42486 5.41916 2.51793 1.21774 0 1.32325 59.4115 63.6673 56.779 62.4124 53.1242 58.5135 57.1579 52.8635 51.0414 47.6562 47.1906 51.5961 55.4172 51.0759 53.8392 48.6603 49.3115 50.913 45.2771 43.4237 42.5149 44.4361 44.7878 38.1314 56.187 62.5767 57.89 60.4785 39.3327 35.7659 35.7892 37.7184 63.5363 61.0339 64.664 57.9729 65.9801 78.5621 70.8605 64.8267 64.5241 65.0521 7.66437 10.0847 13.7812 15.4651 55.2975 53.8217 101.459 110.289 47.3034 39.8239 62.0207 27.4179 24.2915 31.3022 29.7663 29.8439 26.3669 27.2714 66.984 70.6978 68.4111 74.5502 64.5617 61.3531 62.4911 60.605 39.1463 39.677 40.2945 36.118 45.5512 40.0024 42.1546 39.7093 25.4612 25.8121 29.334 23.8079 57.103 53.682 61.6097 57.5871 58.2867 55.7618 54.6262 52.5891 61.3303 55.0547 53.6589 54.1166 93.5466 105.347 90.7374 106.563 70.9312 70.8151 72.8884 71.9352 42.8337 42.3821 39.4191 37.0966 56.195 85.4018 47.8504 24.1866 25.7527 29.9515 30.2626 76.6859 16.1045 45.4641 78.1508 75.2123 87.4782 86.3038 92.7502 56.9547 23.4492 55.6288 86.5924 84.155 25.3821 47.2338 52.9619 77.1323 54.4563 76.0227 79.6222 84.9216 49.9554 59.2493 66.4499 71.8807 91.2363 62.0951 89.5458 39.2992 91.2326 86.5135 75.7175 27.3401
23.1694 19.0742 22.3213 18.6595 24.0147 21.1012 14.8074 12.723 12.4362 11.7982 18.8301 17.5407 15.7849 15.3312 20.217 21.9129 21.7051 19.2633 25.8041 27.2574 26.4165 23.0403 6.01707 6.0753 6.09799 5.38866 3.7114 2.68829 1.32325 0 58.0102 58.8936 61.4756 61.872 56.1887 59.6799 52.1443 51.7591 54.278 56.9125 52.8129 45.3386 49.5431 51.4065 47.6362 53.0769 43.4945 44.4003 49.3044 49.4158 38.8924 38.3852 42.1666 40.4374 65.8961 60.953 62.2721 55.1214 41.8951 39.0663 35.673 39.782 62.6242 63.5238 63.8015 59.3351 79.2788 70.4397 71.6615 69.1984 64.0341 66.7746 7.26212 10.3948 15.4137 16.7871 52.8411 52.0382 96.2846 108.27 45.2496 39.5629 65.0327 27.6271 25.9785 30.376 28.9414 32.2475 30.3599 27.6934 75.0821 75.7794 69.9584 69.664 74.6128 72.8779 70.7298 61.1002 40.0068 40.961 39.3287 39.5737 47.4493 43.2852 41.3888 46.6909 29.5673 28.1725 25.5035 24.291 64.4565 58.9185 59.653 54.7217 59.3891 57.7933 52.7396 49.511 55.4566 55.0334 61.7134 59.8963 91.1226 98.1151 106.613 90.563 75.448 67.5694 66.0276 70.2759 41.9944 42.3766 46.3788 42.6699 64.5281 77.4919 52.816 26.2529 29.47 31.2541 32.5472 68.8822 18.666 42.5441 85.1306 69.4928 87.4116 81.3114 92.083 66.6123 26.0727 56.4356 100.387 91.7403 26.7965 51.3878 51.233 71.9384 52.5698 79.4615 88.5967 92.8049 53.5357 69.9189 70.2922 69.8173 87.1283 63.6167 98.9306 33.9951 81.8247 86.632 73.2366 28.9586
57.835 58.932 55.7024 49.9192 48.7941 60.8266 68.9079 69.3803 67.9914 75.2008 74.6445 75.1342 80.4637 76.0321 76.2915 76.0036 78.1805 74.1635 85.0129 90.9007 78.5865 86.6063 62.35 60.6271 56.9384 56.7778 63.0006 64.1179 59.4115 58.0102 0 1.25197 2.48746 3.96965 5.53192 5.06125 5.49776 6.56098 90.3743 74.803 82.1748 89.6208 82.9379 88.9985 95.201 78.2596 14.7749 16.6452 17.3162 15.8434 23.476 21.2994 23.1035 19.48 21.0104 24.8195 20.7697 23.0025 59.1788 63.9415 60.447 57.302 66.2799 64.0673 56.8966 66.7542 101.309 100.428 108.181 110.567 11.7642 13.3998 74.2764 69.8402 72.5862 77.3296 89.2657 94.4409 71.0682 76.5912 27.4261 29.2454 96.1032 87.9821 42.2932 71.6597 65.9 65.5492 65.7661 67.8736 104.295 95.799 92.411 103.76 82.5314 81.6358 90.2127 84.6078 41.7175 44.6379 47.3047 47.1589 21.7386 21.749 22.158 23.1762 36.4738 43.3105 43.4625 37.7126 5.40212 6.38852 6.36147 7.08847 83.8286 86.0408 80.2683 76.3649 57.9034 66.1495 56.1067 60.7137 77.6814 70.1935 79.3804 69.8048 93.5686 104.913 97.8346 103.271 49.6579 51.9833 46.8441 47.0883 34.2374 59.8075 26.5712 89.2009 82.0636 29.3577 40.1259 23.0605 75.7171 93.4716 88.3807 36.2148 67.1155 94.003 129.38 61.1875 79.2373 46.2002 97.6486 56.6582 93.3896 69.1613 60.7072 104.546 25.6719 64.4186 75.4801 75.6312 11.9525 67.1751 19.0459 78.7669 75.9738 96.596 79.0293 65.4682 103.656 99.9869 47.1505 82.6532
49.3457 52.371 60.2157 50.8153 55.4013 57.535 72.5848 69.3281 74.9367 64.4047 77.2189 77.9192 81.4583 79.0871 81.4394 88.739 82.414 74.0843 78.5643 85.0363 83.3672 90.4435 56.2892 61.9548 53.4132 60.5408 61.9287 63.9097 63.6673 58.8936 1.25197 0 1.25787 2.53558 5.02106 5.26515 5.35364 5.68035 85.4586 78.736 89.276 84.64 96.9253 94.5287 78.8703 85.1266 14.9152 17.8752 15.0083 14.8714 20.7323 19.5665 19.8827 20.4649 24.5937 22.9065 23.1944 24.2638 54.6676 66.51 60.0038 65.6341 60.217 68.38 63.447 70.1109 100.196 119.161 98.8203 109.859 13.0504 15.1638 72.1258 66.8034 71.725 76.8481 91.5368 104.441 82.2528 68.4343 29.0304 31.8367 86.03 97.5719 42.0335 70.8115 67.4879 63.6721 56.8532 67.689 94.0244 96.1275 101.512 106.476 82.8593 88.5959 81.3046 81.3797 48.6917 48.0979 47.8321 44.2979 22.3692 22.1659 21.8008 23.1389 38.1904 41.0536 40.7811 43.371 4.27811 5.83424 5.65562 5.90214 74.0789 78.761 84.0875 84.27 66.8676 64.7088 58.2614 65.994 79.9246 80.7186 72.9287 72.4652 100.197 102.175 92.9165 90.6152 49.9478 52.661 48.9177 45.858 34.8173 66.9796 27.1587 85.8294 74.3044 28.319 45.2382 27.4009 72.348 89.5564 94.0594 38.7251 65.7608 88.7698 125.736 61.5416 71.6982 45.5666 94.7078 59.7026 94.1238 65.8193 67.136 93.2342 27.8506 70.7923 74.1221 84.6698 13.0677 73.3388 21.6292 71.9838 79.1824 102.033 74.1657 79.1889 110.519 94.7278 58.2117 73.1226
57.4704 50.9021 54.3287 52.295 49.7874 53.6734 62.5693 67.6759 73.005 69.7193 68.5009 77.3656 81.0268 79.192 81.5219 83.2719 83.089 82.2235 82.6305 90.8461 82.8213 80.2575 54.7524 61.4766 59.6888 58.6074 66.6498 62.7868 56.779 61.4756 2.48746 1.25787 0 1.2896 5.84426 5.0477 4.99554 5.20713 77.7162 89.8287 81.4694 87.0356 82.1832 84.2859 82.2064 87.8924 16.2129 17.1405 16.1145 17.6573 23.6806 23.6139 22.5465 23.0581 25.6251 24.0441 22.1346 24.9019 62.6883 66.1591 53.8629 64.6159 67.1507 68.8482 66.307 70.5197 106.065 104.777 115.854 99.0367 16.2261 13.8051 76.7634 71.1615 70.3748 86.6317 95.3596 105.701 72.199 74.2839 27.3513 32.0086 95.0283 99.6824 47.276 67.2777 62.7198 65.8264 58.7518 61.394 88.4104 99.0891 104.996 91.0303 80.7811 81.1935 96.515 86.8972 50.2024 46.3282 49.4826 48.4348 22.7258 25.7737 22.1352 23.0191 37.4525 44.1365 38.2689 41.1993 3.973 4.84623 4.6001 5.14046 75.5379 86.2246 86.2919 75.0409 60.9859 70.3989 57.4667 65.9745 80.6022 83.6434 78.4459 72.7198 101.155 95.4283 94.1917 108.749 54.7949 50.2375 54.0199 51.2462 36.248 66.3824 25.903 92.3645 81.1095 32.245 46.0842 25.0555 77.1588 88.6988 89.6739 36.5519 67.5306 88.0172 116.448 58.5494 82.1312 52.256 87.9092 59.4152 86.7099 64.9104 71.2598 90.4449 29.2326 74.1242 72.8105 82.8066 14.1466 73.245 22.7081 76.1733 81.1993 94.7667 77.6978 78.5028 114.023 111.623 56.5199 78.6378
50.2533 59.6788 54.6946 55.5179 56.1914 57.122 63.4949 64.5011 72.0036 62.4007 67.2471 74.1868 69.8478 69.1611 76.0307 88.5332 76.3698 75.368 83.5223 84.0377 79.0782 90.7336 58.6099 59.9841 55.4031 52.8168 59.8323 65.0743 62.4124 61.872 3.96965 2.53558 1.2896 0 6.38581 6.51419 5.92908 5.68755 86.3676 86.3858 83.729 88.8389 81.258 90.9691 90.6495 80.7672 18.3055 16.6686 16.5636 16.451 21.865 20.7938 20.1978 23.1322 25.1702 25.3713 22.873 24.6991 57.7167 63.4335 55.3627 61.5023 61.039 61.4148 63.7684 66.148 106.468 116.502 106.416 109.359 17.068 16.7128 73.8766 65.8776 74.5524 72.4512 87.7996 96.1771 71.6867 78.899 30.0418 33.2749 103.063 83.5891 45.5474 69.9776 62.5273 67.3404 64.0896 68.3852 99.4997 91.489 94.9935 93.923 93.931 87.5599 92.9236 96.0698 49.1331 47.0123 47.1707 51.1969 24.3678 25.4343 21.3947 24.9921 37.2974 45.8865 39.1791 39.6398 3.32298 4.13232 3.6067 4.666 77.1627 77.1178 87.0701 83.3337 69.5585 61.0133 65.5939 63.051 85.4325 84.6777 87.0275 83.6659 108.627 96.1321 92.5513 101.533 48.2897 52.1578 53.9733 55.5485 42.6742 58.8362 28.2795 83.9097 75.7395 30.2425 45.0186 31.786 79.4406 86.2093 102.259 36.7761 74.2487 93.5889 123.581 61.948 83.2969 49.3558 93.733 60.7104 94.2563 60.7815 63.6555 106.048 33.0417 66.6952 70.3767 85.1562 14.0877 80.4468 23.4291 77.1244 80.3759 107.281 88.401 77.7893 99.1983 111.782 59.2417 70.4756
48.8344 51.5178 50.6928 47.866 46.7614 47.1855 62.6046 67.2075 69.5346 66.8085 75.0183 66.8427 72.9809 74.3512 82.7578 71.4521 70.686 80.1956 75.1571 79.9519 81.1043 80.5301 48.4142 48.0618 56.6617 47.7006 57.2406 55.6693 53.1242 56.1887 5.53192 5.02106 5.84426 6.38581 0 1.23249 2.43173 4.10631 82.6285 80.0248 84.7444 76.6533 84.5766 78.0653 83.6125 87.0087 11.6193 10.8576 10.8894 11.4792 15.8025 14.6442 17.6266 14.867 21.1923 20.3212 18.0039 18.276 50.785 52.5853 56.0531 60.5156 58.841 57.1048 59.5605 57.8211 97.7231 114.328 98.6167 99.1196 13.0226 13.0449 68.3382 68.8255 64.8735 79.9879 83.192 91.9189 77.2626 68.8018 21.2172 22.2884 83.1527 81.9598 36.4611 57.6069 61.2609 63.1877 57.7913 52.6332 88.3724 94.8984 89.4428 83.3298 84.611 84.4747 87.0234 75.288 37.235 42.2746 44.7595 41.945 18.492 18.8452 15.4136 18.2782 35.5026 36.8018 33.4874 35.731 4.83828 4.62724 5.85222 5.91571 70.3144 74.1549 73.9516 76.0451 60.3906 57.3965 55.266 58.2878 81.5932 72.0657 75.2253 68.5693 101.602 101.759 95.6294 89.935 47.5324 50.1956 43.2481 43.8189 34.0325 61.4279 22.9606 79.5409 74.3335 26.9178 39.7518 25.7027 75.1608 75.2794 95.0601 33.6412 73.4745 88.642 111.308 58.0306 69.4385 44.7645 92.5134 63.1046 87.284 60.709 62.5143 95.7721 23.1064 71.6596 65.0745 79.3662 7.71961 70.0837 19.2014 64.7021 72.5185 98.5303 83.114 69.5498 103.793 93.2461 47.3406 67.6207
44.4586 47.5663 51.7645 47.7177 46.2025 47.1531 58.5171 57.2626 64.6218 59.6552 69.3647 71.6509 72.7525 65.4381 72.2238 73.0024 68.8186 70.1894 78.6403 84.7861 81.0213 83.2884 51.6354 46.9216 56.2806 51.3001 58.6218 57.9307 58.5135 59.6799 5.06125 5.26515 5.0477 6.51419 1.23249 0 1.367 2.4562 82.7417 71.8376 78.8974 82.7428 77.5565 87.5739 83.2705 77.23 10.5923 11.1317 11.0964 10.8966 16.9329 14.7293 17.436 16.3249 21.7688 24.533 21.139 18.7924 57.1037 54.284 56.7003 52.9642 61.1951 65.2511 56.6192 67.0124 94.2418 96.0873 103.951 111.906 15.619 13.9823 65.8322 66.0865 77.6969 78.0152 82.4434 88.3258 77.9602 73.7056 21.843 22.7357 92.1369 83.1191 37.4908 62.6763 62.1808 60.8484 58.4403 57.1057 97.0179 86.9053 84.7994 90.3042 92.2199 85.161 78.0424 76.6362 43.0312 42.1267 43.3764 40.602 18.448 17.3943 18.6594 17.4641 31.7622 32.7285 33.9858 37.0634 4.27361 3.88665 5.54409 4.36322 82.497 78.5364 79.6794 83.9626 64.028 65.5269 53.4821 54.4001 74.6333 69.8773 78.6699 69.468 86.4815 101.036 89.4658 93.4696 41.8907 44.6749 48.2192 48.4725 35.897 65.3854 22.7947 87.4237 72.7182 24.6804 42.2272 27.5862 72.7625 82.6737 94.8826 37.3479 66.8152 86.9626 126.234 56.3175 70.9989 46.176 90.3962 61.6796 77.0534 59.3711 60.4976 90.6507 28.0223 60.2062 76.0965 87.3176 8.09331 72.3916 21.8148 75.9353 84.9212 101.387 86.2935 62.4524 97.8774 105.971 47.2104 74.5066
49.458 46.1963 52.0273 49.9796 43.2827 56.6538 69.6011 68.819 59.8825 58.5666 64.5846 72.5363 66.2177 63.8851 74.1579 78.7436 72.3079 79.2896 74.7925 87.8163 86.7389 85.0571 52.0278 49.8697 56.9699 52.5004 52.1518 55.8879 57.1579 52.1443 5.49776 5.35364 4.99554 5.92908 2.43173 1.367 0 1.25296 83.9835 74.6161 81.9407 79.2922 77.6728 81.4896 80.3074 78.8827 11.7105 11.3571 11.5458 10.7202 16.4959 15.0454 15.7836 17.3924 21.8651 22.2924 19.2511 21.5304 57.1484 64.069 52.9632 61.8545 63.8167 64.9229 62.4057 65.5489 103.852 114.186 103.244 108.233 17.0424 16.2847 67.8654 65.0502 73.7492 67.1212 87.2603 92.5361 74.9547 81.9444 24.2673 25.0663 95.6398 87.9551 40.0068 65.9083 59.674 62.862 57.5017 54.8295 90.5989 99.66 90.0614 98.6659 88.3626 83.9367 84.9503 89.1677 41.059 45.8132 38.209 42.1918 18.1289 19.0837 16.7654 17.0495 34.8266 35.8364 37.3205 32.7031 3.15207 2.36823 3.96638 3.79689 71.6626 86.2877 79.3849 78.9419 57.1251 57.5586 57.3658 65.3505 71.5245 85.269 81.0901 71.0763 102.098 88.2838 90.3465 89.9874 50.3069 51.0263 49.2816 43.1536 33.5014 61.4504 24.852 83.9625 68.5029 23.6647 40.7383 28.0591 69.9384 80.4321 83.568 39.251 78.1505 81.892 107.095 52.9645 66.3375 45.7024 87.6169 64.6231 82.6931 60.8685 70.4753 99.9024 29.0429 68.8741 70.6097 80.1675 9.55283 66.9324 21.9285 75.1897 85.7218 92.4484 87.8739 63.6577 98.2983 98.4414 48.2528 63.8131
50.8091 45.2276 46.8905 55.6964 49.3528 51.5473 57.9992 60.1474 65.7989 66.4073 62.3194 70.6001 66.2638 73.346 69.5046 82.5201 68.8304 74.7795 85.105 88.3899 77.7735 85.5209 55.5705 46.5839 50.0901 54.36 52.9928 62.5644 52.8635 51.7591 6.56098 5.68035 5.20713 5.68755 4.10631 2.4562 1.25296 0 78.494 77.6855 73.3763 86.1447 80.2334 83.2809 77.6024 82.8688 11.7633 11.1583 10.4872 10.3248 16.4896 15.3978 17.3209 17.6486 27.2172 23.2726 22.4462 24.1941 51.6918 63.6136 59.9751 57.5203 62.5983 71.6699 67.7333 62.0041 102.035 98.8622 104.706 114.932 17.2291 16.323 64.6251 61.5619 76.7638 76.1429 91.5716 98.1646 85.0489 79.6278 22.9433 27.6614 100.04 84.4492 42.6678 63.1189 59.0808 57.7734 53.4 53.9607 96.5294 86.5034 86.3284 97.0395 81.7677 93.7714 81.4044 85.7791 40.1221 42.7745 40.6578 47.3158 19.937 18.6005 18.2029 20.0044 36.1218 33.1247 35.7039 39.4255 2.46574 1.75146 2.80881 2.55565 77.4183 83.486 84.6805 74.8168 66.6302 62.5026 64.7805 55.711 75.731 77.3264 74.2851 86.958 101.233 96.388 98.4639 94.8969 44.6055 51.2291 50.4428 52.5332 41.2855 66.8687 28.5021 80.4808 77.1035 23.5951 41.2012 32.2907 73.2689 85.321 88.56 42.6927 67.5763 87.9344 123.546 64.4558 80.529 50.6197 92.9287 59.7952 90.0225 63.3123 61.5959 94.5267 27.2423 63.3248 81.6328 84.0011 10.5677 72.8015 24.7411 67.5366 81.5214 96.9709 80.3959 72.3053 111.742 111.296 50.6024 71.5591
41.5225 37.1683 40.194 37.1984 37.8823 38.2049 41.6862 41.268 45.0525 44.5935 44.0057 40.5622 45.6947 47.9876 45.9881 47.3465 49.2737 44.4787 42.3272 43.7832 46.0301 51.734 52.9171 54.5703 57.2945 57.8659 45.273 46.9012 51.0414 54.278 90.3743 85.4586 77.7162 86.3676 82.6285 82.7417 83.9835 78.494 0 1.31368 2.65523 3.83348 5.07823 5.75107 6.40546 6.01296 68.0617 72.5749 73.5335 70.1783 66.8948 67.5106 70.0189 64.0096 65.0496 62.9383 63.63 67.1014 22.0875 21.771 23.582 23.5012 37.2403 29.7436 32.1331 31.3217 22.955 27.3512 21.6658 24.8795 75.2595 75.2763 58.6858 59.4001 49.3835 53.1147 17.1283 19.4647 80.1077 82.1034 51.4557 56.9258 11.7398 56.4993 45.4323 22.7688 24.0434 23.9466 25.9892 26.1873 19.4994 18.9029 18.8034 19.8492 17.9472 16.4953 17.347 14.0081 40.7593 33.5876 39.2126 40.4843 58.1968 57.992 59.374 66.0712 45.0222 43.3213 54.0289 44.8802 77.7324 87.7118 88.4895 90.6001 5.14483 4.32805 4.12401 3.678 29.6097 29.4227 30.0272 28.3615 70.4556 63.7374 65.2479 64.466 18.6322 18.711 18.99 17.1489 35.8816 35.9148 31.2833 31.3771 52.5564 51.9376 58.1034 43.7717 34.024 63.9975 39.0312 78.3955 41.0277 13.2551 30.9094 67.809 59.3922 50.9282 36.7411 35.3168 33.1097 46.8759 46.4088 59.9916 45.3579 25.4389 18.3006 23.1755 60.5434 48.0135 59.109 46.1104 70.1827 29.4782 77.3821 31.0399 65.5025 18.1139 68.4637 17.0471 32.2283 33.9277 48.9131 27.7081
40.665 34.5051 36.5284 35.5543 33.4101 30.707 40.5059 43.6907 37.2663 39.6203 41.6445 42.7016 41.1627 45.3388 41.6103 40.0803 44.2626 44.9749 40.8547 48.1318 49.2726 51.0577 53.947 48.4342 55.9128 58.0788 49.5772 47.0301 47.6562 56.9125 74.803 78.736 89.8287 86.3858 80.0248 71.8376 74.6161 77.6855 1.31368 0 1.31397 2.51413 5.93152 5.25148 5.53583 6.24277 66.8249 75.3787 67.8668 72.0286 66.3464 61.6934 60.5692 63.7693 68.2352 64.0345 68.2162 61.3449 23.4496 18.9398 25.0466 22.4732 36.6497 31.3449 35.7209 30.1165 23.5913 28.6253 23.1336 26.281 80.0354 78.1513 54.011 48.3763 50.563 53.488 17.387 21.1816 73.2088 74.9475 57.3585 55.142 11.6779 64.3057 40.5972 21.9187 24.1048 23.3813 27.9327 26.2092 19.842 20.1048 20.1628 19.2468 19.2984 18.6051 18.2579 15.1988 36.5168 34.7617 37.798 39.1489 57.3104 55.4284 63.679 62.0976 49.5226 45.088 52.0068 46.9826 87.9772 77.0638 80.794 84.5348 5.69374 5.5068 5.40673 4.62835 31.409 32.1506 32.8887 31.8012 71.0974 63.7342 70.933 72.764 20.3726 20.5541 19.9939 19.1111 31.0568 31.1087 31.0793 35.3416 52.7876 55.7018 57.8672 39.5887 30.5106 58.3337 39.2939 74.5077 40.7604 11.6554 35.593 60.9789 62.3501 45.3635 36.4904 33.7219 29.7525 47.9592 54.0177 64.4607 45.6808 24.2742 17.7028 27.4668 59.6119 46.7424 50.7923 53.516 65.0602 29.7843 64.4582 29.2187 63.4645 19.624 68.6861 15.817 33.0816 30.6135 48.0839 26.6561
38.1514 33.4776 37.7313 35.2555 32.5769 31.3787 39.7976 37.3306 36.1935 43.083 39.1104 39.2852 43.0234 39.9327 40.9198 45.9619 44.7876 45.4642 43.0426 41.1484 43.4555 48.5752 44.2131 44.8775 48.4696 50.0187 51.7059 48.5472 47.1906 52.8129 82.1748 89.276 81.4694 83.729 84.7444 78.8974 81.9407 73.3763 2.65523 1.31397 0 1.39519 6.05032 5.30105 5.64703 6.05136 70.8179 73.3366 66.2178 64.1896 63.5868 68.392 70.7127 62.4367 64.406 67.54 62.7249 64.3126 23.8765 20.7517 24.247 19.4692 32.5711 33.4745 34.1471 29.0799 23.5194 28.6362 22.6896 26.1285 76.2549 73.3742 55.6469 50.2146 50.1288 46.1665 16.871 21.3559 74.8707 77.0352 52.3693 57.7016 12.95 57.4807 45.957 18.2175 23.3244 21.9674 24.7515 25.5288 20.0612 23.8677 21.676 19.4319 19.4658 20.3468 19.4215 17.9284 33.2789 38.3027 34.8432 34.7636 55.9566 62.4841 61.7164 64.697 45.4232 43.4356 45.8399 44.4808 88.4459 73.7261 74.4175 86.0505 7.10773 6.19233 5.4843 5.87639 32.5981 28.2542 31.0302 31.6822 69.0822 66.6881 73.2438 65.7469 23.2214 20.6351 19.4091 22.6353 31.2149 30.8516 32.6231 30.373 54.2118 59.4723 62.4563 44.2989 28.6894 52.4458 37.7753 73.6849 43.2333 12.2899 32.1352 63.5174 53.0437 45.1064 36.3286 35.2335 31.597 45.8177 45.7693 66.3048 38.9434 22.9945 19.7793 24.7679 54.6651 48.6811 55.1346 46.5034 71.5576 30.1468 76.1259 31.2847 56.1028 19.5223 71.3415 12.6039 36.6974 34.0376 52.0648 21.4845
33.9012 34.6312 35.0203 31.3172 34.2716 28.5772 39.5391 40.4765 40.3592 37.6098 33.7379 36.3841 38.3992 38.2773 41.6486 41.4181 40.7149 41.1659 37.6045 40.9223 41.0616 48.1648 42.6902 47.6858 47.2829 46.6401 43.5852 48.5262 51.5961 45.3386 89.6208 84.64 87.0356 88.8389 76.6533 82.7428 79.2922 86.1447 3.83348 2.51413 1.39519 0 6.51378 5.8105 5.32615 5.00742 71.3217 65.8359 73.9582 71.531 62.9648 60.4194 61.4094 64.8635 61.6817 63.7351 61.2204 65.0014 21.1775 17.7272 25.1816 21.1846 33.5615 31.9422 37.1182 30.0638 28.3499 25.6627 23.8873 27.2716 76.3779 79.5907 47.0971 52.508 50.2758 50.331 18.5719 20.5106 80.6069 83.6737 50.594 54.1453 14.3338 62.6368 41.4159 18.0846 21.9096 21.2065 25.9998 23.3782 22.4055 21.6387 22.1174 22.4111 20.9547 18.8287 21.0526 17.9052 34.2333 33.6575 39.7671 36.3978 59.1082 54.9587 65.653 55.8673 47.4466 45.3996 43.193 48.4395 79.697 80.4749 84.843 82.3469 8.41176 7.78463 6.39949 6.05484 31.7231 32.4818 28.6798 27.8001 66.2465 74.3436 73.6365 72.4939 21.1675 24.0794 20.7578 20.3911 31.831 30.1909 34.3251 32.2836 50.5686 63.3047 53.5351 37.6398 28.3504 56.1376 35.203 79.6999 37.5682 11.3073 34.5844 68.1971 59.022 51.7682 44.6365 37.58 27.6469 43.7888 50.9572 67.0837 42.7563 22.6982 17.7366 26.8673 57.1646 45.8876 55.8365 52.8963 63.3454 31.4225 71.0962 32.619 68.2102 19.4894 68.9732 13.2188 33.9949 34.1866 51.9167 23.2032
39.585 40.0682 41.3059 36.3797 36.6893 37.6784 39.2744 45.5054 43.1911 40.6146 43.3028 44.3879 43.121 44.1768 41.8215 48.0973 41.5866 47.1802 42.3021 40.1753 47.2465 51.6447 52.3921 55.0297 51.1696 55.198 47.2941 49.646 55.4172 49.5431 82.9379 96.9253 82.1832 81.258 84.5766 77.5565 77.6728 80.2334 5.07823 5.93152 6.05032 6.51378 0 1.16714 2.65913 3.49168 76.718 68.4361 76.8548 77.5833 70.2123 69.3717 77.1064 77.0367 69.5142 72.1341 69.6098 65.5822 27.3757 28.3796 32.1073 28.0713 42.1072 37.7902 41.5472 38.3087 19.5072 20.0257 17.0718 18.7538 84.7134 81.5242 53.3773 58.1049 51.6008 55.5849 12.3823 15.6536 77.1233 73.6644 58.5823 58.9312 6.62522 59.0999 50.006 22.3196 29.1313 27.1059 30.5026 32.3016 17.4317 19.674 20.1199 19.8476 21.6598 17.6284 17.6046 18.4694 42.7712 38.7254 42.4898 42.9485 65.4231 62.6412 66.5455 63.8536 48.2533 49.669 52.2385 56.8263 79.5283 80.2122 84.4628 93.2684 10.3217 9.8017 9.65993 9.0375 33.9815 35.486 32.5866 31.6018 73.5222 71.1774 73.0564 68.295 18.0024 20.2811 18.6222 16.4753 35.9567 40.1274 40.928 35.2557 59.8828 57.1546 63.5409 37.514 31.9687 68.8646 45.2076 82.1487 41.8015 10.2574 32.7309 67.94 60.77 54.6912 34.6475 40.2685 31.5435 55.3307 51.4429 77.8946 44.4267 27.2803 24.2571 25.8881 60.9432 54.094 58.4022 49.5389 73.9656 33.0789 70.6504 36.5911 71.0562 14.8464 70.3271 19.6277 33.848 33.8741 51.843 25.3341
38.5318 42.7717 38.1888 35.5816 38.2929 39.6048 37.001 43.4452 39.5554 46.9837 37.9508 37.0705 43.1273 46.0477 40.0593 43.8045 43.3399 48.1427 38.5339 47.178 45.2777 48.4933 50.375 50.3132 54.4012 56.9214 46.4902 52.9419 51.0759 51.4065 88.9985 94.5287 84.2859 90.9691 78.0653 87.5739 81.4896 83.2809 5.75107 5.25148 5.30105 5.8105 1.16714 0 1.38709 2.50166 77.8467 69.611 76.0505 73.5098 70.1753 73.5047 75.201 74.6868 67.6074 63.8463 64.756 67.0757 26.2779 27.704 31.8139 29.2967 38.6073 40.8868 36.0324 36.1794 21.7505 24.2237 17.5168 22.603 75.4798 76.7529 53.957 48.6415 47.7885 47.0635 12.0491 14.828 89.3085 83.7854 58.962 59.8389 7.94019 53.259 50.9747 23.4963 27.1498 24.8621 27.4973 26.6377 20.7489 20.2694 18.5267 17.7064 22.3883 19.0247 20.2429 19.179 42.8246 37.4277 38.5911 40.3141 60.7888 60.3335 68.6159 63.5697 56.4789 53.4824 52.5341 47.5061 79.4053 94.1546 79.2728 94.0566 10.0143 9.83305 9.97341 8.93219 33.6579 37.4693 32.7394 34.5133 79.0361 69.2769 81.815 76.7274 20.9922 22.0357 20.3022 17.516 37.6488 40.1852 36.3885 35.7891 57.7707 63.7396 57.0864 43.9409 32.7155 68.3837 41.0944 74.2595 44.1208 9.32586 36.7844 68.2755 62.7979 53.5227 39.3011 40.6901 31.3379 47.5937 57.2422 71.7987 38.6638 28.4992 24.4945 24.4519 58.1374 56.1036 57.5962 59.0276 70.2646 34.8315 76.8701 34.2779 60.7378 13.2381 63.5549 16.8635 35.3438 36.7808 51.3122 26.093
39.3973 39.6403 38.2111 35.6588 37.5155 38.5655 39.3032 40.2503 42.9709 45.0256 35.842 35.293 41.0127 44.3221 38.1549 41.4692 43.3533 42.3318 44.6514 43.5241 43.5632 48.2462 48.1711 47.0602 56.6694 51.7282 49.4453 53.9105 53.8392 47.6362 95.201 78.8703 82.2064 90.6495 83.6125 83.2705 80.3074 77.6024 6.40546 5.53583 5.64703 5.32615 2.65913 1.38709 0 1.2088 65.4301 68.2535 67.6967 80.5179 64.8436 73.9034 65.4641 62.8819 67.9607 63.3747 70.7918 73.8732 29.8446 23.2295 30.8148 24.833 43.2285 35.685 37.5519 35.6829 21.9809 23.5595 18.2668 19.8704 75.8995 71.3061 52.4309 49.0219 44.59 50.2045 12.0314 13.6863 76.6632 79.5613 55.2709 60.3392 10.0428 60.6642 44.0011 21.0616 28.1351 26.8014 27.3617 29.1871 23.6724 21.3364 22.7976 21.1697 21.1878 20.7349 21.6966 20.8698 41.6446 43.7452 42.8792 42.4012 60.7134 65.4129 68.5919 69.3138 52.4724 51.6377 47.7935 52.9624 90.3015 79.635 89.1318 83.7839 11.2606 9.84241 9.93214 10.0142 33.5367 37.4467 36.3436 33.3445 70.8503 79.1913 71.7054 78.0891 22.5636 20.1953 21.4234 19.0262 40.3748 36.85 40.5704 34.7325 55.3161 66.0842 58.2294 41.9241 29.7881 64.9075 39.0363 84.9078 39.307 9.07009 37.2345 69.2394 65.8545 51.8949 36.2443 43.9759 31.83 50.0829 50.6277 70.4809 39.8782 31.8565 25.4698 26.625 58.5261 53.7192 55.4468 55.7524 74.0781 34.0687 73.8836 38.7951 62.2144 14.4651 71.5776 17.3917 39.4185 37.6902 52.116 24.0453
37.4129 36.6367 37.6046 37.4926 34.3092 35.6161 35.4732 40.0393 41.8389 37.857 36.4077 38.9352 38.5688 40.9514 40.6789 41.7916 43.9722 43.1245 39.7371 40.546 43.9373 44.3389 52.7566 46.9694 47.5522 49.6403 48.3501 47.9543 48.6603 53.0769 78.2596 85.1266 87.8924 80.7672 87.0087 77.23 78.8827 82.8688 6.01296 6.24277 6.05136 5.00742 3.49168 2.50166 1.2088 0 66.5454 65.0285 69.7351 71.0985 62.3888 67.9558 73.1352 64.2303 67.1881 69.2542 65.2 63.3192 28.1793 22.4812 29.3285 27.9951 40.3848 36.4941 43.4026 39.1959 22.4375 22.0362 22.5887 23.8378 80.6833 73.7118 46.4057 55.17 47.3875 51.6558 11.6645 13.0301 89.6704 77.157 58.1991 54.3927 11.2387 53.407 49.6592 21.2973 24.7225 24.3483 28.9303 28.5731 22.1756 21.4103 21.7734 19.8196 22.3822 20.2371 23.6326 21.7522 39.9053 39.3514 40.662 43.4213 62.9694 68.4189 61.1606 64.602 54.2859 45.6874 50.24 53.9615 90.6786 92.2051 87.8967 90.4047 11.919 10.3883 10.201 9.2404 37.2062 35.2548 35.9222 34.6417 72.1523 72.3014 82.2406 81.9086 23.727 22.7483 21.6442 21.9035 39.727 33.2897 39.4444 40.5434 57.0881 67.431 65.2259 34.3177 27.7669 57.3087 41.5745 73.8276 40.5447 7.21712 40.8471 77.727 67.2165 52.3255 41.9315 39.8225 30.3528 56.2955 56.167 75.5159 40.5774 31.9242 21.432 26.8372 56.1884 55.2633 63.6809 60.077 67.4556 33.644 68.0556 39.6939 69.5158 15.1336 68.172 16.8361 37.5835 36.8916 61.5806 19.926
35.0515 35.1636 37.1391 37.2366 33.8473 42.0033 57.875 48.2825 56.3449 57.1481 62.2975 57.8654 56.2755 63.0552 63.4691 65.6839 71.0195 67.4966 77.2036 70.6089 71.9594 64.5949 41.2496 43.2281 45.7659 43.5475 46.3593 44.2447 49.3115 43.4945 14.7749 14.9152 16.2129 18.3055 11.6193 10.5923 11.7105 11.7633 68.0617 66.8249 70.8179 71.3217 76.718 77.8467 65.4301 66.5454 0 1.19952 2.65894 3.87078 5.15995 6.09099 6.52553 7.1852 19.0443 16.9569 15.0569 14.9747 45.2851 46.9759 43.9709 43.9167 54.9084 55.2828 54.018 54.3242 96.3046 93.5819 90.905 84.9482 17.1871 17.0472 59.105 55.0342 65.2825 69.0361 80.0108 74.5624 68.4794 75.2369 11.6684 14.6706 73.7472 81.4287 29.7523 50.374 41.7987 43.9061 50.1498 47.2586 88.4922 80.348 76.9295 86.5414 70.0477 80.6993 74.4387 72.1436 29.6734 30.1747 29.5229 28.7025 5.78211 7.54681 5.982 7.21822 24.6689 22.8462 23.536 23.4908 13.7779 13.6506 15.9151 16.0079 63.3839 64.3124 69.8347 66.5952 53.4219 54.0445 51.482 53.5938 67.0345 68.8288 75.7604 69.0812 79.6783 89.7212 86.0341 78.0409 38.2851 35.3401 35.2448 39.2713 31.3018 57.1204 19.0374 72.1583 69.0183 15.0292 30.2636 26.8228 54.4369 69.3206 75.6963 36.7975 62.0608 84.8539 97.7318 51.4931 63.3132 42.1896 78.6666 64.9126 72.3369 45.5918 57.2345 91.0491 18.1993 61.1073 70.8046 80.5678 4.06251 56.0996 19.2407 62.3477 71.6062 80.9285 69.6794 59.0999 84.3938 85.0523 44.7975 59.6137
37.1615 39.2888 37.4133 43.1658 34.0757 44.6952 52.403 57.1813 50.2172 51.0559 62.9443 54.9125 58.4344 53.4173 68.232 69.1177 61.3643 65.7246 63.283 63.3783 64.6626 76.6392 37.5257 44.7292 43.3442 42.5023 51.2243 47.951 50.913 44.4003 16.6452 17.8752 17.1405 16.6686 10.8576 11.1317 11.3571 11.1583 72.5749 75.3787 73.3366 65.8359 68.4361 69.611 68.2535 65.0285 1.19952 0 1.36037 2.31594 5.54127 5.12377 5.22443 5.42892 19.3779 18.9031 18.6216 16.4917 49.5506 50.4727 40.5968 43.4009 54.4245 57.4545 49.3728 48.8849 98.8385 91.5647 91.1027 96.4234 19.8578 17.4882 50.4525 53.2387 56.0043 68.9196 76.408 85.9016 71.5447 69.8902 14.1004 16.1289 83.3904 81.0528 28.8167 50.1334 47.6046 46.5508 45.7701 49.1487 81.7248 87.7668 76.8737 75.9691 79.7441 69.9754 78.4972 81.661 33.4446 36.1119 28.6484 33.5239 7.22085 7.56734 6.49271 8.01936 21.667 26.9304 24.7508 22.7001 14.2509 12.2053 15.3375 15.0656 73.2381 69.096 62.7394 69.7004 52.8561 50.6958 48.0353 46.3302 69.9537 80.6066 75.2246 67.9279 88.5071 93.7719 77.6021 82.4556 38.904 39.1637 33.3196 35.5346 32.2976 56.073 19.576 67.2951 60.0581 13.7489 29.2813 27.1829 58.9036 71.5495 74.2405 32.7536 60.3593 87.0171 104.094 52.3805 67.0505 40.9552 88.9244 60.0871 76.6771 48.849 56.9922 78.8469 18.8393 62.2417 69.9903 80.8461 4.55357 63.8956 23.4639 58.1411 78.5422 88.4849 76.1388 51.0479 97.2051 89.6391 46.2237 63.1363
41.2968 38.9657 42.7104 39.1118 38.3454 37.589 55.5499 57.5892 57.9635 53.9024 54.3968 60.1719 61.7317 53.3764 58.8081 66.6477 62.3101 61.8993 68.6855 73.4985 71.0164 71.9723 44.6019 39.9964 45.1097 46.0291 50.0722 44.9182 45.2771 49.3044 17.3162 15.0083 16.1145 16.5636 10.8894 11.0964 11.5458 10.4872 73.5335 67.8668 66.2178 73.9582 76.8548 76.0505 67.6967 69.7351 2.65894 1.36037 0 1.36313 5.42811 5.46222 4.89225 5.33815 22.2877 22.0482 19.109 17.7451 47.9208 43.7353 41.3129 43.3909 54.9792 57.9298 55.5593 59.5915 100.983 88.1457 93.081 96.3886 18.2397 16.1131 57.7929 55.6188 55.5597 67.8736 78.7013 81.6757 76.5184 78.6821 15.856 17.1364 75.4731 71.9615 27.5374 54.4503 49.5023 51.2392 42.8151 48.3015 77.3745 88.8528 75.8358 84.2474 79.6852 70.27 81.3252 82.9154 33.4152 33.4072 30.7789 33.0004 8.06858 8.97605 7.28918 8.14152 22.0465 26.7869 25.1921 22.9806 14.096 12.54 14.4469 12.3768 64.8942 67.8187 71.7581 68.1607 53.0529 56.255 53.6126 52.7978 75.793 72.9541 78.9313 73.1128 91.9471 84.8061 78.2504 85.1814 40.4102 36.3578 39.8463 39.821 34.143 54.0408 18.2282 64.1772 66.893 14.4455 31.3306 30.0748 59.3697 68.0707 85.8777 40.5512 61.4342 77.6685 113.918 53.8988 60.3968 40.0852 87.0939 61.872 76.6467 48.6513 55.9399 86.5026 18.1513 59.606 63.7322 69.6704 5.8407 62.5259 21.4687 59.4191 73.3805 90.7968 75.8589 62.6212 85.3403 93.0747 47.9302 62.5569
35.9729 42.1389 43.0985 43.7462 39.1853 44.2999 51.3712 48.1742 50.9091 48.716 63.3964 56.8697 54.0161 58.7834 61.4867 62.9247 59.2461 68.6422 76.8087 69.3679 67.8383 66.8998 40.1183 40.5638 38.2633 41.9444 43.0709 50.1301 43.4237 49.4158 15.8434 14.8714 17.6573 16.451 11.4792 10.8966 10.7202 10.3248 70.1783 72.0286 64.1896 71.531 77.5833 73.5098 80.5179 71.0985 3.87078 2.31594 1.36313 0 6.66179 5.93541 5.21822 5.68207 22.1039 20.003 20.4005 21.3193 44.339 49.6081 47.5316 45.7643 57.6627 62.3303 50.1995 50.2308 87.4533 102.593 84.9775 98.9051 21.7673 17.2466 56.1776 58.7145 56.7717 64.5669 75.029 82.675 84.0525 82.1277 14.4228 17.5256 86.8824 80.8019 25.4658 55.8868 51.3017 49.6834 43.8053 47.5472 86.8358 84.5684 87.3816 89.2307 69.883 70.0404 81.1457 73.3791 30.9688 34.9084 31.6958 35.0778 8.37813 9.66489 7.93657 8.81839 24.2884 24.5582 24.4596 24.3418 13.6385 12.755 12.8201 13.1352 68.9047 69.5881 71.6202 76.5205 55.228 54.1965 49.1404 50.3223 74.2588 70.4687 73.3955 83.4774 92.1283 91.0441 88.8079 91.9981 41.1179 37.7948 40.2035 39.2581 32.7955 55.388 22.0507 65.6621 61.2425 15.0828 32.1819 30.9455 65.2484 77.1886 76.7901 35.1001 68.6483 81.1939 102.742 52.2166 65.2459 40.1861 86.9733 68.3221 65.3654 57.4419 60.8525 79.7704 20.2383 68.8609 67.5655 79.13 6.31894 59.7521 23.9069 62.4307 76.6547 80.8523 81.7302 55.2965 101.227 101.567 53.2272 58.513
29.6582 34.3077 36.1182 31.6275 33.6983 34.9847 42.7703 47.8562 48.8339 44.4292 54.7615 55.5392 57.2913 51.6919 62.2104 63.8699 64.064 64.7407 62.6206 71.1165 62.1208 60.3272 37.7643 34.736 34.0954 39.3157 42.6691 44.1532 42.5149 38.8924 23.476 20.7323 23.6806 21.865 15.8025 16.9329 16.4959 16.4896 66.8948 66.3464 63.5868 62.9648 70.2123 70.1753 64.8436 62.3888 5.15995 5.54127 5.42811 6.66179 0 1.24422 2.51284 3.4329 23.4203 18.6623 20.1361 17.6356 43.6776 43.9321 38.0984 44.4211 52.6464 48.5266 52.2582 53.1549 96.5446 99.0878 94.2077 97.6743 22.9865 22.5882 50.3551 47.7926 57.5331 60.9986 81.2738 72.7536 79.3216 72.5186 11.0549 11.5526 77.1595 70.5587 22.2053 42.3222 45.4644 40.3811 39.3058 41.5844 73.7621 77.0687 72.1803 74.9629 72.0909 67.944 72.8315 72.6614 26.2632 27.5032 27.927 26.6 4.41463 3.88083 3.18764 3.0567 18.559 19.9344 19.2759 18.7959 18.3788 18.0404 18.5249 19.4354 67.1646 65.9004 65.5168 60.0012 47.3208 49.046 49.9931 48.6622 80.0999 71.3532 68.5795 76.6631 79.0264 88.9947 77.7318 87.9323 33.0002 30.0957 29.7016 28.8669 27.1329 60.3173 17.1508 64.1287 61.7162 8.15677 24.2085 31.3149 53.8271 69.4781 72.8515 38.9255 70.2375 81.2711 95.1176 46.7035 53.2051 34.3206 74.4186 62.9984 66.9408 50.1215 45.8558 80.496 17.6049 58.6646 62.163 78.6416 10.5335 61.0022 22.6876 63.4917 78.8498 88.9523 81.0675 46.8204 79.3212 94.0559 46.1092 52.2997
31.5332 33.8286 33.7953 36.0174 33.4213 35.6249 44.2818 51.9062 51.6704 43.6781 52.0801 51.6027 52.4369 51.5788 59.0602 54.2797 54.2261 55.0896 69.5307 69.2115 62.7183 65.9294 35.6696 34.3364 35.4268 35.8777 44.8238 38.2612 44.4361 38.3852 21.2994 19.5665 23.6139 20.7938 14.6442 14.7293 15.0454 15.3978 67.5106 61.6934 68.392 60.4194 69.3717 73.5047 73.9034 67.9558 6.09099 5.12377 5.46222 5.93541 1.24422 0 1.25813 2.29468 23.2324 22.7397 19.3896 18.1694 43.5886 45.16 38.5416 42.0892 56.3175 57.7272 52.9889 56.0444 91.2747 88.1783 87.0161 89.7413 22.1766 23.2548 49.5676 51.5345 57.593 57.7079 77.2977 72.3895 71.7344 69.8063 12.7073 12.5224 70.9251 72.0137 23.244 48.2819 41.4718 46.2605 38.2641 39.3329 80.2687 77.5479 80.6537 84.3987 77.1169 71.9985 64.7507 72.7541 30.5874 28.525 31.0403 28.8409 4.97605 5.70964 4.52974 4.01076 18.8865 17.8046 19.7442 19.3646 19.2592 19.065 18.0496 19.5761 59.3858 61.7232 63.7618 68.3987 50.5216 45.3144 46.203 47.23 74.9518 75.421 69.3005 78.071 78.9473 90.4186 75.1719 77.3665 34.921 31.656 30.2332 35.9912 33.1629 54.4579 17.8888 58.0558 63.7395 9.54406 25.152 31.2574 51.5929 64.2296 82.5928 40.1012 70.4252 79.2698 104.088 49.0574 61.7648 35.724 86.0457 57.7026 67.4457 43.5438 46.0208 76.7529 19.8616 55.2316 70.8667 68.5109 9.939 63.2538 26.7776 61.9743 74.4132 84.277 82.3151 49.1469 82.5934 93.3025 43.992 56.1349
30.4968 33.841 31.5401 36.579 33.6224 34.8446 45.4862 49.3008 50.4474 47.7773 50.6682 48.2736 50.5953 49.1617 58.3686 60.4553 62.1031 55.7852 70.9722 66.6026 66.7905 67.4458 33.0132 35.01 34.3395 39.9581 38.7834 42.0035 44.7878 42.1666 23.1035 19.8827 22.5465 20.1978 17.6266 17.436 15.7836 17.3209 70.0189 60.5692 70.7127 61.4094 77.1064 75.201 65.4641 73.1352 6.52553 5.22443 4.89225 5.21822 2.51284 1.25813 0 1.18131 22.7607 20.6811 20.457 22.0179 44.5213 44.9551 38.2557 44.2797 55.1668 52.2485 47.3417 53.2046 88.474 95.6523 86.2222 87.0042 23.3018 20.7948 52.5448 50.6719 59.8775 63.9299 78.6191 71.1041 72.3452 79.468 12.2992 14.52 77.3351 75.5345 23.6329 44.7913 42.8924 40.1118 43.9262 40.691 88.2875 88.8923 86.0911 81.7894 65.8245 77.6067 67.025 74.3126 30.4448 33.7445 30.8165 30.3363 6.34105 7.17953 5.47436 5.83116 18.43 19.7724 17.9367 20.7598 18.2227 16.7007 19.8398 18.2002 61.685 70.2961 67.9954 66.2518 46.2149 52.0961 48.8675 46.4701 70.4022 70.9435 72.0443 73.7463 84.1645 82.0412 77.7026 86.5854 30.9374 35.058 30.6356 37.2488 29.6414 53.1656 20.4349 62.8656 64.6076 8.50211 23.748 35.7197 58.0927 65.9888 81.7651 43.2016 74.1174 71.7656 94.3795 51.4143 59.7598 43.7469 84.0281 57.8998 66.3925 48.092 56.6521 86.3378 17.8886 59.4152 67.421 73.3535 10.2088 54.0595 26.3577 57.9873 76.0745 90.6856 72.8445 56.4102 89.2331 80.7145 47.7558 52.4153
32.7014 33.8695 33.6501 36.9341 35.3103 38.5341 44.7722 51.9963 47.4061 44.1744 56.887 55.6365 51.5908 50.6188 62.4876 62.3328 57.5624 58.7878 68.9814 62.9557 68.4811 60.3191 36.8675 34.4665 38.2304 38.5142 39.5256 41.4341 38.1314 40.4374 19.48 20.4649 23.0581 23.1322 14.867 16.3249 17.3924 17.6486 64.0096 63.7693 62.4367 64.8635 77.0367 74.6868 62.8819 64.2303 7.1852 5.42892 5.33815 5.68207 3.4329 2.29468 1.18131 0 26.803 25.7394 22.4365 22.5686 40.3805 40.8169 43.6942 42.2613 54.3124 52.0919 48.4455 56.9338 95.0018 93.3711 80.7778 92.3984 24.42 20.5817 48.285 50.7317 56.745 63.8108 79.9934 80.1448 76.0618 83.366 13.0532 14.2715 84.6678 67.9935 22.911 46.8621 44.7121 43.6288 42.5285 41.8884 86.2813 81.1101 83.2138 87.9106 76.5837 72.0333 73.4953 68.7305 28.6737 30.6865 29.571 31.5437 8.55265 7.13825 7.3039 6.74821 18.9893 22.3273 18.0903 20.9354 20.219 17.6279 18.6656 17.0673 69.273 63.3495 64.8062 70.0657 52.4884 47.252 51.1219 49.1413 72.1204 78.5223 74.6543 83.1488 84.4097 92.4831 83.5093 83.6234 37.4628 33.748 32.1283 36.6427 32.9233 61.8057 19.2492 64.0244 55.7879 8.99383 24.8677 32.6372 51.3263 74.261 84.0146 39.8348 69.1793 82.5989 98.895 51.431 60.6128 38.8508 76.2887 61.3871 66.9845 48.3837 48.1198 83.6525 21.6367 64.1912 66.6864 75.074 9.7901 56.4374 27.1113 59.7132 74.0438 89.2699 72.2144 56.2886 88.406 82.0567 45.011 60.1538
40.1972 46.5003 44.2205 49.7863 43.2443 47.2405 61.3779 65.9359 56.5197 62.9326 61.0327 71.8302 72.236 64.5528 70.9443 72.5601 69.1685 75.7036 74.5317 74.342 75.9648 87.023 53.3928 59.2069 53.2006 60.3887 61.3774 57.1899 56.187 65.8961 21.0104 24.5937 25.6251 25.1702 21.1923 21.7688 21.8651 27.2172 65.0496 68.2352 64.406 61.6817 69.5142 67.6074 67.9607 67.1881 19.0443 19.3779 22.2877 22.1039 23.4203 23.2324 22.7607 26.803 0 2.41889 2.74038 3.53759 41.6123 47.2817 44.7201 41.7576 44.8978 41.0369 38.56 38.4998 84.2909 88.6181 85.0169 91.69 12.1021 10.0724 72.1672 71.5925 70.3027 81.1785 84.6096 90.2382 57.3009 57.8776 15.2476 18.3554 82.4257 96.8053 33.0123 50.4976 49.5842 47.0785 47.9307 47.2994 76.2466 78.8306 81.933 79.403 60.959 64.7287 67.3319 65.4875 27.9263 26.7882 29.3379 30.4193 18.4651 18.0086 17.1895 20.514 34.5517 33.7722 31.4327 34.434 24.5746 26.8043 26.4058 25.3648 67.3721 66.438 64.4064 57.4253 38.8906 37.6408 40.6968 40.2171 58.9808 54.0706 55.1279 54.5274 80.6919 71.6274 70.6806 82.4697 32.508 30.3284 29.1862 34.3789 13.4715 34.61 7.85104 84.4521 66.4575 30.1337 30.0329 10.0895 66.8074 76.774 65.6563 16.0207 51.5376 67.8591 93.1021 37.9789 64.9835 23.8402 66.5902 43.0653 84.4254 40.7354 46.4508 75.1341 10.2156 48.5288 51.1924 62.8274 18.1706 51.1693 6.48296 51.5521 52.4014 91.3814 57.3261 59.4174 84.2338 78.0789 26.967 67.6657
41.1644 38.3107 46.577 41.2968 42.3649 42.2961 53.5735 62.6427 63.283 60.3964 62.3914 68.9613 64.5059 65.1421 69.1309 72.4272 74.5847 77.6782 70.6158 74.3688 81.387 80.5963 51.7767 50.6754 55.8525 48.996 55.3722 56.2418 62.5767 60.953 24.8195 22.9065 24.0441 25.3713 20.3212 24.533 22.2924 23.2726 62.9383 64.0345 67.54 63.7351 72.1341 63.8463 63.3747 69.2542 16.9569 18.9031 22.0482 20.003 18.6623 22.7397 20.6811 25.7394 2.41889 0 3.82258 2.33942 40.0279 43.4684 39.1742 39.0274 36.2515 42.9109 40.4792 36.6064 81.1358 92.7931 84.3825 80.8862 14.1574 13.5053 68.7203 67.2464 73.5195 66.4151 80.5693 82.6736 53.2289 59.3475 14.4971 16.4058 78.5564 81.643 30.829 47.4169 44.3682 48.7328 47.6113 43.6956 76.0076 75.8385 67.4505 70.4479 68.2991 61.7501 60.4606 68.5133 24.3213 28.8794 24.4213 27.1112 14.851 17.9674 16.2167 18.5394 31.0443 28.8698 32.0307 28.6713 26.3745 27.1187 25.2662 25.3028 55.1379 55.6861 61.681 62.6118 40.1487 42.2181 37.3507 42.2669 55.9577 53.8138 57.5587 50.0454 80.6944 71.7851 72.6414 70.8417 30.5611 29.6716 29.8969 27.0976 13.7855 40.3895 5.66817 80.2844 61.5998 29.0096 29.987 14.3438 64.6354 64.3835 75.0224 17.1597 43.5389 60.3524 86.262 35.588 64.8026 23.044 61.3897 37.4607 81.216 38.6244 48.4905 70.2799 8.83388 47.1027 54.2402 58.9484 15.5863 45.6376 8.8849 48.8938 56.2195 73.0692 55.0878 56.1089 80.4029 76.5979 29.991 55.183
42.5367 40.9177 45.6801 41.2948 42.7721 45.3065 63.6706 57.743 65.039 60.8787 66.0303 61.8729 71.3537 68.7046 75.3112 68.7807 73.8982 73.8908 83.2492 76.6616 80.3795 76.7256 51.5583 52.4804 48.5785 55.773 54.5402 56.7777 57.89 62.2721 20.7697 23.1944 22.1346 22.873 18.0039 21.139 19.2511 22.4462 63.63 68.2162 62.7249 61.2204 69.6098 64.756 70.7918 65.2 15.0569 18.6216 19.109 20.4005 20.1361 19.3896 20.457 22.4365 2.74038 3.82258 0 2.29236 45.2561 46.896 45.911 44.4072 42.4782 42.8574 42.7143 41.4751 93.3 100.495 83.177 83.4508 10.4789 9.06985 71.2583 66.1475 76.5705 68.1441 88.1357 89.0461 63.2311 55.2258 15.5579 17.1644 70.1818 80.9178 35.5542 50.254 46.2693 52.1584 49.5163 54.6305 78.5589 78.8324 80.9463 78.7102 64.6796 72.0961 66.9848 66.1085 31.8357 31.5508 29.7533 31.8311 15.0481 18.2358 18.1545 16.9506 31.3265 31.1375 31.0407 35.5993 24.6263 24.8564 26.3991 26.9102 68.7721 61.1724 66.0771 64.7232 37.8761 44.1146 38.055 43.8812 56.6542 55.1005 56.7218 54.0224 77.6277 76.8896 81.301 77.2576 34.2763 30.8421 31.5455 30.5116 16.6754 41.6572 8.31985 84.1059 71.327 25.8757 33.3306 11.895 69.6372 78.7554 67.1311 18.7223 48.8457 69.4185 97.8199 37.6449 72.1845 28.2701 74.1902 41.8902 80.063 43.2191 48.81 76.8124 10.685 49.8408 51.4529 63.1058 14.4828 52.0612 6.02733 54.8741 60.5253 87.8646 64.6244 57.819 84.3947 86.3061 33.6823 63.2606
36.9939 43.2311 44.9558 41.7663 42.8706 42.5092 54.5228 58.2862 64.4802 55.2038 59.6778 67.6912 58.5466 66.6817 75.3954 65.0815 75.876 64.3793 74.7277 75.7071 74.5173 76.6508 48.9372 48.2279 49.5907 55.5623 57.5579 55.838 60.4785 55.1214 23.0025 24.2638 24.9019 24.6991 18.276 18.7924 21.5304 24.1941 67.1014 61.3449 64.3126 65.0014 65.5822 67.0757 73.8732 63.3192 14.9747 16.4917 17.7451 21.3193 17.6356 18.1694 22.0179 22.5686 3.53759 2.33942 2.29236 0 44.3153 40.721 41.774 42.3738 44.2361 45.0175 38.2455 40.8264 88.899 90.3112 93.1691 88.1066 14.3699 10.6868 65.8898 71.6664 73.3561 75.2125 82.5356 81.0277 54.5506 59.4226 11.5554 14.7215 70.8556 85.4146 32.4784 54.7395 43.0782 50.2032 43.3163 49.5927 78.8607 83.2924 76.5092 81.9857 70.9326 65.4219 68.9325 59.8163 25.8498 26.5916 25.9307 27.9253 13.686 16.227 14.2253 16.8648 28.2829 29.0187 31.5505 28.7069 23.3399 24.9458 23.187 24.6969 58.2207 64.6115 61.7136 67.5817 38.6989 41.431 37.5187 44.2135 52.9523 52.6508 60.9528 60.9374 73.8309 82.5511 71.2448 84.3137 32.8669 31.4041 31.9302 32.1805 14.5202 40.4226 5.40759 69.1449 72.8501 22.6278 28.606 13.725 69.1873 73.7341 72.5599 19.2039 55.1259 65.4006 91.9861 34.0959 63.0729 25.6298 64.3421 41.1335 69.6864 39.3068 49.6351 81.3476 8.23549 43.7407 50.8213 60.5799 13.5511 46.1693 8.76358 46.7837 52.731 79.3057 57.352 51.3826 80.149 76.0712 30.2418 54.7309
20.5266 19.222 20.6881 20.6308 17.3162 17.9348 30.7765 31.197 34.2735 34.4563 34.0367 38.6059 33.5719 35.7834 39.5703 39.7104 45.7084 41.4179 48.7995 47.0129 47.3828 52.0703 33.1327 40.2751 40.0587 41.7874 38.773 40.7145 39.3327 41.8951 59.1788 54.6676 62.6883 57.7167 50.785 57.1037 57.1484 51.6918 22.0875 23.4496 23.8765 21.1775 27.3757 26.2779 29.8446 28.1793 45.2851 49.5506 47.9208 44.339 43.6776 43.5886 44.5213 40.3805 41.6123 40.0279 45.2561 44.3153 0 2.31231 2.43865 3.24236 23.6286 22.5708 24.4028 20.6493 52.0016 45.6776 42.4491 44.0557 58.6557 54.9801 45.3442 47.1022 43.0757 48.5568 36.5003 36.4402 70.8441 71.3622 31.9288 31.0344 33.5967 53.7259 23.3971 11.8856 11.8916 13.595 11.9395 14.4931 40.0967 39.9888 35.0102 37.5477 29.1997 33.9212 30.9779 32.8529 13.9671 14.0049 14.8829 14.9977 37.5511 40.4272 42.1405 41.6489 28.4927 25.087 28.6432 26.6224 61.2584 59.7638 57.8646 56.1181 20.8883 24.2768 21.6707 21.4994 19.1149 20.7531 19.0148 16.9959 59.8737 58.0596 56.6663 63.1701 40.9902 40.6404 39.2774 36.6994 11.764 10.1291 11.4409 11.1277 34.5006 44.6649 31.9794 44.3873 34.2054 39.1452 18.7812 50.9938 39.194 27.5665 43.3754 44.2625 54.0667 46.8239 63.4975 23.9884 29.5408 28.803 55.0086 52.9011 47.4082 12.4231 11.2607 41.6143 35.9439 38.7805 50.6085 46.1395 49.7751 23.3997 47.4561 29.7673 57.1596 44.6239 59.3413 15.3644 52.0436 47.6235 35.4667 24.5898
22.0577 21.292 20.9309 18.8926 19.51 18.9243 28.5478 30.4462 29.9525 35.5882 30.9122 35.0153 35.8263 38.3501 36.0436 41.7477 40.3275 42.9097 41.7603 42.7796 48.663 49.5291 39.1679 38.9716 39.7319 38.293 33.3597 39.62 35.7659 39.0663 63.9415 66.51 66.1591 63.4335 52.5853 54.284 64.069 63.6136 21.771 18.9398 20.7517 17.7272 28.3796 27.704 23.2295 22.4812 46.9759 50.4727 43.7353 49.6081 43.9321 45.16 44.9551 40.8169 47.2817 43.4684 46.896 40.721 2.31231 0 3.49843 2.78368 28.0868 27.4541 23.3809 23.542 43.2658 49.2487 45.4323 44.14 59.1851 58.886 46.5956 44.6549 40.9051 46.5726 36.2692 34.5572 75.9045 68.3314 32.8182 32.3304 31.2275 59.0898 25.2406 10.9881 11.3504 10.2997 10.8136 12.3535 40.9776 37.5549 35.2286 35.9888 27.9547 29.4378 29.2306 29.1435 15.126 16.2047 16.5246 17.3604 44.486 39.3364 42.6363 39.4007 29.1785 25.8327 28.2704 26.9023 62.8593 62.1706 63.5819 58.7153 20.9052 19.838 20.0475 22.4621 23.1807 19.2529 20.6301 20.1546 65.5856 67.8243 59.404 65.6247 38.5838 37.8846 39.7039 42.6425 14.6862 11.9625 14.9546 11.638 37.2121 47.1504 37.8053 42.4751 30.784 41.2729 21.2159 55.9568 33.1964 25.5079 41.4577 47.5587 56.0349 47.2092 61.1269 24.3651 33.626 31.3037 53.0889 58.1462 44.6267 14.229 11.762 41.6229 35.3389 39.4946 51.7261 52.4714 48.9909 23.2197 50.7827 28.822 54.1606 40.4725 54.3597 10.9322 50.3326 49.3641 35.6923 23.2182
16.8713 19.0874 18.2945 18.9712 16.8016 14.7591 27.5449 32.9377 30.2138 29.5396 36.2262 34.4286 33.0305 37.1489 40.9351 44.0909 44.9621 40.7523 45.7726 41.8063 44.0635 46.0395 34.7459 35.3803 37.6385 34.9182 31.5729 38.5204 35.7892 35.673 60.447 60.0038 53.8629 55.3627 56.0531 56.7003 52.9632 59.9751 23.582 25.0466 24.247 25.1816 32.1073 31.8139 30.8148 29.3285 43.9709 40.5968 41.3129 47.5316 38.0984 38.5416 38.2557 43.6942 44.7201 39.1742 45.911 41.774 2.43865 3.49843 0 2.41086 28.246 26.5975 26.5382 25.5824 48.5845 51.4405 44.0434 53.3625 54.2557 49.4147 38.4726 43.817 39.3925 43.1627 39.3776 37.2906 68.9632 75.7031 31.9205 29.2471 35.5195 55.6319 20.8834 13.1777 10.5848 11.8128 12.0431 10.9196 43.949 37.7572 38.6058 37.1492 32.1629 30.7426 32.9734 31.8581 12.7236 11.5021 12.9411 11.7297 39.785 35.138 37.0441 38.2791 24.9028 25.5174 23.9666 24.4213 53.0869 54.3039 63.8575 58.1857 21.9926 22.801 24.186 22.4596 21.9596 22.2246 22.6631 18.9991 63.7058 58.9495 58.771 57.0719 41.0943 43.5507 38.8543 40.1745 10.7111 9.81135 10.7281 9.06549 36.7353 47.5013 36.9167 46.1678 30.5496 35.5664 14.47 54.703 33.8613 27.7484 44.2829 50.3154 47.461 50.5075 64.811 25.614 32.2538 27.8118 53.3572 59.1766 40.1201 13.8033 14.4685 44.4452 31.5554 43.1575 48.6218 51.9284 49.9241 27.8441 45.0239 32.5778 59.663 43.408 59.7714 13.8838 48.5922 53.2825 39.437 22.431
19.4488 16.1899 16.9046 19.163 14.9406 15.9605 26.9069 31.0644 28.4993 33.2085 30.0313 33.8073 31.3186 31.8193 34.4262 37.6009 40.6239 38.3777 42.8138 43.4777 46.5909 41.36 34.3526 37.1445 37.0683 36.8127 34.2443 36.5195 37.7184 39.782 57.302 65.6341 64.6159 61.5023 60.5156 52.9642 61.8545 57.5203 23.5012 22.4732 19.4692 21.1846 28.0713 29.2967 24.833 27.9951 43.9167 43.4009 43.3909 45.7643 44.4211 42.0892 44.2797 42.2613 41.7576 39.0274 44.4072 42.3738 3.24236 2.78368 2.41086 0 31.1365 28.6346 27.6543 27.1814 49.1235 52.6768 47.1471 45.2967 60.9172 57.6446 43.5288 43.5648 38.7767 42.0479 31.7818 35.0848 69.2364 71.253 36.1602 28.8024 32.8003 60.7759 21.4379 9.05107 8.77998 8.9437 9.73219 10.8248 39.4601 42.0207 42.6696 41.5076 31.493 33.812 29.34 34.5356 16.2696 15.331 16.1192 14.9381 42.9622 40.3488 43.5293 40.0738 26.8948 27.3609 24.6018 28.1743 62.4753 62.8785 56.1311 64.4418 23.2301 22.7928 24.0531 23.5005 21.9664 23.3595 22.0025 23.0269 64.234 64.698 64.5772 66.0362 37.325 44.0707 36.3604 40.2198 13.5745 11.8598 14.4747 12.6449 34.2926 43.7869 36.4831 39.9536 33.031 33.2756 16.6931 54.1928 32.5681 29.0105 49.2822 50.256 55.4905 47.4312 64.179 24.2468 31.4807 32.0281 51.8716 55.6089 38.2444 16.6204 12.6111 43.8376 34.3152 40.4482 52.901 53.7448 47.7259 28.7908 51.7951 33.6104 60.6127 37.5161 57.1488 10.7554 50.4278 52.3988 35.8465 19.0667
41.6132 40.6074 41.319 42.5342 38.254 43.7213 55.7959 59.6286 57.1248 57.0383 63.4541 59.742 59.1946 65.3878 64.4224 64.6019 73.6144 72.9986 73.1965 72.2019 75.9585 77.5719 60.7894 60.1472 56.6373 58.3306 67.2206 66.0673 63.5363 62.6242 66.2799 60.217 67.1507 61.039 58.841 61.1951 63.8167 62.5983 37.2403 36.6497 32.5711 33.5615 42.1072 38.6073 43.2285 40.3848 54.9084 54.4245 54.9792 57.6627 52.6464 56.3175 55.1668 54.3124 44.8978 36.2515 42.4782 44.2361 23.6286 28.0868 28.246 31.1365 0 2.71382 2.54108 3.7049 56.1246 54.6041 57.2043 60.6103 49.2801 52.3814 70.9552 65.6034 77.917 78.6914 53.186 56.9939 41.3148 46.9693 42.4226 36.7799 46.7397 88.2661 48.6448 35.5229 37.8871 35.972 40.4734 36.5781 37.0575 37.2872 36.0693 40.2031 29.6826 27.9678 25.2798 26.3329 25.6407 26.8691 25.9237 29.4109 43.1808 44.3963 49.8786 51.4467 48.4969 47.2423 44.6713 41.7188 66.9263 58.9462 72.4957 62.426 29.775 31.3542 32.2766 28.9242 5.81094 6.32535 6.35652 7.75902 38.1581 36.1035 33.9993 35.3668 37.1988 37.765 39.4174 38.8653 24.9598 22.9534 24.7944 24.0732 29.4261 24.0937 37.7309 65.2157 59.4904 52.4277 37.4504 45.3533 64.5441 42.5516 31.6005 37.9491 22.5467 27.3821 58.2362 5.24957 62.4348 16.8096 29.5773 33.1168 68.0787 12.6688 19.4685 39.6424 35.1774 16.5489 24.623 25.1373 49.6298 8.45482 49.5594 9.07304 30.7075 50.8118 33.1608 37.775 36.1063 38.5448 17.3559 48.8761
45.9351 44.9417 39.6388 44.9865 39.7431 40.293 51.7485 55.3115 57.8042 55.938 57.7329 56.0308 62.0392 56.8681 64.324 66.2166 69.0076 64.0401 62.1907 65.9101 65.8989 69.8427 56.3796 66.4359 64.6453 61.2788 55.7056 57.6041 61.0339 63.5238 64.0673 68.38 68.8482 61.4148 57.1048 65.2511 64.9229 71.6699 29.7436 31.3449 33.4745 31.9422 37.7902 40.8868 35.685 36.4941 55.2828 57.4545 57.9298 62.3303 48.5266 57.7272 52.2485 52.0919 41.0369 42.9109 42.8574 45.0175 22.5708 27.4541 26.5975 28.6346 2.71382 0 3.42063 2.4666 50.3155 50.489 50.6733 55.0028 54.3164 58.3699 74.4055 76.0839 65.7812 74.1144 54.6468 50.511 48.1285 41.6012 44.2966 41.5015 40.6858 82.8024 46.9372 32.4964 35.8136 34.1805 39.4998 38.0806 36.1014 32.892 36.2534 34.3508 27.5734 27.1262 22.4779 24.7343 27.1051 23.7945 28.0579 28.6159 44.6235 52.1911 49.0168 51.8533 41.4598 46.4982 48.0529 48.5774 63.652 72.3836 67.2295 72.3359 29.5127 26.5487 28.1064 26.2253 5.09504 5.30136 5.98367 5.55611 37.9794 40.6757 40.4706 39.786 41.3213 39.699 37.6622 37.1778 20.9414 21.602 23.7263 22.5438 29.0049 24.1659 35.4629 68.2653 60.5637 51.0922 36.9722 47.3464 62.2006 42.1718 27.3133 40.424 25.6504 25.8394 60.292 5.52245 57.7089 16.666 28.6903 34.3845 65.9447 12.1912 15.6776 34.1359 37.5267 18.3653 25.0157 24.7879 55.1788 6.48088 48.7385 8.44702 30.0528 50.0392 36.0863 34.5866 37.3768 38.6531 20.5354 45.8975
39.2221 39.3824 41.6313 46.5883 42.7141 38.7644 50.3981 50.6623 61.0991 62.3301 58.4262 63.0227 60.9862 65.0676 66.9078 68.8021 70.3295 61.3771 72.207 70.4737 66.2546 64.217 59.2693 61.672 62.3191 64.8424 55.3235 56.3818 64.664 63.8015 56.8966 63.447 66.307 63.7684 59.5605 56.6192 62.4057 67.7333 32.1331 35.7209 34.1471 37.1182 41.5472 36.0324 37.5519 43.4026 54.018 49.3728 55.5593 50.1995 52.2582 52.9889 47.3417 48.4455 38.56 40.4792 42.7143 38.2455 24.4028 23.3809 26.5382 27.6543 2.54108 3.42063 0 2.36046 53.7977 50.8139 49.0126 57.3896 52.8602 46.8446 69.8358 72.3611 71.856 70.2975 56.2692 50.0306 49.7079 40.7958 41.4572 38.2123 46.1619 78.2335 40.9044 35.2141 36.3602 34.9562 35.7247 34.2361 39.0901 37.4787 35.881 36.3786 28.4131 30.6585 25.8628 29.612 22.4576 21.4318 26.5408 24.0166 40.8631 40.6684 46.7287 49.1537 46.1115 46.008 45.8667 46.9028 63.8506 64.2792 63.5979 60.534 31.6769 29.3752 32.5847 30.2477 3.69989 4.66125 4.83428 5.00496 42.6351 38.5088 37.3211 38.9362 43.8844 41.1691 43.5236 38.8668 22.0699 20.3062 21.0892 22.6618 23.4078 22.7871 36.3831 61.7552 57.7851 46.4002 32.1369 47.3328 67.1977 41.8191 33.7244 32.4456 25.416 29.2728 63.376 2.65431 59.8514 15.5717 30.8071 32.9981 69.2911 11.1267 18.2815 39.5777 31.7397 16.1314 22.7279 28.3111 55.3012 10.3158 47.5571 10.6274 32.5857 49.7434 34.5701 32.1249 37.3398 42.7395 15.5503 43.3062
44.7735 37.073 43.1644 41.5408 36.35 40.583 51.68 54.0683 56.9923 51.4493 53.4177 55.2058 59.7129 55.4965 68.2961 60.1552 63.2621 64.6916 60.0316 67.0576 64.0923 70.7135 53.9439 62.5716 55.9691 62.5444 63.5842 56.7929 57.9729 59.3351 66.7542 70.1109 70.5197 66.148 57.8211 67.0124 65.5489 62.0041 31.3217 30.1165 29.0799 30.0638 38.3087 36.1794 35.6829 39.1959 54.3242 48.8849 59.5915 50.2308 53.1549 56.0444 53.2046 56.9338 38.4998 36.6064 41.4751 40.8264 20.6493 23.542 25.5824 27.1814 3.7049 2.4666 2.36046 0 53.601 57.6197 50.5859 55.03 50.9156 56.036 71.8231 68.5517 72.3406 68.6252 50.3921 53.6924 48.323 43.8278 41.2457 37.4218 41.2022 73.8748 42.3945 33.8048 34.1508 31.4698 37.4741 33.2481 35.8763 40.0877 37.1732 38.3466 27.1123 26.4448 28.0064 26.9563 25.9986 22.4607 26.356 25.1889 43.975 47.255 47.6719 46.4321 37.9403 38.056 39.6245 44.2625 69.4056 62.0156 63.0766 63.8353 26.2994 30.5423 26.059 29.5079 2.32784 3.02892 3.38333 4.00671 42.9816 39.8874 41.3341 42.7987 39.1364 41.7391 41.4726 42.0463 22.0995 19.3757 19.4529 21.9776 27.0238 23.3719 38.6212 68.8608 54.2486 45.8932 33.4553 45.3381 60.362 46.9279 26.6517 35.4331 27.0239 28.2961 56.1052 3.98324 50.5935 18.3161 29.4364 35.6596 68.9908 9.3728 14.6534 36.8896 38.6187 19.6776 27.7674 28.6281 48.3314 7.32362 43.1178 10.072 34.5596 48.1721 37.207 33.0933 41.329 41.9425 18.0863 42.3323
61.1809 65.8023 65.8832 61.9309 55.7035 52.035 53.7185 57.9914 55.4838 67.0756 56.3844 62.81 54.7353 64.8321 56.9865 57.6231 57.7519 61.896 61.1196 55.4212 61.351 63.1531 74.5142 71.2294 80.7957 73.2972 75.1926 68.3314 65.9801 79.2788 101.309 100.196 106.065 106.468 97.7231 94.2418 103.852 102.035 22.955 23.5913 23.5194 28.3499 19.5072 21.7505 21.9809 22.4375 96.3046 98.8385 100.983 87.4533 96.5446 91.2747 88.474 95.0018 84.2909 81.1358 93.3 88.899 52.0016 43.2658 48.5845 49.1235 56.1246 50.3155 53.7977 53.601 0 2.48231 2.53739 3.53329 93.0723 99.3082 77.5287 76.8107 67.5055 73.0246 22.951 20.874 97.9079 89.0167 86.778 77.6249 14.2434 70.7939 70.9958 43.3199 52.4573 49.363 52.3615 53.9851 16.9275 18.7139 19.3459 16.4056 24.8832 25.6994 27.0173 26.6081 58.4757 64.6068 56.0164 66.2506 86.572 85.9448 94.9812 78.5358 77.4958 69.7586 72.314 68.9131 99.6708 101.024 113.693 105.023 24.2856 24.0794 24.1556 25.5892 53.6724 53.9033 55.5289 47.1468 80.7053 87.8445 81.6483 76.3043 16.8966 13.5766 14.0943 14.7893 53.4773 61.3595 61.5391 60.2734 69.8309 75.2638 81.7628 50.3242 42.9803 80.3561 71.2999 94.2076 59.9081 27.6525 37.2531 82.3322 73.6284 51.1663 17.5916 53.682 45.3821 71.7959 53.8581 75.8225 54.6753 42.3985 41.7882 21.5303 77.9748 65.3682 69.8146 59.7113 89.5081 43.9434 94.8488 49.1502 77.5785 5.92809 69.0415 35.2829 31.1453 27.8098 67.9791 39.4241
67.1921 65.7954 66.3294 65.8697 62.3367 57.3326 59.0779 66.2408 59.947 56.8282 55.6642 58.2893 64.7932 62.9351 57.0321 58.9679 59.7082 56.2355 60.601 61.9756 60.1436 61.1837 71.8231 68.7147 78.5695 69.7899 65.4159 71.7397 78.5621 70.4397 100.428 119.161 104.777 116.502 114.328 96.0873 114.186 98.8622 27.3512 28.6253 28.6362 25.6627 20.0257 24.2237 23.5595 22.0362 93.5819 91.5647 88.1457 102.593 99.0878 88.1783 95.6523 93.3711 88.6181 92.7931 100.495 90.3112 45.6776 49.2487 51.4405 52.6768 54.6041 50.489 50.8139 57.6197 2.48231 0 3.70085 2.32529 106.346 101.964 68.276 71.1947 64.8572 66.6379 19.4321 22.0532 88.1802 98.3458 83.7775 88.119 14.2429 75.7624 64.8381 49.1988 52.5368 48.2828 55.0684 48.1888 21.0073 20.547 20.2842 17.8799 32.1577 30.3921 27.0012 26.2962 62.5049 62.9381 70.0494 66.6368 94.4805 88.2414 81.319 95.1153 71.0974 75.0194 69.8246 71.3979 116.214 118.856 102.991 100.095 28.5336 29.0892 27.9757 27.0516 57.4271 53.494 55.1001 52.5094 79.2308 81.3551 81.1712 81.2319 19.3069 16.9691 16.8746 17.5022 57.545 61.8726 57.8654 57.1503 73.6824 77.574 88.9949 59.9654 48.5757 79.5275 64.2604 105.812 58.9133 25.1113 39.6104 94.0611 75.5436 57.9231 19.125 62.8296 47.7521 73.2943 55.1055 86.2232 60.0296 44.8785 44.3619 24.4933 84.0891 66.5936 65.8895 65.4906 100.167 50.9294 92.4311 44.8145 82.7238 7.34578 82.2173 43.6006 31.8557 30.2243 72.712 47.7974
53.3401 55.8547 59.022 62.3296 59.2215 60.3733 54.9068 62.1484 60.1224 58.3322 54.103 52.8566 58.8714 57.256 51.4268 53.3953 55.666 56.3214 54.7923 58.5287 54.254 60.8097 71.4071 77.1067 68.7515 74.513 72.665 73.3231 70.8605 71.6615 108.181 98.8203 115.854 106.416 98.6167 103.951 103.244 104.706 21.6658 23.1336 22.6896 23.8873 17.0718 17.5168 18.2668 22.5887 90.905 91.1027 93.081 84.9775 94.2077 87.0161 86.2222 80.7778 85.0169 84.3825 83.177 93.1691 42.4491 45.4323 44.0434 47.1471 57.2043 50.6733 49.0126 50.5859 2.53739 3.70085 0 2.36051 108.639 104.923 68.3837 62.252 67.747 63.2693 20.1251 18.5729 97.9512 83.9256 81.9883 81.363 11.5145 68.456 74.3364 42.2183 42.9271 45.4708 50.3916 44.2425 18.1712 17.4643 17.0961 19.1727 28.0313 26.8748 24.9969 27.2863 60.2701 64.5644 59.8395 59.9837 76.5508 81.5018 90.6113 79.5598 69.2125 67.3891 73.2645 75.9064 114.447 100.968 109.802 111.292 27.4437 23.8835 26.6666 22.7091 52.7302 48.5408 50.0549 49.8287 91.5963 90.4271 91.0571 75.4308 16.3518 14.3988 14.9153 13.5987 52.4541 60.1134 54.4448 59.992 76.864 77.5456 79.6323 49.8872 41.8202 86.2645 69.5053 88.0367 59.0276 22.0021 36.7947 96.2453 78.8826 57.4293 20.8426 57.5677 42.4144 69.1857 50.5363 90.1566 48.1527 43.5891 40.1772 23.8367 76.4721 67.2487 75.1912 55.0946 96.9561 43.3284 91.0325 49.5487 79.6422 4.55627 74.6817 38.2506 31.5765 29.2943 72.9741 38.1572
62.5812 55.8494 56.3734 55.6895 56.1474 56.4678 58.2849 63.3925 64.6413 64.4749 58.9007 58.7887 52.1562 63.1758 57.9883 57.271 59.8824 63.2885 57.9586 55.6902 62.1991 58.6118 64.5217 74.3006 68.2594 74.6256 73.2491 65.4667 64.8267 69.1984 110.567 109.859 99.0367 109.359 99.1196 111.906 108.233 114.932 24.8795 26.281 26.1285 27.2716 18.7538 22.603 19.8704 23.8378 84.9482 96.4234 96.3886 98.9051 97.6743 89.7413 87.0042 92.3984 91.69 80.8862 83.4508 88.1066 44.0557 44.14 53.3625 45.2967 60.6103 55.0028 57.3896 55.03 3.53329 2.32529 2.36051 0 104.846 102.289 68.2886 75.5633 61.03 66.9307 20.9011 17.8466 100.977 93.5402 79.1386 82.3838 14.7596 75.2666 70.6752 42.8139 52.7202 45.2154 53.1803 44.1942 22.3411 20.0456 20.5038 19.8864 32.1922 28.5409 27.4832 27.0857 58.9409 57.7059 64.2896 57.3725 79.1071 88.1773 81.2207 86.4349 70.7613 72.4202 69.7731 72.5954 114.301 111.391 110.228 104.041 28.074 26.675 27.7057 26.7666 53.9303 57.0029 52.1644 54.5584 87.8604 84.5953 81.9648 89.1079 20.1689 17.2715 19.986 17.1391 56.6096 63.1383 62.7939 59.8583 79.8788 84.8658 87.5655 52.6942 47.8093 78.4559 64.9173 99.5781 57.6338 22.855 38.7216 86.4452 73.0224 57.277 20.9187 56.4558 43.6726 71.805 57.3196 84.9703 53.1119 45.3789 41.0744 24.0123 74.7077 61.7647 72.9471 60.338 91.317 47.822 94.9695 52.8951 81.6846 6.42025 85.2375 39.0394 31.0961 34.143 67.3252 38.9726
48.9744 55.5557 56.2891 58.9031 50.0742 54.989 69.8805 66.6167 70.0339 74.0734 78.5746 70.0996 77.8193 72.1017 87.1701 83.3043 84.1461 73.6043 80.6252 92.0338 83.6779 93.3323 60.0267 54.9834 64.3213 57.1499 69.7799 62.6164 64.5241 64.0341 11.7642 13.0504 16.2261 17.068 13.0226 15.619 17.0424 17.2291 75.2595 80.0354 76.2549 76.3779 84.7134 75.4798 75.8995 80.6833 17.1871 19.8578 18.2397 21.7673 22.9865 22.1766 23.3018 24.42 12.1021 14.1574 10.4789 14.3699 58.6557 59.1851 54.2557 60.9172 49.2801 54.3164 52.8602 50.9156 93.0723 106.346 108.639 104.846 0 2.29268 77.8835 80.7784 80.7109 89.137 93.9724 87.7497 63.1792 67.9445 20.8624 26.0083 80.6415 92.2386 39.1308 65.8035 53.9592 57.3232 60.2159 55.8558 88.8602 82.9654 94.1802 90.724 77.9688 76.8962 79.324 71.9331 43.1899 43.6252 38.7934 40.1468 21.4421 22.8117 21.0672 22.1514 40.5994 40.6583 42.8901 39.1019 16.5216 15.8949 19.0289 18.4304 68.1038 79.688 80.7776 78.7167 52.2717 53.9878 48.2537 57.5981 57.9827 62.0267 68.7641 62.2622 84.966 92.0021 89.4725 82.3583 42.826 39.998 43.6049 42.6988 25.3315 50.5055 18.0077 93.791 74.5435 32.1636 44.7751 13.197 74.718 79.8753 87.478 23.1801 61.6899 75.9909 117.939 52.7371 80.48 35.4764 83.4364 52.4433 94.1203 54.3798 64.0158 90.1942 21.6423 50.2458 60.5142 65.0191 15.1085 57.8908 8.18137 58.0912 67.7283 101.171 61.5352 62.1157 88.6248 94.6611 38.3428 76.1201
46.1169 45.0567 46.8896 48.8166 49.6341 51.3945 68.8963 66.6141 70.5159 70.2572 68.5396 78.6604 67.6609 67.5613 72.1643 74.5206 78.5053 83.0361 81.4738 88.2458 87.314 87.6845 58.4639 55.7795 59.6894 59.5969 60.1049 56.4475 65.0521 66.7746 13.3998 15.1638 13.8051 16.7128 13.0449 13.9823 16.2847 16.323 75.2763 78.1513 73.3742 79.5907 81.5242 76.7529 71.3061 73.7118 17.0472 17.4882 16.1131 17.2466 22.5882 23.2548 20.7948 20.5817 10.0724 13.5053 9.06985 10.6868 54.9801 58.886 49.4147 57.6446 52.3814 58.3699 46.8446 56.036 99.3082 101.964 104.923 102.289 2.29268 0 65.4659 68.4541 80.4136 77.1022 95.8062 89.9194 57.7544 66.952 19.1307 20.8441 90.8042 100.344 38.8068 64.1897 53.2276 57.7103 57.6014 56.4488 90.2797 84.269 91.1428 93.8496 83.7411 78.6264 75.1309 76.6916 36.025 38.8165 40.2559 34.6739 17.8124 17.8182 19.854 19.1543 35.9119 39.5311 40.081 36.5523 18.0267 18.8996 19.9315 18.1524 65.2229 75.2942 70.5805 78.5889 55.7488 47.2902 49.3465 55.0323 65.2241 58.335 57.7278 64.5179 85.4348 81.739 93.6802 82.5341 42.6743 44.922 38.7258 43.2369 24.5202 47.6481 15.3957 77.9611 78.8615 30.1596 42.5181 13.7534 71.7426 86.0285 79.8963 21.9879 61.8091 79.7296 102.812 46.6356 72.141 35.6178 83.1892 51.3775 77.0394 56.9276 53.2624 92.9924 17.5513 56.6867 65.4625 64.8231 13.641 65.3438 6.9387 57.0469 58.3964 89.0869 72.5379 66.3979 82.5228 89.8571 36.1453 63.5806
28.42 27.2356 25.7384 26.6521 31.1355 26.6335 14.2633 12.3366 12.6059 11.2428 16.4052 14.688 12.1504 12.1411 18.2932 16.8138 14.4992 15.0759 19.6921 18.5146 21.0388 17.8669 12.6578 12.9773 13.5791 13.2778 8.28456 8.00838 7.66437 7.26212 74.2764 72.1258 76.7634 73.8766 68.3382 65.8322 67.8654 64.6251 58.6858 54.011 55.6469 47.0971 53.3773 53.957 52.4309 46.4057 59.105 50.4525 57.7929 56.1776 50.3551 49.5676 52.5448 48.285 72.1672 68.7203 71.2583 65.8898 45.3442 46.5956 38.4726 43.5288 70.9552 74.4055 69.8358 71.8231 77.5287 68.276 68.3837 68.2886 77.8835 65.4659 0 2.73744 7.63359 11.2161 47.4624 47.7929 111.927 102.636 49.9527 51.1376 55.6746 19.9713 30.81 36.5852 35.8893 29.4814 32.3051 33.7499 79.3739 70.379 72.6342 73.8474 64.0048 74.8886 70.2531 66.7476 47.7695 49.3619 48.2875 44.5353 52.388 46.0078 48.1296 47.352 37.4054 33.2383 35.0569 31.7199 60.4542 70.0108 66.9455 63.6288 60.0863 61.9021 51.5476 57.8092 59.8803 68.1025 60.281 57.4859 97.9998 95.6988 111.716 99.1817 67.9872 76.2476 73.0419 70.4953 53.0934 51.7461 44.8108 45.2893 61.6321 81.8972 57.3763 21.7119 24.4197 43.1774 37.118 78.7883 12.3302 49.0888 84.484 74.1113 100.701 99.9728 88.0388 59.233 22.8357 65.6059 87.8719 86.901 22.2593 56.6991 59.0458 84.3149 63.1776 84.4408 94.4131 88.7278 59.2197 63.5702 72.9611 72.7646 103.842 62.8482 93.5285 40.5449 87.9147 88.7989 78.6809 26.1403
31.027 25.202 25.1649 25.7293 29.5636 26.5795 15.3894 12.9942 13.069 11.8086 13.541 12.6657 12.9279 10.3077 15.5976 15.1065 12.0441 11.4838 20.2697 19.0731 17.8546 16.1243 15.1721 16.3099 16.3434 14.5392 10.9015 10.0862 10.0847 10.3948 69.8402 66.8034 71.1615 65.8776 68.8255 66.0865 65.0502 61.5619 59.4001 48.3763 50.2146 52.508 58.1049 48.6415 49.0219 55.17 55.0342 53.2387 55.6188 58.7145 47.7926 51.5345 50.6719 50.7317 71.5925 67.2464 66.1475 71.6664 47.1022 44.6549 43.817 43.5648 65.6034 76.0839 72.3611 68.5517 76.8107 71.1947 62.252 75.5633 80.7784 68.4541 2.73744 0 6.18134 7.52758 51.7117 53.3177 109.97 110.233 55.2555 52.7797 63.292 21.0311 36.7699 37.3968 33.9835 32.0557 31.2255 34.8585 72.1521 67.9514 69.8644 68.6501 67.8827 74.678 68.9198 73.8028 45.158 45.0744 50.9682 49.2801 52.1394 51.9871 50.7083 53.572 40.4693 37.0643 34.1492 32.592 72.5061 69.4904 73.8229 74.6982 62.0595 59.7488 60.6121 53.6722 67.5604 60.1226 60.6672 63.0782 104.122 97.9316 113.402 96.6247 76.3258 73.5375 75.8107 67.4452 50.6771 50.7357 46.031 51.1749 63.7289 89.9377 63.5217 20.7028 22.9303 46.2864 36.5125 72.7054 11.6617 49.4895 77.1323 78.5348 97.9416 93.4216 96.6117 73.4187 19.7085 72.6199 89.3042 97.7527 21.2526 55.8667 52.1082 72.4633 57.5128 77.7526 93.3559 98.7694 67.7278 68.313 78.5965 72.5449 104.114 60.0332 103.998 41.9671 91.1993 92.4468 81.2108 27.5468
30.0389 27.7255 31.7041 26.4773 30.3951 31.3428 12.7448 14.3848 12.5079 11.197 11.939 10.5641 9.37794 8.59318 9.45318 8.77595 7.79146 6.17465 13.2233 11.4357 11.2295 10.0619 22.0507 21.6743 19.3027 20.8782 13.6294 15.964 13.7812 15.4137 72.5862 71.725 70.3748 74.5524 64.8735 77.6969 73.7492 76.7638 49.3835 50.563 50.1288 50.2758 51.6008 47.7885 44.59 47.3875 65.2825 56.0043 55.5597 56.7717 57.5331 57.593 59.8775 56.745 70.3027 73.5195 76.5705 73.3561 43.0757 40.9051 39.3925 38.7767 77.917 65.7812 71.856 72.3406 67.5055 64.8572 67.747 61.03 80.7109 80.4136 7.63359 6.18134 0 2.4774 44.5827 48.8195 121.99 111.641 57.4407 57.4484 53.5931 13.8918 38.6335 36.3303 36.9044 30.5209 34.1802 29.5137 71.5976 74.0019 74.9302 72.3504 63.6307 63.5438 65.3157 72.5941 55.7364 47.3474 49.6604 51.4951 59.9769 52.1183 52.4563 60.488 36.6986 40.714 36.7621 37.7191 78.4273 76.5088 73.3097 72.9661 53.4824 53.7734 56.3485 53.0065 63.7225 62.0756 65.4415 64.1638 104.571 97.0854 108.019 106.339 67.75 63.9722 63.2607 73.2893 47.965 46.0363 54.0981 46.6818 68.2941 92.0296 60.8134 13.6807 21.6714 44.7357 39.8528 77.0317 9.30779 45.6887 87.5915 86.8193 100.42 85.9112 83.2348 69.56 18.6697 76.6138 86.8648 92.3229 15.91 60.3734 59.7538 73.0669 58.0797 88.4576 87.684 89.8975 59.8596 63.4736 83.4588 73.7076 93.8801 66.4846 99.4913 40.1005 82.2649 80.1524 79.3856 27.0009
35.0806 33.9178 29.5356 32.1201 35.6899 27.8992 17.0981 15.8663 15.159 13.2718 13.2666 11.1309 10.7392 10.1882 8.64802 7.79735 6.60671 5.79154 12.6157 10.6828 9.995 8.65854 23.5285 21.5735 23.1853 24.5673 16.1379 17.0113 15.4651 16.7871 77.3296 76.8481 86.6317 72.4512 79.9879 78.0152 67.1212 76.1429 53.1147 53.488 46.1665 50.331 55.5849 47.0635 50.2045 51.6558 69.0361 68.9196 67.8736 64.5669 60.9986 57.7079 63.9299 63.8108 81.1785 66.4151 68.1441 75.2125 48.5568 46.5726 43.1627 42.0479 78.6914 74.1144 70.2975 68.6252 73.0246 66.6379 63.2693 66.9307 89.137 77.1022 11.2161 7.52758 2.4774 0 46.6701 44.3952 111.151 116.064 59.8123 57.7972 61.2013 12.6201 42.1615 32.9386 36.655 32.6714 30.8833 34.3838 72.0082 67.1545 72.7366 65.1827 66.9287 73.0081 61.1976 69.4461 57.0746 52.6799 48.5952 47.5245 63.2603 62.9032 64.4641 58.4568 43.4767 41.845 46.5426 44.2462 83.2008 68.9341 78.7378 77.0957 55.8918 58.5804 53.1939 49.6951 69.729 62.6952 70.0974 61.7122 110.508 103.52 97.9592 108.313 74.1688 77.1162 73.701 64.5256 57.2252 53.8987 53.5642 56.3964 73.3557 91.9215 66.8536 13.9673 21.2305 50.5386 46.6006 93.7308 8.48316 41.9322 89.2737 90.7377 105.665 93.1189 87.8651 63.6962 17.2355 73.3478 93.4379 95.1482 14.8157 56.791 52.8379 81.2076 59.5407 90.8041 100.316 99.5216 63.3367 70.8776 76.0603 73.1548 103.882 56.3901 108.954 42.3016 88.1172 83.9389 85.2147 28.6437
44.9691 46.5402 39.6351 44.2332 46.9428 36.5774 34.5594 39.4795 41.2159 44.3956 34.3595 38.6522 36.0588 36.7543 38.6896 36.4601 40.3607 42.6604 35.7867 34.5159 40.5529 42.2952 55.4611 58.7518 58.8933 59.4436 50.4596 55.3611 55.2975 52.8411 89.2657 91.5368 95.3596 87.7996 83.192 82.4434 87.2603 91.5716 17.1283 17.387 16.871 18.5719 12.3823 12.0491 12.0314 11.6645 80.0108 76.408 78.7013 75.029 81.2738 77.2977 78.6191 79.9934 84.6096 80.5693 88.1357 82.5356 36.5003 36.2692 39.3776 31.7818 53.186 54.6468 56.2692 50.3921 22.951 19.4321 20.1251 20.9011 93.9724 95.8062 47.4624 51.7117 44.5827 46.6701 0 2.58103 101.007 90.2577 72.9392 70.384 14.1237 48.6376 55.3663 30.8163 33.3167 31.7761 36.0383 34.516 28.2422 27.0758 29.3356 27.775 32.7811 31.2238 34.5537 30.7739 48.1242 53.4413 49.3822 55.1504 71.4945 66.5806 72.8942 67.0479 59.0712 56.7481 61.8843 51.2625 91.4612 99.1964 100.566 91.4344 20.9222 20.2625 22.0529 20.315 47.9731 51.1904 46.1842 45.9988 85.9217 86.8496 93.9085 88.0776 25.5719 25.1718 29.9384 28.6942 44.3502 42.773 51.0107 48.9276 69.8549 74.3036 74.0004 36.8287 28.6511 62.0628 51.6571 81.7192 37.0974 8.60119 46.3708 82.8054 69.0948 67.0987 36.7984 50.2752 30.5062 62.9608 67.7125 92.2036 31.4337 41.993 36.0124 35.3181 74.3258 72.6278 69.683 68.3935 88.5878 42.5841 88.7682 44.3705 82.2531 14.6611 86.9477 25.3984 49.748 41.6099 67.9677 25.0872
48.6156 43.444 42.3365 47.8984 49.6182 46.6152 41.6382 43.2505 42.4075 43.7579 38.668 35.0859 37.2707 37.8436 33.8503 38.2251 40.6949 41.3501 32.5062 36.1336 34.9983 38.2324 55.3379 56.7026 58.7425 56.4158 47.9419 49.0272 53.8217 52.0382 94.4409 104.441 105.701 96.1771 91.9189 88.3258 92.5361 98.1646 19.4647 21.1816 21.3559 20.5106 15.6536 14.828 13.6863 13.0301 74.5624 85.9016 81.6757 82.675 72.7536 72.3895 71.1041 80.1448 90.2382 82.6736 89.0461 81.0277 36.4402 34.5572 37.2906 35.0848 56.9939 50.511 50.0306 53.6924 20.874 22.0532 18.5729 17.8466 87.7497 89.9194 47.7929 53.3177 48.8195 44.3952 2.58103 0 106.678 106.66 67.3649 65.4929 16.1801 47.8672 58.383 30.9495 36.3642 31.4571 38.5125 38.1517 30.7757 27.603 27.5281 29.8499 32.5661 33.1159 33.5779 36.0592 54.633 50.9631 53.5466 57.7762 82.2428 78.4289 69.1042 68.2162 63.0945 58.4485 60.6817 63.8582 106.38 102.065 106.129 88.7811 23.72 25.4395 22.9416 24.5664 50.3172 45.4651 45.7099 45.9774 86.437 86.9093 83.6892 91.2894 28.8454 28.9251 30.5028 27.1126 49.1765 54.1753 51.1748 48.0188 70.8395 82.1047 68.4178 33.8937 27.9586 69.0043 52.497 91.5855 36.3014 10.2455 47.7345 80.95 73.2876 68.2276 39.0477 54.3454 27.9427 59.2472 68.1101 93.0508 30.8336 41.2565 39.1305 32.5165 77.3151 74.8544 67.018 63.9959 92.496 45.5698 94.6236 45.8417 82.3694 15.9904 77.6905 25.6692 44.6226 42.7162 70.9961 23.6598
89.6221 92.8756 93.5451 88.6486 78.0693 85.5288 99.8015 94.3404 92.2751 107.198 94.3479 95.1731 112.53 113.53 111.713 107.022 122.987 106.738 118.32 112.379 120.264 118.289 92.3381 106.203 101.425 96.9854 93.0349 113.597 101.459 96.2846 71.0682 82.2528 72.199 71.6867 77.2626 77.9602 74.9547 85.0489 80.1077 73.2088 74.8707 80.6069 77.1233 89.3085 76.6632 89.6704 68.4794 71.5447 76.5184 84.0525 79.3216 71.7344 72.3452 76.0618 57.3009 53.2289 63.2311 54.5506 70.8441 75.9045 68.9632 69.2364 41.3148 48.1285 49.7079 48.323 97.9079 88.1802 97.9512 100.977 63.1792 57.7544 111.927 109.97 121.99 111.151 101.007 106.678 0 2.53598 64.538 72.827 79.4573 126.828 75.3396 78.9154 81.4028 77.8278 87.5629 74.6903 74.4047 76.7127 75.6068 70.065 62.4851 67.6101 65.9827 65.5289 57.4501 69.8074 69.9039 69.5141 77.653 71.4228 74.9879 79.0677 83.2649 83.6618 82.2492 86.9248 74.6087 80.6029 76.3298 88.6436 81.026 68.1883 71.8002 82.6424 50.0132 54.973 55.9892 54.5758 10.1734 11.2454 10.915 11.7782 70.8497 85.6598 85.543 73.9577 67.2149 65.779 63.1558 65.7134 50.7609 25.4028 52.8793 102.832 102.071 81.2413 78.9588 47.9197 100.661 97.4515 62.7214 40.174 20.1752 42.241 83.4369 43.5538 95.0249 44.3152 45.0965 16.336 125.281 53.3602 62.0046 71.7739 55.8947 28.5064 23.7023 34.7901 68.8445 49.8449 51.1811 48.5764 18.8099 83.3197 18.0254 75.306 65.1354 75.6939 36.2493 95.9337
90.7112 90.5847 88.7355 82.2201 87.8742 86.5823 91.14 107.139 106.538 93.9064 102.757 101.769 108.715 103.919 113.916 113.143 104.159 102.699 114.251 121.659 124.179 108.063 100.168 89.9939 97.1012 96.4085 101.462 109.613 110.289 108.27 76.5912 68.4343 74.2839 78.899 68.8018 73.7056 81.9444 79.6278 82.1034 74.9475 77.0352 83.6737 73.6644 83.7854 79.5613 77.157 75.2369 69.8902 78.6821 82.1277 72.5186 69.8063 79.468 83.366 57.8776 59.3475 55.2258 59.4226 71.3622 68.3314 75.7031 71.253 46.9693 41.6012 40.7958 43.8278 89.0167 98.3458 83.9256 93.5402 67.9445 66.952 102.636 110.233 111.641 116.064 90.2577 106.66 2.53598 0 72.0375 67.4446 78.142 133.039 80.5959 85.2845 85.1642 79.7771 81.886 80.0516 77.5085 79.7726 65.9095 79.4975 61.7844 71.1789 69.7068 68.9335 66.8881 62.48 60.098 62.2084 75.3898 76.4176 64.848 69.6935 73.9836 75.9275 82.9386 79.7904 77.5186 86.5551 78.738 75.2499 74.4773 74.9788 67.5816 67.983 46.3018 47.1657 51.7757 45.3547 9.27716 10.4955 9.18526 8.68908 68.9565 73.8048 78.3037 80.1749 57.2597 62.6876 58.3738 64.6727 43.5356 23.1972 58.2684 119.925 106.312 75.9975 69.2096 52.241 110.293 88.7818 57.3051 36.7924 18.65 40.6641 96.2304 47.9844 90.9516 41.9099 43.162 13.6499 117.632 57.2781 62.9204 65.7739 58.4539 25.2862 20.7461 31.8207 69.0797 46.3628 59.3497 42.7424 16.9189 85.5064 15.7915 75.2076 62.9952 65.7451 30.7567 84.0844
29.5434 30.4476 32.3092 32.4024 25.1112 29.7205 45.136 46.6781 48.0709 47.6587 54.5011 49.6469 51.8374 48.5264 53.1556 62.4025 55.2858 60.5856 67.4029 59.0196 60.55 68.5291 34.5986 41.2591 40.9747 37.7939 45.2718 40.0096 47.3034 45.2496 27.4261 29.0304 27.3513 30.0418 21.2172 21.843 24.2673 22.9433 51.4557 57.3585 52.3693 50.594 58.5823 58.962 55.2709 58.1991 11.6684 14.1004 15.856 14.4228 11.0549 12.7073 12.2992 13.0532 15.2476 14.4971 15.5579 11.5554 31.9288 32.8182 31.9205 36.1602 42.4226 44.2966 41.4572 41.2457 86.778 83.7775 81.9883 79.1386 20.8624 19.1307 49.9527 55.2555 57.4407 59.8123 72.9392 67.3649 64.538 72.0375 0 2.66611 67.3624 76.5636 19.1123 44.7162 33.4822 39.0235 36.3217 38.9322 75.9164 75.1574 62.957 72.9541 62.9588 56.1045 65.3562 55.6769 19.1796 18.2258 18.489 18.6994 6.47321 6.0913 7.92151 7.71417 17.118 16.5895 15.9938 17.5438 29.8697 28.1184 27.677 27.2806 50.2203 56.5335 58.5055 51.7294 36.2273 41.403 38.5179 39.6228 65.7537 70.5895 59.5808 59.2658 72.1631 67.902 74.147 65.9088 24.8151 23.5712 23.8648 22.3051 19.9758 49.6689 8.84151 63.2865 58.0333 13.6241 17.371 25.5376 57.3709 60.3638 68.9732 32.4011 54.0458 60.6079 86.4235 36.4804 52.6192 29.6813 65.6882 49.4006 70.2202 37.6469 37.5352 77.8686 7.91681 45.1089 53.9332 68.6008 15.03 44.1108 20.2827 48.8283 68.2024 76.0939 62.8841 44.0996 72.8062 70.0708 35.9341 44.832
25.795 25.3515 29.225 28.6075 22.8914 31.5598 46.48 44.7329 48.4737 46.8312 44.3808 52.4235 51.0227 46.8587 52.9164 61.7107 53.3909 58.2751 63.9095 61.3027 61.7708 58.6656 37.2408 33.828 39.0588 35.7621 44.1521 40.0279 39.8239 39.5629 29.2454 31.8367 32.0086 33.2749 22.2884 22.7357 25.0663 27.6614 56.9258 55.142 57.7016 54.1453 58.9312 59.8389 60.3392 54.3927 14.6706 16.1289 17.1364 17.5256 11.5526 12.5224 14.52 14.2715 18.3554 16.4058 17.1644 14.7215 31.0344 32.3304 29.2471 28.8024 36.7799 41.5015 38.2123 37.4218 77.6249 88.119 81.363 82.3838 26.0083 20.8441 51.1376 52.7797 57.4484 57.7972 70.384 65.4929 72.827 67.4446 2.66611 0 60.5037 70.4076 15.7707 42.0306 30.6167 32.1444 31.2421 37.341 62.6613 72.1731 65.1543 63.2179 60.1375 55.664 63.4791 57.3763 17.8281 19.0883 17.7838 18.0974 8.55151 7.89039 9.71276 9.084 13.2114 16.8398 14.3738 16.0836 26.4859 26.3086 29.7587 31.5622 53.3295 56.9153 55.1011 54.2393 39.4625 38.3737 37.0964 37.7684 62.3964 62.1976 69.1799 64.2806 64.9114 68.4914 72.6649 73.8801 23.1227 24.04 20.4405 21.824 19.1008 46.438 11.6982 58.0121 52.1219 11.7909 14.6342 28.812 50.0718 56.6304 67.8578 28.436 57.6502 60.5629 87.607 35.4153 54.6523 25.888 71.6162 52.6331 61.4579 32.9842 39.6399 72.2792 8.92932 53.4982 59.7257 68.4798 15.8491 41.6177 22.2883 49.5899 66.2953 72.3404 70.68 44.3755 73.576 70.5688 32.4871 42.8453
50.1749 50.2761 47.1536 48.8506 47.6827 47.4718 49.9253 48.1295 54.1526 55.2993 43.5241 50.6392 45.4818 47.7545 45.6563 47.6618 47.1496 52.3559 46.7304 50.9169 53.3768 56.2763 63.4604 66.128 61.8694 65.4447 55.8526 54.133 62.0207 65.0327 96.1032 86.03 95.0283 103.063 83.1527 92.1369 95.6398 100.04 11.7398 11.6779 12.95 14.3338 6.62522 7.94019 10.0428 11.2387 73.7472 83.3904 75.4731 86.8824 77.1595 70.9251 77.3351 84.6678 82.4257 78.5564 70.1818 70.8556 33.5967 31.2275 35.5195 32.8003 46.7397 40.6858 46.1619 41.2022 14.2434 14.2429 11.5145 14.7596 80.6415 90.8042 55.6746 63.292 53.5931 61.2013 14.1237 16.1801 79.4573 78.142 67.3624 60.5037 0 59.4319 58.6155 34.2606 36.6158 35.1187 34.3811 39.509 14.9226 14.9108 13.4288 14.979 20.4632 17.659 19.9362 18.9948 47.1712 43.9754 52.2632 52.7619 76.1857 67.7429 74.132 79.3854 54.0366 57.7104 54.2795 58.5535 98.2098 96.8706 88.1522 94.1119 13.521 14.2746 13.624 14.3745 38.0579 40.6672 42.2543 38.1018 76.9851 75.7699 73.2882 80.6545 15.3453 14.8795 12.0305 12.0559 49.0885 40.9604 41.533 45.3816 60.4265 63.5001 72.286 45.2891 33.8825 73.4648 49.6707 86.754 45.8497 17.0888 35.5966 83.277 63.4222 49.5542 25.7982 47.0145 36.4782 56.8833 48.931 78.7198 46.6614 31.1636 29.2145 20.4756 65.4719 56.8199 55.2796 48.7993 82.1302 36.8293 89.8375 38.5207 67.1984 7.27836 68.4986 23.6925 29.1527 31.3424 57.6826 35.0425
46.8473 47.4689 47.649 42.5466 45.5579 41.8868 25.9985 28.79 27.0415 23.9931 23.6351 22.0498 20.4797 21.3162 17.7712 15.8144 15.9949 16.8317 16.4329 16.3552 14.9725 12.3172 36.3041 33.1127 35.1929 33.8659 30.9627 30.537 27.4179 27.6271 87.9821 97.5719 99.6824 83.5891 81.9598 83.1191 87.9551 84.4492 56.4993 64.3057 57.4807 62.6368 59.0999 53.259 60.6642 53.407 81.4287 81.0528 71.9615 80.8019 70.5587 72.0137 75.5345 67.9935 96.8053 81.643 80.9178 85.4146 53.7259 59.0898 55.6319 60.7759 88.2661 82.8024 78.2335 73.8748 70.7939 75.7624 68.456 75.2666 92.2386 100.344 19.9713 21.0311 13.8918 12.6201 48.6376 47.8672 126.828 133.039 76.5636 70.4076 59.4319 0 52.2503 50.0711 43.3738 44.4042 45.1156 41.947 71.6167 83.1632 78.3073 81.8248 73.9936 83.2101 79.3668 77.947 71.7129 63.6693 71.5125 70.5596 72.3726 67.4934 71.8264 67.4998 51.4869 57.2385 53.0322 49.5624 83.6765 84.8614 91.2035 81.2958 67.594 65.2988 61.8468 64.549 85.8964 70.6521 79.8152 83.0462 115.495 112.666 121.386 116.708 79.3852 83.7708 81.3169 80.6396 59.6002 66.8879 68.3865 69.0945 89.0373 100.577 83.161 16.1328 27.6465 64.4407 59.9277 100.904 22.1474 49.2867 99.8396 109.916 99.8905 96.6028 87.019 80.8686 30.0072 86.4497 112.878 123.53 16.4503 75.8745 60.6761 76.7465 83.3292 104.231 105.954 102.108 87.2034 76.9552 94.3161 78.1574 113.732 71.5122 113.696 49.7665 92.2077 97.2931 92.7085 33.7349
10.5092 11.0759 12.2258 11.0186 9.55628 14.2774 27.0921 26.5349 29.5174 29.7799 29.1588 32.3909 32.0181 30.1715 41.8543 36.611 35.728 39.4961 47.1567 39.9208 42.0145 40.8634 18.3762 19.1129 19.843 21.3707 25.4327 23.6712 24.2915 25.9785 42.2932 42.0335 47.276 45.5474 36.4611 37.4908 40.0068 42.6678 45.4323 40.5972 45.957 41.4159 50.006 50.9747 44.0011 49.6592 29.7523 28.8167 27.5374 25.4658 22.2053 23.244 23.6329 22.911 33.0123 30.829 35.5542 32.4784 23.3971 25.2406 20.8834 21.4379 48.6448 46.9372 40.9044 42.3945 70.9958 64.8381 74.3364 70.6752 39.1308 38.8068 30.81 36.7699 38.6335 42.1615 55.3663 58.383 75.3396 80.5959 19.1123 15.7707 58.6155 52.2503 0 28.2678 18.8432 23.4746 19.6803 20.5246 61.6375 66.3065 62.6232 58.7036 57.2678 55.3246 50.2461 52.2119 17.2081 18.3831 17.3929 17.9908 21.8335 18.9984 23.7185 21.9091 3.37613 2.19431 3.97652 2.72138 41.2314 39.3139 44.1318 44.8522 45.5247 45.3026 43.9404 46.4247 37.9855 42.1392 41.3599 41.0816 83.5844 83.227 71.0078 80.5838 61.2376 65.8854 66.8445 58.8604 22.9475 20.5231 20.4307 18.698 31.4076 61.7694 28.5026 44.2696 37.1325 13.9024 7.05753 49.9513 34.7595 50.446 68.5883 48.0257 60.9917 73.9727 87.3089 35.6793 33.762 35.603 70.8405 64.3325 43.7679 34.4657 33.8191 61.1885 24.3157 56.5229 63.4355 71.0938 29.0666 43.3971 41.2872 54.7871 70.6164 64.0321 76.8641 32.2185 77.0643 67.9131 49.4008 29.9911
17.4209 18.4751 16.9843 14.9226 16.3648 13.0466 22.6969 22.2805 21.2417 26.876 24.955 25.3453 23.9462 25.8885 29.178 28.8285 32.2944 29.3214 30.9882 36.054 34.5458 36.5168 29.5824 31.1871 29.0457 36.4172 27.4595 29.0222 31.3022 30.376 71.6597 70.8115 67.2777 69.9776 57.6069 62.6763 65.9083 63.1189 22.7688 21.9187 18.2175 18.0846 22.3196 23.4963 21.0616 21.2973 50.374 50.1334 54.4503 55.8868 42.3222 48.2819 44.7913 46.8621 50.4976 47.4169 50.254 54.7395 11.8856 10.9881 13.1777 9.05107 35.5229 32.4964 35.2141 33.8048 43.3199 49.1988 42.2183 42.8139 65.8035 64.1897 36.5852 37.3968 36.3303 32.9386 30.8163 30.9495 78.9154 85.2845 44.7162 42.0306 34.2606 50.0711 28.2678 0 5.31955 4.03762 5.56327 5.60485 37.4574 43.6857 42.5185 40.9697 33.8954 38.2407 31.6895 36.5296 26.9731 22.4284 24.478 24.4907 43.831 45.7715 47.0076 47.9828 28.9573 28.6194 28.6811 30.8608 62.2416 60.9656 62.0203 69.5741 22.7991 25.0028 20.165 24.2757 32.9044 32.0441 33.7201 30.4167 72.4976 70.1206 70.7124 80.6838 44.7338 39.1448 37.6773 43.9922 20.7516 21.999 20.8841 22.6296 49.0487 56.2327 43.4273 29.6595 18.8383 41.1416 21.4587 64.9569 24.3408 20.2112 47.8457 62.1094 56.1301 57.9461 62.1225 35.3763 19.9502 37.3591 58.5232 60.6903 30.0651 24.2523 18.6483 48.0818 44.6608 56.8442 62.6219 55.9895 57.4438 31.9903 55.5791 39.5685 62.6504 41.2525 65.7041 6.15293 55.6936 55.052 45.7233 11.8479
12.7902 12.6213 11.1373 10.6493 12.5753 9.59404 20.3143 21.444 22.6168 22.1298 23.551 21.6617 26.3844 25.837 28.8537 28.3874 28.2424 29.2525 34.1996 35.8847 34.2731 34.0125 25.5597 28.1331 30.7452 30.864 23.8834 29.1222 29.7663 28.9414 65.9 67.4879 62.7198 62.5273 61.2609 62.1808 59.674 59.0808 24.0434 24.1048 23.3244 21.9096 29.1313 27.1498 28.1351 24.7225 41.7987 47.6046 49.5023 51.3017 45.4644 41.4718 42.8924 44.7121 49.5842 44.3682 46.2693 43.0782 11.8916 11.3504 10.5848 8.77998 37.8871 35.8136 36.3602 34.1508 52.4573 52.5368 42.9271 52.7202 53.9592 53.2276 35.8893 33.9835 36.9044 36.655 33.3167 36.3642 81.4028 85.1642 33.4822 30.6167 36.6158 43.3738 18.8432 5.31955 0 0.924297 0.975192 1.28358 42.5336 46.7644 45.9363 43.462 41.4874 40.4804 39.9537 41.6076 20.786 21.5011 20.7454 19.1324 43.9398 35.6846 41.7313 38.4582 22.6454 23.986 24.6833 22.8742 64.9031 57.9929 58.7259 61.1587 26.8569 28.6186 26.4928 27.9491 30.5917 31.9158 32.5718 31.8054 70.6496 71.7271 77.7521 73.9237 41.9085 47.8449 48.6978 41.419 19.2283 20.1036 18.1954 20.5372 43.9603 54.3729 38.6339 33.0205 24.9043 36.123 16.1073 54.9265 25.8126 24.6577 49.4303 59.8217 61.1712 65.8247 67.535 33.3643 20.9673 41.2786 69.5373 61.8969 34.3553 26.4873 20.6496 45.8036 41.0844 58.3764 62.3245 60.6132 49.9183 38.0535 57.0061 35.9018 64.6371 40.5588 75.9147 9.5495 52.5192 61.7491 50.4048 13.3232
13.2401 13.1654 13.0248 12.2769 12.3758 8.66801 18.0278 20.1196 19.4229 22.2206 20.7552 20.8468 22.8211 26.6547 27.6958 29.4767 27.8045 29.9074 33.566 35.2818 34.7909 33.3107 25.6806 29.8999 29.0057 29.5771 25.9809 28.4368 29.8439 32.2475 65.5492 63.6721 65.8264 67.3404 63.1877 60.8484 62.862 57.7734 23.9466 23.3813 21.9674 21.2065 27.1059 24.8621 26.8014 24.3483 43.9061 46.5508 51.2392 49.6834 40.3811 46.2605 40.1118 43.6288 47.0785 48.7328 52.1584 50.2032 13.595 10.2997 11.8128 8.9437 35.972 34.1805 34.9562 31.4698 49.363 48.2828 45.4708 45.2154 57.3232 57.7103 29.4814 32.0557 30.5209 32.6714 31.7761 31.4571 77.8278 79.7771 39.0235 32.1444 35.1187 44.4042 23.4746 4.03762 0.924297 0 1.54532 1.08249 47.9894 45.4341 47.1506 41.203 39.84 36.7586 39.8155 34.9217 20.7654 21.7998 20.4519 23.0215 41.8854 40.9059 42.9451 42.8582 22.522 24.2023 24.9539 22.001 68.1208 58.2112 63.7112 61.5923 27.5296 27.4104 23.6433 28.1735 35.3492 28.8493 30.7443 29.4083 74.0536 79.9253 80.3543 76.647 42.7011 43.9057 46.4466 43.9332 21.1577 21.6185 20.96 21.0197 44.0316 62.818 40.2496 32.2656 21.1692 36.7306 18.2084 57.3154 23.2864 24.7958 55.3035 52.6329 63.8627 61.282 64.9703 36.9355 18.6839 43.9008 64.016 60.2723 32.8279 25.8821 23.9278 51.3132 40.6277 51.5575 62.8978 57.1463 46.3182 35.3625 55.3162 37.1345 67.1572 44.2768 68.4885 8.99683 61.2989 55.9338 43.4134 13.8483
12.562 10.2414 11.2087 11.2624 10.346 8.05921 18.7047 19.1315 19.3662 23.9123 21.7333 21.4131 21.8911 26.9128 28.9744 29.0503 28.8583 33.4897 30.8332 32.8453 33.4493 35.1836 23.0083 25.3288 28.111 31.2528 23.7207 26.7817 26.3669 30.3599 65.7661 56.8532 58.7518 64.0896 57.7913 58.4403 57.5017 53.4 25.9892 27.9327 24.7515 25.9998 30.5026 27.4973 27.3617 28.9303 50.1498 45.7701 42.8151 43.8053 39.3058 38.2641 43.9262 42.5285 47.9307 47.6113 49.5163 43.3163 11.9395 10.8136 12.0431 9.73219 40.4734 39.4998 35.7247 37.4741 52.3615 55.0684 50.3916 53.1803 60.2159 57.6014 32.3051 31.2255 34.1802 30.8833 36.0383 38.5125 87.5629 81.886 36.3217 31.2421 34.3811 45.1156 19.6803 5.56327 0.975192 1.54532 0 1.0402 45.7592 42.5396 42.6077 47.5952 41.0006 42.82 37.6908 37.75 20.7691 19.8474 23.2805 21.9671 36.2556 41.7992 39.2101 40.8813 22.5514 22.5241 23.7323 20.7253 55.9266 64.5574 66.6218 54.5635 30.8942 31.0312 26.0594 24.9172 31.9587 34.1463 31.801 33.233 82.2902 75.0576 73.535 70.2098 42.3551 47.3168 49.9067 46.6217 19.232 18.2977 20.1387 20.7916 39.2352 62.6653 44.6528 29.3836 24.5708 31.9603 17.1443 53.3437 22.9894 26.7992 52.4473 57.2439 60.3116 58.5821 70.2702 34.7759 20.0098 41.2163 64.6685 64.5579 34.754 25.0511 23.4332 53.5804 37.3107 52.7261 56.6487 65.8074 54.361 34.8003 58.4622 44.1334 72.7503 43.9083 75.4614 10.5038 63.2435 58.7944 46.3899 13.0483
11.8924 12.7825 11.0141 9.92057 11.2672 8.82674 18.0148 20.9769 22.3241 21.2799 20.899 20.3931 23.1778 24.7642 27.6754 30.0247 27.9067 28.8507 31.2099 30.45 30.255 35.078 25.6624 26.7123 30.009 27.2147 23.1972 23.5019 27.2714 27.6934 67.8736 67.689 61.394 68.3852 52.6332 57.1057 54.8295 53.9607 26.1873 26.2092 25.5288 23.3782 32.3016 26.6377 29.1871 28.5731 47.2586 49.1487 48.3015 47.5472 41.5844 39.3329 40.691 41.8884 47.2994 43.6956 54.6305 49.5927 14.4931 12.3535 10.9196 10.8248 36.5781 38.0806 34.2361 33.2481 53.9851 48.1888 44.2425 44.1942 55.8558 56.4488 33.7499 34.8585 29.5137 34.3838 34.516 38.1517 74.6903 80.0516 38.9322 37.341 39.509 41.947 20.5246 5.60485 1.28358 1.08249 1.0402 0 43.3973 44.1727 47.8413 43.9915 36.6805 38.2057 40.435 39.4713 21.8865 22.042 21.7317 19.5744 37.8881 41.6435 39.6482 37.0254 22.5234 22.8657 26.9968 25.8965 62.7202 60.8705 58.3741 59.7684 25.7946 27.6196 26.7054 24.7412 34.6232 32.5922 32.2596 31.1027 70.6662 75.3734 79.344 76.123 48.898 44.8039 41.4702 42.3795 22.7961 21.9968 20.4423 19.63 43.5568 52.9792 40.0655 30.1554 19.6338 36.3771 16.9212 54.7248 26.9796 23.2605 58.5278 55.3609 58.8977 63.7748 66.3723 38.2801 17.9461 36.5854 69.9288 64.0145 29.8669 26.2782 22.3973 51.9857 38.9588 53.5357 67.1775 65.3371 51.2957 38.1904 53.1202 43.8638 71.7929 44.5326 65.4142 10.2585 57.7465 52.7108 52.214 11.8095
56.3782 55.5113 53.2291 53.471 57.3578 48.5796 59.7828 60.3489 64.4706 66.4047 62.0264 55.276 60.1928 63.52 65.4545 65.0642 69.266 68.9678 65.8934 68.4038 68.0596 71.1047 65.9104 71.1615 70.5765 67.1931 62.7418 67.0837 66.984 75.0821 104.295 94.0244 88.4104 99.4997 88.3724 97.0179 90.5989 96.5294 19.4994 19.842 20.0612 22.4055 17.4317 20.7489 23.6724 22.1756 88.4922 81.7248 77.3745 86.8358 73.7621 80.2687 88.2875 86.2813 76.2466 76.0076 78.5589 78.8607 40.0967 40.9776 43.949 39.4601 37.0575 36.1014 39.0901 35.8763 16.9275 21.0073 18.1712 22.3411 88.8602 90.2797 79.3739 72.1521 71.5976 72.0082 28.2422 30.7757 74.4047 77.5085 75.9164 62.6613 14.9226 71.6167 61.6375 37.4574 42.5336 47.9894 45.7592 43.3973 0 1.03145 0.939018 1.36829 9.97975 9.84477 9.89426 9.32437 50.6708 54.8977 51.871 51.5543 81.8492 76.7899 80.5306 82.1386 65.7096 65.4359 61.9995 71.2629 98.0972 93.2826 91.2971 90.8042 17.1009 18.5722 18.8977 16.9006 36.0966 35.7468 34.7377 35.0676 67.9893 59.0559 60.96 64.9411 3.05974 3.66372 3.37812 4.20047 47.5307 48.6933 48.7254 45.2233 58.2034 60.0611 67.8614 66.0074 54.7549 81.4027 51.9801 90.335 60.8242 30.8105 17.3822 74.6227 56.2117 35.6641 20.6018 39.8236 56.8412 49.0278 38.1306 61.9212 61.1627 33.9245 31.5526 4.63631 61.7004 49.774 52.3249 41.9578 82.6676 25.6651 79.8375 26.784 54.8619 18.4403 55.6955 38.5815 17.2566 14.1496 56.3831 40.8033
51.6088 54.6697 52.9068 57.0193 50.7818 51.0978 62.5901 64.9641 55.8045 58.4024 61.6404 59.7313 59.3224 60.1305 60.8797 63.8773 69.8242 59.6515 65.2289 59.0054 67.8708 72.2024 70.7209 70.4726 71.7097 79.1144 66.5214 72.621 70.6978 75.7794 95.799 96.1275 99.0891 91.489 94.8984 86.9053 99.66 86.5034 18.9029 20.1048 23.8677 21.6387 19.674 20.2694 21.3364 21.4103 80.348 87.7668 88.8528 84.5684 77.0687 77.5479 88.8923 81.1101 78.8306 75.8385 78.8324 83.2924 39.9888 37.5549 37.7572 42.0207 37.2872 32.892 37.4787 40.0877 18.7139 20.547 17.4643 20.0456 82.9654 84.269 70.379 67.9514 74.0019 67.1545 27.0758 27.603 76.7127 79.7726 75.1574 72.1731 14.9108 83.1632 66.3065 43.6857 46.7644 45.4341 42.5396 44.1727 1.03145 0 1.53396 0.914728 10.9557 10.7755 10.8914 10.3645 51.0108 54.0883 51.8547 49.6729 77.6213 77.2559 74.8564 84.1065 71.6931 71.729 66.616 67.2623 105.907 100.201 103.876 96.9731 19.2584 17.5172 18.0064 17.6938 38.2669 34.0688 38.8888 39.3694 61.2256 63.5575 65.9607 69.9213 2.06206 3.13295 2.35815 3.51917 50.6897 48.877 47.1982 43.8626 60.8738 57.1158 70.9719 64.7126 53.3917 68.9121 55.747 91.2954 57.0994 30.738 19.2207 73.6521 58.386 37.2851 20.3399 39.1238 55.4536 53.3013 37.4077 61.9992 67.2305 32.4172 31.6395 5.41867 75.0331 50.3605 47.7287 46.8326 84.9574 29.5341 83.4299 31.7167 57.1523 16.1766 61.5623 37.9466 14.6241 14.0998 56.6289 43.7967
52.3452 52.6689 51.1401 54.2685 59.1013 52.4107 63.1979 60.0225 57.9026 65.599 62.6122 54.2075 58.6366 66.7699 66.3884 56.9483 62.3672 66.5545 60.2267 59.6065 68.8607 67.7659 72.0693 69.9659 71.3568 67.6924 61.5473 67.7328 68.4111 69.9584 92.411 101.512 104.996 94.9935 89.4428 84.7994 90.0614 86.3284 18.8034 20.1628 21.676 22.1174 20.1199 18.5267 22.7976 21.7734 76.9295 76.8737 75.8358 87.3816 72.1803 80.6537 86.0911 83.2138 81.933 67.4505 80.9463 76.5092 35.0102 35.2286 38.6058 42.6696 36.0693 36.2534 35.881 37.1732 19.3459 20.2842 17.0961 20.5038 94.1802 91.1428 72.6342 69.8644 74.9302 72.7366 29.3356 27.5281 75.6068 65.9095 62.957 65.1543 13.4288 78.3073 62.6232 42.5185 45.9363 47.1506 42.6077 47.8413 0.939018 1.53396 0 0.976683 9.2888 8.63177 10.6614 8.32052 45.7334 46.1344 49.9803 54.6593 81.1521 80.8688 83.3758 74.5459 64.7561 67.9823 63.0477 67.0114 104.244 87.6459 92.8863 94.5042 17.1038 15.2774 17.9185 16.7386 37.4728 32.7977 34.4368 36.5144 66.9262 67.364 63.6199 61.4328 2.961 4.45535 3.29378 4.30769 50.8951 44.422 42.7742 42.838 64.1096 59.7496 62.294 53.965 45.8485 76.559 54.1421 87.0039 60.6885 28.0244 19.6218 76.8113 52.7699 36.3598 21.2004 35.5933 54.6053 53.6272 33.8423 59.2675 55.9424 32.2004 27.9274 5.70709 66.2332 49.7565 52.4087 40.5758 89.3884 29.3635 84.0699 27.8874 54.4703 15.099 57.5966 32.7398 15.223 15.1471 53.6356 42.2478
59.4094 57.6224 59.9533 56.5571 53.9254 57.712 53.2715 57.3733 56.1337 58.2807 59.5577 64.7187 56.0639 57.8977 59.8195 64.5593 58.5347 64.9937 63.8395 57.71 59.1526 62.6185 70.9054 72.2409 75.4805 78.7498 69.669 63.0957 74.5502 69.664 103.76 106.476 91.0303 93.923 83.3298 90.3042 98.6659 97.0395 19.8492 19.2468 19.4319 22.4111 19.8476 17.7064 21.1697 19.8196 86.5414 75.9691 84.2474 89.2307 74.9629 84.3987 81.7894 87.9106 79.403 70.4479 78.7102 81.9857 37.5477 35.9888 37.1492 41.5076 40.2031 34.3508 36.3786 38.3466 16.4056 17.8799 19.1727 19.8864 90.724 93.8496 73.8474 68.6501 72.3504 65.1827 27.775 29.8499 70.065 79.4975 72.9541 63.2179 14.979 81.8248 58.7036 40.9697 43.462 41.203 47.5952 43.9915 1.36829 0.914728 0.976683 0 10.86 9.81136 11.3755 9.84973 54.429 46.6861 56.5204 55.4248 83.6172 79.7688 82.8284 72.0868 60.389 58.7055 68.0156 61.1186 94.8226 103.267 105.479 93.9156 17.6504 16.754 17.6554 17.0248 35.2143 34.1795 40.3159 39.0031 66.496 67.5756 63.2069 63.8494 2.23563 2.97015 1.95576 2.87994 49.9133 41.8347 47.151 42.4047 63.4296 57.264 71.5826 65.1669 50.2486 69.6109 56.351 85.9588 61.1458 30.0428 18.934 71.6235 53.4874 37.8066 22.6153 37.6405 50.0561 48.215 40.7407 67.9637 65.8617 34.3706 32.0208 6.58001 73.0967 51.2189 52.3641 41.7587 90.8604 31.0018 80.6845 31.1914 60.6941 14.6841 54.383 37.4774 18.4195 16.3609 50.7508 44.752
46.216 47.7905 45.5494 54.1663 50.6426 44.2638 52.7242 60.6928 62.099 62.5952 55.9862 51.8072 53.0306 64.4676 65.0202 62.2864 66.7192 64.6865 63.7557 65.4541 66.0879 70.6143 64.841 59.7683 62.8162 64.5284 65.1335 71.7164 64.5617 74.6128 82.5314 82.8593 80.7811 93.931 84.611 92.2199 88.3626 81.7677 17.9472 19.2984 19.4658 20.9547 21.6598 22.3883 21.1878 22.3822 70.0477 79.7441 79.6852 69.883 72.0909 77.1169 65.8245 76.5837 60.959 68.2991 64.6796 70.9326 29.1997 27.9547 32.1629 31.493 29.6826 27.5734 28.4131 27.1123 24.8832 32.1577 28.0313 32.1922 77.9688 83.7411 64.0048 67.8827 63.6307 66.9287 32.7811 32.5661 62.4851 61.7844 62.9588 60.1375 20.4632 73.9936 57.2678 33.8954 41.4874 39.84 41.0006 36.6805 9.97975 10.9557 9.2888 10.86 0 0.957259 0.920094 1.34578 45.561 43.4793 41.9069 44.0997 73.7603 69.8362 69.3149 62.1197 55.7063 56.7724 54.4761 53.9639 82.5582 80.2461 87.7576 83.2378 13.7019 14.0169 12.7933 13.2335 23.8725 23.6572 26.0979 25.2449 60.7636 54.7797 55.2969 54.858 11.5329 12.414 13.0118 13.6081 38.397 35.7764 39.3172 39.2158 47.7944 46.3675 58.531 60.5237 53.463 66.0424 48.4491 67.8295 58.5446 31.2044 15.7529 70.2124 40.8562 34.2497 29.875 28.3576 55.0758 43.8136 30.3864 61.9401 55.0999 22.8339 20.4237 11.8143 54.9101 36.246 44.3014 36.1241 81.9867 17.1189 65.2814 17.4946 47.8316 21.5342 52.9571 29.2788 18.7048 16.5714 41.9915 44.6827
53.0086 48.5177 52.2203 47.2947 50.848 51.8705 54.6164 56.0356 53.5383 58.2408 59.1621 54.5091 53.0057 58.4218 60.3682 59.7454 59.5452 60.3161 57.743 64.9213 63.628 58.7265 58.9453 63.5909 65.5204 65.3999 65.9855 70.4738 61.3531 72.8779 81.6358 88.5959 81.1935 87.5599 84.4747 85.161 83.9367 93.7714 16.4953 18.6051 20.3468 18.8287 17.6284 19.0247 20.7349 20.2371 80.6993 69.9754 70.27 70.0404 67.944 71.9985 77.6067 72.0333 64.7287 61.7501 72.0961 65.4219 33.9212 29.4378 30.7426 33.812 27.9678 27.1262 30.6585 26.4448 25.6994 30.3921 26.8748 28.5409 76.8962 78.6264 74.8886 74.678 63.5438 73.0081 31.2238 33.1159 67.6101 71.1789 56.1045 55.664 17.659 83.2101 55.3246 38.2407 40.4804 36.7586 42.82 38.2057 9.84477 10.7755 8.63177 9.81136 0.957259 0 1.36345 0.943251 40.8943 39.822 47.5038 43.2016 72.0367 67.7692 62.6605 64.3992 54.9873 59.1587 58.5928 58.2161 97.353 84.8392 84.4286 80.0907 12.3836 12.2257 14.4933 13.2869 28.0852 25.1462 27.8905 24.8272 61.0691 57.6468 52.3585 52.6255 11.233 13.8418 11.0913 12.3071 42.0874 34.8395 40.8527 40.0074 53.4239 52.0213 58.2577 59.3639 51.3782 66.7796 44.941 74.4728 61.1212 29.5113 15.1955 62.9111 43.4926 34.4779 30.8256 33.9569 51.2006 41.4302 30.7974 52.1747 55.175 24.3867 22.3952 11.0013 56.7337 41.9421 39.7664 35.1423 76.2129 19.5138 77.6449 20.5563 44.4031 21.1625 53.0949 28.5812 17.576 18.4608 49.3819 43.4644
51.6743 48.3553 50.7112 49.803 48.47 44.1026 58.7623 54.3873 55.374 62.2578 54.0049 57.6332 56.2851 60.7755 61.6329 56.0089 57.8181 56.6828 62.7187 62.8027 57.3027 64.5962 63.4133 65.1077 61.4306 72.078 68.6705 64.9499 62.4911 70.7298 90.2127 81.3046 96.515 92.9236 87.0234 78.0424 84.9503 81.4044 17.347 18.2579 19.4215 21.0526 17.6046 20.2429 21.6966 23.6326 74.4387 78.4972 81.3252 81.1457 72.8315 64.7507 67.025 73.4953 67.3319 60.4606 66.9848 68.9325 30.9779 29.2306 32.9734 29.34 25.2798 22.4779 25.8628 28.0064 27.0173 27.0012 24.9969 27.4832 79.324 75.1309 70.2531 68.9198 65.3157 61.1976 34.5537 33.5779 65.9827 69.7068 65.3562 63.4791 19.9362 79.3668 50.2461 31.6895 39.9537 39.8155 37.6908 40.435 9.89426 10.8914 10.6614 11.3755 0.920094 1.36345 0 0.963139 41.4091 44.8288 40.9838 38.9968 65.9297 63.5407 71.9889 65.2449 54.0124 53.2798 57.3624 54.4601 88.8343 90.1402 81.2055 85.4026 10.9152 11.9267 14.051 11.9427 24.3033 23.4795 28.3456 26.3842 59.3798 52.4987 57.4794 60.536 12.5394 13.5497 13.012 14.1724 37.4329 38.8135 40.0239 36.9908 51.0773 49.5559 58.3979 58.4569 49.7384 65.9024 44.9003 78.3103 53.921 27.7371 16.3369 68.5303 43.8794 30.9976 32.6164 27.2916 48.9921 43.7397 29.5029 54.8244 61.5019 22.4989 20.384 12.4619 60.9716 39.8021 44.0473 35.4343 78.0146 19.1621 68.4828 19.5503 45.4126 25.1066 54.1121 29.716 18.1677 17.855 42.18 38.3722
48.6614 48.4691 53.9554 50.1117 52.728 44.8343 54.0043 60.2169 57.1543 55.6087 58.7598 52.9665 53.726 63.5158 56.4138 57.8804 55.2438 64.742 59.9849 57.9215 58.5989 62.0814 62.7251 61.7386 64.4615 70.1422 62.7881 64.7016 60.605 61.1002 84.6078 81.3797 86.8972 96.0698 75.288 76.6362 89.1677 85.7791 14.0081 15.1988 17.9284 17.9052 18.4694 19.179 20.8698 21.7522 72.1436 81.661 82.9154 73.3791 72.6614 72.7541 74.3126 68.7305 65.4875 68.5133 66.1085 59.8163 32.8529 29.1435 31.8581 34.5356 26.3329 24.7343 29.612 26.9563 26.6081 26.2962 27.2863 27.0857 71.9331 76.6916 66.7476 73.8028 72.5941 69.4461 30.7739 36.0592 65.5289 68.9335 55.6769 57.3763 18.9948 77.947 52.2119 36.5296 41.6076 34.9217 37.75 39.4713 9.32437 10.3645 8.32052 9.84973 1.34578 0.943251 0.963139 0 39.1441 41.5694 41.9831 42.9912 67.1017 65.9635 65.2606 69.288 57.7131 58.6298 53.8341 56.7346 94.8362 94.8067 83.5868 87.0601 12.4153 10.8279 12.9666 12.1815 27.6464 27.8799 25.5543 23.8876 57.885 61.5973 57.7447 58.7402 12.5151 11.8197 11.4493 13.8848 40.5707 34.28 36.7956 35.0998 56.8149 51.7223 63.8053 63.293 52.566 60.3487 44.7471 72.0599 59.7955 26.9654 18.1789 64.7769 45.8628 34.3891 28.1196 30.486 54.3145 47.1337 30.1126 53.2722 54.0621 25.5486 19.8283 11.732 56.5159 35.8796 46.306 35.8202 75.674 18.5167 71.7914 20.7673 51.0445 21.3474 47.4322 32.0515 17.5627 19.5629 49.3046 44.5674
19.2428 21.2992 22.6098 23.8646 19.2594 21.6568 40.2787 38.1232 35.7292 36.6547 39.7702 38.7279 43.95 39.9703 50.9999 49.7584 53.7371 53.3314 56.9729 50.0016 52.1216 52.2143 34.7352 39.6084 40.4922 38.3239 38.1622 36.0154 39.1463 40.0068 41.7175 48.6917 50.2024 49.1331 37.235 43.0312 41.059 40.1221 40.7593 36.5168 33.2789 34.2333 42.7712 42.8246 41.6446 39.9053 29.6734 33.4446 33.4152 30.9688 26.2632 30.5874 30.4448 28.6737 27.9263 24.3213 31.8357 25.8498 13.9671 15.126 12.7236 16.2696 25.6407 27.1051 22.4576 25.9986 58.4757 62.5049 60.2701 58.9409 43.1899 36.025 47.7695 45.158 55.7364 57.0746 48.1242 54.633 57.4501 66.8881 19.1796 17.8281 47.1712 71.7129 17.2081 26.9731 20.786 20.7654 20.7691 21.8865 50.6708 51.0108 45.7334 54.429 45.561 40.8943 41.4091 39.1441 0 1.08023 1.03991 1.49296 26.0946 22.824 25.8408 24.6297 18.1778 19.4971 20.627 20.4461 49.0562 43.6264 47.3144 49.3387 38.7045 33.5739 36.0199 36.3307 20.7789 20.7654 20.4679 18.9851 61.3214 57.857 57.4383 52.099 48.3775 54.4464 54.3421 52.8032 4.51684 5.18477 3.13284 3.93641 21.4963 41.7036 22.4475 50.2317 44.3008 24.3084 10.2539 36.9848 45.7635 41.7927 51.3023 36.9736 43.8845 57.3965 67.6831 19.4101 38.6824 21.6806 54.0589 47.2239 54.5428 20.2695 22.0007 49.5105 16.775 35.9748 45.9722 51.7066 32.1225 29.4771 36.152 35.4313 50.6626 51.8838 61.117 29.9224 61.2507 60.591 28.6864 35.7597
20.6524 21.4882 19.544 20.3743 17.5323 23.4022 36.3929 39.25 40.91 38.05 44.2024 44.2842 46.4912 46.0158 46.9758 48.8168 46.1588 52.4606 55.0689 56.579 51.107 49.2672 31.8792 39.6521 37.8215 40.104 36.0365 40.5617 39.677 40.961 44.6379 48.0979 46.3282 47.0123 42.2746 42.1267 45.8132 42.7745 33.5876 34.7617 38.3027 33.6575 38.7254 37.4277 43.7452 39.3514 30.1747 36.1119 33.4072 34.9084 27.5032 28.525 33.7445 30.6865 26.7882 28.8794 31.5508 26.5916 14.0049 16.2047 11.5021 15.331 26.8691 23.7945 21.4318 22.4607 64.6068 62.9381 64.5644 57.7059 43.6252 38.8165 49.3619 45.0744 47.3474 52.6799 53.4413 50.9631 69.8074 62.48 18.2258 19.0883 43.9754 63.6693 18.3831 22.4284 21.5011 21.7998 19.8474 22.042 54.8977 54.0883 46.1344 46.6861 43.4793 39.822 44.8288 41.5694 1.08023 0 1.30899 0.975556 26.9527 27.1679 24.3616 25.4911 19.943 17.0242 20.4048 21.3149 46.6889 49.7823 48.0828 46.009 32.905 37.6988 33.7294 34.4492 20.7524 23.2196 19.6679 21.37 60.8163 57.6603 61.7371 53.3341 53.1472 57.4215 55.2786 53.6347 3.5878 3.98262 2.99412 3.42695 21.1739 41.927 20.9693 55.9628 41.0975 25.442 10.0898 37.7992 41.2234 38.5619 52.2632 33.6117 47.8528 55.0504 77.6317 19.822 39.2483 20.7944 59.5571 50.2791 57.4479 17.306 19.7813 54.4344 21.292 38.6328 42.4184 49.2405 31.9093 31.3216 36.9995 34.3483 48.4531 50.1071 50.9942 26.1147 64.7814 58.2395 27.0495 33.8041
20.5904 22.3131 20.9505 20.2793 18.7304 20.6624 35.1278 40.8176 37.1042 41.6955 42.6118 41.0753 47.1078 41.8418 52.5726 51.0187 46.3023 48.9897 49.8519 48.7052 55.3665 56.0651 34.2794 35.0199 39.6506 40.9628 38.9524 42.9068 40.2945 39.3287 47.3047 47.8321 49.4826 47.1707 44.7595 43.3764 38.209 40.6578 39.2126 37.798 34.8432 39.7671 42.4898 38.5911 42.8792 40.662 29.5229 28.6484 30.7789 31.6958 27.927 31.0403 30.8165 29.571 29.3379 24.4213 29.7533 25.9307 14.8829 16.5246 12.9411 16.1192 25.9237 28.0579 26.5408 26.356 56.0164 70.0494 59.8395 64.2896 38.7934 40.2559 48.2875 50.9682 49.6604 48.5952 49.3822 53.5466 69.9039 60.098 18.489 17.7838 52.2632 71.5125 17.3929 24.478 20.7454 20.4519 23.2805 21.7317 51.871 51.8547 49.9803 56.5204 41.9069 47.5038 40.9838 41.9831 1.03991 1.30899 0 0.919478 24.1693 24.4785 22.7457 23.6785 16.7004 16.3792 18.6669 17.5329 45.5143 47.0713 49.4674 44.9163 39.3243 39.5285 36.4849 37.9276 20.5203 20.8449 21.1958 22.8577 64.9175 53.3632 62.594 54.1942 49.528 58.8063 57.3194 58.7291 5.52182 5.12439 4.33482 4.80876 22.2536 42.4219 22.238 51.8964 39.7898 22.5395 9.99147 36.0171 48.8499 41.6966 49.8778 37.1751 42.9072 50.9831 73.3734 20.7138 39.3557 20.8025 60.9453 49.7784 56.5232 19.6881 21.239 60.0405 18.4423 43.6591 45.0145 50.5426 36.6822 28.1044 36.7424 37.3896 51.1771 60.9983 55.688 29.4024 60.3667 58.897 32.2888 36.4638
21.1865 19.3685 22.4695 20.245 18.7355 20.8384 33.5205 34.1491 35.7673 34.7584 42.0623 41.4104 43.6136 46.2542 51.5031 50.6625 51.6283 47.3877 50.2237 54.2316 50.8424 56.3508 34.0698 35.1402 40.1008 35.8743 38.1977 36.4289 36.118 39.5737 47.1589 44.2979 48.4348 51.1969 41.945 40.602 42.1918 47.3158 40.4843 39.1489 34.7636 36.3978 42.9485 40.3141 42.4012 43.4213 28.7025 33.5239 33.0004 35.0778 26.6 28.8409 30.3363 31.5437 30.4193 27.1112 31.8311 27.9253 14.9977 17.3604 11.7297 14.9381 29.4109 28.6159 24.0166 25.1889 66.2506 66.6368 59.9837 57.3725 40.1468 34.6739 44.5353 49.2801 51.4951 47.5245 55.1504 57.7762 69.5141 62.2084 18.6994 18.0974 52.7619 70.5596 17.9908 24.4907 19.1324 23.0215 21.9671 19.5744 51.5543 49.6729 54.6593 55.4248 44.0997 43.2016 38.9968 42.9912 1.49296 0.975556 0.919478 0 24.0095 26.5656 26.6728 24.109 16.0137 16.2493 17.6305 17.3172 44.8678 46.8125 42.7201 50.4046 33.4165 38.9168 33.2398 32.4131 22.3891 20.6846 21.6061 20.8224 65.2004 58.9114 63.4359 56.2021 48.9183 53.152 55.1263 57.3171 4.5692 4.79846 3.74637 3.96255 23.5216 40.5421 23.4794 49.3274 47.0552 26.7571 9.14632 42.2946 47.3219 38.3368 47.2639 38.1789 49.7663 53.126 68.4246 21.8151 40.9226 20.6081 52.7426 44.3154 54.4793 18.3767 20.6305 56.5713 21.083 41.6714 46.8662 50.5119 34.9994 29.6865 33.1437 31.763 55.3477 59.8212 57.6645 29.7627 65.7412 63.8472 30.3582 31.1739
34.0149 33.1836 35.8303 33.1088 28.8037 34.7819 51.0528 45.8216 48.1627 51.4224 53.8789 52.9923 58.2589 55.3983 54.7258 56.5522 65.5564 56.8046 59.9133 66.1199 65.4158 64.1535 38.1428 40.1501 39.1124 42.0056 42.8061 41.5658 45.5512 47.4493 21.7386 22.3692 22.7258 24.3678 18.492 18.448 18.1289 19.937 58.1968 57.3104 55.9566 59.1082 65.4231 60.7888 60.7134 62.9694 5.78211 7.22085 8.06858 8.37813 4.41463 4.97605 6.34105 8.55265 18.4651 14.851 15.0481 13.686 37.5511 44.486 39.785 42.9622 43.1808 44.6235 40.8631 43.975 86.572 94.4805 76.5508 79.1071 21.4421 17.8124 52.388 52.1394 59.9769 63.2603 71.4945 82.2428 77.653 75.3898 6.47321 8.55151 76.1857 72.3726 21.8335 43.831 43.9398 41.8854 36.2556 37.8881 81.8492 77.6213 81.1521 83.6172 73.7603 72.0367 65.9297 67.1017 26.0946 26.9527 24.1693 24.0095 0 1.06571 0.978025 1.47401 16.9948 18.1638 18.8345 20.1983 22.9279 18.9187 20.6122 22.1014 57.3506 64.4563 64.372 57.6938 46.7836 43.5066 44.0824 44.1164 68.1344 76.6559 73.9598 62.5225 71.7563 75.3992 77.336 79.0462 27.7134 30.1263 28.5711 27.942 23.1609 46.9276 12.6565 66.9894 63.1688 12.2339 24.5059 29.4901 52.9701 61.5388 75.5112 35.1125 60.5414 65.8134 93.2885 46.7838 52.8572 30.8488 74.9295 55.5614 69.3033 47.2777 51.6892 78.7214 12.9661 55.4528 60.416 69.5024 8.86533 52.2735 22.4774 58.6893 73.7682 78.477 70.3857 46.9463 92.305 83.4642 39.7811 54.3297
32.9601 32.2436 32.9621 30.8588 28.416 34.0158 43.392 49.0348 45.7524 44.2684 55.2234 55.6356 48.8174 56.164 59.3221 56.9692 62.0151 60.1856 68.2739 60.2303 68.5028 64.5912 34.4947 40.1094 34.3957 40.9304 39.2767 44.373 40.0024 43.2852 21.749 22.1659 25.7737 25.4343 18.8452 17.3943 19.0837 18.6005 57.992 55.4284 62.4841 54.9587 62.6412 60.3335 65.4129 68.4189 7.54681 7.56734 8.97605 9.66489 3.88083 5.70964 7.17953 7.13825 18.0086 17.9674 18.2358 16.227 40.4272 39.3364 35.138 40.3488 44.3963 52.1911 40.6684 47.255 85.9448 88.2414 81.5018 88.1773 22.8117 17.8182 46.0078 51.9871 52.1183 62.9032 66.5806 78.4289 71.4228 76.4176 6.0913 7.89039 67.7429 67.4934 18.9984 45.7715 35.6846 40.9059 41.7992 41.6435 76.7899 77.2559 80.8688 79.7688 69.8362 67.7692 63.5407 65.9635 22.824 27.1679 24.4785 26.5656 1.06571 0 1.34804 0.965368 18.721 17.0345 18.6319 16.7132 20.9298 21.2216 21.3295 23.4297 63.7342 58.8569 61.0037 57.8206 45.9361 43.4634 40.3917 41.5497 75.394 69.6385 63.1031 65.0602 82.3371 72.7044 70.2974 77.3439 28.1105 31.6593 29.6267 31.0632 24.9211 47.3025 14.2562 64.0324 63.2894 11.0309 20.9728 28.6782 49.0739 67.2645 77.0483 33.0155 58.8083 68.6616 87.6947 39.2947 60.2104 34.2733 74.2621 60.3267 63.2531 44.6925 48.9532 75.1309 12.9489 53.4584 64.3609 69.9665 11.3978 50.7194 20.936 54.3787 65.7131 85.8852 64.5632 53.8556 76.2883 91.6357 41.0353 53.7553
31.9518 29.851 29.9335 34.255 31.0644 38.5026 47.6916 49.1341 51.3299 50.219 56.4485 49.5565 52.6617 51.3387 59.6255 56.1331 62.4948 64.1094 62.029 61.5835 60.7195 60.0764 41.1506 37.4787 36.0543 36.9994 46.2728 41.0767 42.1546 41.3888 22.158 21.8008 22.1352 21.3947 15.4136 18.6594 16.7654 18.2029 59.374 63.679 61.7164 65.653 66.5455 68.6159 68.5919 61.1606 5.982 6.49271 7.28918 7.93657 3.18764 4.52974 5.47436 7.3039 17.1895 16.2167 18.1545 14.2253 42.1405 42.6363 37.0441 43.5293 49.8786 49.0168 46.7287 47.6719 94.9812 81.319 90.6113 81.2207 21.0672 19.854 48.1296 50.7083 52.4563 64.4641 72.8942 69.1042 74.9879 64.848 7.92151 9.71276 74.132 71.8264 23.7185 47.0076 41.7313 42.9451 39.2101 39.6482 80.5306 74.8564 83.3758 82.8284 69.3149 62.6605 71.9889 65.2606 25.8408 24.3616 22.7457 26.6728 0.978025 1.34804 0 1.07396 16.7843 20.1459 16.827 19.1381 18.7186 18.7533 20.5488 22.3123 67.005 62.1859 66.5259 60.015 45.1008 49.8172 47.7578 46.1212 67.2658 67.4789 69.8478 71.8438 79.2031 85.0457 84.5623 75.0966 29.5708 31.1927 30.6016 33.0255 27.8692 56.7301 14.1041 60.6629 57.3757 10.1126 22.4813 27.2255 56.655 63.7818 78.705 33.0783 65.0552 75.7247 100.062 42.4209 54.1964 33.8808 73.7447 59.7718 63.4096 44.3819 49.4741 74.9519 14.6707 54.1894 61.8153 63.2567 9.81399 55.2443 21.2441 61.3115 70.0961 72.8651 77.9639 54.4246 78.1747 85.6317 44.9732 51.9535
28.4867 31.2396 29.3106 31.2714 29.8227 35.7539 45.0205 50.671 48.4201 45.8022 54.3799 48.0462 57.4783 55.3101 58.1256 59.2095 55.923 62.9348 69.8859 66.4269 66.391 66.5251 38.5897 37.7061 34.0684 41.4743 43.7702 45.3469 39.7093 46.6909 23.1762 23.1389 23.0191 24.9921 18.2782 17.4641 17.0495 20.0044 66.0712 62.0976 64.697 55.8673 63.8536 63.5697 69.3138 64.602 7.21822 8.01936 8.14152 8.81839 3.0567 4.01076 5.83116 6.74821 20.514 18.5394 16.9506 16.8648 41.6489 39.4007 38.2791 40.0738 51.4467 51.8533 49.1537 46.4321 78.5358 95.1153 79.5598 86.4349 22.1514 19.1543 47.352 53.572 60.488 58.4568 67.0479 68.2162 79.0677 69.6935 7.71417 9.084 79.3854 67.4998 21.9091 47.9828 38.4582 42.8582 40.8813 37.0254 82.1386 84.1065 74.5459 72.0868 62.1197 64.3992 65.2449 69.288 24.6297 25.4911 23.6785 24.109 1.47401 0.965368 1.07396 0 17.6423 18.654 15.7626 17.2968 20.5126 20.6963 23.031 19.2705 54.6305 59.3025 65.2576 63.1494 44.1456 49.4173 44.6169 48.9209 65.7361 69.1799 71.3343 71.8308 79.8532 76.7416 77.5891 82.2676 32.0087 28.1051 30.9799 26.8677 27.8005 52.9754 16.0995 69.461 63.6282 8.8011 23.2403 30.3934 52.5947 65.292 70.2023 37.3853 59.6367 77.6769 93.2104 43.4179 57.1274 32.1488 78.3104 54.7238 68.5722 42.4165 42.8356 74.4667 14.104 57.1295 63.7085 65.8047 10.1838 53.6283 23.7515 53.6135 73.9661 73.7789 75.234 49.2632 80.4773 78.3934 42.8 50.9158
12.102 12.9069 15.9528 15.7675 12.2228 16.7088 31.6914 32.5418 31.3216 30.9085 34.5902 33.4431 34.4553 38.8452 38.9833 43.7222 41.6223 45.1399 46.1308 44.8161 44.9468 49.283 19.7818 23.032 23.963 22.4044 26.8383 27.5916 25.4612 29.5673 36.4738 38.1904 37.4525 37.2974 35.5026 31.7622 34.8266 36.1218 45.0222 49.5226 45.4232 47.4466 48.2533 56.4789 52.4724 54.2859 24.6689 21.667 22.0465 24.2884 18.559 18.8865 18.43 18.9893 34.5517 31.0443 31.3265 28.2829 28.4927 29.1785 24.9028 26.8948 48.4969 41.4598 46.1115 37.9403 77.4958 71.0974 69.2125 70.7613 40.5994 35.9119 37.4054 40.4693 36.6986 43.4767 59.0712 63.0945 83.2649 73.9836 17.118 13.2114 54.0366 51.4869 3.37613 28.9573 22.6454 22.522 22.5514 22.5234 65.7096 71.6931 64.7561 60.389 55.7063 54.9873 54.0124 57.7131 18.1778 19.943 16.7004 16.0137 16.9948 18.721 16.7843 17.6423 0 0.921487 1.05112 1.55321 41.8668 35.6939 37.3897 34.0187 46.3266 51.1824 49.7926 51.7566 36.6781 41.6268 40.9574 42.6581 70.5272 79.0868 76.757 67.9452 72.9743 67.5558 70.8465 62.0834 22.4766 22.3349 21.1119 19.582 32.7936 59.416 23.4096 43.6589 38.9602 10.7474 8.90432 40.3422 40.7849 49.0282 74.1819 47.1304 67.2757 66.5433 92.2385 36.3564 37.9185 34.0746 78.6283 60.7468 50.5684 33.8479 38.3927 66.08 22.4041 54.885 62.7188 72.1804 28.5494 50.165 37.1918 52.0081 68.3085 65.7759 78.404 36.9719 69.7416 75.4777 49.4013 35.1328
12.0208 12.2802 14.9525 15.1229 10.8969 16.1587 29.4245 27.7982 31.2789 29.7488 34.4331 37.4248 32.2959 37.6689 37.6311 41.7982 37.8289 44.6921 49.3676 44.8236 49.6835 44.7936 19.8124 22.6577 21.3172 24.7984 23.7529 26.9974 25.8121 28.1725 43.3105 41.0536 44.1365 45.8865 36.8018 32.7285 35.8364 33.1247 43.3213 45.088 43.4356 45.3996 49.669 53.4824 51.6377 45.6874 22.8462 26.9304 26.7869 24.5582 19.9344 17.8046 19.7724 22.3273 33.7722 28.8698 31.1375 29.0187 25.087 25.8327 25.5174 27.3609 47.2423 46.4982 46.008 38.056 69.7586 75.0194 67.3891 72.4202 40.6583 39.5311 33.2383 37.0643 40.714 41.845 56.7481 58.4485 83.6618 75.9275 16.5895 16.8398 57.7104 57.2385 2.19431 28.6194 23.986 24.2023 22.5241 22.8657 65.4359 71.729 67.9823 58.7055 56.7724 59.1587 53.2798 58.6298 19.4971 17.0242 16.3792 16.2493 18.1638 17.0345 20.1459 18.654 0.921487 0 1.2964 0.948378 37.7907 37.6958 39.6215 41.0713 45.0443 52.6923 44.5612 47.511 38.5244 42.6209 39.0529 37.1773 74.752 71.6084 76.9602 68.732 65.5395 67.9071 60.1298 71.0409 19.9851 23.7928 22.2648 19.05 32.8431 60.1981 28.5924 48.6335 43.0182 12.2838 8.02376 46.2425 36.7565 46.7622 71.5767 50.7429 69.7103 66.2425 83.7384 38.3216 35.1722 35.2874 78.0503 65.561 43.2131 33.7667 33.1642 71.1171 25.4167 62.5194 62.302 69.639 27.9627 51.5393 38.9571 47.239 68.8384 66.3092 68.6147 33.1122 69.4983 80.7698 49.7364 37.3268
14.9432 15.1846 16.2104 16.6169 13.8572 17.7563 31.104 30.5548 28.6223 30.5508 36.5518 38.3761 35.8896 33.9153 39.9905 41.7617 45.2377 42.613 44.7652 43.3825 48.6417 47.163 20.4169 20.5757 23.101 21.5447 24.27 24.5675 29.334 25.5035 43.4625 40.7811 38.2689 39.1791 33.4874 33.9858 37.3205 35.7039 54.0289 52.0068 45.8399 43.193 52.2385 52.5341 47.7935 50.24 23.536 24.7508 25.1921 24.4596 19.2759 19.7442 17.9367 18.0903 31.4327 32.0307 31.0407 31.5505 28.6432 28.2704 23.9666 24.6018 44.6713 48.0529 45.8667 39.6245 72.314 69.8246 73.2645 69.7731 42.8901 40.081 35.0569 34.1492 36.7621 46.5426 61.8843 60.6817 82.2492 82.9386 15.9938 14.3738 54.2795 53.0322 3.97652 28.6811 24.6833 24.9539 23.7323 26.9968 61.9995 66.616 63.0477 68.0156 54.4761 58.5928 57.3624 53.8341 20.627 20.4048 18.6669 17.6305 18.8345 18.6319 16.827 15.7626 1.05112 1.2964 0 0.922639 36.5635 34.505 38.4905 37.0631 53.3995 50.4466 51.7938 51.8176 41.2997 41.724 43.4564 40.652 69.9224 75.2762 68.1623 73.2483 69.7358 64.7094 64.8615 61.5159 23.5801 23.8113 20.2774 23.213 32.328 58.5086 26.6762 49.2938 39.5969 11.5753 8.7095 39.8638 38.5771 51.0189 63.2261 41.6185 63.3639 67.0754 84.7509 42.6319 34.6954 40.3992 71.98 68.4643 46.3009 38.338 37.5534 70.7434 22.4736 52.1628 71.0167 62.4504 27.5009 49.816 38.3818 56.35 76.7154 61.3235 77.3347 38.1622 79.0383 79.5611 48.0754 36.87
13.0053 14.5766 13.1108 14.1222 11.2835 15.2747 30.1522 28.0242 29.6089 29.8153 36.0636 32.19 33.2169 37.5328 39.0825 42.4081 43.0199 43.2764 43.9881 47.0526 42.0494 50.0756 19.8904 18.9788 20.8223 21.8187 26.1687 24.9254 23.8079 24.291 37.7126 43.371 41.1993 39.6398 35.731 37.0634 32.7031 39.4255 44.8802 46.9826 44.4808 48.4395 56.8263 47.5061 52.9624 53.9615 23.4908 22.7001 22.9806 24.3418 18.7959 19.3646 20.7598 20.9354 34.434 28.6713 35.5993 28.7069 26.6224 26.9023 24.4213 28.1743 41.7188 48.5774 46.9028 44.2625 68.9131 71.3979 75.9064 72.5954 39.1019 36.5523 31.7199 32.592 37.7191 44.2462 51.2625 63.8582 86.9248 79.7904 17.5438 16.0836 58.5535 49.5624 2.72138 30.8608 22.8742 22.001 20.7253 25.8965 71.2629 67.2623 67.0114 61.1186 53.9639 58.2161 54.4601 56.7346 20.4461 21.3149 17.5329 17.3172 20.1983 16.7132 19.1381 17.2968 1.55321 0.948378 0.922639 0 37.3703 35.6179 36.0319 36.778 46.8384 48.0395 43.535 52.9634 37.3092 41.8923 41.917 41.6145 83.5392 83.3491 69.5348 80.4251 73.381 68.4373 65.0395 66.8818 23.0295 22.5836 23.6444 21.1472 36.327 59.1573 28.7708 46.5751 38.865 12.1001 9.35661 41.3095 34.7092 50.8948 62.1204 42.5482 67.5943 69.5882 89.8006 41.4717 39.9895 38.9285 70.1497 68.6023 45.5017 37.6509 39.4154 63.0391 23.7719 54.5294 62.0507 67.2459 30.3292 46.0157 37.9495 49.8941 70.3172 67.8736 73.5123 34.4337 83.2263 72.0783 50.5137 36.9077
47.5243 55.9572 51.2924 50.5962 54.7321 50.1559 62.2415 63.7544 72.1828 71.3651 68.7765 70.8713 70.3124 75.1755 71.1465 80.5835 77.4777 77.8696 77.1078 84.6562 76.7908 76.2986 52.8338 54.1325 50.6882 56.6518 56.3413 57.038 57.103 64.4565 5.40212 4.27811 3.973 3.32298 4.83828 4.27361 3.15207 2.46574 77.7324 87.9772 88.4459 79.697 79.5283 79.4053 90.3015 90.6786 13.7779 14.2509 14.096 13.6385 18.3788 19.2592 18.2227 20.219 24.5746 26.3745 24.6263 23.3399 61.2584 62.8593 53.0869 62.4753 66.9263 63.652 63.8506 69.4056 99.6708 116.214 114.447 114.301 16.5216 18.0267 60.4542 72.5061 78.4273 83.2008 91.4612 106.38 74.6087 77.5186 29.8697 26.4859 98.2098 83.6765 41.2314 62.2416 64.9031 68.1208 55.9266 62.7202 98.0972 105.907 104.244 94.8226 82.5582 97.353 88.8343 94.8362 49.0562 46.6889 45.5143 44.8678 22.9279 20.9298 18.7186 20.5126 41.8668 37.7907 36.5635 37.3703 0 0.911839 0.918975 1.45987 82.668 81.0056 73.9362 85.3841 60.9883 62.918 62.9166 60.2139 79.4641 89.0476 73.2794 85.7053 104.169 91.763 102.724 96.3998 48.4692 56.0112 53.0638 46.7688 39.1671 58.8108 26.9621 80.752 80.4838 27.5847 41.7849 28.2427 77.705 82.3333 86.4475 37.2706 73.9451 82.2912 120.875 67.208 76.6587 50.635 100.355 68.7126 80.347 61.7577 61.206 93.8281 31.6466 74.8753 81.336 80.0723 12.5716 69.9021 24.6871 80.8366 87.5625 106.686 75.4475 77.4953 104.467 100.019 59.0248 76.9061
51.2533 50.7664 54.3298 52.2995 49.8145 49.0777 67.5799 59.3061 61.6737 66.1686 74.666 75.9068 76.3356 67.9086 73.7136 71.7233 69.846 76.4794 78.318 86.3317 86.5329 78.8289 48.2453 49.7449 52.3927 52.6063 56.7778 56.4251 53.682 58.9185 6.38852 5.83424 4.84623 4.13232 4.62724 3.88665 2.36823 1.75146 87.7118 77.0638 73.7261 80.4749 80.2122 94.1546 79.635 92.2051 13.6506 12.2053 12.54 12.755 18.0404 19.065 16.7007 17.6279 26.8043 27.1187 24.8564 24.9458 59.7638 62.1706 54.3039 62.8785 58.9462 72.3836 64.2792 62.0156 101.024 118.856 100.968 111.391 15.8949 18.8996 70.0108 69.4904 76.5088 68.9341 99.1964 102.065 80.6029 86.5551 28.1184 26.3086 96.8706 84.8614 39.3139 60.9656 57.9929 58.2112 64.5574 60.8705 93.2826 100.201 87.6459 103.267 80.2461 84.8392 90.1402 94.8067 43.6264 49.7823 47.0713 46.8125 18.9187 21.2216 18.7533 20.6963 35.6939 37.6958 34.505 35.6179 0.911839 0 1.42508 0.927868 86.2537 82.9191 84.8667 75.2682 57.7106 59.7473 66.8713 66.8088 77.5951 86.507 85.4183 74.0066 98.3156 104.914 96.017 91.3156 52.8087 54.116 48.9325 47.1432 38.7484 64.7627 28.8083 88.1731 81.0545 24.0667 43.0705 32.6758 69.4666 79.8988 94.2311 42.8102 69.2877 88.6016 115.753 63.678 80.7298 45.6007 89.2407 68.2346 85.6712 58.1404 66.4369 103.155 27.2389 75.8766 70.8008 90.5902 12.1928 69.3332 25.994 68.0497 86.1506 108.779 91.1775 63.6536 96.1244 99.743 55.0688 79.3484
50.4672 55.4617 50.2358 57.3144 50.9449 52.9211 70.6345 68.5442 71.0784 72.5956 72.0773 64.6412 76.4517 66.5358 80.2329 80.9991 77.8838 81.3433 80.6733 87.0516 88.4989 78.0048 48.4961 56.9183 58.9827 50.0943 54.4103 62.0581 61.6097 59.653 6.36147 5.65562 4.6001 3.6067 5.85222 5.54409 3.96638 2.80881 88.4895 80.794 74.4175 84.843 84.4628 79.2728 89.1318 87.8967 15.9151 15.3375 14.4469 12.8201 18.5249 18.0496 19.8398 18.6656 26.4058 25.2662 26.3991 23.187 57.8646 63.5819 63.8575 56.1311 72.4957 67.2295 63.5979 63.0766 113.693 102.991 109.802 110.228 19.0289 19.9315 66.9455 73.8229 73.3097 78.7378 100.566 106.129 76.3298 78.738 27.677 29.7587 88.1522 91.2035 44.1318 62.0203 58.7259 63.7112 66.6218 58.3741 91.2971 103.876 92.8863 105.479 87.7576 84.4286 81.2055 83.5868 47.3144 48.0828 49.4674 42.7201 20.6122 21.3295 20.5488 23.031 37.3897 39.6215 38.4905 36.0319 0.918975 1.42508 0 0.91722 79.0526 77.3607 75.4244 83.8092 63.6067 65.9435 66.2281 69.381 88.7851 82.6157 76.2945 82.1929 104.116 99.675 90.3505 101.019 47.824 46.5513 49.9542 52.6549 42.8252 58.3323 27.3049 77.2708 77.8233 26.9471 41.4082 30.6042 75.9772 83.6207 94.464 37.4569 73.5327 86.6432 128.232 56.6106 82.9358 47.7136 104.307 64.9675 83.7916 64.2828 72.2192 91.162 31.437 68.7281 70.917 82.8135 13.9511 79.7535 23.0583 80.0142 87.537 95.1978 78.9392 76.5609 102.929 105.222 54.3476 72.7369
49.2667 55.0389 57.1613 48.9773 47.1035 55.9403 66.2374 67.0412 65.2168 68.4022 70.1779 77.2601 72.1829 74.9457 69.5331 72.6796 78.1286 72.5439 85.5423 83.5662 85.9157 88.3128 52.8322 57.0163 51.521 48.285 54.3352 56.7308 57.5871 54.7217 7.08847 5.90214 5.14046 4.666 5.91571 4.36322 3.79689 2.55565 90.6001 84.5348 86.0505 82.3469 93.2684 94.0566 83.7839 90.4047 16.0079 15.0656 12.3768 13.1352 19.4354 19.5761 18.2002 17.0673 25.3648 25.3028 26.9102 24.6969 56.1181 58.7153 58.1857 64.4418 62.426 72.3359 60.534 63.8353 105.023 100.095 111.292 104.041 18.4304 18.1524 63.6288 74.6982 72.9661 77.0957 91.4344 88.7811 88.6436 75.2499 27.2806 31.5622 94.1119 81.2958 44.8522 69.5741 61.1587 61.5923 54.5635 59.7684 90.8042 96.9731 94.5042 93.9156 83.2378 80.0907 85.4026 87.0601 49.3387 46.009 44.9163 50.4046 22.1014 23.4297 22.3123 19.2705 34.0187 41.0713 37.0631 36.778 1.45987 0.927868 0.91722 0 80.1251 85.7077 76.216 78.854 67.2724 58.9621 61.6206 66.4753 82.5136 89.6508 75.8353 83.8111 96.6581 91.8232 88.7906 95.1465 50.6823 48.8797 44.643 49.9134 38.5505 66.3765 31.8944 75.9675 75.9391 29.1789 45.3444 30.4876 79.1543 89.9914 102.241 39.9541 72.9905 86.3952 120.524 63.8994 80.103 50.3399 103.989 65.8493 84.2414 61.1339 65.5883 91.3001 29.9805 77.5404 77.0396 89.8476 11.1751 71.6635 23.6524 78.4458 85.9845 92.7651 76.0185 71.9959 110.75 113.833 59.4464 65.8354
39.5484 38.7641 41.2322 36.1913 38.5684 35.047 39.9722 41.1246 45.232 50.7384 44.642 44.1993 44.2177 51.0374 45.8489 52.8636 48.7979 46.063 45.3222 55.0959 51.0582 50.0028 50.7876 49.6819 59.0513 55.8147 55.1203 49.5214 58.2867 59.3891 83.8286 74.0789 75.5379 77.1627 70.3144 82.497 71.6626 77.4183 5.14483 5.69374 7.10773 8.41176 10.3217 10.0143 11.2606 11.919 63.3839 73.2381 64.8942 68.9047 67.1646 59.3858 61.685 69.273 67.3721 55.1379 68.7721 58.2207 20.8883 20.9052 21.9926 23.2301 29.775 29.5127 31.6769 26.2994 24.2856 28.5336 27.4437 28.074 68.1038 65.2229 60.0863 62.0595 53.4824 55.8918 20.9222 23.72 81.026 74.4773 50.2203 53.3295 13.521 67.594 45.5247 22.7991 26.8569 27.5296 30.8942 25.7946 17.1009 19.2584 17.1038 17.6504 13.7019 12.3836 10.9152 12.4153 38.7045 32.905 39.3243 33.4165 57.3506 63.7342 67.005 54.6305 46.3266 45.0443 53.3995 46.8384 82.668 86.2537 79.0526 80.1251 0 0.928422 0.90325 1.55271 27.4724 25.3378 26.485 25.3805 60.3598 67.2298 60.4809 62.1863 19.024 19.5234 17.4941 17.4469 29.0276 28.941 31.5387 28.933 53.875 57.3865 54.907 46.528 35.9027 53.1239 36.2508 66.8814 45.7794 19.6869 27.4158 69.2501 51.6644 45.9671 36.7284 32.955 38.5254 38.6789 47.6201 61.3349 44.9802 21.5499 16.3953 19.3512 56.0813 43.444 51.812 43.443 67.1158 23.3207 74.7369 26.1939 51.422 21.6912 59.3511 16.9539 32.9571 28.2388 45.5435 27.542
39.9458 41.7246 38.8339 42.4331 35.0045 39.5263 40.3256 47.3177 42.3496 47.9285 46.4708 42.9786 45.0138 51.095 43.2443 52.0874 46.186 50.7849 45.004 51.4831 50.1024 47.075 54.0112 55.1224 56.5358 54.0326 56.3547 56.1157 55.7618 57.7933 86.0408 78.761 86.2246 77.1178 74.1549 78.5364 86.2877 83.486 4.32805 5.5068 6.19233 7.78463 9.8017 9.83305 9.84241 10.3883 64.3124 69.096 67.8187 69.5881 65.9004 61.7232 70.2961 63.3495 66.438 55.6861 61.1724 64.6115 24.2768 19.838 22.801 22.7928 31.3542 26.5487 29.3752 30.5423 24.0794 29.0892 23.8835 26.675 79.688 75.2942 61.9021 59.7488 53.7734 58.5804 20.2625 25.4395 68.1883 74.9788 56.5335 56.9153 14.2746 65.2988 45.3026 25.0028 28.6186 27.4104 31.0312 27.6196 18.5722 17.5172 15.2774 16.754 14.0169 12.2257 11.9267 10.8279 33.5739 37.6988 39.5285 38.9168 64.4563 58.8569 62.1859 59.3025 51.1824 52.6923 50.4466 48.0395 81.0056 82.9191 77.3607 85.7077 0.928422 0 1.4532 0.937718 26.8747 25.0313 24.9968 25.6683 64.9823 60.7804 60.9754 69.3685 16.5436 18.5309 18.3795 15.9056 32.326 33.5761 30.5083 32.1108 47.6644 49.1837 53.9595 46.8079 37.7386 56.5045 43.7927 66.8455 42.8994 17.5522 30.0349 66.0768 49.4691 39.1052 38.9763 30.8097 39.1749 45.5543 43.8949 61.8518 46.0582 19.5929 17.4175 20.1438 58.3101 47.8016 50.1209 44.6923 76.7486 23.2029 70.0469 26.3201 57.4691 19.5381 61.8188 19.0523 28.5925 31.0766 49.7774 31.4641
39.1406 35.2789 36.5947 36.0051 38.1579 38.6616 41.4223 39.4207 43.223 46.9678 38.7359 39.3019 44.5135 47.0776 48.477 50.7666 45.5767 45.815 51.0605 48.6844 54.852 47.6015 56.3229 55.4961 50.074 57.8151 54.3029 52.4725 54.6262 52.7396 80.2683 84.0875 86.2919 87.0701 73.9516 79.6794 79.3849 84.6805 4.12401 5.40673 5.4843 6.39949 9.65993 9.97341 9.93214 10.201 69.8347 62.7394 71.7581 71.6202 65.5168 63.7618 67.9954 64.8062 64.4064 61.681 66.0771 61.7136 21.6707 20.0475 24.186 24.0531 32.2766 28.1064 32.5847 26.059 24.1556 27.9757 26.6666 27.7057 80.7776 70.5805 51.5476 60.6121 56.3485 53.1939 22.0529 22.9416 71.8002 67.5816 58.5055 55.1011 13.624 61.8468 43.9404 20.165 26.4928 23.6433 26.0594 26.7054 18.8977 18.0064 17.9185 17.6554 12.7933 14.4933 14.051 12.9666 36.0199 33.7294 36.4849 33.2398 64.372 61.0037 66.5259 65.2576 49.7926 44.5612 51.7938 43.535 73.9362 84.8667 75.4244 76.216 0.90325 1.4532 0 1.07704 24.7404 25.4574 25.7108 27.22 63.1873 66.9007 63.6729 66.1347 19.7724 20.9398 18.7462 19.4421 29.2616 30.986 30.8984 29.0572 47.8783 57.3297 59.54 45.353 39.5382 63.4621 36.7116 76.7826 47.615 18.3873 27.3496 61.0723 50.5342 41.8509 39.911 28.8143 36.0363 45.8745 45.7939 65.229 46.853 21.7822 13.7016 21.5728 54.3734 43.2315 46.8725 40.5198 76.0345 21.8201 71.0002 23.123 58.983 21.4403 58.5123 18.0543 34.6445 29.5974 50.4488 25.397
40.6652 39.2861 40.6052 41.2259 37.6798 37.5271 39.061 41.2948 43.7858 47.0644 44.729 45.3982 47.4449 46.2796 50.0395 51.3588 48.9426 54.0558 51.7852 47.6766 47.2651 55.0252 53.515 48.2506 55.2185 51.4216 52.3009 48.2883 52.5891 49.511 76.3649 84.27 75.0409 83.3337 76.0451 83.9626 78.9419 74.8168 3.678 4.62835 5.87639 6.05484 9.0375 8.93219 10.0142 9.2404 66.5952 69.7004 68.1607 76.5205 60.0012 68.3987 66.2518 70.0657 57.4253 62.6118 64.7232 67.5817 21.4994 22.4621 22.4596 23.5005 28.9242 26.2253 30.2477 29.5079 25.5892 27.0516 22.7091 26.7666 78.7167 78.5889 57.8092 53.6722 53.0065 49.6951 20.315 24.5664 82.6424 67.983 51.7294 54.2393 14.3745 64.549 46.4247 24.2757 27.9491 28.1735 24.9172 24.7412 16.9006 17.6938 16.7386 17.0248 13.2335 13.2869 11.9427 12.1815 36.3307 34.4492 37.9276 32.4131 57.6938 57.8206 60.015 63.1494 51.7566 47.511 51.8176 52.9634 85.3841 75.2682 83.8092 78.854 1.55271 0.937718 1.07704 0 27.2791 26.6395 29.434 28.5342 60.4105 66.7289 68.0316 58.4196 17.7994 17.445 19.3782 16.7304 29.7413 31.7055 33.0516 33.7284 47.2131 57.2756 58.179 43.5416 37.6625 61.4208 41.9726 66.2249 42.0546 18.2172 31.7936 69.768 56.6999 45.4386 35.1247 30.7167 37.6411 42.2188 44.0294 63.3434 49.5003 19.2738 14.5071 20.7058 49.5935 49.0591 48.5487 49.4184 66.5669 24.0476 67.5652 25.0333 57.5025 19.2408 55.3807 18.8065 34.0398 28.3262 44.6923 25.7327
39.5861 39.776 36.7446 36.4508 34.5084 37.1042 49.0869 54.3532 56.321 53.4617 57.6612 56.1816 61.6046 58.1703 59.5964 62.3671 58.6074 68.1559 58.4053 67.0293 70.8237 63.0709 55.2892 53.5242 60.2489 57.9591 51.638 53.8365 61.3303 55.4566 57.9034 66.8676 60.9859 69.5585 60.3906 64.028 57.1251 66.6302 29.6097 31.409 32.5981 31.7231 33.9815 33.6579 33.5367 37.2062 53.4219 52.8561 53.0529 55.228 47.3208 50.5216 46.2149 52.4884 38.8906 40.1487 37.8761 38.6989 19.1149 23.1807 21.9596 21.9664 5.81094 5.09504 3.69989 2.32784 53.6724 57.4271 52.7302 53.9303 52.2717 55.7488 59.8803 67.5604 63.7225 69.729 47.9731 50.3172 50.0132 46.3018 36.2273 39.4625 38.0579 85.8964 37.9855 32.9044 30.5917 35.3492 31.9587 34.6232 36.0966 38.2669 37.4728 35.2143 23.8725 28.0852 24.3033 27.6464 20.7789 20.7524 20.5203 22.3891 46.7836 45.9361 45.1008 44.1456 36.6781 38.5244 41.2997 37.3092 60.9883 57.7106 63.6067 67.2724 27.4724 26.8747 24.7404 27.2791 0 1.04457 1.04812 1.31854 39.1605 43.8986 38.6896 38.7432 38.96 37.1872 37.8734 37.5177 18.1555 16.9295 18.5448 18.9886 27.009 25.645 37.9683 67.4437 51.4517 50.2329 33.2621 42.4384 56.6521 40.0056 33.1515 35.5427 27.2716 31.8659 61.1813 4.24168 52.2006 15.1067 37.9757 35.8499 62.6116 8.40247 13.9401 38.9638 33.369 22.4285 30.3988 30.0284 48.8582 9.01419 42.1977 12.7456 36.7359 50.3434 42.6753 31.1539 39.0349 37.3879 22.1364 45.7532
34.9231 40.5395 35.7303 40.0467 34.7955 34.0364 51.1352 56.458 52.3235 49.0577 58.6915 56.3171 60.7543 54.7761 55.5736 60.8446 56.9804 68.465 64.7433 62.6144 68.8604 69.7302 54.1511 50.8859 55.5486 62.6734 54.4244 56.4408 55.0547 55.0334 66.1495 64.7088 70.3989 61.0133 57.3965 65.5269 57.5586 62.5026 29.4227 32.1506 28.2542 32.4818 35.486 37.4693 37.4467 35.2548 54.0445 50.6958 56.255 54.1965 49.046 45.3144 52.0961 47.252 37.6408 42.2181 44.1146 41.431 20.7531 19.2529 22.2246 23.3595 6.32535 5.30136 4.66125 3.02892 53.9033 53.494 48.5408 57.0029 53.9878 47.2902 68.1025 60.1226 62.0756 62.6952 51.1904 45.4651 54.973 47.1657 41.403 38.3737 40.6672 70.6521 42.1392 32.0441 31.9158 28.8493 34.1463 32.5922 35.7468 34.0688 32.7977 34.1795 23.6572 25.1462 23.4795 27.8799 20.7654 23.2196 20.8449 20.6846 43.5066 43.4634 49.8172 49.4173 41.6268 42.6209 41.724 41.8923 62.918 59.7473 65.9435 58.9621 25.3378 25.0313 25.4574 26.6395 1.04457 0 1.43575 0.966753 45.9772 43.4582 42.6408 39.0355 40.6619 40.4448 35.1293 38.4227 18.9581 19.512 20.695 20.2167 26.8217 29.4896 33.3252 65.292 55.4779 50.1351 30.457 48.4652 52.0326 37.1064 29.6252 38.4348 28.65 29.1901 51.4672 5.34407 49.3579 16.239 37.0103 33.9333 61.3687 7.97184 11.4603 34.3922 35.8012 23.2075 26.4398 29.5175 57.5973 8.61482 43.7003 12.134 33.7565 47.5209 42.7213 29.9449 43.044 42.3671 22.7933 40.1697
39.9932 38.522 36.8883 35.4652 32.3052 36.1004 45.9324 53.5609 51.303 57.634 58.5019 52.4992 54.4985 57.2451 54.132 58.3953 65.1712 64.9725 65.1423 64.0079 68.6024 61.6337 49.3823 52.8173 51.4889 54.8849 56.0917 54.8824 53.6589 61.7134 56.1067 58.2614 57.4667 65.5939 55.266 53.4821 57.3658 64.7805 30.0272 32.8887 31.0302 28.6798 32.5866 32.7394 36.3436 35.9222 51.482 48.0353 53.6126 49.1404 49.9931 46.203 48.8675 51.1219 40.6968 37.3507 38.055 37.5187 19.0148 20.6301 22.6631 22.0025 6.35652 5.98367 4.83428 3.38333 55.5289 55.1001 50.0549 52.1644 48.2537 49.3465 60.281 60.6672 65.4415 70.0974 46.1842 45.7099 55.9892 51.7757 38.5179 37.0964 42.2543 79.8152 41.3599 33.7201 32.5718 30.7443 31.801 32.2596 34.7377 38.8888 34.4368 40.3159 26.0979 27.8905 28.3456 25.5543 20.4679 19.6679 21.1958 21.6061 44.0824 40.3917 47.7578 44.6169 40.9574 39.0529 43.4564 41.917 62.9166 66.8713 66.2281 61.6206 26.485 24.9968 25.7108 29.434 1.04812 1.43575 0 1.01364 43.8019 40.3997 41.8907 39.9377 41.7155 42.6178 36.6386 39.2986 15.7444 17.1796 16.8719 19.5311 26.2274 26.027 32.4767 58.3501 50.8088 45.0493 32.4169 41.3423 56.7269 41.899 29.1497 35.37 29.7297 34.6342 61.7574 4.31888 53.4301 14.7751 33.0986 33.6193 62.4128 7.9286 12.8689 38.3728 33.7688 21.0605 32.1017 28.3459 51.1929 9.50172 46.63 13.7872 37.7733 45.5097 36.347 29.4336 40.6122 37.9787 21.9544 41.4476
39.0652 41.119 39.5113 35.8708 35.3101 37.1926 49.6577 48.335 56.0972 52.7617 51.1721 54.8149 52.8253 51.3524 53.6783 61.0516 58.708 56.4749 59.7529 65.9651 60.8983 68.0365 50.8308 55.9665 56.6326 51.7451 51.356 52.0659 54.1166 59.8963 60.7137 65.994 65.9745 63.051 58.2878 54.4001 65.3505 55.711 28.3615 31.8012 31.6822 27.8001 31.6018 34.5133 33.3445 34.6417 53.5938 46.3302 52.7978 50.3223 48.6622 47.23 46.4701 49.1413 40.2171 42.2669 43.8812 44.2135 16.9959 20.1546 18.9991 23.0269 7.75902 5.55611 5.00496 4.00671 47.1468 52.5094 49.8287 54.5584 57.5981 55.0323 57.4859 63.0782 64.1638 61.7122 45.9988 45.9774 54.5758 45.3547 39.6228 37.7684 38.1018 83.0462 41.0816 30.4167 31.8054 29.4083 33.233 31.1027 35.0676 39.3694 36.5144 39.0031 25.2449 24.8272 26.3842 23.8876 18.9851 21.37 22.8577 20.8224 44.1164 41.5497 46.1212 48.9209 42.6581 37.1773 40.652 41.6145 60.2139 66.8088 69.381 66.4753 25.3805 25.6683 27.22 28.5342 1.31854 0.966753 1.01364 0 42.2685 47.9687 47.2899 43.0903 40.3621 40.8722 35.8324 38.4695 16.7524 16.2791 17.1947 17.9182 29.3348 28.8937 37.2867 58.7937 53.8348 51.1377 28.2483 43.6158 55.8545 38.6679 29.2838 35.2508 29.081 31.519 55.8725 5.15337 45.8752 17.9891 33.5818 35.5839 68.7286 7.40762 11.6671 33.5059 34.3851 24.4203 32.1335 28.8496 48.0201 8.97175 45.8469 13.476 34.6384 49.9744 39.0106 31.2741 38.0256 38.2236 22.885 40.9239
82.9928 84.0513 75.354 78.9195 73.8069 80.1958 92.8761 96.5427 90.843 91.9625 98.8579 98.3964 108.808 99.5619 111.053 106.595 109.265 112.369 97.226 103.5 113.382 100.136 102.816 92.3735 97.0904 100.067 93.5031 104.962 93.5466 91.1226 77.6814 79.9246 80.6022 85.4325 81.5932 74.6333 71.5245 75.731 70.4556 71.0974 69.0822 66.2465 73.5222 79.0361 70.8503 72.1523 67.0345 69.9537 75.793 74.2588 80.0999 74.9518 70.4022 72.1204 58.9808 55.9577 56.6542 52.9523 59.8737 65.5856 63.7058 64.234 38.1581 37.9794 42.6351 42.9816 80.7053 79.2308 91.5963 87.8604 57.9827 65.2241 97.9998 104.122 104.571 110.508 85.9217 86.437 10.1734 9.27716 65.7537 62.3964 76.9851 115.495 83.5844 72.4976 70.6496 74.0536 82.2902 70.6662 67.9893 61.2256 66.9262 66.496 60.7636 61.0691 59.3798 57.885 61.3214 60.8163 64.9175 65.2004 68.1344 75.394 67.2658 65.7361 70.5272 74.752 69.9224 83.5392 79.4641 77.5951 88.7851 82.5136 60.3598 64.9823 63.1873 60.4105 39.1605 45.9772 43.8019 42.2685 0 1.06937 1.02851 1.45937 72.8392 71.9791 68.0427 71.5052 57.8886 55.6153 61.6153 54.1301 46.2361 19.4887 53.1142 106.369 92.3837 76.0332 68.189 49.6043 91.6454 80.4504 44.5957 39.4163 13.7664 26.5567 74.2459 37.6595 98.7357 38.6762 33.1968 16.0643 104.205 55.39 50.0188 65.69 59.8923 21.571 15.9266 25.213 78.3684 46.807 52.4463 43.1376 10.4257 80.6371 7.3892 78.9767 53.2205 58.235 27.5604 85.7677
76.1523 74.8614 73.505 79.6062 73.6746 81.0642 84.1174 91.2284 99.1603 96.4626 100.545 88.9395 101.301 105.198 103.253 94.1674 99.0588 110.764 102.068 113 102.809 115.416 92.9551 101.381 95.7654 96.9429 99.1372 106.036 105.347 98.1151 70.1935 80.7186 83.6434 84.6777 72.0657 69.8773 85.269 77.3264 63.7374 63.7342 66.6881 74.3436 71.1774 69.2769 79.1913 72.3014 68.8288 80.6066 72.9541 70.4687 71.3532 75.421 70.9435 78.5223 54.0706 53.8138 55.1005 52.6508 58.0596 67.8243 58.9495 64.698 36.1035 40.6757 38.5088 39.8874 87.8445 81.3551 90.4271 84.5953 62.0267 58.335 95.6988 97.9316 97.0854 103.52 86.8496 86.9093 11.2454 10.4955 70.5895 62.1976 75.7699 112.666 83.227 70.1206 71.7271 79.9253 75.0576 75.3734 59.0559 63.5575 67.364 67.5756 54.7797 57.6468 52.4987 61.5973 57.857 57.6603 53.3632 58.9114 76.6559 69.6385 67.4789 69.1799 79.0868 71.6084 75.2762 83.3491 89.0476 86.507 82.6157 89.6508 67.2298 60.7804 66.9007 66.7289 43.8986 43.4582 40.3997 47.9687 1.06937 0 1.35601 1.05298 70.7241 63.2209 67.6587 61.2701 57.0818 57.1779 60.8949 53.3654 41.8612 19.0675 52.2168 108.301 89.4595 78.8979 69.0238 48.78 107.695 79.2142 50.2272 41.9259 13.119 28.8027 86.0918 40.9736 93.5097 41.9853 31.8872 16.3404 104.383 47.3507 56.1026 67.6484 56.484 19.6511 14.3174 24.2193 70.4766 44.244 60.9202 40.9527 9.60413 72.5415 6.80034 68.881 59.1683 62.2379 31.0774 79.7611
71.4961 71.0914 72.5251 84.3704 80.8918 71.8747 96.5677 93.2046 99.9093 98.4606 99.0277 105.097 101.687 105.264 108.397 100.237 102.127 98.9427 115.48 116.601 112.015 101.301 89.5011 92.1858 99.5428 95.3512 86.5398 104.991 90.7374 106.613 79.3804 72.9287 78.4459 87.0275 75.2253 78.6699 81.0901 74.2851 65.2479 70.933 73.2438 73.6365 73.0564 81.815 71.7054 82.2406 75.7604 75.2246 78.9313 73.3955 68.5795 69.3005 72.0443 74.6543 55.1279 57.5587 56.7218 60.9528 56.6663 59.404 58.771 64.5772 33.9993 40.4706 37.3211 41.3341 81.6483 81.1712 91.0571 81.9648 68.7641 57.7278 111.716 113.402 108.019 97.9592 93.9085 83.6892 10.915 9.18526 59.5808 69.1799 73.2882 121.386 71.0078 70.7124 77.7521 80.3543 73.535 79.344 60.96 65.9607 63.6199 63.2069 55.2969 52.3585 57.4794 57.7447 57.4383 61.7371 62.594 63.4359 73.9598 63.1031 69.8478 71.3343 76.757 76.9602 68.1623 69.5348 73.2794 85.4183 76.2945 75.8353 60.4809 60.9754 63.6729 68.0316 38.6896 42.6408 41.8907 47.2899 1.02851 1.35601 0 0.960199 72.5657 62.4838 69.5039 75.6604 51.6383 55.297 62.1593 58.1465 47.7389 17.0805 59.0303 98.6193 94.0489 75.0165 65.2694 47.6235 89.8306 85.0992 45.1185 43.3723 12.7244 29.5038 79.8105 42.8286 84.5523 35.8208 29.2041 15.1673 110.665 45.5299 56.4435 68.3481 55.6477 21.3276 14.5689 21.1716 66.4943 45.1357 52.8597 36.6076 9.52178 74.6422 7.4482 73.4619 61.3236 54.6945 30.9131 80.2854
78.6787 83.6739 84.3706 82.3946 79.3889 77.7057 94.4602 90.6089 95.8033 100.981 98.1608 89.0848 94.0438 89.1285 109.923 93.3051 106.111 112.486 99.6994 99.834 104.314 102.127 95.9645 91.1527 96.9187 105.115 95.3862 103.049 106.563 90.563 69.8048 72.4652 72.7198 83.6659 68.5693 69.468 71.0763 86.958 64.466 72.764 65.7469 72.4939 68.295 76.7274 78.0891 81.9086 69.0812 67.9279 73.1128 83.4774 76.6631 78.071 73.7463 83.1488 54.5274 50.0454 54.0224 60.9374 63.1701 65.6247 57.0719 66.0362 35.3668 39.786 38.9362 42.7987 76.3043 81.2319 75.4308 89.1079 62.2622 64.5179 99.1817 96.6247 106.339 108.313 88.0776 91.2894 11.7782 8.68908 59.2658 64.2806 80.6545 116.708 80.5838 80.6838 73.9237 76.647 70.2098 76.123 64.9411 69.9213 61.4328 63.8494 54.858 52.6255 60.536 58.7402 52.099 53.3341 54.1942 56.2021 62.5225 65.0602 71.8438 71.8308 67.9452 68.732 73.2483 80.4251 85.7053 74.0066 82.1929 83.8111 62.1863 69.3685 66.1347 58.4196 38.7432 39.0355 39.9377 43.0903 1.45937 1.05298 0.960199 0 64.1396 72.4774 69.892 71.2505 55.1172 57.6176 57.0718 53.567 45.2585 17.18 58.2348 107.7 85.0074 74.4035 62.1726 46.039 101.627 80.2555 44.3999 38.6619 10.9218 27.427 72.1294 37.2114 96.1431 40.3668 29.0927 14.403 115.751 48.0148 54.1962 66.3437 51.029 21.856 14.4829 21.301 65.0361 40.5577 51.5889 36.7785 9.43273 78.9623 6.36676 71.6089 52.7849 62.1864 27.9276 90.3525
58.9059 60.0615 53.1461 53.7707 59.3069 55.4977 63.7735 65.815 59.9645 58.0414 57.4437 58.4014 60.4347 58.4731 64.8966 66.7988 66.9193 65.7788 56.1541 62.2672 65.0871 61.7626 71.9603 74.6502 66.4073 76.4008 69.2864 68.7483 70.9312 75.448 93.5686 100.197 101.155 108.627 101.602 86.4815 102.098 101.233 18.6322 20.3726 23.2214 21.1675 18.0024 20.9922 22.5636 23.727 79.6783 88.5071 91.9471 92.1283 79.0264 78.9473 84.1645 84.4097 80.6919 80.6944 77.6277 73.8309 40.9902 38.5838 41.0943 37.325 37.1988 41.3213 43.8844 39.1364 16.8966 19.3069 16.3518 20.1689 84.966 85.4348 67.9872 76.3258 67.75 74.1688 25.5719 28.8454 70.8497 68.9565 72.1631 64.9114 15.3453 79.3852 61.2376 44.7338 41.9085 42.7011 42.3551 48.898 3.05974 2.06206 2.961 2.23563 11.5329 11.233 12.5394 12.5151 48.3775 53.1472 49.528 48.9183 71.7563 82.3371 79.2031 79.8532 72.9743 65.5395 69.7358 73.381 104.169 98.3156 104.116 96.6581 19.024 16.5436 19.7724 17.7994 38.96 40.6619 41.7155 40.3621 72.8392 70.7241 72.5657 64.1396 0 1.08792 0.939488 1.54746 50.0812 52.5478 48.338 51.021 63.4672 64.9292 79.204 59.5407 46.3969 74.1676 60.8935 88.6548 62.3157 31.3241 23.0877 78.815 59.7229 42.2423 20.1266 40.6724 49.8849 51.1271 42.8316 68.1844 56.717 36.0834 33.2232 6.15242 74.237 53.8073 50.6958 44.2406 94.5431 28.8405 89.906 31.6144 61.9816 13.412 64.4462 38.6989 18.7159 16.3693 62.2665 40.931
61.4145 58.3692 55.2632 58.8552 58.4343 51.6114 63.4138 59.2194 67.3216 66.6224 62.02 54.343 59.1894 68.5593 61.4354 60.3205 61.6907 61.9638 64.0542 64.362 62.0905 61.3586 76.9777 69.5721 71.3531 70.8366 72.8522 74.7364 70.8151 67.5694 104.913 102.175 95.4283 96.1321 101.759 101.036 88.2838 96.388 18.711 20.5541 20.6351 24.0794 20.2811 22.0357 20.1953 22.7483 89.7212 93.7719 84.8061 91.0441 88.9947 90.4186 82.0412 92.4831 71.6274 71.7851 76.8896 82.5511 40.6404 37.8846 43.5507 44.0707 37.765 39.699 41.1691 41.7391 13.5766 16.9691 14.3988 17.2715 92.0021 81.739 76.2476 73.5375 63.9722 77.1162 25.1718 28.9251 85.6598 73.8048 67.902 68.4914 14.8795 83.7708 65.8854 39.1448 47.8449 43.9057 47.3168 44.8039 3.66372 3.13295 4.45535 2.97015 12.414 13.8418 13.5497 11.8197 54.4464 57.4215 58.8063 53.152 75.3992 72.7044 85.0457 76.7416 67.5558 67.9071 64.7094 68.4373 91.763 104.914 99.675 91.8232 19.5234 18.5309 20.9398 17.445 37.1872 40.4448 42.6178 40.8722 71.9791 63.2209 62.4838 72.4774 1.08792 0 1.47153 1.08945 50.6841 47.68 54.9673 48.8704 64.6396 66.6791 72.875 54.1362 55.0202 81.4179 63.4102 79.016 66.2589 30.2279 24.2427 79.77 61.042 39.1478 19.7189 41.9752 48.3567 55.508 38.1024 75.0605 64.9788 35.4569 30.076 7.20237 66.8758 52.1694 53.9086 48.5614 80.1352 33.531 89.333 32.1931 54.3803 12.8301 60.9464 36.535 19.224 16.3092 55.1515 42.8805
60.7743 59.6982 60.2956 57.4676 55.9885 48.9452 62.6618 62.4751 55.8009 66.2804 52.8833 54.2551 61.2751 59.4662 60.1034 65.1647 60.1844 68.2016 61.7566 66.6718 58.3786 63.1117 63.4622 63.8094 67.3817 74.7383 66.5975 74.819 72.8884 66.0276 97.8346 92.9165 94.1917 92.5513 95.6294 89.4658 90.3465 98.4639 18.99 19.9939 19.4091 20.7578 18.6222 20.3022 21.4234 21.6442 86.0341 77.6021 78.2504 88.8079 77.7318 75.1719 77.7026 83.5093 70.6806 72.6414 81.301 71.2448 39.2774 39.7039 38.8543 36.3604 39.4174 37.6622 43.5236 41.4726 14.0943 16.8746 14.9153 19.986 89.4725 93.6802 73.0419 75.8107 63.2607 73.701 29.9384 30.5028 85.543 78.3037 74.147 72.6649 12.0305 81.3169 66.8445 37.6773 48.6978 46.4466 49.9067 41.4702 3.37812 2.35815 3.29378 1.95576 13.0118 11.0913 13.012 11.4493 54.3421 55.2786 57.3194 55.1263 77.336 70.2974 84.5623 77.5891 70.8465 60.1298 64.8615 65.0395 102.724 96.017 90.3505 88.7906 17.4941 18.3795 18.7462 19.3782 37.8734 35.1293 36.6386 35.8324 68.0427 67.6587 69.5039 69.892 0.939488 1.47153 0 0.930561 47.0958 46.4237 49.3466 45.7313 62.2235 55.3558 70.4403 59.1235 46.2968 77.8964 61.2271 92.0971 55.8309 27.9801 21.1106 83.7833 57.9638 37.8676 20.1284 45.3608 56.1311 56.1682 40.5894 73.7071 60.0342 36.3551 32.525 7.3222 73.26 45.5901 48.0885 45.6175 83.5642 31.0989 87.0575 29.2851 60.6452 12.5079 65.8399 35.8827 16.6543 17.0043 59.9479 39.7566
62.3987 53.438 60.3952 56.5458 52.8764 53.5382 58.6717 53.8456 62.7709 67.2145 58.5983 61.5917 63.0126 65.9952 56.0353 64.8278 64.029 57.9515 64.2349 67.2229 68.37 59.6504 70.8201 74.7639 78.4825 78.9713 73.8906 76.6217 71.9352 70.2759 103.271 90.6152 108.749 101.533 89.935 93.4696 89.9874 94.8969 17.1489 19.1111 22.6353 20.3911 16.4753 17.516 19.0262 21.9035 78.0409 82.4556 85.1814 91.9981 87.9323 77.3665 86.5854 83.6234 82.4697 70.8417 77.2576 84.3137 36.6994 42.6425 40.1745 40.2198 38.8653 37.1778 38.8668 42.0463 14.7893 17.5022 13.5987 17.1391 82.3583 82.5341 70.4953 67.4452 73.2893 64.5256 28.6942 27.1126 73.9577 80.1749 65.9088 73.8801 12.0559 80.6396 58.8604 43.9922 41.419 43.9332 46.6217 42.3795 4.20047 3.51917 4.30769 2.87994 13.6081 12.3071 14.1724 13.8848 52.8032 53.6347 58.7291 57.3171 79.0462 77.3439 75.0966 82.2676 62.0834 71.0409 61.5159 66.8818 96.3998 91.3156 101.019 95.1465 17.4469 15.9056 19.4421 16.7304 37.5177 38.4227 39.2986 38.4695 71.5052 61.2701 75.6604 71.2505 1.54746 1.08945 0.930561 0 44.5196 51.6311 51.5065 50.7266 71.6598 66.6498 71.6112 63.5197 54.292 78.0273 58.1825 91.8031 61.7569 28.2415 23.7504 77.099 57.1626 41.7872 19.2198 44.6195 51.3105 60.5615 42.1463 73.9683 59.6798 34.3525 29.1542 7.65199 71.1233 55.1902 54.1343 42.6586 84.4537 32.8029 85.7599 30.7952 58.3667 12.8286 61.5345 33.4966 17.9636 14.9973 62.9888 46.6884
22.3903 22.0532 23.3782 21.0153 21.1478 21.6658 34.0327 41.7541 41.8158 43.6791 45.4096 45.5353 42.7936 42.5206 48.6799 50.3669 54.1514 55.1538 52.5038 48.7716 53.571 59.6652 40.4163 38.7282 41.2636 39.797 37.2427 40.8921 42.8337 41.9944 49.6579 49.9478 54.7949 48.2897 47.5324 41.8907 50.3069 44.6055 35.8816 31.0568 31.2149 31.831 35.9567 37.6488 40.3748 39.727 38.2851 38.904 40.4102 41.1179 33.0002 34.921 30.9374 37.4628 32.508 30.5611 34.2763 32.8669 11.764 14.6862 10.7111 13.5745 24.9598 20.9414 22.0699 22.0995 53.4773 57.545 52.4541 56.6096 42.826 42.6743 53.0934 50.6771 47.965 57.2252 44.3502 49.1765 67.2149 57.2597 24.8151 23.1227 49.0885 59.6002 22.9475 20.7516 19.2283 21.1577 19.232 22.7961 47.5307 50.6897 50.8951 49.9133 38.397 42.0874 37.4329 40.5707 4.51684 3.5878 5.52182 4.5692 27.7134 28.1105 29.5708 32.0087 22.4766 19.9851 23.5801 23.0295 48.4692 52.8087 47.824 50.6823 29.0276 32.326 29.2616 29.7413 18.1555 18.9581 15.7444 16.7524 57.8886 57.0818 51.6383 55.1172 50.0812 50.6841 47.0958 44.5196 0 0.911537 1.07877 1.40038 22.9099 41.4737 24.0942 52.5696 46.3457 31.7088 14.1593 37.7428 48.7704 39.3938 49.5973 39.8339 40.6134 53.3478 67.093 16.5055 44.6833 21.17 55.9507 46.9979 57.7597 15.2741 17.1321 52.9625 20.2971 38.5966 43.8856 43.6455 39.9169 26.397 40.4875 27.5963 54.6996 49.2334 52.2558 27.8008 53.8102 58.9686 28.1749 36.8349
22.3372 23.5506 20.5733 22.9985 18.6345 22.7974 35.3045 40.0731 35.0613 39.0852 40.7113 40.9132 42.5649 41.8787 47.4838 45.258 47.5402 53.3099 51.3021 49.8489 56.1428 51.0903 40.6217 40.8238 42.2963 38.0183 40.6198 43.6611 42.3821 42.3766 51.9833 52.661 50.2375 52.1578 50.1956 44.6749 51.0263 51.2291 35.9148 31.1087 30.8516 30.1909 40.1274 40.1852 36.85 33.2897 35.3401 39.1637 36.3578 37.7948 30.0957 31.656 35.058 33.748 30.3284 29.6716 30.8421 31.4041 10.1291 11.9625 9.81135 11.8598 22.9534 21.602 20.3062 19.3757 61.3595 61.8726 60.1134 63.1383 39.998 44.922 51.7461 50.7357 46.0363 53.8987 42.773 54.1753 65.779 62.6876 23.5712 24.04 40.9604 66.8879 20.5231 21.999 20.1036 21.6185 18.2977 21.9968 48.6933 48.877 44.422 41.8347 35.7764 34.8395 38.8135 34.28 5.18477 3.98262 5.12439 4.79846 30.1263 31.6593 31.1927 28.1051 22.3349 23.7928 23.8113 22.5836 56.0112 54.116 46.5513 48.8797 28.941 33.5761 30.986 31.7055 16.9295 19.512 17.1796 16.2791 55.6153 57.1779 55.297 57.6176 52.5478 47.68 46.4237 51.6311 0.911537 0 1.40709 1.04841 22.7025 39.1635 26.6246 46.4231 46.1043 28.3221 12.617 43.6038 43.1764 37.9334 48.4917 37.7493 40.9543 45.3654 74.0645 16.7249 42.6164 19.5307 54.1754 50.4624 49.2974 12.9803 15.5022 49.0185 21.0354 38.544 47.8428 47.2609 37.8655 27.6795 35.996 28.5146 48.3565 46.5375 50.5851 22.5867 51.1638 58.9619 28.587 33.2805
19.7564 19.8004 24.2386 24.2515 17.9555 20.5514 36.7498 38.004 37.3318 41.5363 41.9148 38.5991 45.3179 43.8614 49.2208 52.011 54.1484 49.5825 56.3741 54.1998 50.8435 51.4904 38.025 38.7743 35.7016 43.0824 36.4413 37.9977 39.4191 46.3788 46.8441 48.9177 54.0199 53.9733 43.2481 48.2192 49.2816 50.4428 31.2833 31.0793 32.6231 34.3251 40.928 36.3885 40.5704 39.4444 35.2448 33.3196 39.8463 40.2035 29.7016 30.2332 30.6356 32.1283 29.1862 29.8969 31.5455 31.9302 11.4409 14.9546 10.7281 14.4747 24.7944 23.7263 21.0892 19.4529 61.5391 57.8654 54.4448 62.7939 43.6049 38.7258 44.8108 46.031 54.0981 53.5642 51.0107 51.1748 63.1558 58.3738 23.8648 20.4405 41.533 68.3865 20.4307 20.8841 18.1954 20.96 20.1387 20.4423 48.7254 47.1982 42.7742 47.151 39.3172 40.8527 40.0239 36.7956 3.13284 2.99412 4.33482 3.74637 28.5711 29.6267 30.6016 30.9799 21.1119 22.2648 20.2774 23.6444 53.0638 48.9325 49.9542 44.643 31.5387 30.5083 30.8984 33.0516 18.5448 20.695 16.8719 17.1947 61.6153 60.8949 62.1593 57.0718 48.338 54.9673 49.3466 51.5065 1.07877 1.40709 0 1.00753 22.8994 41.105 21.8409 48.1692 39.6757 26.3472 12.3206 39.0887 47.5205 40.7746 52.6178 37.1208 44.974 54.1175 66.9425 20.1903 37.9899 19.1566 49.8964 51.1571 49.6252 14.019 18.5528 47.1221 23.0478 38.2346 48.5768 48.1795 40.0315 29.7268 37.6551 33.3288 54.6001 56.5248 52.7705 23.8609 53.2298 59.1554 28.6365 36.5835
21.9618 22.876 20.6531 20.3154 18.3061 22.3287 34.0403 37.3506 38.1833 37.8723 38.7666 41.6897 39.0988 40.7344 45.5902 47.4759 48.2383 46.6728 53.4413 48.6893 58.2571 55.3483 38.7935 40.5825 36.4761 37.2151 40.6796 41.8313 37.0966 42.6699 47.0883 45.858 51.2462 55.5485 43.8189 48.4725 43.1536 52.5332 31.3771 35.3416 30.373 32.2836 35.2557 35.7891 34.7325 40.5434 39.2713 35.5346 39.821 39.2581 28.8669 35.9912 37.2488 36.6427 34.3789 27.0976 30.5116 32.1805 11.1277 11.638 9.06549 12.6449 24.0732 22.5438 22.6618 21.9776 60.2734 57.1503 59.992 59.8583 42.6988 43.2369 45.2893 51.1749 46.6818 56.3964 48.9276 48.0188 65.7134 64.6727 22.3051 21.824 45.3816 69.0945 18.698 22.6296 20.5372 21.0197 20.7916 19.63 45.2233 43.8626 42.838 42.4047 39.2158 40.0074 36.9908 35.0998 3.93641 3.42695 4.80876 3.96255 27.942 31.0632 33.0255 26.8677 19.582 19.05 23.213 21.1472 46.7688 47.1432 52.6549 49.9134 28.933 32.1108 29.0572 33.7284 18.9886 20.2167 19.5311 17.9182 54.1301 53.3654 58.1465 53.567 51.021 48.8704 45.7313 50.7266 1.40038 1.04841 1.00753 0 23.3639 42.8662 26.5723 54.4087 41.2608 26.8936 13.1929 44.3625 43.4488 36.0404 47.9082 41.2824 43.7225 46.0357 72.3833 20.5915 43.3849 22.3434 49.6141 51.504 49.5451 14.9501 18.286 51.2182 24.16 36.2879 41.3313 51.7715 38.4209 27.2547 38.7646 31.4932 56.1982 55.5094 52.9171 25.2524 60.3436 54.3707 27.0645 30.1312
38.0414 37.2068 41.3282 45.2235 39.6581 39.9095 60.678 54.8507 54.4444 64.2863 56.798 66.0249 60.6392 70.5141 71.6346 70.9902 66.6326 70.7776 77.8939 70.8114 69.0731 79.5732 52.4735 58.7626 52.8185 51.998 55.2547 58.2112 56.195 64.5281 34.2374 34.8173 36.248 42.6742 34.0325 35.897 33.5014 41.2855 52.5564 52.7876 54.2118 50.5686 59.8828 57.7707 55.3161 57.0881 31.3018 32.2976 34.143 32.7955 27.1329 33.1629 29.6414 32.9233 13.4715 13.7855 16.6754 14.5202 34.5006 37.2121 36.7353 34.2926 29.4261 29.0049 23.4078 27.0238 69.8309 73.6824 76.864 79.8788 25.3315 24.5202 61.6321 63.7289 68.2941 73.3557 69.8549 70.8395 50.7609 43.5356 19.9758 19.1008 60.4265 89.0373 31.4076 49.0487 43.9603 44.0316 39.2352 43.5568 58.2034 60.8738 64.1096 63.4296 47.7944 53.4239 51.0773 56.8149 21.4963 21.1739 22.2536 23.5216 23.1609 24.9211 27.8692 27.8005 32.7936 32.8431 32.328 36.327 39.1671 38.7484 42.8252 38.5505 53.875 47.6644 47.8783 47.2131 27.009 26.8217 26.2274 29.3348 46.2361 41.8612 47.7389 45.2585 63.4672 64.6396 62.2235 71.6598 22.9099 22.7025 22.8994 23.3639 0 23.6671 11.4166 70.1593 59.7246 30.6325 27.9552 21.3736 67.3779 66.1943 55.1727 14.7346 36.5294 50.5748 78.5033 23.0796 58.0743 10.3616 56.6231 31.3809 79.5361 33.6825 33.8114 67.4465 11.4583 29.4724 34.585 43.4007 30.2657 35.9718 18.4853 38.5365 44.8974 69.5289 46.8464 47.6619 72.9043 66.7976 16.9427 57.8051
56.531 56.7216 63.9526 62.1309 53.3171 65.129 75.4731 73.5228 83.6531 82.8465 71.8334 82.0799 82.8286 80.9942 86.5836 92.5467 94.3131 85.3258 96.9272 87.7835 100.164 99.1298 78.1609 79.2414 73.1793 76.7951 70.9408 86.1321 85.4018 77.4919 59.8075 66.9796 66.3824 58.8362 61.4279 65.3854 61.4504 66.8687 51.9376 55.7018 59.4723 63.3047 57.1546 63.7396 66.0842 67.431 57.1204 56.073 54.0408 55.388 60.3173 54.4579 53.1656 61.8057 34.61 40.3895 41.6572 40.4226 44.6649 47.1504 47.5013 43.7869 24.0937 24.1659 22.7871 23.3719 75.2638 77.574 77.5456 84.8658 50.5055 47.6481 81.8972 89.9377 92.0296 91.9215 74.3036 82.1047 25.4028 23.1972 49.6689 46.438 63.5001 100.577 61.7694 56.2327 54.3729 62.818 62.6653 52.9792 60.0611 57.1158 59.7496 57.264 46.3675 52.0213 49.5559 51.7223 41.7036 41.927 42.4219 40.5421 46.9276 47.3025 56.7301 52.9754 59.416 60.1981 58.5086 59.1573 58.8108 64.7627 58.3323 66.3765 57.3865 49.1837 57.3297 57.2756 25.645 29.4896 26.027 28.8937 19.4887 19.0675 17.0805 17.18 64.9292 66.6791 55.3558 66.6498 41.4737 39.1635 41.105 42.8662 23.6671 0 40.1232 81.1552 86.1074 56.8647 54.5786 35.352 81.7059 72.0303 47.4955 26.8207 11.0266 32.4013 79.5037 25.535 84.7653 19.6719 37.7599 9.57536 93.5483 32.1518 43.8339 57.5034 36.1585 11.9159 12.9119 23.7193 55.513 32.3895 37.8298 27.8473 18.8716 69.2426 21.0122 59.9567 52.3845 52.4711 10.0375 74.705
36.0793 37.1245 33.5558 37.2316 32.3107 35.54 50.3824 56.7691 55.0142 51.379 53.0721 55.6408 54.3435 62.6553 66.5271 61.9245 68.3424 65.433 65.6058 76.1488 68.0473 67.3738 43.3177 45.798 51.1303 50.8389 49.7918 46.7623 47.8504 52.816 26.5712 27.1587 25.903 28.2795 22.9606 22.7947 24.852 28.5021 58.1034 57.8672 62.4563 53.5351 63.5409 57.0864 58.2294 65.2259 19.0374 19.576 18.2282 22.0507 17.1508 17.8888 20.4349 19.2492 7.85104 5.66817 8.31985 5.40759 31.9794 37.8053 36.9167 36.4831 37.7309 35.4629 36.3831 38.6212 81.7628 88.9949 79.6323 87.5655 18.0077 15.3957 57.3763 63.5217 60.8134 66.8536 74.0004 68.4178 52.8793 58.2684 8.84151 11.6982 72.286 83.161 28.5026 43.4273 38.6339 40.2496 44.6528 40.0655 67.8614 70.9719 62.294 71.5826 58.531 58.2577 58.3979 63.8053 22.4475 20.9693 22.238 23.4794 12.6565 14.2562 14.1041 16.0995 23.4096 28.5924 26.6762 28.7708 26.9621 28.8083 27.3049 31.8944 54.907 53.9595 59.54 58.179 37.9683 33.3252 32.4767 37.2867 53.1142 52.2168 59.0303 58.2348 79.204 72.875 70.4403 71.6112 24.0942 26.6246 21.8409 26.5723 11.4166 40.1232 0 63.6277 68.3392 20.8601 26.7816 20.2648 66.1288 62.0223 64.3639 20.9802 46.4649 56.908 90.2802 33.623 55.0745 21.1873 66.5876 39.6894 77.7472 40.1506 44.8803 71.8226 2.70338 46.4828 50.9263 59.0092 18.844 45.3139 14.7012 44.4716 53.9085 77.6977 61.5461 44.957 68.9068 70.7203 28.1755 55.5172
35.8755 30.6386 31.0866 31.9164 38.1949 28.4548 17.9582 16.585 16.7338 16.9641 11.0033 11.6288 12.0361 12.2837 5.18627 5.73993 6.28055 7.34639 1.71782 3.28928 4.53389 5.02219 29.5576 28.2519 30.458 28.4122 25.3056 27.8923 24.1866 26.2529 89.2009 85.8294 92.3645 83.9097 79.5409 87.4237 83.9625 80.4808 43.7717 39.5887 44.2989 37.6398 37.514 43.9409 41.9241 34.3177 72.1583 67.2951 64.1772 65.6621 64.1287 58.0558 62.8656 64.0244 84.4521 80.2844 84.1059 69.1449 44.3873 42.4751 46.1678 39.9536 65.2157 68.2653 61.7552 68.8608 50.3242 59.9654 49.8872 52.6942 93.791 77.9611 21.7119 20.7028 13.6807 13.9673 36.8287 33.8937 102.832 119.925 63.2865 58.0121 45.2891 16.1328 44.2696 29.6595 33.0205 32.2656 29.3836 30.1554 66.0074 64.7126 53.965 65.1669 60.5237 59.3639 58.4569 63.293 50.2317 55.9628 51.8964 49.3274 66.9894 64.0324 60.6629 69.461 43.6589 48.6335 49.2938 46.5751 80.752 88.1731 77.2708 75.9675 46.528 46.8079 45.353 43.5416 67.4437 65.292 58.3501 58.7937 106.369 108.301 98.6193 107.7 59.5407 54.1362 59.1235 63.5197 52.5696 46.4231 48.1692 54.4087 70.1593 81.1552 63.6277 0 10.5862 52.1931 44.4516 88.9109 9.55839 30.9343 71.314 95.1512 99.9156 97.0619 71.9878 61.6562 11.3871 65.6968 97.665 101.837 1.85087 52.3027 49.9924 66.5835 72.3248 77.5003 98.7485 80.3212 77.1754 67.8243 78.5353 69.5021 104.083 44.8959 101.733 33.6104 81.5081 75.3425 78.4324 19.6434
28.8212 26.4704 25.7366 27.3734 26.6687 23.0039 13.8024 14.2111 15.5006 15.2845 9.53697 11.8365 11.8792 13.635 11.0865 10.6942 11.9531 14.9247 10.8695 11.8393 13.8691 16.4046 29.8935 27.3577 33.2639 31.8944 24.6703 25.5594 25.7527 29.47 82.0636 74.3044 81.1095 75.7395 74.3335 72.7182 68.5029 77.1035 34.024 30.5106 28.6894 28.3504 31.9687 32.7155 29.7881 27.7669 69.0183 60.0581 66.893 61.2425 61.7162 63.7395 64.6076 55.7879 66.4575 61.5998 71.327 72.8501 34.2054 30.784 30.5496 33.031 59.4904 60.5637 57.7851 54.2486 42.9803 48.5757 41.8202 47.8093 74.5435 78.8615 24.4197 22.9303 21.6714 21.2305 28.6511 27.9586 102.071 106.312 58.0333 52.1219 33.8825 27.6465 37.1325 18.8383 24.9043 21.1692 24.5708 19.6338 54.7549 53.3917 45.8485 50.2486 53.463 51.3782 49.7384 52.566 44.3008 41.0975 39.7898 47.0552 63.1688 63.2894 57.3757 63.6282 38.9602 43.0182 39.5969 38.865 80.4838 81.0545 77.8233 75.9391 35.9027 37.7386 39.5382 37.6625 51.4517 55.4779 50.8088 53.8348 92.3837 89.4595 94.0489 85.0074 46.3969 55.0202 46.2968 54.292 46.3457 46.1043 39.6757 41.2608 59.7246 86.1074 68.3392 10.5862 0 55.2612 41.0326 86.7416 10.5169 21.6038 59.924 76.0833 88.6881 74.0274 68.9267 57.9708 3.33678 56.3208 83.4052 81.8423 11.638 41.2141 43.396 50.5691 59.8236 74.8233 87.9965 77.8862 69.7737 56.4378 80.6555 52.2621 85.8904 39.0009 84.1032 22.2539 72.9797 65.0018 74.2453 8.72542
21.9995 24.4414 25.8193 25.0361 25.3951 25.8418 37.3883 40.699 41.5964 38.6079 45.2047 48.4517 39.6875 41.5082 46.0143 48.9376 53.1129 46.6921 54.8056 58.1719 61.0617 57.276 24.7275 29.7487 25.4854 28.4084 29.7308 32.1634 29.9515 31.2541 29.3577 28.319 32.245 30.2425 26.9178 24.6804 23.6647 23.5951 63.9975 58.3337 52.4458 56.1376 68.8646 68.3837 64.9075 57.3087 15.0292 13.7489 14.4455 15.0828 8.15677 9.54406 8.50211 8.99383 30.1337 29.0096 25.8757 22.6278 39.1452 41.2729 35.5664 33.2756 52.4277 51.0922 46.4002 45.8932 80.3561 79.5275 86.2645 78.4559 32.1636 30.1596 43.1774 46.2864 44.7357 50.5386 62.0628 69.0043 81.2413 75.9975 13.6241 11.7909 73.4648 64.4407 13.9024 41.1416 36.123 36.7306 31.9603 36.3771 81.4027 68.9121 76.559 69.6109 66.0424 66.7796 65.9024 60.3487 24.3084 25.442 22.5395 26.7571 12.2339 11.0309 10.1126 8.8011 10.7474 12.2838 11.5753 12.1001 27.5847 24.0667 26.9471 29.1789 53.1239 56.5045 63.4621 61.4208 50.2329 50.1351 45.0493 51.1377 76.0332 78.8979 75.0165 74.4035 74.1676 81.4179 77.8964 78.0273 31.7088 28.3221 26.3472 26.8936 30.6325 56.8647 20.8601 52.1931 55.2612 0 18.1696 38.3538 46.6011 58.1419 76.9933 46.583 62.8375 82.4094 93.4788 44.057 51.9943 39.4974 84.845 61.6074 55.3796 45.611 50.4084 80.1199 19.6003 65.001 75.5343 72.3911 17.5302 54.5261 35.7518 60.7135 76.3324 76.4844 83.6855 46.1665 83.3094 83.5993 48.9166 43.8912
11.8582 11.092 13.5534 13.3531 10.0644 13.2851 27.1161 27.4227 29.1445 33.7315 32.9148 33.2354 32.7438 36.745 44.9422 43.1752 44.383 40.1733 49.7508 49.2961 48.4894 46.2116 23.5122 26.9455 27.0694 26.9553 28.5449 32.3195 30.2626 32.5472 40.1259 45.2382 46.0842 45.0186 39.7518 42.2272 40.7383 41.2012 39.0312 39.2939 37.7753 35.203 45.2076 41.0944 39.0363 41.5745 30.2636 29.2813 31.3306 32.1819 24.2085 25.152 23.748 24.8677 30.0329 29.987 33.3306 28.606 18.7812 21.2159 14.47 16.6931 37.4504 36.9722 32.1369 33.4553 71.2999 64.2604 69.5053 64.9173 44.7751 42.5181 37.118 36.5125 39.8528 46.6006 51.6571 52.497 78.9588 69.2096 17.371 14.6342 49.6707 59.9277 7.05753 21.4587 16.1073 18.2084 17.1443 16.9212 51.9801 55.747 54.1421 56.351 48.4491 44.941 44.9003 44.7471 10.2539 10.0898 9.99147 9.14632 24.5059 20.9728 22.4813 23.2403 8.90432 8.02376 8.7095 9.35661 41.7849 43.0705 41.4082 45.3444 36.2508 43.7927 36.7116 41.9726 33.2621 30.457 32.4169 28.2483 68.189 69.0238 65.2694 62.1726 60.8935 63.4102 61.2271 58.1825 14.1593 12.617 12.3206 13.1929 27.9552 54.5786 26.7816 44.4516 41.0326 18.1696 0 44.6772 39.269 45.1506 63.3502 42.7308 59.1568 62.96 79.309 33.8331 37.7253 32.7184 68.3542 57.7589 46.1496 25.9834 27.1708 58.5464 22.4223 45.7809 57.129 63.1171 34.5719 42.0058 36.3301 45.641 63.3598 58.8306 62.0115 28.9942 61.8537 62.3015 39.663 31.2441
59.7492 54.2988 53.8515 62.1507 49.2759 56.1293 66.8526 65.6021 80.0126 77.7857 81.7988 83.8772 77.1378 79.3109 91.6474 76.613 78.3167 81.2514 85.1342 87.3389 91.712 83.7597 61.4699 64.7999 59.3012 72.2099 65.4998 67.2775 76.6859 68.8822 23.0605 27.4009 25.0555 31.786 25.7027 27.5862 28.0591 32.2907 78.3955 74.5077 73.6849 79.6999 82.1487 74.2595 84.9078 73.8276 26.8228 27.1829 30.0748 30.9455 31.3149 31.2574 35.7197 32.6372 10.0895 14.3438 11.895 13.725 50.9938 55.9568 54.703 54.1928 45.3533 47.3464 47.3328 45.3381 94.2076 105.812 88.0367 99.5781 13.197 13.7534 78.7883 72.7054 77.0317 93.7308 81.7192 91.5855 47.9197 52.241 25.5376 28.812 86.754 100.904 49.9513 64.9569 54.9265 57.3154 53.3437 54.7248 90.335 91.2954 87.0039 85.9588 67.8295 74.4728 78.3103 72.0599 36.9848 37.7992 36.0171 42.2946 29.4901 28.6782 27.2255 30.3934 40.3422 46.2425 39.8638 41.3095 28.2427 32.6758 30.6042 30.4876 66.8814 66.8455 76.7826 66.2249 42.4384 48.4652 41.3423 43.6158 49.6043 48.78 47.6235 46.039 88.6548 79.016 92.0971 91.8031 37.7428 43.6038 39.0887 44.3625 21.3736 35.352 20.2648 88.9109 86.7416 38.3538 44.6772 0 82.6586 85.239 81.5117 11.4599 45.4041 67.7842 98.5845 40.2204 80.7353 31.6502 65.8355 36.6928 81.5792 50.6551 56.6812 78.3954 23.0385 44.1655 46.3989 61.8934 24.7721 58.4686 6.19928 55.6762 58.4617 82.8757 51.7763 61.1487 87.116 83.2997 32.8194 75.9223
27.6806 23.1032 26.2716 22.4552 26.7685 23.3605 7.53955 7.18205 7.91662 7.20728 3.47406 2.73078 1.92833 2.22836 4.24769 5.01909 4.65939 5.16188 10.6294 10.4705 10.1038 9.55132 19.7526 21.7286 22.9804 23.1483 16.5471 16.2854 16.1045 18.666 75.7171 72.348 77.1588 79.4406 75.1608 72.7625 69.9384 73.2689 41.0277 40.7604 43.2333 37.5682 41.8015 44.1208 39.307 40.5447 54.4369 58.9036 59.3697 65.2484 53.8271 51.5929 58.0927 51.3263 66.8074 64.6354 69.6372 69.1873 39.194 33.1964 33.8613 32.5681 64.5441 62.2006 67.1977 60.362 59.9081 58.9133 59.0276 57.6338 74.718 71.7426 12.3302 11.6617 9.30779 8.48316 37.0974 36.3014 100.661 110.293 57.3709 50.0718 45.8497 22.1474 34.7595 24.3408 25.8126 23.2864 22.9894 26.9796 60.8242 57.0994 60.6885 61.1458 58.5446 61.1212 53.921 59.7955 45.7635 41.2234 48.8499 47.3219 52.9701 49.0739 56.655 52.5947 40.7849 36.7565 38.5771 34.7092 77.705 69.4666 75.9772 79.1543 45.7794 42.8994 47.615 42.0546 56.6521 52.0326 56.7269 55.8545 91.6454 107.695 89.8306 101.627 62.3157 66.2589 55.8309 61.7569 48.7704 43.1764 47.5205 43.4488 67.3779 81.7059 66.1288 9.55839 10.5169 46.6011 39.269 82.6586 0 35.405 72.1217 82.6784 86.8464 88.3876 75.5315 60.4715 9.83201 70.0941 79.6602 99.7843 12.8417 48.2655 48.8514 66.9002 62.6592 77.4749 79.835 82.9561 60.1099 59.1625 75.3164 61.6996 91.1483 52.8433 98.4427 31.3687 83.5827 74.8361 78.1179 15.805
39.4958 32.5416 34.1 34.0019 36.6523 33.8165 33.557 33.5725 37.0567 32.4746 32.3732 34.1745 36.2858 35.0276 31.1569 35.4625 32.6344 34.4926 31.5473 37.1013 38.6483 39.9912 46.5493 44.3732 47.332 50.8575 45.6467 45.3853 45.4641 42.5441 93.4716 89.5564 88.6988 86.2093 75.2794 82.6737 80.4321 85.321 13.2551 11.6554 12.2899 11.3073 10.2574 9.32586 9.07009 7.21712 69.3206 71.5495 68.0707 77.1886 69.4781 64.2296 65.9888 74.261 76.774 64.3835 78.7554 73.7341 27.5665 25.5079 27.7484 29.0105 42.5516 42.1718 41.8191 46.9279 27.6525 25.1113 22.0021 22.855 79.8753 86.0285 49.0888 49.4895 45.6887 41.9322 8.60119 10.2455 97.4515 88.7818 60.3638 56.6304 17.0888 49.2867 50.446 20.2112 24.6577 24.7958 26.7992 23.2605 30.8105 30.738 28.0244 30.0428 31.2044 29.5113 27.7371 26.9654 41.7927 38.5619 41.6966 38.3368 61.5388 67.2645 63.7818 65.292 49.0282 46.7622 51.0189 50.8948 82.3333 79.8988 83.6207 89.9914 19.6869 17.5522 18.3873 18.2172 40.0056 37.1064 41.899 38.6679 80.4504 79.2142 85.0992 80.2555 31.3241 30.2279 27.9801 28.2415 39.3938 37.9334 40.7746 36.0404 66.1943 72.0303 62.0223 30.9343 21.6038 58.1419 45.1506 85.239 35.405 0 41.8757 80.5459 65.992 57.3496 40.7571 49.4715 21.8579 56.5747 62.5774 79.4682 30.9904 33.9195 30.9555 35.3265 58.4039 57.18 71.3517 63.2776 79.0447 41.6434 78.4234 43.9494 80.7657 21.9873 76.0672 15.9635 44.3127 43.2316 63.024 16.8784
68.5633 57.0353 57.8051 56.79 58.1739 55.2515 69.5878 75.0861 66.9415 70.0658 68.9031 67.2993 74.39 69.1439 74.3501 78.5205 70.8142 71.2454 77.9399 70.7703 83.3542 74.5778 77.6977 78.4888 79.0083 85.3756 84.9828 80.6873 78.1508 85.1306 88.3807 94.0594 89.6739 102.259 95.0601 94.8826 83.568 88.56 30.9094 35.593 32.1352 34.5844 32.7309 36.7844 37.2345 40.8471 75.6963 74.2405 85.8777 76.7901 72.8515 82.5928 81.7651 84.0146 65.6563 75.0224 67.1311 72.5599 43.3754 41.4577 44.2829 49.2822 31.6005 27.3133 33.7244 26.6517 37.2531 39.6104 36.7947 38.7216 87.478 79.8963 84.484 77.1323 87.5915 89.2737 46.3708 47.7345 62.7214 57.3051 68.9732 67.8578 35.5966 99.8396 68.5883 47.8457 49.4303 55.3035 52.4473 58.5278 17.3822 19.2207 19.6218 18.934 15.7529 15.1955 16.3369 18.1789 51.3023 52.2632 49.8778 47.2639 75.5112 77.0483 78.705 70.2023 74.1819 71.5767 63.2261 62.1204 86.4475 94.2311 94.464 102.241 27.4158 30.0349 27.3496 31.7936 33.1515 29.6252 29.1497 29.2838 44.5957 50.2272 45.1185 44.3999 23.0877 24.2427 21.1106 23.7504 49.5973 48.4917 52.6178 47.9082 55.1727 47.4955 64.3639 71.314 59.924 76.9933 63.3502 81.5117 72.1217 41.8757 0 63.3075 39.9894 19.6458 31.0533 30.9395 61.898 49.3589 18.8284 48.5484 80.9363 34.664 33.2824 15.9944 63.1223 30.9878 33.2633 24.954 84.2964 21.7379 76.5033 19.0273 40.9174 37.9666 42.5697 43.8057 10.597 12.9629 40.2482 60.1579
55.632 60.5089 59.099 60.8908 48.5691 55.1832 72.6506 72.3747 69.0296 76.6114 84.5065 73.7734 77.1692 71.1239 77.5053 88.252 81.5007 84.6278 96.5304 93.9925 97.7711 89.8469 69.0093 74.1711 62.294 73.9634 64.4271 72.2859 75.2123 69.4928 36.2148 38.7251 36.5519 36.7761 33.6412 37.3479 39.251 42.6927 67.809 60.9789 63.5174 68.1971 67.94 68.2755 69.2394 77.727 36.7975 32.7536 40.5512 35.1001 38.9255 40.1012 43.2016 39.8348 16.0207 17.1597 18.7223 19.2039 44.2625 47.5587 50.3154 50.256 37.9491 40.424 32.4456 35.4331 82.3322 94.0611 96.2453 86.4452 23.1801 21.9879 74.1113 78.5348 86.8193 90.7377 82.8054 80.95 40.174 36.7924 32.4011 28.436 83.277 109.916 48.0257 62.1094 59.8217 52.6329 57.2439 55.3609 74.6227 73.6521 76.8113 71.6235 70.2124 62.9111 68.5303 64.7769 36.9736 33.6117 37.1751 38.1789 35.1125 33.0155 33.0783 37.3853 47.1304 50.7429 41.6185 42.5482 37.2706 42.8102 37.4569 39.9541 69.2501 66.0768 61.0723 69.768 35.5427 38.4348 35.37 35.2508 39.4163 41.9259 43.3723 38.6619 78.815 79.77 83.7833 77.099 39.8339 37.7493 37.1208 41.2824 14.7346 26.8207 20.9802 95.1512 76.0833 46.583 42.7308 11.4599 82.6784 80.5459 63.3075 0 36.4368 57.7263 98.6177 37.0181 77.3073 19.5679 57.6006 24.8738 87.828 46.8078 52.9234 71.9541 22.5004 32.2148 37.5431 50.9816 35.3736 43.0269 14.9216 47.9558 38.4426 77.7694 41.8189 68.0255 81.382 69.4581 19.201 67.6993
67.512 65.4518 62.4883 67.0878 66.1736 73.2928 88.0212 83.7257 89.2091 80.6866 78.8394 83.253 94.2644 93.8529 91.0526 88.435 90.6496 85.4636 85.0374 85.7607 88.9334 95.3719 78.8068 86.9081 78.6837 92.1294 83.6104 94.2583 87.4782 87.4116 67.1155 65.7608 67.5306 74.2487 73.4745 66.8152 78.1505 67.5763 59.3922 62.3501 53.0437 59.022 60.77 62.7979 65.8545 67.2165 62.0608 60.3593 61.4342 68.6483 70.2375 70.4252 74.1174 69.1793 51.5376 43.5389 48.8457 55.1259 54.0667 56.0349 47.461 55.4905 22.5467 25.6504 25.416 27.0239 73.6284 75.5436 78.8826 73.0224 61.6899 61.8091 100.701 97.9416 100.42 105.665 69.0948 73.2876 20.1752 18.65 54.0458 57.6502 63.4222 99.8905 60.9917 56.1301 61.1712 63.8627 60.3116 58.8977 56.2117 58.386 52.7699 53.4874 40.8562 43.4926 43.8794 45.8628 43.8845 47.8528 42.9072 49.7663 60.5414 58.8083 65.0552 59.6367 67.2757 69.7103 63.3639 67.5943 73.9451 69.2877 73.5327 72.9905 51.6644 49.4691 50.5342 56.6999 27.2716 28.65 29.7297 29.081 13.7664 13.119 12.7244 10.9218 59.7229 61.042 57.9638 57.1626 40.6134 40.9543 44.974 43.7225 36.5294 11.0266 46.4649 99.9156 88.6881 62.8375 59.1568 45.4041 86.8464 65.992 39.9894 36.4368 0 22.5719 75.4351 27.7108 74.6142 26.6528 26.3274 14.7391 84.6481 36.6135 43.1247 47.6147 43.749 8.2499 4.49342 15.7784 60.9686 30.5393 52.5654 27.1236 7.65296 73.6742 9.69486 65.6349 46.5968 46.8419 20.07 73.0828
69.736 74.1954 63.8063 67.3787 71.2302 64.2518 80.37 77.7349 88.4305 86.6158 87.6681 79.8488 86.4123 90.1722 81.0607 85.7805 86.0788 87.878 89.7946 91.3551 85.7436 85.018 83.1514 83.3145 83.3972 90.9145 81.9471 93.2685 86.3038 81.3114 94.003 88.7698 88.0172 93.5889 88.642 86.9626 81.892 87.9344 50.9282 45.3635 45.1064 51.7682 54.6912 53.5227 51.8949 52.3255 84.8539 87.0171 77.6685 81.1939 81.2711 79.2698 71.7656 82.5989 67.8591 60.3524 69.4185 65.4006 46.8239 47.2092 50.5075 47.4312 27.3821 25.8394 29.2728 28.2961 51.1663 57.9231 57.4293 57.277 75.9909 79.7296 99.9728 93.4216 85.9112 93.1189 67.0987 68.2276 42.241 40.6641 60.6079 60.5629 49.5542 96.6028 73.9727 57.9461 65.8247 61.282 58.5821 63.7748 35.6641 37.2851 36.3598 37.8066 34.2497 34.4779 30.9976 34.3891 57.3965 55.0504 50.9831 53.126 65.8134 68.6616 75.7247 77.6769 66.5433 66.2425 67.0754 69.5882 82.2912 88.6016 86.6432 86.3952 45.9671 39.1052 41.8509 45.4386 31.8659 29.1901 34.6342 31.519 26.5567 28.8027 29.5038 27.427 42.2423 39.1478 37.8676 41.7872 53.3478 45.3654 54.1175 46.0357 50.5748 32.4013 56.908 97.0619 74.0274 82.4094 62.96 67.7842 88.3876 57.3496 19.6458 57.7263 22.5719 0 51.3197 31.5312 77.4402 42.9172 4.62156 35.4451 96.3854 35.8895 42.1439 32.4714 62.1876 18.9328 16.5208 5.70194 81.5454 23.6481 65.0321 23.0575 19.2551 54.2264 20.839 59.3155 27.6396 32.5021 37.6542 72.4019
73.9474 73.1096 71.164 68.4294 75.3616 68.5149 78.0427 74.882 83.9587 82.5563 71.6124 72.246 82.2517 71.3147 68.1703 79.8353 79.2376 77.3305 77.8168 82.1834 73.8507 84.3531 80.3702 91.367 86.5987 83.8676 81.3171 85.9334 92.7502 92.083 129.38 125.736 116.448 123.581 111.308 126.234 107.095 123.546 36.7411 36.4904 36.3286 44.6365 34.6475 39.3011 36.2443 41.9315 97.7318 104.094 113.918 102.742 95.1176 104.088 94.3795 98.895 93.1021 86.262 97.8199 91.9861 63.4975 61.1269 64.811 64.179 58.2362 60.292 63.376 56.1052 17.5916 19.125 20.8426 20.9187 117.939 102.812 88.0388 96.6117 83.2348 87.8651 36.7984 39.0477 83.4369 96.2304 86.4235 87.607 25.7982 87.019 87.3089 62.1225 67.535 64.9703 70.2702 66.3723 20.6018 20.3399 21.2004 22.6153 29.875 30.8256 32.6164 28.1196 67.6831 77.6317 73.3734 68.4246 93.2885 87.6947 100.062 93.2104 92.2385 83.7384 84.7509 89.8006 120.875 115.753 128.232 120.524 36.7284 38.9763 39.911 35.1247 61.1813 51.4672 61.7574 55.8725 74.2459 86.0918 79.8105 72.1294 20.1266 19.7189 20.1284 19.2198 67.093 74.0645 66.9425 72.3833 78.5033 79.5037 90.2802 71.9878 68.9267 93.4788 79.309 98.5845 75.5315 40.7571 31.0533 98.6177 75.4351 51.3197 0 59.6847 69.4652 77.6409 45.4234 89.5873 68.3806 52.6205 48.5755 18.8023 90.0593 62.6082 66.4033 61.0695 107.174 44.5646 111.841 48.3769 72.3219 24.2697 77.3657 52.63 21.3755 21.2629 72.8618 60.4722
39.06 42.0347 40.3942 38.648 39.0391 40.0717 49.3 54.2441 60.5519 52.241 60.424 63.1249 53.4995 54.5023 59.8828 62.3381 63.9941 66.4922 66.3851 66.0733 73.2278 67.318 50.6283 54.7269 55.1217 57.4507 57.0513 61.5164 56.9547 66.6123 61.1875 61.5416 58.5494 61.948 58.0306 56.3175 52.9645 64.4558 35.3168 33.7219 35.2335 37.58 40.2685 40.6901 43.9759 39.8225 51.4931 52.3805 53.8988 52.2166 46.7035 49.0574 51.4143 51.431 37.9789 35.588 37.6449 34.0959 23.9884 24.3651 25.614 24.2468 5.24957 5.52245 2.65431 3.98324 53.682 62.8296 57.5677 56.4558 52.7371 46.6356 59.233 73.4187 69.56 63.6962 50.2752 54.3454 43.5538 47.9844 36.4804 35.4153 47.0145 80.8686 35.6793 35.3763 33.3643 36.9355 34.7759 38.2801 39.8236 39.1238 35.5933 37.6405 28.3576 33.9569 27.2916 30.486 19.4101 19.822 20.7138 21.8151 46.7838 39.2947 42.4209 43.4179 36.3564 38.3216 42.6319 41.4717 67.208 63.678 56.6106 63.8994 32.955 30.8097 28.8143 30.7167 4.24168 5.34407 4.31888 5.15337 37.6595 40.9736 42.8286 37.2114 40.6724 41.9752 45.3608 44.6195 16.5055 16.7249 20.1903 20.5915 23.0796 25.535 33.623 61.6562 57.9708 44.057 33.8331 40.2204 60.4715 49.4715 30.9395 37.0181 27.7108 31.5312 59.6847 0 57.7066 13.3341 32.3546 31.7832 70.8681 12.5413 18.4762 42.5115 32.8896 20.8557 25.5527 30.7686 52.591 11.3813 39.7396 14.2065 31.4834 49.3433 36.672 36.019 43.9105 45.9191 14.9866 44.8065
24.3615 25.6542 23.634 22.7139 26.1958 23.4118 11.4 11.5139 12.4916 13.1873 6.8012 8.9875 8.50525 11.2014 9.52903 11.4976 11.9996 12.6265 12.493 14.3005 14.1345 16.0671 27.8563 25.3156 27.472 27.357 21.8935 22.115 23.4492 26.0727 79.2373 71.6982 82.1312 83.2969 69.4385 70.9989 66.3375 80.529 33.1097 29.7525 31.597 27.6469 31.5435 31.3379 31.83 30.3528 63.3132 67.0505 60.3968 65.2459 53.2051 61.7648 59.7598 60.6128 64.9835 64.8026 72.1845 63.0729 29.5408 33.626 32.2538 31.4807 62.4348 57.7089 59.8514 50.5935 45.3821 47.7521 42.4144 43.6726 80.48 72.141 22.8357 19.7085 18.6697 17.2355 30.5062 27.9427 95.0249 90.9516 52.6192 54.6523 36.4782 30.0072 33.762 19.9502 20.9673 18.6839 20.0098 17.9461 56.8412 55.4536 54.6053 50.0561 55.0758 51.2006 48.9921 54.3145 38.6824 39.2483 39.3557 40.9226 52.8572 60.2104 54.1964 57.1274 37.9185 35.1722 34.6954 39.9895 76.6587 80.7298 82.9358 80.103 38.5254 39.1749 36.0363 37.6411 52.2006 49.3579 53.4301 45.8752 98.7357 93.5097 84.5523 96.1431 49.8849 48.3567 56.1311 51.3105 44.6833 42.6164 37.9899 43.3849 58.0743 84.7653 55.0745 11.3871 3.33678 51.9943 37.7253 80.7353 9.83201 21.8579 61.898 77.3073 74.6142 77.4402 69.4652 57.7066 0 63.4549 82.565 92.6632 11.2682 39.8869 41.7493 58.4218 53.8721 77.2822 82.9941 75.6776 64.1524 50.6262 72.9656 61.0602 84.9682 42.5203 91.4468 22.973 63.6208 63.2606 62.7158 9.39872
41.6861 43.06 40.8291 38.2596 37.7614 44.9336 51.4562 57.947 60.3646 64.9771 65.6243 60.7546 60.4444 58.9251 61.9328 65.9781 66.8412 65.0121 68.8111 67.675 72.0273 72.0228 60.5882 61.2752 59.7388 56.5681 62.8028 54.1163 55.6288 56.4356 46.2002 45.5666 52.256 49.3558 44.7645 46.176 45.7024 50.6197 46.8759 47.9592 45.8177 43.7888 55.3307 47.5937 50.0829 56.2955 42.1896 40.9552 40.0852 40.1861 34.3206 35.724 43.7469 38.8508 23.8402 23.044 28.2701 25.6298 28.803 31.3037 27.8118 32.0281 16.8096 16.666 15.5717 18.3161 71.7959 73.2943 69.1857 71.805 35.4764 35.6178 65.6059 72.6199 76.6138 73.3478 62.9608 59.2472 44.3152 41.9099 29.6813 25.888 56.8833 86.4497 35.603 37.3591 41.2786 43.9008 41.2163 36.5854 49.0278 53.3013 53.6272 48.215 43.8136 41.4302 43.7397 47.1337 21.6806 20.7944 20.8025 20.6081 30.8488 34.2733 33.8808 32.1488 34.0746 35.2874 40.3992 38.9285 50.635 45.6007 47.7136 50.3399 38.6789 45.5543 45.8745 42.2188 15.1067 16.239 14.7751 17.9891 38.6762 41.9853 35.8208 40.3668 51.1271 55.508 56.1682 60.5615 21.17 19.5307 19.1566 22.3434 10.3616 19.6719 21.1873 65.6968 56.3208 39.4974 32.7184 31.6502 70.0941 56.5747 49.3589 19.5679 26.6528 42.9172 77.6409 13.3341 63.4549 0 46.3587 28.6867 66.2502 21.2831 27.4112 50.5405 21.6735 21.7616 28.1461 38.5663 40.7748 25.4753 28.051 27.3659 37.4663 67.8818 38.4559 42.3214 52.4326 50.6122 9.04053 57.3221
75.7494 66.7995 70.8174 65.7988 66.8804 74.881 85.802 91.6422 81.3347 86.6807 78.1707 88.9776 89.195 81.4527 85.3866 85.6742 91.797 99.9714 86.0359 86.4146 101.816 90.2835 82.4411 80.9221 82.9969 87.98 83.0089 87.1501 86.5924 100.387 97.6486 94.7078 87.9092 93.733 92.5134 90.3962 87.6169 92.9287 46.4088 54.0177 45.7693 50.9572 51.4429 57.2422 50.6277 56.167 78.6666 88.9244 87.0939 86.9733 74.4186 86.0457 84.0281 76.2887 66.5902 61.3897 74.1902 64.3421 55.0086 53.0889 53.3572 51.8716 29.5773 28.6903 30.8071 29.4364 53.8581 55.1055 50.5363 57.3196 83.4364 83.1892 87.8719 89.3042 86.8648 93.4379 67.7125 68.1101 45.0965 43.162 65.6882 71.6162 48.931 112.878 70.8405 58.5232 69.5373 64.016 64.6685 69.9288 38.1306 37.4077 33.8423 40.7407 30.3864 30.7974 29.5029 30.1126 54.0589 59.5571 60.9453 52.7426 74.9295 74.2621 73.7447 78.3104 78.6283 78.0503 71.98 70.1497 100.355 89.2407 104.307 103.989 47.6201 43.8949 45.7939 44.0294 37.9757 37.0103 33.0986 33.5818 33.1968 31.8872 29.2041 29.0927 42.8316 38.1024 40.5894 42.1463 55.9507 54.1754 49.8964 49.6141 56.6231 37.7599 66.5876 97.665 83.4052 84.845 68.3542 65.8355 79.6602 62.5774 18.8284 57.6006 26.3274 4.62156 45.4234 32.3546 82.565 46.3587 0 40.2179 95.3958 43.6557 40.2269 32.2035 59.2123 23.9286 21.8648 11.1436 79.7771 29.8532 78.1007 24.0346 20.6747 56.5509 24.3084 62.9098 23.7745 27.0645 39.1539 66.2397
63.2403 63.1255 71.2535 70.8369 60.4648 73.7894 83.3641 91.9518 83.3588 79.604 95.7772 85.6092 84.6566 87.9871 96.3729 97.4183 99.6889 104.172 106.246 95.1447 96.9918 93.0983 80.0238 89.0337 85.7842 78.8426 80.7396 87.849 84.155 91.7403 56.6582 59.7026 59.4152 60.7104 63.1046 61.6796 64.6231 59.7952 59.9916 64.4607 66.3048 67.0837 77.8946 71.7987 70.4809 75.5159 64.9126 60.0871 61.872 68.3221 62.9984 57.7026 57.8998 61.3871 43.0653 37.4607 41.8902 41.1335 52.9011 58.1462 59.1766 55.6089 33.1168 34.3845 32.9981 35.6596 75.8225 86.2232 90.1566 84.9703 52.4433 51.3775 86.901 97.7527 92.3229 95.1482 92.2036 93.0508 16.336 13.6499 49.4006 52.6331 78.7198 123.53 64.3325 60.6903 61.8969 60.2723 64.5579 64.0145 61.9212 61.9992 59.2675 67.9637 61.9401 52.1747 54.8244 53.2722 47.2239 50.2791 49.7784 44.3154 55.5614 60.3267 59.7718 54.7238 60.7468 65.561 68.4643 68.6023 68.7126 68.2346 64.9675 65.8493 61.3349 61.8518 65.229 63.3434 35.8499 33.9333 33.6193 35.5839 16.0643 16.3404 15.1673 14.403 68.1844 75.0605 73.7071 73.9683 46.9979 50.4624 51.1571 51.504 31.3809 9.57536 39.6894 101.837 81.8423 61.6074 57.7589 36.6928 99.7843 79.4682 48.5484 24.8738 14.7391 35.4451 89.5873 31.7832 92.6632 28.6867 40.2179 0 101.078 42.7772 49.0252 67.8788 46.285 17.9042 19.1387 27.6494 53.1542 38.2865 40.8843 36.7692 17.2668 74.42 17.6783 69.8881 59.5032 64.8337 16.8631 84.3872
38.9815 36.4566 36.1673 31.3435 36.9409 30.7778 19.109 18.6678 17.2787 17.453 13.5996 14.5704 13.5749 13.7567 7.00657 7.06157 7.33018 9.01169 2.18195 3.17798 4.37532 6.06254 31.1558 32.4044 35.6092 35.1825 25.6212 26.0048 25.3821 26.7965 93.3896 94.1238 86.7099 94.2563 87.284 77.0534 82.6931 90.0225 45.3579 45.6808 38.9434 42.7563 44.4267 38.6638 39.8782 40.5774 72.3369 76.6771 76.6467 65.3654 66.9408 67.4457 66.3925 66.9845 84.4254 81.216 80.063 69.6864 47.4082 44.6267 40.1201 38.2444 68.0787 65.9447 69.2911 68.9908 54.6753 60.0296 48.1527 53.1119 94.1203 77.0394 22.2593 21.2526 15.91 14.8157 31.4337 30.8336 125.281 117.632 70.2202 61.4579 46.6614 16.4503 43.7679 30.0651 34.3553 32.8279 34.754 29.8669 61.1627 67.2305 55.9424 65.8617 55.0999 55.175 61.5019 54.0621 54.5428 57.4479 56.5232 54.4793 69.3033 63.2531 63.4096 68.5722 50.5684 43.2131 46.3009 45.5017 80.347 85.6712 83.7916 84.2414 44.9802 46.0582 46.853 49.5003 62.6116 61.3687 62.4128 68.7286 104.205 104.383 110.665 115.751 56.717 64.9788 60.0342 59.6798 57.7597 49.2974 49.6252 49.5451 79.5361 93.5483 77.7472 1.85087 11.638 55.3796 46.1496 81.5792 12.8417 30.9904 80.9363 87.828 84.6481 96.3854 68.3806 70.8681 11.2682 66.2502 95.3958 101.078 0 56.886 51.583 60.7444 64.3604 78.6021 93.4791 81.427 78.2383 63.7524 90.9128 65.8238 99.4576 47.7759 107.792 33.6158 82.4845 81.4758 80.8866 19.0247
34.3486 35.0537 31.3806 33.785 27.2534 28.6966 40.2712 44.7701 44.1349 45.451 45.8074 44.5497 50.2023 49.9976 56.7584 49.3667 56.7003 56.5666 56.7448 54.0793 57.8126 57.9284 48.377 45.2746 46.4037 51.0175 53.6975 52.0312 47.2338 51.3878 69.1613 65.8193 64.9104 60.7815 60.709 59.3711 60.8685 63.3123 25.4389 24.2742 22.9945 22.6982 27.2803 28.4992 31.8565 31.9242 45.5918 48.849 48.6513 57.4419 50.1215 43.5438 48.092 48.3837 40.7354 38.6244 43.2191 39.3068 12.4231 14.229 13.8033 16.6204 12.6688 12.1912 11.1267 9.3728 42.3985 44.8785 43.5891 45.3789 54.3798 56.9276 56.6991 55.8667 60.3734 56.791 41.993 41.2565 53.3602 57.2781 37.6469 32.9842 31.1636 75.8745 34.4657 24.2523 26.4873 25.8821 25.0511 26.2782 33.9245 32.4172 32.2004 34.3706 22.8339 24.3867 22.4989 25.5486 20.2695 17.306 19.6881 18.3767 47.2777 44.6925 44.3819 42.4165 33.8479 33.7667 38.338 37.6509 61.7577 58.1404 64.2828 61.1339 21.5499 19.5929 21.7822 19.2738 8.40247 7.97184 7.9286 7.40762 55.39 47.3507 45.5299 48.0148 36.0834 35.4569 36.3551 34.3525 15.2741 12.9803 14.019 14.9501 33.6825 32.1518 40.1506 52.3027 41.2141 45.611 25.9834 50.6551 48.2655 33.9195 34.664 46.8078 36.6135 35.8895 52.6205 12.5413 39.8869 21.2831 43.6557 42.7772 56.886 0 5.78538 33.6027 37.2859 26.6909 35.3716 36.4557 49.2463 12.4742 49.2915 15.0811 39.549 37.6949 44.5184 24.061 38.3119 43.587 29.6263 35.3341
28.8331 33.8362 33.4503 29.9612 31.0871 29.9737 39.8148 40.2468 43.3583 41.2531 45.3561 48.5436 47.6399 49.1805 45.0825 51.3124 49.4008 53.6307 54.2775 49.1236 54.0525 50.96 47.172 47.5344 46.5414 53.9872 43.9063 51.5626 52.9619 51.233 60.7072 67.136 71.2598 63.6555 62.5143 60.4976 70.4753 61.5959 18.3006 17.7028 19.7793 17.7366 24.2571 24.4945 25.4698 21.432 57.2345 56.9922 55.9399 60.8525 45.8558 46.0208 56.6521 48.1198 46.4508 48.4905 48.81 49.6351 11.2607 11.762 14.4685 12.6111 19.4685 15.6776 18.2815 14.6534 41.7882 44.3619 40.1772 41.0744 64.0158 53.2624 59.0458 52.1082 59.7538 52.8379 36.0124 39.1305 62.0046 62.9204 37.5352 39.6399 29.2145 60.6761 33.8191 18.6483 20.6496 23.9278 23.4332 22.3973 31.5526 31.6395 27.9274 32.0208 20.4237 22.3952 20.384 19.8283 22.0007 19.7813 21.239 20.6305 51.6892 48.9532 49.4741 42.8356 38.3927 33.1642 37.5534 39.4154 61.206 66.4369 72.2192 65.5883 16.3953 17.4175 13.7016 14.5071 13.9401 11.4603 12.8689 11.6671 50.0188 56.1026 56.4435 54.1962 33.2232 30.076 32.525 29.1542 17.1321 15.5022 18.5528 18.286 33.8114 43.8339 44.8803 49.9924 43.396 50.4084 27.1708 56.6812 48.8514 30.9555 33.2824 52.9234 43.1247 42.1439 48.5755 18.4762 41.7493 27.4112 40.2269 49.0252 51.583 5.78538 0 29.1638 41.9388 35.5724 38.3806 41.6997 52.8919 15.4701 54.484 19.5082 49.9898 36.665 48.7122 19.9553 37.6056 41.4537 34.2251 33.2995
65.1456 65.952 57.8032 55.6406 58.1072 56.5256 58.5594 63.6236 69.225 70.2653 59.6987 60.1935 70.2792 66.406 65.0922 67.6926 69.4246 77.2747 62.1086 68.7121 75.7995 64.5712 78.7368 77.2184 78.3824 84.508 76.8606 80.0291 77.1323 71.9384 104.546 93.2342 90.4449 106.048 95.7721 90.6507 99.9024 94.5267 23.1755 27.4668 24.7679 26.8673 25.8881 24.4519 26.625 26.8372 91.0491 78.8469 86.5026 79.7704 80.496 76.7529 86.3378 83.6525 75.1341 70.2799 76.8124 81.3476 41.6143 41.6229 44.4452 43.8376 39.6424 34.1359 39.5777 36.8896 21.5303 24.4933 23.8367 24.0123 90.1942 92.9924 84.3149 72.4633 73.0669 81.2076 35.3181 32.5165 71.7739 65.7739 77.8686 72.2792 20.4756 76.7465 61.1885 48.0818 45.8036 51.3132 53.5804 51.9857 4.63631 5.41867 5.70709 6.58001 11.8143 11.0013 12.4619 11.732 49.5105 54.4344 60.0405 56.5713 78.7214 75.1309 74.9519 74.4667 66.08 71.1171 70.7434 63.0391 93.8281 103.155 91.162 91.3001 19.3512 20.1438 21.5728 20.7058 38.9638 34.3922 38.3728 33.5059 65.69 67.6484 68.3481 66.3437 6.15242 7.20237 7.3222 7.65199 52.9625 49.0185 47.1221 51.2182 67.4465 57.5034 71.8226 66.5835 50.5691 80.1199 58.5464 78.3954 66.9002 35.3265 15.9944 71.9541 47.6147 32.4714 18.8023 42.5115 58.4218 50.5405 32.2035 67.8788 60.7444 33.6027 29.1638 0 64.6459 42.4075 44.9203 35.9541 88.8628 29.9365 83.1113 29.7726 48.6203 21.5692 55.7496 38.3101 10.9669 8.48389 56.803 53.819
31.6398 31.4271 32.4518 34.6828 29.4721 33.8401 55.2611 47.0014 53.6832 48.7733 50.8897 53.6324 55.7335 56.1111 61.4248 66.2893 60.7522 67.5975 69.0392 72.1387 75.6403 73.7533 44.1726 40.5892 48.8926 46.2249 46.8302 47.9139 54.4563 52.5698 25.6719 27.8506 29.2326 33.0417 23.1064 28.0223 29.0429 27.2423 60.5434 59.6119 54.6651 57.1646 60.9432 58.1374 58.5261 56.1884 18.1993 18.8393 18.1513 20.2383 17.6049 19.8616 17.8886 21.6367 10.2156 8.83388 10.685 8.23549 35.9439 35.3389 31.5554 34.3152 35.1774 37.5267 31.7397 38.6187 77.9748 84.0891 76.4721 74.7077 21.6423 17.5513 63.1776 57.5128 58.0797 59.5407 74.3258 77.3151 55.8947 58.4539 7.91681 8.92932 65.4719 83.3292 24.3157 44.6608 41.0844 40.6277 37.3107 38.9588 61.7004 75.0331 66.2332 73.0967 54.9101 56.7337 60.9716 56.5159 16.775 21.292 18.4423 21.083 12.9661 12.9489 14.6707 14.104 22.4041 25.4167 22.4736 23.7719 31.6466 27.2389 31.437 29.9805 56.0813 58.3101 54.3734 49.5935 33.369 35.8012 33.7688 34.3851 59.8923 56.484 55.6477 51.029 74.237 66.8758 73.26 71.1233 20.2971 21.0354 23.0478 24.16 11.4583 36.1585 2.70338 72.3248 59.8236 19.6003 22.4223 23.0385 62.6592 58.4039 63.1223 22.5004 43.749 62.1876 90.0593 32.8896 53.8721 21.6735 59.2123 46.285 64.3604 37.2859 41.9388 64.6459 0 40.0461 50.9278 52.1732 19.4576 47.3455 16.1108 49.4571 59.996 77.5249 56.98 47.0005 80.5345 76.2757 29.0779 55.0759
58.5032 63.5466 63.7466 60.4244 53.8152 58.661 79.6386 67.8055 72.47 81.6835 71.2012 74.794 73.7964 77.7392 77.1621 76.098 87.2127 92.0887 83.2519 87.3472 91.1752 88.2805 68.0417 82.2367 71.5362 84.7284 70.6187 72.0219 76.0227 79.4615 64.4186 70.7923 74.1242 66.6952 71.6596 60.2062 68.8741 63.3248 48.0135 46.7424 48.6811 45.8876 54.094 56.1036 53.7192 55.2633 61.1073 62.2417 59.606 68.8609 58.6646 55.2316 59.4152 64.1912 48.5288 47.1027 49.8408 43.7407 38.7805 39.4946 43.1575 40.4482 16.5489 18.3653 16.1314 19.6776 65.3682 66.5936 67.2487 61.7647 50.2458 56.6867 84.4408 77.7526 88.4576 90.8041 72.6278 74.8544 28.5064 25.2862 45.1089 53.4982 56.8199 104.231 56.5229 56.8442 58.3764 51.5575 52.7261 53.5357 49.774 50.3605 49.7565 51.2189 36.246 41.9421 39.8021 35.8796 35.9748 38.6328 43.6591 41.6714 55.4528 53.4584 54.1894 57.1295 54.885 62.5194 52.1628 54.5294 74.8753 75.8766 68.7281 77.5404 43.444 47.8016 43.2315 49.0591 22.4285 23.2075 21.0605 24.4203 21.571 19.6511 21.3276 21.856 53.8073 52.1694 45.5901 55.1902 38.5966 38.544 38.2346 36.2879 29.4724 11.9159 46.4828 77.5003 74.8233 65.001 45.7809 44.1655 77.4749 57.18 30.9878 32.2148 8.2499 18.9328 62.6082 20.8557 77.2822 21.7616 23.9286 17.9042 78.6021 26.6909 35.5724 42.4075 40.0461 0 7.61137 14.1265 55.7058 22.9368 51.1109 19.8206 13.1364 55.9913 19.1815 48.9585 40.8932 42.2436 15.238 60.1645
62.5363 68.7603 72.7808 71.1868 60.4756 59.9091 84.18 84.5492 86.8812 85.6726 78.7139 87.7004 86.0213 85.41 84.2542 92.0235 85.271 85.7731 89.803 91.8537 97.7273 86.4198 76.4989 76.7221 79.6879 82.8278 84.9444 85.836 79.6222 88.5967 75.4801 74.1221 72.8105 70.3767 65.0745 76.0965 70.6097 81.6328 59.109 50.7923 55.1346 55.8365 58.4022 57.5962 55.4468 63.6809 70.8046 69.9903 63.7322 67.5655 62.163 70.8667 67.421 66.6864 51.1924 54.2402 51.4529 50.8213 50.6085 51.7261 48.6218 52.901 24.623 25.0157 22.7279 27.7674 69.8146 65.8895 75.1912 72.9471 60.5142 65.4625 94.4131 93.3559 87.684 100.316 69.683 67.018 23.7023 20.7461 53.9332 59.7257 55.2796 105.954 63.4355 62.6219 62.3245 62.8978 56.6487 67.1775 52.3249 47.7287 52.4087 52.3641 44.3014 39.7664 44.0473 46.306 45.9722 42.4184 45.0145 46.8662 60.416 64.3609 61.8153 63.7085 62.7188 62.302 71.0167 62.0507 81.336 70.8008 70.917 77.0396 51.812 50.1209 46.8725 48.5487 30.3988 26.4398 32.1017 32.1335 15.9266 14.3174 14.5689 14.4829 50.6958 53.9086 48.0885 54.1343 43.8856 47.8428 48.5768 41.3313 34.585 12.9119 50.9263 98.7485 87.9965 75.5343 57.129 46.3989 79.835 71.3517 33.2633 37.5431 4.49342 16.5208 66.4033 25.5527 82.9941 28.1461 21.8648 19.1387 93.4791 35.3716 38.3806 44.9203 50.9278 7.61137 0 10.0983 65.2173 28.1967 51.2901 24.8883 6.29424 71.1349 9.41853 60.0558 45.222 43.8525 23.3256 74.4047
71.3195 69.8291 63.4631 64.2982 62.8635 70.8871 76.6558 84.7857 90.2298 90.7466 81.5845 86.2376 89.5902 90.8992 92.7384 90.1532 81.053 94.6038 89.6894 96.3204 90.6521 87.829 82.0268 80.2322 94.703 85.3493 89.1256 82.8819 84.9216 92.8049 75.6312 84.6698 82.8066 85.1562 79.3662 87.3176 80.1675 84.0011 46.1104 53.516 46.5034 52.8963 49.5389 59.0276 55.7524 60.077 80.5678 80.8461 69.6704 79.13 78.6416 68.5109 73.3535 75.074 62.8274 58.9484 63.1058 60.5799 46.1395 52.4714 51.9284 53.7448 25.1373 24.7879 28.3111 28.6281 59.7113 65.4906 55.0946 60.338 65.0191 64.8231 88.7278 98.7694 89.8975 99.5216 68.3935 63.9959 34.7901 31.8207 68.6008 68.4798 48.7993 102.108 71.0938 55.9895 60.6132 57.1463 65.8074 65.3371 41.9578 46.8326 40.5758 41.7587 36.1241 35.1423 35.4343 35.8202 51.7066 49.2405 50.5426 50.5119 69.5024 69.9665 63.2567 65.8047 72.1804 69.639 62.4504 67.2459 80.0723 90.5902 82.8135 89.8476 43.443 44.6923 40.5198 49.4184 30.0284 29.5175 28.3459 28.8496 25.213 24.2193 21.1716 21.301 44.2406 48.5614 45.6175 42.6586 43.6455 47.2609 48.1795 51.7715 43.4007 23.7193 59.0092 80.3212 77.8862 72.3911 63.1171 61.8934 82.9561 63.2776 24.954 50.9816 15.7784 5.70194 61.0695 30.7686 75.6776 38.5663 11.1436 27.6494 81.427 36.4557 41.6997 35.9541 52.1732 14.1265 10.0983 0 76.0543 22.7894 66.0802 21.1562 14.6562 55.1626 15.4774 55.255 36.3141 39.4441 28.0127 75.4679
40.1688 41.9497 41.7956 43.5498 40.9134 43.3868 59.3894 51.916 59.0011 55.4307 66.8282 68.2698 67.6229 56.7684 74.9041 67.0915 72.6419 72.8345 71.4397 70.9231 75.4444 73.8827 43.1108 45.0696 46.0176 47.9746 51.1523 55.0765 49.9554 53.5357 11.9525 13.0677 14.1466 14.0877 7.71961 8.09331 9.55283 10.5677 70.1827 65.0602 71.5576 63.3454 73.9656 70.2646 74.0781 67.4556 4.06251 4.55357 5.8407 6.31894 10.5335 9.939 10.2088 9.7901 18.1706 15.5863 14.4828 13.5511 49.7751 48.9909 49.9241 47.7259 49.6298 55.1788 55.3012 48.3314 89.5081 100.167 96.9561 91.317 15.1085 13.641 59.2197 67.7278 59.8596 63.3367 88.5878 92.496 68.8445 69.0797 15.03 15.8491 82.1302 87.2034 29.0666 57.4438 49.9183 46.3182 54.361 51.2957 82.6676 84.9574 89.3884 90.8604 81.9867 76.2129 78.0146 75.674 32.1225 31.9093 36.6822 34.9994 8.86533 11.3978 9.81399 10.1838 28.5494 27.9627 27.5009 30.3292 12.5716 12.1928 13.9511 11.1751 67.1158 76.7486 76.0345 66.5669 48.8582 57.5973 51.1929 48.0201 78.3684 70.4766 66.4943 65.0361 94.5431 80.1352 83.5642 84.4537 39.9169 37.8655 40.0315 38.4209 30.2657 55.513 18.844 77.1754 69.7737 17.5302 34.5719 24.7721 60.1099 79.0447 84.2964 35.3736 60.9686 81.5454 107.174 52.591 64.1524 40.7748 79.7771 53.1542 78.2383 49.2463 52.8919 88.8628 19.4576 55.7058 65.2173 76.0543 0 60.6152 19.5059 60.5771 65.29 86.7318 67.1909 54.4165 85.4214 98.0302 44.2982 56.734
46.6662 48.4711 47.539 46.7398 40.0783 45.6469 50.5889 51.6825 61.3755 53.0598 56.8222 60.0866 61.7658 65.411 64.3159 60.6465 69.1285 71.8951 71.6301 67.1365 66.0118 73.955 63.5492 65.9549 61.0559 62.8501 67.0879 63.7897 59.2493 69.9189 67.1751 73.3388 73.245 80.4468 70.0837 72.3916 66.9324 72.8015 29.4782 29.7843 30.1468 31.4225 33.0789 34.8315 34.0687 33.644 56.0996 63.8956 62.5259 59.7521 61.0022 63.2538 54.0595 56.4374 51.1693 45.6376 52.0612 46.1693 23.3997 23.2197 27.8441 28.7908 8.45482 6.48088 10.3158 7.32362 43.9434 50.9294 43.3284 47.822 57.8908 65.3438 63.5702 68.313 63.4736 70.8776 42.5841 45.5698 49.8449 46.3628 44.1108 41.6177 36.8293 76.9552 43.3971 31.9903 38.0535 35.3625 34.8003 38.1904 25.6651 29.5341 29.3635 31.0018 17.1189 19.5138 19.1621 18.5167 29.4771 31.3216 28.1044 29.6865 52.2735 50.7194 55.2443 53.6283 50.165 51.5393 49.816 46.0157 69.9021 69.3332 79.7535 71.6635 23.3207 23.2029 21.8201 24.0476 9.01419 8.61482 9.50172 8.97175 46.807 44.244 45.1357 40.5577 28.8405 33.531 31.0989 32.8029 26.397 27.6795 29.7268 27.2547 35.9718 32.3895 45.3139 67.8243 56.4378 54.5261 42.0058 58.4686 59.1625 41.6434 21.7379 43.0269 30.5393 23.6481 44.5646 11.3813 50.6262 25.4753 29.8532 38.2865 63.7524 12.4742 15.4701 29.9365 47.3455 22.9368 28.1967 22.7894 60.6152 0 55.6665 3.96445 33.6206 38.1655 38.5738 32.2715 32.7162 29.9819 28.1348 46.8924
53.5008 53.1639 53.4748 51.0986 52.5379 47.914 72.45 64.7745 61.5467 63.8293 78.736 76.5617 71.8477 77.9013 75.9073 75.8679 75.2095 77.3101 80.2456 89.2356 84.1164 82.549 63.8124 56.146 55.4064 57.4881 61.6166 67.1498 66.4499 70.2922 19.0459 21.6292 22.7081 23.4291 19.2014 21.8148 21.9285 24.7411 77.3821 64.4582 76.1259 71.0962 70.6504 76.8701 73.8836 68.0556 19.2407 23.4639 21.4687 23.9069 22.6876 26.7776 26.3577 27.1113 6.48296 8.8849 6.02733 8.76358 47.4561 50.7827 45.0239 51.7951 49.5594 48.7385 47.5571 43.1178 94.8488 92.4311 91.0325 94.9695 8.18137 6.9387 72.9611 78.5965 83.4588 76.0603 88.7682 94.6236 51.1811 59.3497 20.2827 22.2883 89.8375 94.3161 41.2872 55.5791 57.0061 55.3162 58.4622 53.1202 79.8375 83.4299 84.0699 80.6845 65.2814 77.6449 68.4828 71.7914 36.152 36.9995 36.7424 33.1437 22.4774 20.936 21.2441 23.7515 37.1918 38.9571 38.3818 37.9495 24.6871 25.994 23.0583 23.6524 74.7369 70.0469 71.0002 67.5652 42.1977 43.7003 46.63 45.8469 52.4463 60.9202 52.8597 51.5889 89.906 89.333 87.0575 85.7599 40.4875 35.996 37.6551 38.7646 18.4853 37.8298 14.7012 78.5353 80.6555 35.7518 36.3301 6.19928 75.3164 78.4234 76.5033 14.9216 52.5654 65.0321 111.841 39.7396 72.9656 28.051 78.1007 40.8843 90.9128 49.2915 54.484 83.1113 16.1108 51.1109 51.2901 66.0802 19.5059 55.6665 0 53.207 54.033 91.4442 61.1456 66.2359 82.0216 83.8047 35.0798 65.272
43.6033 49.2178 51.3068 46.8826 43.9441 42.6196 62.4222 57.6563 65.1584 66.1636 60.1953 57.0577 63.0254 69.0113 69.7588 68.4468 62.7563 76.7368 64.8342 67.6356 67.6127 73.0019 66.127 60.739 60.2572 69.6916 65.5277 72.7325 71.8807 69.8173 78.7669 71.9838 76.1733 77.1244 64.7021 75.9353 75.1897 67.5366 31.0399 29.2187 31.2847 32.619 36.5911 34.2779 38.7951 39.6939 62.3477 58.1411 59.4191 62.4307 63.4917 61.9743 57.9873 59.7132 51.5521 48.8938 54.8741 46.7837 29.7673 28.822 32.5778 33.6104 9.07304 8.44702 10.6274 10.072 49.1502 44.8145 49.5487 52.8951 58.0912 57.0469 72.7646 72.5449 73.7076 73.1548 44.3705 45.8417 48.5764 42.7424 48.8283 49.5899 38.5207 78.1574 54.7871 39.5685 35.9018 37.1345 44.1334 43.8638 26.784 31.7167 27.8874 31.1914 17.4946 20.5563 19.5503 20.7673 35.4313 34.3483 37.3896 31.763 58.6893 54.3787 61.3115 53.6135 52.0081 47.239 56.35 49.8941 80.8366 68.0497 80.0142 78.4458 26.1939 26.3201 23.123 25.0333 12.7456 12.134 13.7872 13.476 43.1376 40.9527 36.6076 36.7785 31.6144 32.1931 29.2851 30.7952 27.5963 28.5146 33.3288 31.4932 38.5365 27.8473 44.4716 69.5021 52.2621 60.7135 45.641 55.6762 61.6996 43.9494 19.0273 47.9558 27.1236 23.0575 48.3769 14.2065 61.0602 27.3659 24.0346 36.7692 65.8238 15.0811 19.5082 29.7726 49.4571 19.8206 24.8883 21.1562 60.5771 3.96445 53.207 0 31.6156 41.2585 36.2967 33.2589 30.5599 32.5291 29.1095 52.4517
74.333 73.2827 74.5392 67.5162 69.772 68.7689 84.6295 79.1161 94.1485 94.9461 96.3783 89.3041 98.4945 94.5225 91.1634 95.9373 94.8393 93.0697 94.5556 93.8063 102.964 95.1312 86.3608 90.8862 84.8285 82.9034 87.3883 98.0714 91.2363 87.1283 75.9738 79.1824 81.1993 80.3759 72.5185 84.9212 85.7218 81.5214 65.5025 63.4645 56.1028 68.2102 71.0562 60.7378 62.2144 69.5158 71.6062 78.5422 73.3805 76.6547 78.8498 74.4132 76.0745 74.0438 52.4014 56.2195 60.5253 52.731 57.1596 54.1606 59.663 60.6127 30.7075 30.0528 32.5857 34.5596 77.5785 82.7238 79.6422 81.6846 67.7283 58.3964 103.842 104.114 93.8801 103.882 82.2531 82.3694 18.8099 16.9189 68.2024 66.2953 67.1984 113.732 70.6164 62.6504 64.6371 67.1572 72.7503 71.7929 54.8619 57.1523 54.4703 60.6941 47.8316 44.4031 45.4126 51.0445 50.6626 48.4531 51.1771 55.3477 73.7682 65.7131 70.0961 73.9661 68.3085 68.8384 76.7154 70.3172 87.5625 86.1506 87.537 85.9845 51.422 57.4691 58.983 57.5025 36.7359 33.7565 37.7733 34.6384 10.4257 9.60413 9.52178 9.43273 61.9816 54.3803 60.6452 58.3667 54.6996 48.3565 54.6001 56.1982 44.8974 18.8716 53.9085 104.083 85.8904 76.3324 63.3598 58.4617 91.1483 80.7657 40.9174 38.4426 7.65296 19.2551 72.3219 31.4834 84.9682 37.4663 20.6747 17.2668 99.4576 39.549 49.9898 48.6203 59.996 13.1364 6.29424 14.6562 65.29 33.6206 54.033 31.6156 0 71.1236 3.11326 65.2995 44.1024 53.6294 28.1199 83.0323
52.34 52.8642 56.9188 50.3427 55.9601 46.9851 48.1935 57.7624 51.546 51.6375 52.9943 55.7627 48.6305 54.9905 53.9687 55.6418 50.1256 58.7075 49.7479 50.3627 52.8096 52.3209 59.4863 66.635 65.927 64.2197 61.9194 61.2515 62.0951 63.6167 96.596 102.033 94.7667 107.281 98.5303 101.387 92.4484 96.9709 18.1139 19.624 19.5223 19.4894 14.8464 13.2381 14.4651 15.1336 80.9285 88.4849 90.7968 80.8523 88.9523 84.277 90.6856 89.2699 91.3814 73.0692 87.8646 79.3057 44.6239 40.4725 43.408 37.5161 50.8118 50.0392 49.7434 48.1721 5.92809 7.34578 4.55627 6.42025 101.171 89.0869 62.8482 60.0332 66.4846 56.3901 14.6611 15.9904 83.3197 85.5064 76.0939 72.3404 7.27836 71.5122 64.0321 41.2525 40.5588 44.2768 43.9083 44.5326 18.4403 16.1766 15.099 14.6841 21.5342 21.1625 25.1066 21.3474 51.8838 50.1071 60.9983 59.8212 78.477 85.8852 72.8651 73.7789 65.7759 66.3092 61.3235 67.8736 106.686 108.779 95.1978 92.7651 21.6912 19.5381 21.4403 19.2408 50.3434 47.5209 45.5097 49.9744 80.6371 72.5415 74.6422 78.9623 13.412 12.8301 12.5079 12.8286 49.2334 46.5375 56.5248 55.5094 69.5289 69.2426 77.6977 44.8959 39.0009 76.4844 58.8306 82.8757 52.8433 21.9873 37.9666 77.7694 73.6742 54.2264 24.2697 49.3433 42.5203 67.8818 56.5509 74.42 47.7759 37.6949 36.665 21.5692 77.5249 55.9913 71.1349 55.1626 86.7318 38.1655 91.4442 41.2585 71.1236 0 78.8224 32.5923 31.3239 27.7558 67.0127 37.9808
82.1292 82.0762 83.0474 69.8494 75.8148 74.6339 91.4891 98.0381 98.3479 97.7731 85.284 91.2402 101.675 101.142 102.373 100.6 91.7813 95.5001 112.684 100.507 111.666 109.668 99.7625 100.108 85.3546 87.6803 99.8782 91.3723 89.5458 98.9306 79.0293 74.1657 77.6978 88.401 83.114 86.2935 87.8739 80.3959 68.4637 68.6861 71.3415 68.9732 70.3271 63.5549 71.5776 68.172 69.6794 76.1388 75.8589 81.7302 81.0675 82.3151 72.8445 72.2144 57.3261 55.0878 64.6244 57.352 59.3413 54.3597 59.7714 57.1488 33.1608 36.0863 34.5701 37.207 69.0415 82.2173 74.6817 85.2375 61.5352 72.5379 93.5285 103.998 99.4913 108.954 86.9477 77.6905 18.0254 15.7915 62.8841 70.68 68.4986 113.696 76.8641 65.7041 75.9147 68.4885 75.4614 65.4142 55.6955 61.5623 57.5966 54.383 52.9571 53.0949 54.1121 47.4322 61.117 50.9942 55.688 57.6645 70.3857 64.5632 77.9639 75.234 78.404 68.6147 77.3347 73.5123 75.4475 91.1775 78.9392 76.0185 59.3511 61.8188 58.5123 55.3807 42.6753 42.7213 36.347 39.0106 7.3892 6.80034 7.4482 6.36676 64.4462 60.9464 65.8399 61.5345 52.2558 50.5851 52.7705 52.9171 46.8464 21.0122 61.5461 101.733 84.1032 83.6855 62.0115 51.7763 98.4427 76.0672 42.5697 41.8189 9.69486 20.839 77.3657 36.672 91.4468 38.4559 24.3084 17.6783 107.792 44.5184 48.7122 55.7496 56.98 19.1815 9.41853 15.4774 67.1909 38.5738 61.1456 36.2967 3.11326 78.8224 0 63.6632 50.8455 51.5425 29.2421 80.7449
23.556 23.7266 21.2907 20.5676 20.5214 17.2976 23.7278 25.735 29.5135 29.1684 24.6075 24.7601 25.9924 28.5814 28.0057 34.5977 33.3706 37.2408 30.9574 33.3822 33.4921 33.96 35.9563 35.7679 37.0374 36.5055 33.5589 35.8022 39.2992 33.9951 65.4682 79.1889 78.5028 77.7893 69.5498 62.4524 63.6577 72.3053 17.0471 15.817 12.6039 13.2188 19.6277 16.8635 17.3917 16.8361 59.0999 51.0479 62.6212 55.2965 46.8204 49.1469 56.4102 56.2886 59.4174 56.1089 57.819 51.3826 15.3644 10.9322 13.8838 10.7554 37.775 34.5866 32.1249 33.0933 35.2829 43.6006 38.2506 39.0394 62.1157 66.3979 40.5449 41.9671 40.1005 42.3016 25.3984 25.6692 75.306 75.2076 44.0996 44.3755 23.6925 49.7665 32.2185 6.15293 9.5495 8.99683 10.5038 10.2585 38.5815 37.9466 32.7398 37.4774 29.2788 28.5812 29.716 32.0515 29.9224 26.1147 29.4024 29.7627 46.9463 53.8556 54.4246 49.2632 36.9719 33.1122 38.1622 34.4337 77.4953 63.6536 76.5609 71.9959 16.9539 19.0523 18.0543 18.8065 31.1539 29.9449 29.4336 31.2741 78.9767 68.881 73.4619 71.6089 38.6989 36.535 35.8827 33.4966 27.8008 22.5867 23.8609 25.2524 47.6619 59.9567 44.957 33.6104 22.2539 46.1665 28.9942 61.1487 31.3687 15.9635 43.8057 68.0255 65.6349 59.3155 52.63 36.019 22.973 42.3214 62.9098 69.8881 33.6158 24.061 19.9553 38.3101 47.0005 48.9585 60.0558 55.255 54.4165 32.2715 66.2359 33.2589 65.2995 32.5923 63.6632 0 49.9861 45.6128 50.7367 13.2972
75.3131 66.666 62.7899 63.5144 63.0166 62.2585 67.1406 71.6851 70.0377 70.4116 79.1576 82.4022 69.0423 82.8513 79.3608 83.5842 81.1038 87.8077 79.3601 75.711 85.8577 74.6303 79.1787 86.4022 78.4117 87.4402 81.3697 75.7726 91.2326 81.8247 103.656 110.519 114.023 99.1983 103.793 97.8774 98.2983 111.742 32.2283 33.0816 36.6974 33.9949 33.848 35.3438 39.4185 37.5835 84.3938 97.2051 85.3403 101.227 79.3212 82.5934 89.2331 88.406 84.2338 80.4029 84.3947 80.149 52.0436 50.3326 48.5922 50.4278 36.1063 37.3768 37.3398 41.329 31.1453 31.8557 31.5765 31.0961 88.6248 82.5228 87.9147 91.1993 82.2649 88.1172 49.748 44.6226 65.1354 62.9952 72.8062 73.576 29.1527 92.2077 77.0643 55.6936 52.5192 61.2989 63.2435 57.7465 17.2566 14.6241 15.223 18.4195 18.7048 17.576 18.1677 17.5627 61.2507 64.7814 60.3667 65.7412 92.305 76.2883 78.1747 80.4773 69.7416 69.4983 79.0383 83.2263 104.467 96.1244 102.929 110.75 32.9571 28.5925 34.6445 34.0398 39.0349 43.044 40.6122 38.0256 53.2205 59.1683 61.3236 52.7849 18.7159 19.224 16.6543 17.9636 53.8102 51.1638 53.2298 60.3436 72.9043 52.3845 68.9068 81.5081 72.9797 83.3094 61.8537 87.116 83.5827 44.3127 10.597 81.382 46.5968 27.6396 21.3755 43.9105 63.6208 52.4326 23.7745 59.5032 82.4845 38.3119 37.6056 10.9669 80.5345 40.8932 45.222 36.3141 85.4214 32.7162 82.0216 30.5599 44.1024 31.3239 50.8455 49.9861 0 2.40201 59.0831 63.1889
63.8064 65.5402 74.0835 67.5363 60.9324 66.3756 77.427 73.3701 75.4643 80.2671 74.4908 80.0714 77.6303 71.6356 79.4944 73.4504 70.2983 82.0842 83.2021 72.0021 82.6177 86.2869 83.417 76.4528 86.5117 79.9341 76.4613 78.0866 86.5135 86.632 99.9869 94.7278 111.623 111.782 93.2461 105.971 98.4414 111.296 33.9277 30.6135 34.0376 34.1866 33.8741 36.7808 37.6902 36.8916 85.0523 89.6391 93.0747 101.567 94.0559 93.3025 80.7145 82.0567 78.0789 76.5979 86.3061 76.0712 47.6235 49.3641 53.2825 52.3988 38.5448 38.6531 42.7395 41.9425 27.8098 30.2243 29.2943 34.143 94.6611 89.8571 88.7989 92.4468 80.1524 83.9389 41.6099 42.7162 75.6939 65.7451 70.0708 70.5688 31.3424 97.2931 67.9131 55.052 61.7491 55.9338 58.7944 52.7108 14.1496 14.0998 15.1471 16.3609 16.5714 18.4608 17.855 19.5629 60.591 58.2395 58.897 63.8472 83.4642 91.6357 85.6317 78.3934 75.4777 80.7698 79.5611 72.0783 100.019 99.743 105.222 113.833 28.2388 31.0766 29.5974 28.3262 37.3879 42.3671 37.9787 38.2236 58.235 62.2379 54.6945 62.1864 16.3693 16.3092 17.0043 14.9973 58.9686 58.9619 59.1554 54.3707 66.7976 52.4711 70.7203 75.3425 65.0018 83.5993 62.3015 83.2997 74.8361 43.2316 12.9629 69.4581 46.8419 32.5021 21.2629 45.9191 63.2606 50.6122 27.0645 64.8337 81.4758 43.587 41.4537 8.48389 76.2757 42.2436 43.8525 39.4441 98.0302 29.9819 83.8047 32.5291 53.6294 27.7558 51.5425 45.6128 2.40201 0 52.8021 53.0937
51.6648 50.1713 50.0948 54.1021 44.8691 48.4997 67.682 72.1944 66.6083 66.2322 73.3768 73.7104 74.7697 71.5198 74.6313 72.2798 81.1708 73.9084 73.1347 78.8977 75.6388 85.036 70.758 62.4342 71.9391 69.5074 68.1931 64.875 75.7175 73.2366 47.1505 58.2117 56.5199 59.2417 47.3406 47.2104 48.2528 50.6024 48.9131 48.0839 52.0648 51.9167 51.843 51.3122 52.116 61.5806 44.7975 46.2237 47.9302 53.2272 46.1092 43.992 47.7558 45.011 26.967 29.991 33.6823 30.2418 35.4667 35.6923 39.437 35.8465 17.3559 20.5354 15.5503 18.0863 67.9791 72.712 72.9741 67.3252 38.3428 36.1453 78.6809 81.2108 79.3856 85.2147 67.9677 70.9961 36.2493 30.7567 35.9341 32.4871 57.6826 92.7085 49.4008 45.7233 50.4048 43.4134 46.3899 52.214 56.3831 56.6289 53.6356 50.7508 41.9915 49.3819 42.18 49.3046 28.6864 27.0495 32.2888 30.3582 39.7811 41.0353 44.9732 42.8 49.4013 49.7364 48.0754 50.5137 59.0248 55.0688 54.3476 59.4464 45.5435 49.7774 50.4488 44.6923 22.1364 22.7933 21.9544 22.885 27.5604 31.0774 30.9131 27.9276 62.2665 55.1515 59.9479 62.9888 28.1749 28.587 28.6365 27.0645 16.9427 10.0375 28.1755 78.4324 74.2453 48.9166 39.663 32.8194 78.1179 63.024 40.2482 19.201 20.07 37.6542 72.8618 14.9866 62.7158 9.04053 39.1539 16.8631 80.8866 29.6263 34.2251 56.803 29.0779 15.238 23.3256 28.0127 44.2982 28.1348 35.0798 29.1095 28.1199 67.0127 29.2421 50.7367 59.0831 52.8021 0 55.9133
20.2212 21.0277 20.7219 20.5882 25.0959 19.2066 14.8613 15.9529 17.8791 19.0015 13.3773 16.293 18.6424 19.8332 17.4967 17.9974 20.0286 23.0761 19.4746 21.872 25.6693 26.4423 30.4446 28.5239 27.9363 34.0502 23.4266 26.2242 27.3401 28.9586 82.6532 73.1226 78.6378 70.4756 67.6207 74.5066 63.8131 71.5591 27.7081 26.6561 21.4845 23.2032 25.3341 26.093 24.0453 19.926 59.6137 63.1363 62.5569 58.513 52.2997 56.1349 52.4153 60.1538 67.6657 55.183 63.2606 54.7309 24.5898 23.2182 22.431 19.0667 48.8761 45.8975 43.3062 42.3323 39.4241 47.7974 38.1572 38.9726 76.1201 63.5806 26.1403 27.5468 27.0009 28.6437 25.0872 23.6598 95.9337 84.0844 44.832 42.8453 35.0425 33.7349 29.9911 11.8479 13.3232 13.8483 13.0483 11.8095 40.8033 43.7967 42.2478 44.752 44.6827 43.4644 38.3722 44.5674 35.7597 33.8041 36.4638 31.1739 54.3297 53.7553 51.9535 50.9158 35.1328 37.3268 36.87 36.9077 76.9061 79.3484 72.7369 65.8354 27.542 31.4641 25.397 25.7327 45.7532 40.1697 41.4476 40.9239 85.7677 79.7611 80.2854 90.3525 40.931 42.8805 39.7566 46.6884 36.8349 33.2805 36.5835 30.1312 57.8051 74.705 55.5172 19.6434 8.72542 43.8912 31.2441 75.9223 15.805 16.8784 60.1579 67.6993 73.0828 72.4019 60.4722 44.8065 9.39872 57.3221 66.2397 84.3872 19.0247 35.3341 33.2995 53.819 55.0759 60.1645 74.4047 75.4679 56.734 46.8924 65.272 52.4517 83.0323 37.9808 80.7449 13.2972 63.1889 53.0937 55.9133 0
